EventID,Method,RecordNumber,ExtraInfo,P7,ErrorCode,Unknown,Timestamp,Component,CabGuid,User,P10,AnalysisSymbol,P2,AttachedFiles,P4,EventName,P3,Bucket,Context,StorePath,ReportStatus,param1,HashedBucket,CabId,P8,Event,ReportId,BucketType,Stage,RepairTriggerError,param3,Url,P5,Reason,Response,P9,param2,PackageFamily,Operation,Rechecking,P1,MessageText,OperationError,P6,Error
1531,,1,,,,,2026-04-01 19:16:02.070658+00:00,,,,,,,,,,,,,,,,,,,,,,,,,,,,,,,,,,,,,,
5615,,2,,,,,2026-04-01 19:16:09.234800+00:00,,,,,,,,,,,,,,,,,,,,,,,,,,,,,,,,,,,,,,
5617,,3,,,,,2026-04-01 19:16:09.584856+00:00,,,,,,,,,,,,,,,,,,,,,,,,,,,,,,,,,,,,,,
0,,4,,,,"<string>Service stopped</string>
",2026-04-01 19:16:38.559408+00:00,,,,,,,,,,,,,,,,,,,,,,,,,,,,,,,,,,,,,,
4112,,5,,,,"<string>‎Thursday, ‎September ‎4, ‎2025 8:20:48 PM</string>
",2026-04-01 19:16:58.374254+00:00,,,,,,,,,,,,,,,,,,,,,,,,,,,,,,,,,,,,,,
4097,,6,,,,"<string>CN=DigiCert Global Root G2, OU=www.digicert.com, O=DigiCert Inc, C=US</string>
<string>DF3C24F9BFD666761B268073FE06D1CC8D4F82A4</string>
",2026-04-01 19:17:28.774267+00:00,,,,,,,,,,,,,,,,,,,,,,,,,,,,,,,,,,,,,,
508,,7,,,,"<string>Catalog Database</string>
<string>1756,D,0,0</string>
<string>Catalog Database: </string>
<string>C:\WINDOWS\system32\CatRoot2\{F750E6C3-38EE-11D1-85E5-00C04FC295EE}\catdb</string>
<string>39092224 (0x0000000002548000)</string>
<string>4096 (0x00001000)</string>
<string>15</string>
",2026-04-01 19:17:30.781914+00:00,,,,,,,,,,,,,,,,,,,,,,,,,,,,,,,,,,,,,,
86,GET(344ms),8,,,Not found (404). 0x80190194 (-2145844844 HTTP_E_STATUS_NOT_FOUND),,2026-04-01 19:17:54.122599+00:00,,,,,,,,,,,,Local system,,,,,,,,,,GetCACaps,,,https://VMW-KeyId-4ee141457063b21f90e0af375a94b4f3b20f36e6.microsoftaik.azure.net/templates/Aik/scep,,,,,,,,,,"GetCACaps
GetCACaps: Not Found
{""Message"":""The authority \""vmw-keyid-4ee141457063b21f90e0af375a94b4f3b20f36e6.microsoftaik.azure.net\"" does not exist.""}
HTTP/1.1 404 Not Found
Date: Wed, 01 Apr 2026 16:17:15 GMT
Content-Length: 121
Content-Type: application/json; charset=utf-8
X-Content-Type-Options: nosniff
Strict-Transport-Security: max-age=31536000;includeSubDomains
x-ms-request-id: 21ced612-0791-480c-9268-78a446fa8810
",,,
1532,,9,,,,,2026-04-01 19:17:57.908987+00:00,,,,,,,,,,,,,,,,,,,,,,,,,,,,,,,,,,,,,,
4625,,10,,,,,2026-04-01 19:18:19.339716+00:00,,,,,,,,,,,,,,,86400,,,,,,,,,Software\Microsoft\EventSystem\EventLog,,,,,,SuppressDuplicateDuration,,,,,,,,
1531,,11,,,,,2026-04-01 19:18:11.126183+00:00,,,,,,,,,,,,,,,,,,,,,,,,,,,,,,,,,,,,,,
1534,,12,,,,,2026-04-01 19:18:18.130188+00:00,{D63AA156-D534-4BAC-9BF1-55359CF5EC30},,,,,,,,,,,,,,,,,,Create,,,,,,,,,,,,,,,,,,,See Tracelogging for error details
5615,,13,,,,,2026-04-01 19:18:20.414312+00:00,,,,,,,,,,,,,,,,,,,,,,,,,,,,,,,,,,,,,,
1008,,14,"
",,,,2026-04-01 16:17:45.517582+00:00,,,,,,,,,,,,,,,,,,,,,,,,,,,Full Index Reset,,,,,,,,,,,
1010,,15,"
",,,,2026-04-01 16:17:45.519804+00:00,,,,,,,,,,,,,,,,,,,,,,,,,,,,,,,,,,,,,,
1004,,16,"
",,,,2026-04-01 16:17:46.392076+00:00,,,,,,,,,,,,,,,,,,,,,,,,,,,Full Index Reset,,,,,,,,,,,
1005,,17,"
",,,,2026-04-01 16:17:46.481220+00:00,,,,,,,,,,,,,,,,,,,,,,,,,,,,,,,,,,,,,,
1003,,18,"
",,,,2026-04-01 16:17:46.511967+00:00,,,,,,,,,,,,,,,,,,,,,,,,,,,,,,,,,,,,,,
5617,,19,,,,,2026-04-01 16:17:48.656155+00:00,,,,,,,,,,,,,,,,,,,,,,,,,,,,,,,,,,,,,,
86,GET(234ms),20,,,Not found (404). 0x80190194 (-2145844844 HTTP_E_STATUS_NOT_FOUND),,2026-04-01 16:17:51.783461+00:00,,,,,,,,,,,,Local system,,,,,,,,,,GetCACaps,,,https://VMW-KeyId-4ee141457063b21f90e0af375a94b4f3b20f36e6.microsoftaik.azure.net/templates/Aik/scep,,,,,,,,,,"GetCACaps
GetCACaps: Not Found
{""Message"":""The authority \""vmw-keyid-4ee141457063b21f90e0af375a94b4f3b20f36e6.microsoftaik.azure.net\"" does not exist.""}
HTTP/1.1 404 Not Found
Date: Wed, 01 Apr 2026 16:17:51 GMT
Content-Length: 121
Content-Type: application/json; charset=utf-8
X-Content-Type-Options: nosniff
Strict-Transport-Security: max-age=31536000;includeSubDomains
x-ms-request-id: 786d1892-ef44-49fd-bd2a-169ee429af96
",,,
86,GET(250ms),21,,,Not found (404). 0x80190194 (-2145844844 HTTP_E_STATUS_NOT_FOUND),,2026-04-01 16:17:52.062466+00:00,,,,,,,,,,,,WORKGROUP\WIN-2RR949GCCSV$,,,,,,,,,,GetCACaps,,,https://VMW-KeyId-4ee141457063b21f90e0af375a94b4f3b20f36e6.microsoftaik.azure.net/templates/Aik/scep,,,,,,,,,,"GetCACaps
GetCACaps: Not Found
{""Message"":""The authority \""vmw-keyid-4ee141457063b21f90e0af375a94b4f3b20f36e6.microsoftaik.azure.net\"" does not exist.""}
HTTP/1.1 404 Not Found
Date: Wed, 01 Apr 2026 16:17:51 GMT
Content-Length: 121
Content-Type: application/json; charset=utf-8
X-Content-Type-Options: nosniff
Strict-Transport-Security: max-age=31536000;includeSubDomains
x-ms-request-id: 24265d19-b314-48f5-ab25-28226e424174
",,,
6003,,22,,,,"<string>SessionEnv</string>
",2026-04-01 16:17:55.673452+00:00,,,,,,,,,,,,,,,,,,,,,,,,,,,,,,,,,,,,,,
6000,,23,,,,"<string>SessionEnv</string>
",2026-04-01 16:17:56.300859+00:00,,,,,,,,,,,,,,,,,,,,,,,,,,,,,,,,,,,,,,
23,,24,,,,,2026-04-01 16:18:03.266760+00:00,,,,,,,,,,,,,,,,,,,,,,,,,,,,,,,Microsoft.AAD.BrokerPlugin_cw5n1h2txyewy,InitializeDataChangedSignaler,,,,-2147024894,,
24,,25,,,,,2026-04-01 16:18:03.312799+00:00,,,,,,,,,,,,,,,,,,,,,,,0,,,,,,,,Microsoft.AAD.BrokerPlugin_cw5n1h2txyewy,InitializeDataChangedSignaler,,,,-2147024894,,
23,,26,,,,,2026-04-01 16:18:04.371515+00:00,,,,,,,,,,,,,,,,,,,,,,,,,,,,,,,Microsoft.Windows.ContentDeliveryManager_cw5n1h2txyewy,InitializeDataChangedSignaler,,,,-2147024894,,
24,,27,,,,,2026-04-01 16:18:04.440718+00:00,,,,,,,,,,,,,,,,,,,,,,,0,,,,,,,,Microsoft.Windows.ContentDeliveryManager_cw5n1h2txyewy,InitializeDataChangedSignaler,,,,-2147024894,,
0,,28,,,,"<string>Service stopped</string>
",2026-04-01 16:18:05.483015+00:00,,,,,,,,,,,,,,,,,,,,,,,,,,,,,,,,,,,,,,
1001,,29,,,,,2026-04-01 16:18:05.557135+00:00,,0,,,,1.3.223.11,,0xa043081c,crashpad_log,CriticalRequestError|unknown,,,\\?\C:\ProgramData\Microsoft\Windows\WER\ReportQueue\NonCritical_MicrosoftEdgeUpd_7541d642bd65f41c97ab6fa4b649cacddb462f_00000000_147adcaf-58ef-422f-8587-2b8d1ed1d9d9,6,,,0,,,147adcaf-58ef-422f-8587-2b8d1ed1d9d9,0,,,,,,,Not available,,,,,0,MicrosoftEdgeUpdate.exe,,,,
1001,,30,,,,,2026-04-01 16:18:05.565447+00:00,,0,,,,1.3.223.11,"
\\?\C:\ProgramData\Microsoft\EdgeUpdate\Log\MicrosoftEdgeUpdate.log
\\?\C:\Windows\SystemTemp\msedge_installer.log",0xa043081c,crashpad_log,CriticalRequestError|unknown,,,NULL,262148,,,0,,,147adcaf-58ef-422f-8587-2b8d1ed1d9d9,0,,,,,,,Not available,,,,,0,MicrosoftEdgeUpdate.exe,,,,
0,,31,,,,"<string>Service stopped</string>
",2026-04-01 16:18:06.380362+00:00,,,,,,,,,,,,,,,,,,,,,,,,,,,,,,,,,,,,,,
1001,,32,,,,,2026-04-01 16:18:06.813553+00:00,,0,,,,1.3.223.11,,0xa043081c,crashpad_log,CriticalRequestError|unknown,,,\\?\C:\ProgramData\Microsoft\Windows\WER\ReportQueue\NonCritical_MicrosoftEdgeUpd_7541d642bd65f41c97ab6fa4b649cacddb462f_00000000_147adcaf-58ef-422f-8587-2b8d1ed1d9d9,6,,,0,,,147adcaf-58ef-422f-8587-2b8d1ed1d9d9,0,,,,,,,Not available,,,,,0,MicrosoftEdgeUpdate.exe,,,,
23,,33,,,,,2026-04-01 16:18:10.132607+00:00,,,,,,,,,,,,,,,,,,,,,,,,,,,,,,,Microsoft.Windows.CloudExperienceHost_cw5n1h2txyewy,InitializeDataChangedSignaler,,,,-2147024894,,
24,,34,,,,,2026-04-01 16:18:10.249475+00:00,,,,,,,,,,,,,,,,,,,,,,,0,,,,,,,,Microsoft.Windows.CloudExperienceHost_cw5n1h2txyewy,InitializeDataChangedSignaler,,,,-2147024894,,
4109,,35,,,,"<string>OU=Class 3 Public Primary Certification Authority, O=""VeriSign, Inc."", C=US</string>
<string>742C3192E607E424EB4549542BE1BBC53E6174E2</string>
",2026-04-01 16:18:52.959812+00:00,,,,,,,,,,,,,,,,,,,,,,,,,,,,,,,,,,,,,,
4108,,36,,,,"<string>OU=Class 3 Public Primary Certification Authority, O=""VeriSign, Inc."", C=US</string>
<string>4F65566336DB6598581D584A596C87934D5F2AB4</string>
",2026-04-01 16:18:52.959812+00:00,,,,,,,,,,,,,,,,,,,,,,,,,,,,,,,,,,,,,,
4111,,37,,,,"<string>‎Tuesday, ‎August ‎26, ‎2025 12:56:46 PM</string>
",2026-04-01 16:18:52.959812+00:00,,,,,,,,,,,,,,,,,,,,,,,,,,,,,,,,,,,,,,
4097,,38,,,,"<string>CN=DigiCert Global Root G3, OU=www.digicert.com, O=DigiCert Inc, C=US</string>
<string>7E04DE896A3E666D00E687D33FFAD93BE83D349E</string>
",2026-04-01 16:18:52.976566+00:00,,,,,,,,,,,,,,,,,,,,,,,,,,,,,,,,,,,,,,
16384,,39,,,,"<string>2026-04-01T19:20:03Z</string>
<string>RulesEngine</string>
",2026-04-01 16:19:03.825722+00:00,,,,,,,,,,,,,,,,,,,,,,,,,,,,,,,,,,,,,,
903,,40,,,,,2026-04-01 16:19:03.913687+00:00,,,,,,,,,,,,,,,,,,,,,,,,,,,,,,,,,,,,,,
4113,,41,,,,"<string>‎Wednesday, ‎May ‎31, ‎2017 4:28:59 PM</string>
",2026-04-01 16:19:32.863476+00:00,,,,,,,,,,,,,,,,,,,,,,,,,,,,,,,,,,,,,,
4097,,42,,,,"<string>CN=DigiCert Assured ID Root CA, OU=www.digicert.com, O=DigiCert Inc, C=US</string>
<string>0563B8630D62D75ABBC8AB1E4BDFB5A899B24D43</string>
",2026-04-01 16:19:34.915995+00:00,,,,,,,,,,,,,,,,,,,,,,,,,,,,,,,,,,,,,,
2562,,43,,,,"<string>MSIXDeployment</string>
<string>windows.applicationData</string>
<string>DeleteMachineFolder</string>
<string>Package Microsoft.MicrosoftEdge.Stable_145.0.3800.97_neutral__8wekyb3d8bbwe removed machine folder C:\ProgramData\Microsoft\Windows\AppRepository\Families\ApplicationData\Microsoft.MicrosoftEdge.Stable_8wekyb3d8bbwe: The system cannot find the path specified.</string>
",2026-04-01 16:19:41.106510+00:00,,,,,,,,,,,,,,,,,,,,,,,,,,,,,,,,,,,,,,
1001,,44,,,,,2026-04-01 16:19:42.846962+00:00,,0,,,,146.0.3856.97,,0x220,crashpad_log,EdgeInstallerError|msedge,,,\\?\C:\ProgramData\Microsoft\Windows\WER\ReportQueue\NonCritical_setup.exe_4d9ddccf5c67af39c5e753567f54bfe6706fcd_00000000_d7706e3a-dca4-4751-b0e5-63e41bb5aba6,6,,,0,,,d7706e3a-dca4-4751-b0e5-63e41bb5aba6,0,,,,,,,Not available,,,,,0,setup.exe,,,,
1001,,45,,,,,2026-04-01 16:19:42.933550+00:00,,0,,,,146.0.3856.97,"
\\?\C:\Windows\SystemTemp\msedge_installer.log",0x220,crashpad_log,EdgeInstallerError|msedge,,,NULL,262148,,,0,,,d7706e3a-dca4-4751-b0e5-63e41bb5aba6,0,,,,,,,Not available,,,,,0,setup.exe,,,,
4097,,46,,,,"<string>CN=Microsoft RSA Root Certificate Authority 2017, O=Microsoft Corporation, C=US</string>
<string>73A5E64A3BFF8316FF0EDCCC618A906E4EAE4D74</string>
",2026-04-01 16:19:42.939671+00:00,,,,,,,,,,,,,,,,,,,,,,,,,,,,,,,,,,,,,,
900,,47,,,,"<string><explicit></string>
",2026-04-01 16:19:55.869530+00:00,,,,,,,,,,,,,,,,,,,,,,,,,,,,,,,,,,,,,,
16394,,48,,,,,2026-04-01 16:19:56.140570+00:00,,,,,,,,,,,,,,,,,,,,,,,,,,,,,,,,,,,,,,
1001,,49,,,,,2026-04-01 16:19:56.310253+00:00,,0,,,,1.3.223.11,,0xa043081c,crashpad_log,CriticalRequestError|unknown,,,\\?\C:\ProgramData\Microsoft\Windows\WER\ReportQueue\NonCritical_MicrosoftEdgeUpd_7541d642bd65f41c97ab6fa4b649cacddb462f_00000000_147adcaf-58ef-422f-8587-2b8d1ed1d9d9,6,,,0,,,147adcaf-58ef-422f-8587-2b8d1ed1d9d9,0,,,,,,,Not available,,,,,0,MicrosoftEdgeUpdate.exe,,,,
1,,50,,,,,2026-04-01 16:19:57.406963+00:00,,,,,,,,,,,,,,,,,,,,,,,,,,,,,,,,,,,,,,
1001,,51,,,,,2026-04-01 16:19:57.435835+00:00,,0,,,,146.0.3856.97,,0x220,crashpad_log,EdgeInstallerError|msedge,,,\\?\C:\ProgramData\Microsoft\Windows\WER\ReportQueue\NonCritical_setup.exe_4d9ddccf5c67af39c5e753567f54bfe6706fcd_00000000_d7706e3a-dca4-4751-b0e5-63e41bb5aba6,6,,,0,,,d7706e3a-dca4-4751-b0e5-63e41bb5aba6,0,,,,,,,Not available,,,,,0,setup.exe,,,,
16,,52,,,,"<string>Windows Defender</string>
<string>SECURITY_PRODUCT_STATE_ON</string>
",2026-04-01 16:19:59.506359+00:00,,,,,,,,,,,,,,,,,,,,,,,,,,,,,,,,,,,,,,
15,,53,,,,"<string>Windows Defender</string>
<string>SECURITY_PRODUCT_STATE_ON</string>
",2026-04-01 16:19:59.525372+00:00,,,,,,,,,,,,,,,,,,,,,,,,,,,,,,,,,,,,,,
0,,54,,,,"<string>Service stopped</string>
",2026-04-01 16:20:39.460041+00:00,,,,,,,,,,,,,,,,,,,,,,,,,,,,,,,,,,,,,,
0,,55,,,,"<string>Service stopped</string>
",2026-04-01 16:21:11.266569+00:00,,,,,,,,,,,,,,,,,,,,,,,,,,,,,,,,,,,,,,
16384,,56,,,,"<string>2026-04-01T19:20:28Z</string>
<string>RulesEngine</string>
",2026-04-01 16:21:28.805496+00:00,,,,,,,,,,,,,,,,,,,,,,,,,,,,,,,,,,,,,,
16394,,57,,,,,2026-04-01 16:22:00.163301+00:00,,,,,,,,,,,,,,,,,,,,,,,,,,,,,,,,,,,,,,
0,,58,,,,"<string>Service stopped</string>
",2026-04-01 16:22:10.712015+00:00,,,,,,,,,,,,,,,,,,,,,,,,,,,,,,,,,,,,,,
16384,,59,,,,"<string>2026-04-01T19:20:41Z</string>
<string>RulesEngine</string>
",2026-04-01 16:22:41.343395+00:00,,,,,,,,,,,,,,,,,,,,,,,,,,,,,,,,,,,,,,
16394,,60,,,,,2026-04-01 16:22:42.943905+00:00,,,,,,,,,,,,,,,,,,,,,,,,,,,,,,,,,,,,,,
1034,,61,,,,"<string>AAD-AddDeviceJoinUserToAdminGroup-Policy</string>
<string>100</string>
",2026-04-01 16:22:51.660219+00:00,,,,,,,,,,,,,,,,,,,,,,,,,,,,,,,,,,,,,,
1034,,62,,,,"<string>Security-SPP-WriteWauMarker</string>
<string>500</string>
",2026-04-01 16:22:51.663242+00:00,,,,,,,,,,,,,,,,,,,,,,,,,,,,,,,,,,,,,,
16384,,63,,,,"<string>2026-04-01T19:20:24Z</string>
<string>RulesEngine</string>
",2026-04-01 16:23:24.919819+00:00,,,,,,,,,,,,,,,,,,,,,,,,,,,,,,,,,,,,,,
0,,64,,,,"<string>Service stopped</string>
",2026-04-01 16:23:44.637442+00:00,,,,,,,,,,,,,,,,,,,,,,,,,,,,,,,,,,,,,,
16394,,65,,,,,2026-04-01 16:24:01.301516+00:00,,,,,,,,,,,,,,,,,,,,,,,,,,,,,,,,,,,,,,
0,,66,,,,"<string>Service stopped</string>
",2026-04-01 16:24:07.835255+00:00,,,,,,,,,,,,,,,,,,,,,,,,,,,,,,,,,,,,,,
16384,,67,,,,"<string>2026-04-01T19:20:37Z</string>
<string>RulesEngine</string>
",2026-04-01 16:24:37.728781+00:00,,,,,,,,,,,,,,,,,,,,,,,,,,,,,,,,,,,,,,
0,,68,,,,"<string>Service stopped</string>
",2026-04-01 16:25:08.090357+00:00,,,,,,,,,,,,,,,,,,,,,,,,,,,,,,,,,,,,,,
0,,69,,,,"<string>Service stopped</string>
",2026-04-01 16:26:07.940380+00:00,,,,,,,,,,,,,,,,,,,,,,,,,,,,,,,,,,,,,,
0,,70,,,,"<string>Service stopped</string>
",2026-04-01 16:27:07.869680+00:00,,,,,,,,,,,,,,,,,,,,,,,,,,,,,,,,,,,,,,
0,,71,,,,"<string>Service stopped</string>
",2026-04-01 16:28:07.923723+00:00,,,,,,,,,,,,,,,,,,,,,,,,,,,,,,,,,,,,,,
1001,,72,,,,,2026-04-01 16:28:11.820980+00:00,,0,,,,41,,NONE,AppxDeploymentFailureBlue,0,,,NULL,2147483648,,,0,,,8d921e76-0cf8-41b7-9cc5-b15a7042010f,0,,,,,10.0.26100.8036,,Not available,,,,,0,80073CF3,,,628,
0,,73,,,,"<string>Service stopped</string>
",2026-04-01 16:29:08.081606+00:00,,,,,,,,,,,,,,,,,,,,,,,,,,,,,,,,,,,,,,
0,,74,,,,"<string>Service stopped</string>
",2026-04-01 16:30:07.926476+00:00,,,,,,,,,,,,,,,,,,,,,,,,,,,,,,,,,,,,,,
16394,,75,,,,,2026-04-01 16:31:06.594921+00:00,,,,,,,,,,,,,,,,,,,,,,,,,,,,,,,,,,,,,,
0,,76,,,,"<string>Service stopped</string>
",2026-04-01 16:31:09.955158+00:00,,,,,,,,,,,,,,,,,,,,,,,,,,,,,,,,,,,,,,
6000,,77,,,,"<string>WSearch</string>
",2026-04-01 16:31:34.304621+00:00,,,,,,,,,,,,,,,,,,,,,,,,,,,,,,,,,,,,,,
6000,,78,,,,"<string>SessionEnv</string>
",2026-04-01 16:31:34.370090+00:00,,,,,,,,,,,,,,,,,,,,,,,,,,,,,,,,,,,,,,
1532,,79,,,,,2026-04-01 16:31:34.867331+00:00,,,,,,,,,,,,,,,,,,,,,,,,,,,,,,,,,,,,,,
4625,,80,,,,,2026-04-01 16:31:54.591215+00:00,,,,,,,,,,,,,,,86400,,,,,,,,,Software\Microsoft\EventSystem\EventLog,,,,,,SuppressDuplicateDuration,,,,,,,,
1531,,81,,,,,2026-04-01 16:31:53.696371+00:00,,,,,,,,,,,,,,,,,,,,,,,,,,,,,,,,,,,,,,
6003,,82,,,,"<string>SessionEnv</string>
",2026-04-01 16:31:55.455351+00:00,,,,,,,,,,,,,,,,,,,,,,,,,,,,,,,,,,,,,,
6000,,83,,,,"<string>SessionEnv</string>
",2026-04-01 16:31:58.153456+00:00,,,,,,,,,,,,,,,,,,,,,,,,,,,,,,,,,,,,,,
5615,,84,,,,,2026-04-01 16:31:57.459808+00:00,,,,,,,,,,,,,,,,,,,,,,,,,,,,,,,,,,,,,,
0,,85,,,,"<string>Service stopped</string>
",2026-04-01 16:32:04.768066+00:00,,,,,,,,,,,,,,,,,,,,,,,,,,,,,,,,,,,,,,
1003,,86,"
",,,,2026-04-01 16:32:08.278051+00:00,,,,,,,,,,,,,,,,,,,,,,,,,,,,,,,,,,,,,,
1001,,87,,,,,2026-04-01 16:32:18.496347+00:00,,0,,,,1.3.223.11,,0xa043081c,crashpad_log,CriticalRequestError|unknown,,,\\?\C:\ProgramData\Microsoft\Windows\WER\ReportQueue\NonCritical_MicrosoftEdgeUpd_7541d642bd65f41c97ab6fa4b649cacddb462f_00000000_147adcaf-58ef-422f-8587-2b8d1ed1d9d9,6,,,0,,,147adcaf-58ef-422f-8587-2b8d1ed1d9d9,0,,,,,,,Not available,,,,,0,MicrosoftEdgeUpdate.exe,,,,
1001,,88,,,,,2026-04-01 16:32:18.878799+00:00,,0,,,,146.0.3856.97,,0x220,crashpad_log,EdgeInstallerError|msedge,,,\\?\C:\ProgramData\Microsoft\Windows\WER\ReportQueue\NonCritical_setup.exe_4d9ddccf5c67af39c5e753567f54bfe6706fcd_00000000_d7706e3a-dca4-4751-b0e5-63e41bb5aba6,6,,,0,,,d7706e3a-dca4-4751-b0e5-63e41bb5aba6,0,,,,,,,Not available,,,,,0,setup.exe,,,,
86,GET(453ms),89,,,Not found (404). 0x80190194 (-2145844844 HTTP_E_STATUS_NOT_FOUND),,2026-04-01 16:32:21.294371+00:00,,,,,,,,,,,,Local system,,,,,,,,,,GetCACaps,,,https://VMW-KeyId-4ee141457063b21f90e0af375a94b4f3b20f36e6.microsoftaik.azure.net/templates/Aik/scep,,,,,,,,,,"GetCACaps
GetCACaps: Not Found
{""Message"":""The authority \""vmw-keyid-4ee141457063b21f90e0af375a94b4f3b20f36e6.microsoftaik.azure.net\"" does not exist.""}
HTTP/1.1 404 Not Found
Date: Wed, 01 Apr 2026 16:32:21 GMT
Content-Length: 121
Content-Type: application/json; charset=utf-8
X-Content-Type-Options: nosniff
Strict-Transport-Security: max-age=31536000;includeSubDomains
x-ms-request-id: ba0d4f41-5b70-44d7-9bdc-77f490ad1528
",,,
86,GET(234ms),90,,,Not found (404). 0x80190194 (-2145844844 HTTP_E_STATUS_NOT_FOUND),,2026-04-01 16:32:21.595459+00:00,,,,,,,,,,,,WORKGROUP\NORMALVM$,,,,,,,,,,GetCACaps,,,https://VMW-KeyId-4ee141457063b21f90e0af375a94b4f3b20f36e6.microsoftaik.azure.net/templates/Aik/scep,,,,,,,,,,"GetCACaps
GetCACaps: Not Found
{""Message"":""The authority \""vmw-keyid-4ee141457063b21f90e0af375a94b4f3b20f36e6.microsoftaik.azure.net\"" does not exist.""}
HTTP/1.1 404 Not Found
Date: Wed, 01 Apr 2026 16:32:21 GMT
Content-Length: 121
Content-Type: application/json; charset=utf-8
X-Content-Type-Options: nosniff
Strict-Transport-Security: max-age=31536000;includeSubDomains
x-ms-request-id: 83facaf2-920b-4cff-833a-b5bc1a36714c
",,,
4097,,91,,,,"<string>CN=GlobalSign, O=GlobalSign, OU=GlobalSign Root CA - R3</string>
<string>D69B561148F01C77C54578C10926DF5B856976AD</string>
",2026-04-01 16:32:58.001629+00:00,,,,,,,,,,,,,,,,,,,,,,,,,,,,,,,,,,,,,,
5617,,92,,,,,2026-04-01 16:32:58.423372+00:00,,,,,,,,,,,,,,,,,,,,,,,,,,,,,,,,,,,,,,
4097,,93,,,,"<string>CN=USERTrust ECC Certification Authority, O=The USERTRUST Network, L=Jersey City, S=New Jersey, C=US</string>
<string>D1CBCA5DB2D52A7F693B674DE5F05A1D0C957DF0</string>
",2026-04-01 16:33:01.054394+00:00,,,,,,,,,,,,,,,,,,,,,,,,,,,,,,,,,,,,,,
4097,,94,,,,"<string>CN=GlobalSign Root CA, OU=Root CA, O=GlobalSign nv-sa, C=BE</string>
<string>B1BC968BD4F49D622AA89A81F2150152A41D829C</string>
",2026-04-01 16:33:01.780930+00:00,,,,,,,,,,,,,,,,,,,,,,,,,,,,,,,,,,,,,,
0,,95,,,,"<string>Service stopped</string>
",2026-04-01 16:33:07.196976+00:00,,,,,,,,,,,,,,,,,,,,,,,,,,,,,,,,,,,,,,
0,,96,,,,"<string>Service stopped</string>
",2026-04-01 16:33:58.830261+00:00,,,,,,,,,,,,,,,,,,,,,,,,,,,,,,,,,,,,,,
900,,97,,,,"<string><explicit></string>
",2026-04-01 16:33:59.303370+00:00,,,,,,,,,,,,,,,,,,,,,,,,,,,,,,,,,,,,,,
16394,,98,,,,,2026-04-01 16:33:59.343018+00:00,,,,,,,,,,,,,,,,,,,,,,,,,,,,,,,,,,,,,,
1066,,99,,,,"<string>C:\WINDOWS\system32\sppwinob.dll, msft:spp/windowsfunctionality/agent/7.0, 0x00000000, 0x00000000
C:\WINDOWS\system32\sppobjs.dll, msft:rm/algorithm/inherited/1.0, 0x00000000, 0x00000000
C:\WINDOWS\system32\sppobjs.dll, msft:rm/algorithm/phone/1.0, 0x00000000, 0x00000000
C:\WINDOWS\system32\sppobjs.dll, msft:rm/algorithm/pkey/detect, 0x00000000, 0x00000000
C:\WINDOWS\system32\sppobjs.dll, msft:spp/ActionScheduler/1.0, 0x00000000, 0x00000000
C:\WINDOWS\system32\sppobjs.dll, msft:spp/TaskScheduler/1.0, 0x00000000, 0x00000000
C:\WINDOWS\system32\sppobjs.dll, msft:spp/statecollector/pkey, 0x00000000, 0x00000000
C:\WINDOWS\system32\sppobjs.dll, msft:spp/volume/services/kms/1.0, 0x00000000, 0x00000000
C:\WINDOWS\system32\sppobjs.dll, msft:spp/volume/services/kms/activationinfo/1.0, 0x00000000, 0x00000000
</string>
",2026-04-01 16:33:59.370682+00:00,,,,,,,,,,,,,,,,,,,,,,,,,,,,,,,,,,,,,,
1003,,100,,,,"<string>55c92734-d682-4d71-983e-d6ec3f16059f</string>
<string>
1: 0567073a-7d74-403b-b2d5-6b35da372d8d, 1, 0 [(0 [0xC004F014, 0, 0], [(?)(?)(?)(?)(?)(?)(?)(?)])(1 )(2 )(3 )]
2: 1b750385-9fe2-49a8-ab55-149d0546395b, 1, 0 [(0 [0xC004F014, 0, 0], [(?)(?)(?)(?)(?)(?)(?)(?)])(1 )(2 )(3 )]
3: 1d873132-f09f-4eb2-bf5a-2e4fb48935e8, 1, 0 [(0 [0xC004F014, 0, 0], [(?)(?)(?)(?)(?)(?)(?)(?)])(1 )(2 )(3 )]
4: 2b1f36bb-c1cd-4306-bf5c-a0367c2d97d8, 1, 1 [(0 )(1 )(2 [0xC004E003, 0, 0], [( 1 0xC004F034)( 1 0xC004F034)(?)(?)(?)(?)(?)(?)])(3 [0x00000000, 0, 0], [( 6 0xC004F009 0 0)( 1 0x00000000)( 6 0xC004F009 0 0)(?)(?)(?)( 10 0x00000000 msft:rm/algorithm/flags/1.0)( 11 0x00000000 0xC004F034)])]
5: 30d469c6-a78f-4476-b5c8-af78d5b6a5fb, 1, 0 [(0 [0xC004F014, 0, 0], [(?)(?)(?)(?)(?)(?)(?)(?)])(1 )(2 )(3 )]
6: 3ae2cc14-ab2d-41f4-972f-5e20142771dc, 1, 0 [(0 [0xC004F014, 0, 0], [(?)(?)(?)(?)(?)(?)(?)(?)])(1 )(2 )(3 )]
7: 4002e33a-524c-4100-8108-131a0d42c0ea, 1, 0 [(0 [0xC004F014, 0, 0], [(?)(?)(?)(?)(?)(?)(?)(?)])(1 )(2 )(3 )]
8: 411b3d4f-be6d-4a06-baaa-9cabfc256cae, 1, 0 [(0 [0xC004F014, 0, 0], [(?)(?)(?)(?)(?)(?)(?)(?)])(1 )(2 )(3 )]
9: 58e97c99-f377-4ef1-81d5-4ad5522b5fd8, 1, 0 [(0 [0xC004F014, 0, 0], [(?)(?)(?)(?)(?)(?)(?)(?)])(1 )(2 )(3 )]
10: 653098ee-780d-4863-8cf2-d18399ce413b, 1, 0 [(0 [0xC004F014, 0, 0], [(?)(?)(?)(?)(?)(?)(?)(?)])(1 )(2 )(3 )]
11: 74436dbb-cc17-46de-867f-14906ba4a938, 1, 0 [(0 [0xC004F014, 0, 0], [(?)(?)(?)(?)(?)(?)(?)(?)])(1 )(2 )(3 )]
12: 8a292df8-d653-4057-8133-a0701792f912, 1, 0 [(0 [0xC004F014, 0, 0], [(?)(?)(?)(?)(?)(?)(?)(?)])(1 )(2 )(3 )]
13: 8db63db6-4f8f-46d6-a448-66444faaaa72, 1, 0 [(0 [0xC004F014, 0, 0], [(?)(?)(?)(?)(?)(?)(?)(?)])(1 )(2 )(3 )]
14: cd918a57-a41b-4c82-8dce-1a538e221a83, 1, 0 [(0 [0xC004F014, 0, 0], [(?)(?)(?)(?)(?)(?)(?)(?)])(1 )(2 )(3 )]
15: da9621af-f086-4244-b563-18611e51aa1a, 1, 0 [(0 [0xC004F014, 0, 0], [(?)(?)(?)(?)(?)(?)(?)(?)])(1 )(2 )(3 )]
16: e371d89a-73e8-4b24-a7ff-23a3641dd18e, 1, 0 [(0 [0xC004F014, 0, 0], [(?)(?)(?)(?)(?)(?)(?)(?)])(1 )(2 )(3 )]
17: ed799377-74b8-4989-a244-14d082e65972, 1, 0 [(0 [0xC004F014, 0, 0], [(?)(?)(?)(?)(?)(?)(?)(?)])(1 )(2 )(3 )]

</string>
",2026-04-01 16:33:59.391781+00:00,,,,,,,,,,,,,,,,,,,,,,,,,,,,,,,,,,,,,,
902,,101,,,,"<string>10.0.26100.8036</string>
",2026-04-01 16:33:59.517756+00:00,,,,,,,,,,,,,,,,,,,,,,,,,,,,,,,,,,,,,,
1,,102,,,,,2026-04-01 16:34:01.100508+00:00,,,,,,,,,,,,,,,,,,,,,,,,,,,,,,,,,,,,,,
0,,103,,,,"<string>Service stopped</string>
",2026-04-01 16:34:02.523701+00:00,,,,,,,,,,,,,,,,,,,,,,,,,,,,,,,,,,,,,,
15,,104,,,,"<string>Windows Defender</string>
<string>SECURITY_PRODUCT_STATE_ON</string>
",2026-04-01 16:34:03.120291+00:00,,,,,,,,,,,,,,,,,,,,,,,,,,,,,,,,,,,,,,
16384,,105,,,,"<string>2026-04-01T19:20:29Z</string>
<string>RulesEngine</string>
",2026-04-01 16:34:29.565136+00:00,,,,,,,,,,,,,,,,,,,,,,,,,,,,,,,,,,,,,,
903,,106,,,,,2026-04-01 16:34:29.569742+00:00,,,,,,,,,,,,,,,,,,,,,,,,,,,,,,,,,,,,,,
1001,,107,,,,,2026-04-01 16:34:54.868172+00:00,,0,,,,1.3.223.11,,0xa043081c,crashpad_log,CriticalRequestError|unknown,,,\\?\C:\ProgramData\Microsoft\Windows\WER\ReportQueue\NonCritical_MicrosoftEdgeUpd_7541d642bd65f41c97ab6fa4b649cacddb462f_00000000_147adcaf-58ef-422f-8587-2b8d1ed1d9d9,6,,,0,,,147adcaf-58ef-422f-8587-2b8d1ed1d9d9,0,,,,,,,Not available,,,,,0,MicrosoftEdgeUpdate.exe,,,,
1001,,108,,,,,2026-04-01 16:34:54.889849+00:00,,0,,,,146.0.3856.97,,0x220,crashpad_log,EdgeInstallerError|msedge,,,\\?\C:\ProgramData\Microsoft\Windows\WER\ReportQueue\NonCritical_setup.exe_4d9ddccf5c67af39c5e753567f54bfe6706fcd_00000000_d7706e3a-dca4-4751-b0e5-63e41bb5aba6,6,,,0,,,d7706e3a-dca4-4751-b0e5-63e41bb5aba6,0,,,,,,,Not available,,,,,0,setup.exe,,,,
0,,109,,,,"<string>Service stopped</string>
",2026-04-01 16:35:02.309685+00:00,,,,,,,,,,,,,,,,,,,,,,,,,,,,,,,,,,,,,,
0,,110,,,,"<string>Service stopped</string>
",2026-04-01 16:36:02.320648+00:00,,,,,,,,,,,,,,,,,,,,,,,,,,,,,,,,,,,,,,
16394,,111,,,,,2026-04-01 16:36:03.841923+00:00,,,,,,,,,,,,,,,,,,,,,,,,,,,,,,,,,,,,,,
16384,,112,,,,"<string>2026-04-01T19:20:33Z</string>
<string>RulesEngine</string>
",2026-04-01 16:36:33.940302+00:00,,,,,,,,,,,,,,,,,,,,,,,,,,,,,,,,,,,,,,
0,,113,,,,"<string>Service stopped</string>
",2026-04-01 16:37:02.082256+00:00,,,,,,,,,,,,,,,,,,,,,,,,,,,,,,,,,,,,,,
1001,,114,,,,,2026-04-01 16:37:07.116201+00:00,,0,,,,41,,NONE,AppxDeploymentFailureBlue,0,,,NULL,2147483648,,,0,,,842355dc-2483-4bb3-9605-73a14e4dd4b0,0,,,,,10.0.26100.8036,,Not available,,,,,0,80073CF3,,,628,
0,,115,,,,"<string>Service stopped</string>
",2026-04-01 16:38:02.098381+00:00,,,,,,,,,,,,,,,,,,,,,,,,,,,,,,,,,,,,,,
0,,116,,,,"<string>Service stopped</string>
",2026-04-01 16:39:02.094675+00:00,,,,,,,,,,,,,,,,,,,,,,,,,,,,,,,,,,,,,,
0,,117,,,,"<string>Service stopped</string>
",2026-04-01 16:40:02.077047+00:00,,,,,,,,,,,,,,,,,,,,,,,,,,,,,,,,,,,,,,
0,,118,,,,"<string>Service stopped</string>
",2026-04-01 16:41:02.162386+00:00,,,,,,,,,,,,,,,,,,,,,,,,,,,,,,,,,,,,,,
0,,119,,,,"<string>Service stopped</string>
",2026-04-01 16:42:02.124294+00:00,,,,,,,,,,,,,,,,,,,,,,,,,,,,,,,,,,,,,,
0,,120,,,,"<string>Service stopped</string>
",2026-04-01 16:43:02.424610+00:00,,,,,,,,,,,,,,,,,,,,,,,,,,,,,,,,,,,,,,
16394,,121,,,,,2026-04-01 16:43:55.442039+00:00,,,,,,,,,,,,,,,,,,,,,,,,,,,,,,,,,,,,,,
0,,122,,,,"<string>Service stopped</string>
",2026-04-01 16:44:02.375448+00:00,,,,,,,,,,,,,,,,,,,,,,,,,,,,,,,,,,,,,,
16384,,123,,,,"<string>2026-04-01T19:20:25Z</string>
<string>RulesEngine</string>
",2026-04-01 16:44:25.803284+00:00,,,,,,,,,,,,,,,,,,,,,,,,,,,,,,,,,,,,,,
0,,124,,,,"<string>Service stopped</string>
",2026-04-01 16:45:02.557985+00:00,,,,,,,,,,,,,,,,,,,,,,,,,,,,,,,,,,,,,,
0,,125,,,,"<string>Service stopped</string>
",2026-04-01 16:46:02.399546+00:00,,,,,,,,,,,,,,,,,,,,,,,,,,,,,,,,,,,,,,
0,,126,,,,"<string>Service stopped</string>
",2026-04-01 16:47:02.427088+00:00,,,,,,,,,,,,,,,,,,,,,,,,,,,,,,,,,,,,,,
5,,127,,,,,2026-04-01 16:47:59.200512+00:00,,,NormalVM\pizza,,,,,,,,,,,,,,,,,,,,,,,,,,,,,,,,,,,
0,,128,,,,"<string>Service stopped</string>
",2026-04-01 16:48:05.843029+00:00,,,,,,,,,,,,,,,,,,,,,,,,,,,,,,,,,,,,,,
0,,129,,,,"<string>Service stopped</string>
",2026-04-01 16:49:06.101585+00:00,,,,,,,,,,,,,,,,,,,,,,,,,,,,,,,,,,,,,,
6000,,130,,,,"<string>WSearch</string>
",2026-04-01 16:49:30.842255+00:00,,,,,,,,,,,,,,,,,,,,,,,,,,,,,,,,,,,,,,
6000,,131,,,,"<string>SessionEnv</string>
",2026-04-01 16:49:30.890772+00:00,,,,,,,,,,,,,,,,,,,,,,,,,,,,,,,,,,,,,,
6003,,132,,,,"<string>SessionEnv</string>
",2026-04-01 16:49:32.165447+00:00,,,,,,,,,,,,,,,,,,,,,,,,,,,,,,,,,,,,,,
6000,,133,,,,"<string>SessionEnv</string>
",2026-04-01 16:49:34.411791+00:00,,,,,,,,,,,,,,,,,,,,,,,,,,,,,,,,,,,,,,
23,,134,,,,,2026-04-01 16:49:49.197721+00:00,,,,,,,,,,,,,,,,,,,,,,,,,,,,,,,MicrosoftWindows.Client.CBS_cw5n1h2txyewy,InitializeDataChangedSignaler,,,,-2147024894,,
23,,135,,,,,2026-04-01 16:49:49.665964+00:00,,,,,,,,,,,,,,,,,,,,,,,,,,,,,,,Microsoft.AAD.BrokerPlugin_cw5n1h2txyewy,InitializeDataChangedSignaler,,,,-2147024894,,
24,,136,,,,,2026-04-01 16:49:49.932964+00:00,,,,,,,,,,,,,,,,,,,,,,,0,,,,,,,,MicrosoftWindows.Client.CBS_cw5n1h2txyewy,InitializeDataChangedSignaler,,,,-2147024894,,
23,,137,,,,,2026-04-01 16:49:50.827181+00:00,,,,,,,,,,,,,,,,,,,,,,,,,,,,,,,Microsoft.Windows.ContentDeliveryManager_cw5n1h2txyewy,InitializeDataChangedSignaler,,,,-2147024894,,
23,,138,,,,,2026-04-01 16:49:50.846521+00:00,,,,,,,,,,,,,,,,,,,,,,,,,,,,,,,Microsoft.Windows.ContentDeliveryManager_cw5n1h2txyewy,InitializeDataChangedSignaler,,,,-2147024894,,
23,,139,,,,,2026-04-01 16:49:51.198141+00:00,,,,,,,,,,,,,,,,,,,,,,,,,,,,,,,Microsoft.AAD.BrokerPlugin_cw5n1h2txyewy,InitializeDataChangedSignaler,,,,-2147024894,,
24,,140,,,,,2026-04-01 16:49:51.275238+00:00,,,,,,,,,,,,,,,,,,,,,,,0,,,,,,,,Microsoft.AAD.BrokerPlugin_cw5n1h2txyewy,InitializeDataChangedSignaler,,,,-2147024894,,
24,,141,,,,,2026-04-01 16:49:51.288330+00:00,,,,,,,,,,,,,,,,,,,,,,,0,,,,,,,,Microsoft.AAD.BrokerPlugin_cw5n1h2txyewy,InitializeDataChangedSignaler,,,,-2147024894,,
24,,142,,,,,2026-04-01 16:49:51.711084+00:00,,,,,,,,,,,,,,,,,,,,,,,0,,,,,,,,Microsoft.Windows.ContentDeliveryManager_cw5n1h2txyewy,InitializeDataChangedSignaler,,,,-2147024894,,
24,,143,,,,,2026-04-01 16:49:51.732090+00:00,,,,,,,,,,,,,,,,,,,,,,,0,,,,,,,,Microsoft.Windows.ContentDeliveryManager_cw5n1h2txyewy,InitializeDataChangedSignaler,,,,-2147024894,,
23,,144,,,,,2026-04-01 16:49:51.781109+00:00,,,,,,,,,,,,,,,,,,,,,,,,,,,,,,,Microsoft.Windows.StartMenuExperienceHost_cw5n1h2txyewy,InitializeDataChangedSignaler,,,,-2147024894,,
24,,145,,,,,2026-04-01 16:49:51.813271+00:00,,,,,,,,,,,,,,,,,,,,,,,0,,,,,,,,Microsoft.Windows.StartMenuExperienceHost_cw5n1h2txyewy,InitializeDataChangedSignaler,,,,-2147024894,,
16394,,146,,,,,2026-04-01 16:49:58.531616+00:00,,,,,,,,,,,,,,,,,,,,,,,,,,,,,,,,,,,,,,
0,,147,,,,"<string>Service stopped</string>
",2026-04-01 16:50:05.902750+00:00,,,,,,,,,,,,,,,,,,,,,,,,,,,,,,,,,,,,,,
16384,,148,,,,"<string>2026-04-01T19:20:34Z</string>
<string>RulesEngine</string>
",2026-04-01 16:50:34.578098+00:00,,,,,,,,,,,,,,,,,,,,,,,,,,,,,,,,,,,,,,
0,,149,,,,"<string>Service stopped</string>
",2026-04-01 16:51:04.236486+00:00,,,,,,,,,,,,,,,,,,,,,,,,,,,,,,,,,,,,,,
1531,,150,,,,,2026-04-01 17:17:42.359589+00:00,,,,,,,,,,,,,,,,,,,,,,,,,,,,,,,,,,,,,,
5615,,151,,,,,2026-04-01 17:17:48.143843+00:00,,,,,,,,,,,,,,,,,,,,,,,,,,,,,,,,,,,,,,
6003,,152,,,,"<string>SessionEnv</string>
",2026-04-01 17:17:51.032452+00:00,,,,,,,,,,,,,,,,,,,,,,,,,,,,,,,,,,,,,,
6000,,153,,,,"<string>SessionEnv</string>
",2026-04-01 17:17:51.372316+00:00,,,,,,,,,,,,,,,,,,,,,,,,,,,,,,,,,,,,,,
900,,154,,,,"<string>TriggerStarted:6</string>
",2026-04-01 17:17:53.265373+00:00,,,,,,,,,,,,,,,,,,,,,,,,,,,,,,,,,,,,,,
16394,,155,,,,,2026-04-01 17:17:53.689659+00:00,,,,,,,,,,,,,,,,,,,,,,,,,,,,,,,,,,,,,,
1066,,156,,,,"<string>C:\WINDOWS\system32\sppwinob.dll, msft:spp/windowsfunctionality/agent/7.0, 0x00000000, 0x00000000
C:\WINDOWS\system32\sppobjs.dll, msft:rm/algorithm/inherited/1.0, 0x00000000, 0x00000000
C:\WINDOWS\system32\sppobjs.dll, msft:rm/algorithm/phone/1.0, 0x00000000, 0x00000000
C:\WINDOWS\system32\sppobjs.dll, msft:rm/algorithm/pkey/detect, 0x00000000, 0x00000000
C:\WINDOWS\system32\sppobjs.dll, msft:spp/ActionScheduler/1.0, 0x00000000, 0x00000000
C:\WINDOWS\system32\sppobjs.dll, msft:spp/TaskScheduler/1.0, 0x00000000, 0x00000000
C:\WINDOWS\system32\sppobjs.dll, msft:spp/statecollector/pkey, 0x00000000, 0x00000000
C:\WINDOWS\system32\sppobjs.dll, msft:spp/volume/services/kms/1.0, 0x00000000, 0x00000000
C:\WINDOWS\system32\sppobjs.dll, msft:spp/volume/services/kms/activationinfo/1.0, 0x00000000, 0x00000000
</string>
",2026-04-01 17:17:54.305897+00:00,,,,,,,,,,,,,,,,,,,,,,,,,,,,,,,,,,,,,,
1003,,157,,,,"<string>55c92734-d682-4d71-983e-d6ec3f16059f</string>
<string>
1: 0567073a-7d74-403b-b2d5-6b35da372d8d, 1, 0 [(0 [0xC004F014, 0, 0], [(?)(?)(?)(?)(?)(?)(?)(?)])(1 )(2 )(3 )]
2: 1b750385-9fe2-49a8-ab55-149d0546395b, 1, 0 [(0 [0xC004F014, 0, 0], [(?)(?)(?)(?)(?)(?)(?)(?)])(1 )(2 )(3 )]
3: 1d873132-f09f-4eb2-bf5a-2e4fb48935e8, 1, 0 [(0 [0xC004F014, 0, 0], [(?)(?)(?)(?)(?)(?)(?)(?)])(1 )(2 )(3 )]
4: 2b1f36bb-c1cd-4306-bf5c-a0367c2d97d8, 1, 1 [(0 )(1 )(2 [0xC004E003, 0, 0], [( 1 0xC004F034)( 1 0xC004F034)(?)(?)(?)(?)(?)(?)])(3 [0x00000000, 0, 0], [( 6 0xC004F009 0 0)( 1 0x00000000)( 6 0xC004F009 0 0)(?)(?)(?)( 10 0x00000000 msft:rm/algorithm/flags/1.0)( 11 0x00000000 0xC004F034)])]
5: 30d469c6-a78f-4476-b5c8-af78d5b6a5fb, 1, 0 [(0 [0xC004F014, 0, 0], [(?)(?)(?)(?)(?)(?)(?)(?)])(1 )(2 )(3 )]
6: 3ae2cc14-ab2d-41f4-972f-5e20142771dc, 1, 0 [(0 [0xC004F014, 0, 0], [(?)(?)(?)(?)(?)(?)(?)(?)])(1 )(2 )(3 )]
7: 4002e33a-524c-4100-8108-131a0d42c0ea, 1, 0 [(0 [0xC004F014, 0, 0], [(?)(?)(?)(?)(?)(?)(?)(?)])(1 )(2 )(3 )]
8: 411b3d4f-be6d-4a06-baaa-9cabfc256cae, 1, 0 [(0 [0xC004F014, 0, 0], [(?)(?)(?)(?)(?)(?)(?)(?)])(1 )(2 )(3 )]
9: 58e97c99-f377-4ef1-81d5-4ad5522b5fd8, 1, 0 [(0 [0xC004F014, 0, 0], [(?)(?)(?)(?)(?)(?)(?)(?)])(1 )(2 )(3 )]
10: 653098ee-780d-4863-8cf2-d18399ce413b, 1, 0 [(0 [0xC004F014, 0, 0], [(?)(?)(?)(?)(?)(?)(?)(?)])(1 )(2 )(3 )]
11: 74436dbb-cc17-46de-867f-14906ba4a938, 1, 0 [(0 [0xC004F014, 0, 0], [(?)(?)(?)(?)(?)(?)(?)(?)])(1 )(2 )(3 )]
12: 8a292df8-d653-4057-8133-a0701792f912, 1, 0 [(0 [0xC004F014, 0, 0], [(?)(?)(?)(?)(?)(?)(?)(?)])(1 )(2 )(3 )]
13: 8db63db6-4f8f-46d6-a448-66444faaaa72, 1, 0 [(0 [0xC004F014, 0, 0], [(?)(?)(?)(?)(?)(?)(?)(?)])(1 )(2 )(3 )]
14: cd918a57-a41b-4c82-8dce-1a538e221a83, 1, 0 [(0 [0xC004F014, 0, 0], [(?)(?)(?)(?)(?)(?)(?)(?)])(1 )(2 )(3 )]
15: da9621af-f086-4244-b563-18611e51aa1a, 1, 0 [(0 [0xC004F014, 0, 0], [(?)(?)(?)(?)(?)(?)(?)(?)])(1 )(2 )(3 )]
16: e371d89a-73e8-4b24-a7ff-23a3641dd18e, 1, 0 [(0 [0xC004F014, 0, 0], [(?)(?)(?)(?)(?)(?)(?)(?)])(1 )(2 )(3 )]
17: ed799377-74b8-4989-a244-14d082e65972, 1, 0 [(0 [0xC004F014, 0, 0], [(?)(?)(?)(?)(?)(?)(?)(?)])(1 )(2 )(3 )]

</string>
",2026-04-01 17:17:54.373623+00:00,,,,,,,,,,,,,,,,,,,,,,,,,,,,,,,,,,,,,,
902,,158,,,,"<string>10.0.26100.8036</string>
",2026-04-01 17:17:54.613213+00:00,,,,,,,,,,,,,,,,,,,,,,,,,,,,,,,,,,,,,,
16388,,159,,,,"<string>2026-04-01T17:18:01Z</string>
<string>2026-04-01T19:16:11Z</string>
",2026-04-01 17:18:01.053923+00:00,,,,,,,,,,,,,,,,,,,,,,,,,,,,,,,,,,,,,,
1003,,160,"
",,,,2026-04-01 17:18:08.798828+00:00,,,,,,,,,,,,,,,,,,,,,,,,,,,,,,,,,,,,,,
5611,,161,,,,,2026-04-01 17:18:20.942625+00:00,,,,,,,,,,,,,,,,,,,,,,,,,,,,,,,,,,,,,,
5617,,162,,,,,2026-04-01 17:18:23.226330+00:00,,,,,,,,,,,,,,,,,,,,,,,,,,,,,,,,,,,,,,
1,,163,,,,,2026-04-01 17:18:24.812721+00:00,,,S-1-5-21-2352865859-2334931103-2005901029-1000,,,,,,,,,,,,,,,,,,,,,,,,,,,,,,,,,,,
1,,164,,,,,2026-04-01 17:18:24.998314+00:00,,,S-1-5-21-2352865859-2334931103-2005901029-1000,,,,,,,,,,,,,,,,,,,,,,,,,,,,,,,,,,,
8230,,165,,,,"<string>Security-SPP-Action-StateData (REG_SZ) =AppId=55c92734-d682-4d71-983e-d6ec3f16059f;LastConsumptionReason=0xc004f034;LastNotificationId=NeverActivated;LicenseState=SL_LICENSING_STATUS_NOTIFICATION;PartialProductKey=8HVX7;ProductKeyType=Retail;SkuId=2b1f36bb-c1cd-4306-bf5c-a0367c2d97d8;ruleId=31e71c49-8da7-4a2f-ad92-45d98a1c79ba;uxDifferentiator=RETAIL</string>
",2026-04-01 17:18:31.228558+00:00,,,,,,,,,,,,,,,,,,,,,,,,,,,,,,,,,,,,,,
1003,,166,,,,"<string>55c92734-d682-4d71-983e-d6ec3f16059f</string>
<string>
1: 0567073a-7d74-403b-b2d5-6b35da372d8d, 1, 0 [(0 [0xC004F014, 0, 0], [(?)(?)(?)(?)(?)(?)(?)(?)])(1 )(2 )(3 )]
2: 1b750385-9fe2-49a8-ab55-149d0546395b, 1, 0 [(0 [0xC004F014, 0, 0], [(?)(?)(?)(?)(?)(?)(?)(?)])(1 )(2 )(3 )]
3: 1d873132-f09f-4eb2-bf5a-2e4fb48935e8, 1, 0 [(0 [0xC004F014, 0, 0], [(?)(?)(?)(?)(?)(?)(?)(?)])(1 )(2 )(3 )]
4: 2b1f36bb-c1cd-4306-bf5c-a0367c2d97d8, 1, 1 [(0 )(1 )(2 [0xC004E003, 0, 0], [( 1 0xC004F034)( 1 0xC004F034)(?)(?)(?)(?)(?)(?)])(3 [0x00000000, 0, 0], [( 6 0xC004F009 0 0)( 1 0x00000000)( 6 0xC004F009 0 0)(?)(?)(?)( 10 0x00000000 msft:rm/algorithm/flags/1.0)( 11 0x00000000 0xC004F034)])]
5: 30d469c6-a78f-4476-b5c8-af78d5b6a5fb, 1, 0 [(0 [0xC004F014, 0, 0], [(?)(?)(?)(?)(?)(?)(?)(?)])(1 )(2 )(3 )]
6: 3ae2cc14-ab2d-41f4-972f-5e20142771dc, 1, 0 [(0 [0xC004F014, 0, 0], [(?)(?)(?)(?)(?)(?)(?)(?)])(1 )(2 )(3 )]
7: 4002e33a-524c-4100-8108-131a0d42c0ea, 1, 0 [(0 [0xC004F014, 0, 0], [(?)(?)(?)(?)(?)(?)(?)(?)])(1 )(2 )(3 )]
8: 411b3d4f-be6d-4a06-baaa-9cabfc256cae, 1, 0 [(0 [0xC004F014, 0, 0], [(?)(?)(?)(?)(?)(?)(?)(?)])(1 )(2 )(3 )]
9: 58e97c99-f377-4ef1-81d5-4ad5522b5fd8, 1, 0 [(0 [0xC004F014, 0, 0], [(?)(?)(?)(?)(?)(?)(?)(?)])(1 )(2 )(3 )]
10: 653098ee-780d-4863-8cf2-d18399ce413b, 1, 0 [(0 [0xC004F014, 0, 0], [(?)(?)(?)(?)(?)(?)(?)(?)])(1 )(2 )(3 )]
11: 74436dbb-cc17-46de-867f-14906ba4a938, 1, 0 [(0 [0xC004F014, 0, 0], [(?)(?)(?)(?)(?)(?)(?)(?)])(1 )(2 )(3 )]
12: 8a292df8-d653-4057-8133-a0701792f912, 1, 0 [(0 [0xC004F014, 0, 0], [(?)(?)(?)(?)(?)(?)(?)(?)])(1 )(2 )(3 )]
13: 8db63db6-4f8f-46d6-a448-66444faaaa72, 1, 0 [(0 [0xC004F014, 0, 0], [(?)(?)(?)(?)(?)(?)(?)(?)])(1 )(2 )(3 )]
14: cd918a57-a41b-4c82-8dce-1a538e221a83, 1, 0 [(0 [0xC004F014, 0, 0], [(?)(?)(?)(?)(?)(?)(?)(?)])(1 )(2 )(3 )]
15: da9621af-f086-4244-b563-18611e51aa1a, 1, 0 [(0 [0xC004F014, 0, 0], [(?)(?)(?)(?)(?)(?)(?)(?)])(1 )(2 )(3 )]
16: e371d89a-73e8-4b24-a7ff-23a3641dd18e, 1, 0 [(0 [0xC004F014, 0, 0], [(?)(?)(?)(?)(?)(?)(?)(?)])(1 )(2 )(3 )]
17: ed799377-74b8-4989-a244-14d082e65972, 1, 0 [(0 [0xC004F014, 0, 0], [(?)(?)(?)(?)(?)(?)(?)(?)])(1 )(2 )(3 )]

</string>
",2026-04-01 17:18:33.595781+00:00,,,,,,,,,,,,,,,,,,,,,,,,,,,,,,,,,,,,,,
1003,,167,,,,"<string>55c92734-d682-4d71-983e-d6ec3f16059f</string>
<string>
1: 0567073a-7d74-403b-b2d5-6b35da372d8d, 1, 0 [(0 [0xC004F014, 0, 0], [(?)(?)(?)(?)(?)(?)(?)(?)])(1 )(2 )(3 )]
2: 1b750385-9fe2-49a8-ab55-149d0546395b, 1, 0 [(0 [0xC004F014, 0, 0], [(?)(?)(?)(?)(?)(?)(?)(?)])(1 )(2 )(3 )]
3: 1d873132-f09f-4eb2-bf5a-2e4fb48935e8, 1, 0 [(0 [0xC004F014, 0, 0], [(?)(?)(?)(?)(?)(?)(?)(?)])(1 )(2 )(3 )]
4: 2b1f36bb-c1cd-4306-bf5c-a0367c2d97d8, 1, 1 [(0 )(1 )(2 [0xC004E003, 0, 0], [( 1 0xC004F034)( 1 0xC004F034)(?)(?)(?)(?)(?)(?)])(3 [0x00000000, 0, 0], [( 6 0xC004F009 0 0)( 1 0x00000000)( 6 0xC004F009 0 0)(?)(?)(?)( 10 0x00000000 msft:rm/algorithm/flags/1.0)( 11 0x00000000 0xC004F034)])]
5: 30d469c6-a78f-4476-b5c8-af78d5b6a5fb, 1, 0 [(0 [0xC004F014, 0, 0], [(?)(?)(?)(?)(?)(?)(?)(?)])(1 )(2 )(3 )]
6: 3ae2cc14-ab2d-41f4-972f-5e20142771dc, 1, 0 [(0 [0xC004F014, 0, 0], [(?)(?)(?)(?)(?)(?)(?)(?)])(1 )(2 )(3 )]
7: 4002e33a-524c-4100-8108-131a0d42c0ea, 1, 0 [(0 [0xC004F014, 0, 0], [(?)(?)(?)(?)(?)(?)(?)(?)])(1 )(2 )(3 )]
8: 411b3d4f-be6d-4a06-baaa-9cabfc256cae, 1, 0 [(0 [0xC004F014, 0, 0], [(?)(?)(?)(?)(?)(?)(?)(?)])(1 )(2 )(3 )]
9: 58e97c99-f377-4ef1-81d5-4ad5522b5fd8, 1, 0 [(0 [0xC004F014, 0, 0], [(?)(?)(?)(?)(?)(?)(?)(?)])(1 )(2 )(3 )]
10: 653098ee-780d-4863-8cf2-d18399ce413b, 1, 0 [(0 [0xC004F014, 0, 0], [(?)(?)(?)(?)(?)(?)(?)(?)])(1 )(2 )(3 )]
11: 74436dbb-cc17-46de-867f-14906ba4a938, 1, 0 [(0 [0xC004F014, 0, 0], [(?)(?)(?)(?)(?)(?)(?)(?)])(1 )(2 )(3 )]
12: 8a292df8-d653-4057-8133-a0701792f912, 1, 0 [(0 [0xC004F014, 0, 0], [(?)(?)(?)(?)(?)(?)(?)(?)])(1 )(2 )(3 )]
13: 8db63db6-4f8f-46d6-a448-66444faaaa72, 1, 0 [(0 [0xC004F014, 0, 0], [(?)(?)(?)(?)(?)(?)(?)(?)])(1 )(2 )(3 )]
14: cd918a57-a41b-4c82-8dce-1a538e221a83, 1, 0 [(0 [0xC004F014, 0, 0], [(?)(?)(?)(?)(?)(?)(?)(?)])(1 )(2 )(3 )]
15: da9621af-f086-4244-b563-18611e51aa1a, 1, 0 [(0 [0xC004F014, 0, 0], [(?)(?)(?)(?)(?)(?)(?)(?)])(1 )(2 )(3 )]
16: e371d89a-73e8-4b24-a7ff-23a3641dd18e, 1, 0 [(0 [0xC004F014, 0, 0], [(?)(?)(?)(?)(?)(?)(?)(?)])(1 )(2 )(3 )]
17: ed799377-74b8-4989-a244-14d082e65972, 1, 0 [(0 [0xC004F014, 0, 0], [(?)(?)(?)(?)(?)(?)(?)(?)])(1 )(2 )(3 )]

</string>
",2026-04-01 17:18:33.617966+00:00,,,,,,,,,,,,,,,,,,,,,,,,,,,,,,,,,,,,,,
1003,,168,,,,"<string>55c92734-d682-4d71-983e-d6ec3f16059f</string>
<string>
1: 0567073a-7d74-403b-b2d5-6b35da372d8d, 1, 0 [(0 [0xC004F014, 0, 0], [(?)(?)(?)(?)(?)(?)(?)(?)])(1 )(2 )(3 )]
2: 1b750385-9fe2-49a8-ab55-149d0546395b, 1, 0 [(0 [0xC004F014, 0, 0], [(?)(?)(?)(?)(?)(?)(?)(?)])(1 )(2 )(3 )]
3: 1d873132-f09f-4eb2-bf5a-2e4fb48935e8, 1, 0 [(0 [0xC004F014, 0, 0], [(?)(?)(?)(?)(?)(?)(?)(?)])(1 )(2 )(3 )]
4: 2b1f36bb-c1cd-4306-bf5c-a0367c2d97d8, 1, 1 [(0 )(1 )(2 [0xC004E003, 0, 0], [( 1 0xC004F034)( 1 0xC004F034)(?)(?)(?)(?)(?)(?)])(3 [0x00000000, 0, 0], [( 6 0xC004F009 0 0)( 1 0x00000000)( 6 0xC004F009 0 0)(?)(?)(?)( 10 0x00000000 msft:rm/algorithm/flags/1.0)( 11 0x00000000 0xC004F034)])]
5: 30d469c6-a78f-4476-b5c8-af78d5b6a5fb, 1, 0 [(0 [0xC004F014, 0, 0], [(?)(?)(?)(?)(?)(?)(?)(?)])(1 )(2 )(3 )]
6: 3ae2cc14-ab2d-41f4-972f-5e20142771dc, 1, 0 [(0 [0xC004F014, 0, 0], [(?)(?)(?)(?)(?)(?)(?)(?)])(1 )(2 )(3 )]
7: 4002e33a-524c-4100-8108-131a0d42c0ea, 1, 0 [(0 [0xC004F014, 0, 0], [(?)(?)(?)(?)(?)(?)(?)(?)])(1 )(2 )(3 )]
8: 411b3d4f-be6d-4a06-baaa-9cabfc256cae, 1, 0 [(0 [0xC004F014, 0, 0], [(?)(?)(?)(?)(?)(?)(?)(?)])(1 )(2 )(3 )]
9: 58e97c99-f377-4ef1-81d5-4ad5522b5fd8, 1, 0 [(0 [0xC004F014, 0, 0], [(?)(?)(?)(?)(?)(?)(?)(?)])(1 )(2 )(3 )]
10: 653098ee-780d-4863-8cf2-d18399ce413b, 1, 0 [(0 [0xC004F014, 0, 0], [(?)(?)(?)(?)(?)(?)(?)(?)])(1 )(2 )(3 )]
11: 74436dbb-cc17-46de-867f-14906ba4a938, 1, 0 [(0 [0xC004F014, 0, 0], [(?)(?)(?)(?)(?)(?)(?)(?)])(1 )(2 )(3 )]
12: 8a292df8-d653-4057-8133-a0701792f912, 1, 0 [(0 [0xC004F014, 0, 0], [(?)(?)(?)(?)(?)(?)(?)(?)])(1 )(2 )(3 )]
13: 8db63db6-4f8f-46d6-a448-66444faaaa72, 1, 0 [(0 [0xC004F014, 0, 0], [(?)(?)(?)(?)(?)(?)(?)(?)])(1 )(2 )(3 )]
14: cd918a57-a41b-4c82-8dce-1a538e221a83, 1, 0 [(0 [0xC004F014, 0, 0], [(?)(?)(?)(?)(?)(?)(?)(?)])(1 )(2 )(3 )]
15: da9621af-f086-4244-b563-18611e51aa1a, 1, 0 [(0 [0xC004F014, 0, 0], [(?)(?)(?)(?)(?)(?)(?)(?)])(1 )(2 )(3 )]
16: e371d89a-73e8-4b24-a7ff-23a3641dd18e, 1, 0 [(0 [0xC004F014, 0, 0], [(?)(?)(?)(?)(?)(?)(?)(?)])(1 )(2 )(3 )]
17: ed799377-74b8-4989-a244-14d082e65972, 1, 0 [(0 [0xC004F014, 0, 0], [(?)(?)(?)(?)(?)(?)(?)(?)])(1 )(2 )(3 )]

</string>
",2026-04-01 17:18:33.647331+00:00,,,,,,,,,,,,,,,,,,,,,,,,,,,,,,,,,,,,,,
8198,,169,,,,"<string>hr=0x803F7001</string>
<string>RuleId=31e71c49-8da7-4a2f-ad92-45d98a1c79ba;Action=AutoActivate;AppId=55c92734-d682-4d71-983e-d6ec3f16059f;SkuId=2b1f36bb-c1cd-4306-bf5c-a0367c2d97d8;NotificationInterval=1440;Trigger=UserLogon;SessionId=1</string>
",2026-04-01 17:18:33.663181+00:00,,,,,,,,,,,,,,,,,,,,,,,,,,,,,,,,,,,,,,
1001,,170,,,,,2026-04-01 17:18:46.482775+00:00,,0,,,,1.3.223.11,"
\\?\C:\ProgramData\Microsoft\Windows\WER\Temp\WER.ed681416-6134-4b9f-8150-b989abbf7d73.tmp.WERInternalMetadata.xml",0xa043081c,crashpad_log,CriticalRequestError|unknown,1267185907056131837,,\\?\C:\ProgramData\Microsoft\Windows\WER\ReportArchive\NonCritical_MicrosoftEdgeUpd_7541d642bd65f41c97ab6fa4b649cacddb462f_00000000_147adcaf-58ef-422f-8587-2b8d1ed1d9d9,268435462,,077af9952eb158caa195f2de5e763efd,0,,,147adcaf-58ef-422f-8587-2b8d1ed1d9d9,5,,,,,,,Not available,,,,,0,MicrosoftEdgeUpdate.exe,,,,
1001,,171,,,,,2026-04-01 17:18:58.583103+00:00,,0,,,,146.0.3856.97,"
\\?\C:\ProgramData\Microsoft\Windows\WER\Temp\WER.384b3cdc-3fe8-4703-8f12-194e40ac3097.tmp.WERInternalMetadata.xml",0x220,crashpad_log,EdgeInstallerError|msedge,1985969198015787180,,\\?\C:\ProgramData\Microsoft\Windows\WER\ReportArchive\NonCritical_setup.exe_4d9ddccf5c67af39c5e753567f54bfe6706fcd_00000000_d7706e3a-dca4-4751-b0e5-63e41bb5aba6,268435462,,78976991fb9cda4ebb8f9476a69930ac,0,,,d7706e3a-dca4-4751-b0e5-63e41bb5aba6,5,,,,,,,Not available,,,,,0,setup.exe,,,,
2562,,172,,,,"<string>MSIXDeployment</string>
<string>windows.applicationData</string>
<string>DeleteMachineFolder</string>
<string>Package MSTeams_1.0.0.0_x64__8wekyb3d8bbwe removed machine folder C:\ProgramData\Microsoft\Windows\AppRepository\Families\ApplicationData\MSTeams_8wekyb3d8bbwe: The system cannot find the path specified.</string>
",2026-04-01 17:19:14.879072+00:00,,,,,,,,,,,,,,,,,,,,,,,,,,,,,,,,,,,,,,
86,GET(1328ms),173,,,Not found (404). 0x80190194 (-2145844844 HTTP_E_STATUS_NOT_FOUND),,2026-04-01 17:19:16.109520+00:00,,,,,,,,,,,,Local system,,,,,,,,,,GetCACaps,,,https://VMW-KeyId-4ee141457063b21f90e0af375a94b4f3b20f36e6.microsoftaik.azure.net/templates/Aik/scep,,,,,,,,,,"GetCACaps
GetCACaps: Not Found
{""Message"":""The authority \""vmw-keyid-4ee141457063b21f90e0af375a94b4f3b20f36e6.microsoftaik.azure.net\"" does not exist.""}
HTTP/1.1 404 Not Found
Date: Wed, 01 Apr 2026 17:19:15 GMT
Content-Length: 121
Content-Type: application/json; charset=utf-8
X-Content-Type-Options: nosniff
Strict-Transport-Security: max-age=31536000;includeSubDomains
x-ms-request-id: e100848d-4667-46bb-b011-31dedb18a198
",,,
86,GET(9094ms),174,,,Not found (404). 0x80190194 (-2145844844 HTTP_E_STATUS_NOT_FOUND),,2026-04-01 17:19:32.237917+00:00,,,,,,,,,,,,WORKGROUP\NORMALVM$,,,,,,,,,,GetCACaps,,,https://VMW-KeyId-4ee141457063b21f90e0af375a94b4f3b20f36e6.microsoftaik.azure.net/templates/Aik/scep,,,,,,,,,,"GetCACaps
GetCACaps: Not Found
{""Message"":""The authority \""vmw-keyid-4ee141457063b21f90e0af375a94b4f3b20f36e6.microsoftaik.azure.net\"" does not exist.""}
HTTP/1.1 404 Not Found
Date: Wed, 01 Apr 2026 17:19:26 GMT
Content-Length: 121
Content-Type: application/json; charset=utf-8
X-Content-Type-Options: nosniff
Strict-Transport-Security: max-age=31536000;includeSubDomains
x-ms-request-id: 6514e2b6-cf9f-4f76-828c-e9f5cd1aac4f
",,,
0,,175,,,,"<string>Service stopped</string>
",2026-04-01 17:20:00.130701+00:00,,,,,,,,,,,,,,,,,,,,,,,,,,,,,,,,,,,,,,
16384,,176,,,,"<string>2026-04-02T17:18:02Z</string>
<string>RulesEngine</string>
",2026-04-01 17:20:02.702288+00:00,,,,,,,,,,,,,,,,,,,,,,,,,,,,,,,,,,,,,,
903,,177,,,,,2026-04-01 17:20:03.095547+00:00,,,,,,,,,,,,,,,,,,,,,,,,,,,,,,,,,,,,,,
16394,,178,,,,,2026-04-01 17:20:09.515802+00:00,,,,,,,,,,,,,,,,,,,,,,,,,,,,,,,,,,,,,,
1,,179,,,,,2026-04-01 17:20:16.491661+00:00,,,,,,,,,,,,,,,,,,,,,,,,,,,,,,,,,,,,,,
15,,180,,,,"<string>Windows Defender</string>
<string>SECURITY_PRODUCT_STATE_ON</string>
",2026-04-01 17:20:18.529097+00:00,,,,,,,,,,,,,,,,,,,,,,,,,,,,,,,,,,,,,,
16384,,181,,,,"<string>2026-04-02T17:17:44Z</string>
<string>RulesEngine</string>
",2026-04-01 17:20:44.157875+00:00,,,,,,,,,,,,,,,,,,,,,,,,,,,,,,,,,,,,,,
256,,182,,,,"<string>[6328:3952:0401/102127.298:INFO:chrome\browser\extensions\extension_garbage_collector.cc:188] Garbage collection for extensions on file thread is complete.</string>
",2026-04-01 17:21:27.302151+00:00,,,,,,,,,,,,,,,,,,,,,,,,,,,,,,,,,,,,,,
15,,183,,,,"<string>Windows Defender</string>
<string>SECURITY_PRODUCT_STATE_ON</string>
",2026-04-01 17:22:26.270248+00:00,,,,,,,,,,,,,,,,,,,,,,,,,,,,,,,,,,,,,,
4097,,184,,,,"<string>CN=DigiCert Global Root CA, OU=www.digicert.com, O=DigiCert Inc, C=US</string>
<string>A8985D3A65E5E5C4B2D7D66D40C6DD2FB19C5436</string>
",2026-04-01 17:22:26.355322+00:00,,,,,,,,,,,,,,,,,,,,,,,,,,,,,,,,,,,,,,
1001,,185,,,,,2026-04-01 17:23:37.005581+00:00,,0,,,,41,,NONE,AppxDeploymentFailureBlue,0,,,NULL,2147483648,,,0,,,6701d0ea-e08c-4a39-b8c5-6136b3d63d3f,0,,,,,10.0.26100.8036,,Not available,,,,,0,80073CF3,,,628,
16394,,186,,,,,2026-04-01 17:23:45.150333+00:00,,,,,,,,,,,,,,,,,,,,,,,,,,,,,,,,,,,,,,
1034,,187,,,,"<string>AAD-AddDeviceJoinUserToAdminGroup-Policy</string>
<string>100</string>
",2026-04-01 17:23:45.371904+00:00,,,,,,,,,,,,,,,,,,,,,,,,,,,,,,,,,,,,,,
1034,,188,,,,"<string>Security-SPP-WriteWauMarker</string>
<string>500</string>
",2026-04-01 17:23:45.374750+00:00,,,,,,,,,,,,,,,,,,,,,,,,,,,,,,,,,,,,,,
16384,,189,,,,"<string>2026-04-02T17:18:15Z</string>
<string>RulesEngine</string>
",2026-04-01 17:24:15.445995+00:00,,,,,,,,,,,,,,,,,,,,,,,,,,,,,,,,,,,,,,
2562,,190,,,,"<string>MSIXDeployment</string>
<string>windows.applicationData</string>
<string>DeleteMachineFolder</string>
<string>Package Microsoft.WindowsNotepad_11.2501.31.0_neutral_split.scale-125_8wekyb3d8bbwe removed machine folder C:\ProgramData\Microsoft\Windows\AppRepository\Families\ApplicationData\Microsoft.WindowsNotepad_8wekyb3d8bbwe: The system cannot find the path specified.</string>
",2026-04-01 17:25:46.774721+00:00,,,,,,,,,,,,,,,,,,,,,,,,,,,,,,,,,,,,,,
2562,,191,,,,"<string>MSIXDeployment</string>
<string>windows.applicationData</string>
<string>DeleteMachineFolder</string>
<string>Package Microsoft.Paint_11.2412.295.0_neutral_split.scale-125_8wekyb3d8bbwe removed machine folder C:\ProgramData\Microsoft\Windows\AppRepository\Families\ApplicationData\Microsoft.Paint_8wekyb3d8bbwe: The system cannot find the path specified.</string>
",2026-04-01 17:26:21.812149+00:00,,,,,,,,,,,,,,,,,,,,,,,,,,,,,,,,,,,,,,
2562,,192,,,,"<string>MSIXDeployment</string>
<string>windows.applicationData</string>
<string>DeleteMachineFolder</string>
<string>Package Microsoft.Paint_11.2412.295.0_x64__8wekyb3d8bbwe removed machine folder C:\ProgramData\Microsoft\Windows\AppRepository\Families\ApplicationData\Microsoft.Paint_8wekyb3d8bbwe: The system cannot find the path specified.</string>
",2026-04-01 17:26:38.066153+00:00,,,,,,,,,,,,,,,,,,,,,,,,,,,,,,,,,,,,,,
2562,,193,,,,"<string>MSIXDeployment</string>
<string>windows.applicationData</string>
<string>DeleteMachineFolder</string>
<string>Package Microsoft.Paint_11.2412.295.0_neutral_split.scale-100_8wekyb3d8bbwe removed machine folder C:\ProgramData\Microsoft\Windows\AppRepository\Families\ApplicationData\Microsoft.Paint_8wekyb3d8bbwe: The system cannot find the path specified.</string>
",2026-04-01 17:26:38.066502+00:00,,,,,,,,,,,,,,,,,,,,,,,,,,,,,,,,,,,,,,
2562,,194,,,,"<string>MSIXDeployment</string>
<string>windows.applicationData</string>
<string>DeleteMachineFolder</string>
<string>Package Microsoft.WindowsNotepad_11.2501.31.0_x64__8wekyb3d8bbwe removed machine folder C:\ProgramData\Microsoft\Windows\AppRepository\Families\ApplicationData\Microsoft.WindowsNotepad_8wekyb3d8bbwe: The system cannot find the path specified.</string>
",2026-04-01 17:26:41.866581+00:00,,,,,,,,,,,,,,,,,,,,,,,,,,,,,,,,,,,,,,
2562,,195,,,,"<string>MSIXDeployment</string>
<string>windows.applicationData</string>
<string>DeleteMachineFolder</string>
<string>Package Microsoft.WindowsNotepad_11.2501.31.0_neutral_split.scale-100_8wekyb3d8bbwe removed machine folder C:\ProgramData\Microsoft\Windows\AppRepository\Families\ApplicationData\Microsoft.WindowsNotepad_8wekyb3d8bbwe: The system cannot find the path specified.</string>
",2026-04-01 17:26:41.866838+00:00,,,,,,,,,,,,,,,,,,,,,,,,,,,,,,,,,,,,,,
1001,,196,,,,,2026-04-01 17:26:43.095562+00:00,,0,,,,80240016,,8037,StoreAgentInstallFailure1,26200,,,\\?\C:\ProgramData\Microsoft\Windows\WER\ReportQueue\NonCritical_Update;UsoClient_cf5c055f8d343835f9ae8e04e73bc28fe5b630_00000000_20fa2dde-76d4-4db7-8c7d-edb01d1c7696,4,,,0,,,20fa2dde-76d4-4db7-8c7d-edb01d1c7696,0,,,,,Windows.Desktop,,Not available,,,,,0,Update;UsoClient-SearchForUpdatesWithPausedAddAsync,,,P,
1001,,197,,,,,2026-04-01 17:26:43.105833+00:00,,0,,,,80240016,,8037,StoreAgentInstallFailure1,26200,,,\\?\C:\ProgramData\Microsoft\Windows\WER\ReportQueue\NonCritical_Update;UsoClient_5d9f1092cd226db56f62b23ccde0ac86bd1bc8_00000000_10aebd7d-ff18-48be-832a-1fc6578cb38f,4,,,0,,,10aebd7d-ff18-48be-832a-1fc6578cb38f,0,,,,,Windows.Desktop,,Not available,,,,,0,Update;UsoClient-SearchForUpdatesWithPausedAddAsync,,,H,
1001,,198,,,,,2026-04-01 17:26:51.570543+00:00,,0,,,,80240016,"
\\?\C:\ProgramData\Microsoft\Windows\WER\Temp\WER.9e737922-7f24-4922-bbe0-d8b8cddc4cdd.tmp.WERInternalMetadata.xml",8037,StoreAgentInstallFailure1,26200,1630045857657137314,,\\?\C:\ProgramData\Microsoft\Windows\WER\ReportArchive\NonCritical_Update;UsoClient_5d9f1092cd226db56f62b23ccde0ac86bd1bc8_00000000_10aebd7d-ff18-48be-832a-1fc6578cb38f,268435456,,641e99786df0f00cd69f1612394028a2,0,,,10aebd7d-ff18-48be-832a-1fc6578cb38f,5,,,,,Windows.Desktop,,Not available,,,,,0,Update;UsoClient-SearchForUpdatesWithPausedAddAsync,,,H,
2562,,199,,,,"<string>MSIXDeployment</string>
<string>windows.applicationData</string>
<string>DeleteMachineFolder</string>
<string>Package Microsoft.WindowsStore_22506.1400.2.0_x64__8wekyb3d8bbwe removed machine folder C:\ProgramData\Microsoft\Windows\AppRepository\Families\ApplicationData\Microsoft.WindowsStore_8wekyb3d8bbwe: The system cannot find the path specified.</string>
",2026-04-01 17:27:04.549025+00:00,,,,,,,,,,,,,,,,,,,,,,,,,,,,,,,,,,,,,,
2562,,200,,,,"<string>MSIXDeployment</string>
<string>windows.applicationData</string>
<string>DeleteMachineFolder</string>
<string>Package Microsoft.ScreenSketch_11.2307.61.0_neutral_split.scale-125_8wekyb3d8bbwe removed machine folder C:\ProgramData\Microsoft\Windows\AppRepository\Families\ApplicationData\Microsoft.ScreenSketch_8wekyb3d8bbwe: The system cannot find the path specified.</string>
",2026-04-01 17:27:06.591087+00:00,,,,,,,,,,,,,,,,,,,,,,,,,,,,,,,,,,,,,,
1001,,201,,,,,2026-04-01 17:27:07.267185+00:00,,0,,,,80240016,"
\\?\C:\ProgramData\Microsoft\Windows\WER\Temp\WER.d435a229-dd14-4ca8-a4f3-95ad8e7e87f8.tmp.WERInternalMetadata.xml",8037,StoreAgentInstallFailure1,26200,1760962031499326062,,\\?\C:\ProgramData\Microsoft\Windows\WER\ReportArchive\NonCritical_Update;UsoClient_cf5c055f8d343835f9ae8e04e73bc28fe5b630_00000000_20fa2dde-76d4-4db7-8c7d-edb01d1c7696,268435456,,4290de9718d0e031a87031a33e77b26e,0,,,20fa2dde-76d4-4db7-8c7d-edb01d1c7696,5,,,,,Windows.Desktop,,Not available,,,,,0,Update;UsoClient-SearchForUpdatesWithPausedAddAsync,,,P,
2562,,202,,,,"<string>MSIXDeployment</string>
<string>windows.applicationData</string>
<string>DeleteMachineFolder</string>
<string>Package Microsoft.ScreenSketch_11.2307.61.0_x64__8wekyb3d8bbwe removed machine folder C:\ProgramData\Microsoft\Windows\AppRepository\Families\ApplicationData\Microsoft.ScreenSketch_8wekyb3d8bbwe: The system cannot find the path specified.</string>
",2026-04-01 17:27:08.653820+00:00,,,,,,,,,,,,,,,,,,,,,,,,,,,,,,,,,,,,,,
2562,,203,,,,"<string>MSIXDeployment</string>
<string>windows.applicationData</string>
<string>DeleteMachineFolder</string>
<string>Package Microsoft.ScreenSketch_11.2307.61.0_neutral_split.scale-100_8wekyb3d8bbwe removed machine folder C:\ProgramData\Microsoft\Windows\AppRepository\Families\ApplicationData\Microsoft.ScreenSketch_8wekyb3d8bbwe: The system cannot find the path specified.</string>
",2026-04-01 17:27:08.654034+00:00,,,,,,,,,,,,,,,,,,,,,,,,,,,,,,,,,,,,,,
8224,,204,,,,"<string></string>
",2026-04-01 17:31:12.488871+00:00,,,,,,,,,,,,,,,,,,,,,,,,,,,,,,,,,,,,,,
1531,,205,,,,,2026-04-01 18:09:11.456764+00:00,,,,,,,,,,,,,,,,,,,,,,,,,,,,,,,,,,,,,,
5615,,206,,,,,2026-04-01 18:09:16.033192+00:00,,,,,,,,,,,,,,,,,,,,,,,,,,,,,,,,,,,,,,
900,,207,,,,"<string>TriggerStarted:6</string>
",2026-04-01 18:09:25.801413+00:00,,,,,,,,,,,,,,,,,,,,,,,,,,,,,,,,,,,,,,
16394,,208,,,,,2026-04-01 18:09:25.869919+00:00,,,,,,,,,,,,,,,,,,,,,,,,,,,,,,,,,,,,,,
1066,,209,,,,"<string>C:\WINDOWS\system32\sppwinob.dll, msft:spp/windowsfunctionality/agent/7.0, 0x00000000, 0x00000000
C:\WINDOWS\system32\sppobjs.dll, msft:rm/algorithm/inherited/1.0, 0x00000000, 0x00000000
C:\WINDOWS\system32\sppobjs.dll, msft:rm/algorithm/phone/1.0, 0x00000000, 0x00000000
C:\WINDOWS\system32\sppobjs.dll, msft:rm/algorithm/pkey/detect, 0x00000000, 0x00000000
C:\WINDOWS\system32\sppobjs.dll, msft:spp/ActionScheduler/1.0, 0x00000000, 0x00000000
C:\WINDOWS\system32\sppobjs.dll, msft:spp/TaskScheduler/1.0, 0x00000000, 0x00000000
C:\WINDOWS\system32\sppobjs.dll, msft:spp/statecollector/pkey, 0x00000000, 0x00000000
C:\WINDOWS\system32\sppobjs.dll, msft:spp/volume/services/kms/1.0, 0x00000000, 0x00000000
C:\WINDOWS\system32\sppobjs.dll, msft:spp/volume/services/kms/activationinfo/1.0, 0x00000000, 0x00000000
</string>
",2026-04-01 18:09:25.949215+00:00,,,,,,,,,,,,,,,,,,,,,,,,,,,,,,,,,,,,,,
1003,,210,,,,"<string>55c92734-d682-4d71-983e-d6ec3f16059f</string>
<string>
1: 0567073a-7d74-403b-b2d5-6b35da372d8d, 1, 0 [(0 [0xC004F014, 0, 0], [(?)(?)(?)(?)(?)(?)(?)(?)])(1 )(2 )(3 )]
2: 1b750385-9fe2-49a8-ab55-149d0546395b, 1, 0 [(0 [0xC004F014, 0, 0], [(?)(?)(?)(?)(?)(?)(?)(?)])(1 )(2 )(3 )]
3: 1d873132-f09f-4eb2-bf5a-2e4fb48935e8, 1, 0 [(0 [0xC004F014, 0, 0], [(?)(?)(?)(?)(?)(?)(?)(?)])(1 )(2 )(3 )]
4: 2b1f36bb-c1cd-4306-bf5c-a0367c2d97d8, 1, 1 [(0 )(1 )(2 [0xC004E003, 0, 0], [( 1 0xC004F034)( 1 0xC004F034)(?)(?)(?)(?)(?)(?)])(3 [0x00000000, 0, 0], [( 6 0xC004F009 0 0)( 1 0x00000000)( 6 0xC004F009 0 0)(?)(?)(?)( 10 0x00000000 msft:rm/algorithm/flags/1.0)( 11 0x00000000 0xC004F034)])]
5: 30d469c6-a78f-4476-b5c8-af78d5b6a5fb, 1, 0 [(0 [0xC004F014, 0, 0], [(?)(?)(?)(?)(?)(?)(?)(?)])(1 )(2 )(3 )]
6: 3ae2cc14-ab2d-41f4-972f-5e20142771dc, 1, 0 [(0 [0xC004F014, 0, 0], [(?)(?)(?)(?)(?)(?)(?)(?)])(1 )(2 )(3 )]
7: 4002e33a-524c-4100-8108-131a0d42c0ea, 1, 0 [(0 [0xC004F014, 0, 0], [(?)(?)(?)(?)(?)(?)(?)(?)])(1 )(2 )(3 )]
8: 411b3d4f-be6d-4a06-baaa-9cabfc256cae, 1, 0 [(0 [0xC004F014, 0, 0], [(?)(?)(?)(?)(?)(?)(?)(?)])(1 )(2 )(3 )]
9: 58e97c99-f377-4ef1-81d5-4ad5522b5fd8, 1, 0 [(0 [0xC004F014, 0, 0], [(?)(?)(?)(?)(?)(?)(?)(?)])(1 )(2 )(3 )]
10: 653098ee-780d-4863-8cf2-d18399ce413b, 1, 0 [(0 [0xC004F014, 0, 0], [(?)(?)(?)(?)(?)(?)(?)(?)])(1 )(2 )(3 )]
11: 74436dbb-cc17-46de-867f-14906ba4a938, 1, 0 [(0 [0xC004F014, 0, 0], [(?)(?)(?)(?)(?)(?)(?)(?)])(1 )(2 )(3 )]
12: 8a292df8-d653-4057-8133-a0701792f912, 1, 0 [(0 [0xC004F014, 0, 0], [(?)(?)(?)(?)(?)(?)(?)(?)])(1 )(2 )(3 )]
13: 8db63db6-4f8f-46d6-a448-66444faaaa72, 1, 0 [(0 [0xC004F014, 0, 0], [(?)(?)(?)(?)(?)(?)(?)(?)])(1 )(2 )(3 )]
14: cd918a57-a41b-4c82-8dce-1a538e221a83, 1, 0 [(0 [0xC004F014, 0, 0], [(?)(?)(?)(?)(?)(?)(?)(?)])(1 )(2 )(3 )]
15: da9621af-f086-4244-b563-18611e51aa1a, 1, 0 [(0 [0xC004F014, 0, 0], [(?)(?)(?)(?)(?)(?)(?)(?)])(1 )(2 )(3 )]
16: e371d89a-73e8-4b24-a7ff-23a3641dd18e, 1, 0 [(0 [0xC004F014, 0, 0], [(?)(?)(?)(?)(?)(?)(?)(?)])(1 )(2 )(3 )]
17: ed799377-74b8-4989-a244-14d082e65972, 1, 0 [(0 [0xC004F014, 0, 0], [(?)(?)(?)(?)(?)(?)(?)(?)])(1 )(2 )(3 )]

</string>
",2026-04-01 18:09:25.984123+00:00,,,,,,,,,,,,,,,,,,,,,,,,,,,,,,,,,,,,,,
902,,211,,,,"<string>10.0.26100.8036</string>
",2026-04-01 18:09:26.043873+00:00,,,,,,,,,,,,,,,,,,,,,,,,,,,,,,,,,,,,,,
1003,,212,,,,"<string>55c92734-d682-4d71-983e-d6ec3f16059f</string>
<string>
1: 0567073a-7d74-403b-b2d5-6b35da372d8d, 1, 0 [(0 [0xC004F014, 0, 0], [(?)(?)(?)(?)(?)(?)(?)(?)])(1 )(2 )(3 )]
2: 1b750385-9fe2-49a8-ab55-149d0546395b, 1, 0 [(0 [0xC004F014, 0, 0], [(?)(?)(?)(?)(?)(?)(?)(?)])(1 )(2 )(3 )]
3: 1d873132-f09f-4eb2-bf5a-2e4fb48935e8, 1, 0 [(0 [0xC004F014, 0, 0], [(?)(?)(?)(?)(?)(?)(?)(?)])(1 )(2 )(3 )]
4: 2b1f36bb-c1cd-4306-bf5c-a0367c2d97d8, 1, 1 [(0 )(1 )(2 [0xC004E003, 0, 0], [( 1 0xC004F034)( 1 0xC004F034)(?)(?)(?)(?)(?)(?)])(3 [0x00000000, 0, 0], [( 6 0xC004F009 0 0)( 1 0x00000000)( 6 0xC004F009 0 0)(?)(?)(?)( 10 0x00000000 msft:rm/algorithm/flags/1.0)( 11 0x00000000 0xC004F034)])]
5: 30d469c6-a78f-4476-b5c8-af78d5b6a5fb, 1, 0 [(0 [0xC004F014, 0, 0], [(?)(?)(?)(?)(?)(?)(?)(?)])(1 )(2 )(3 )]
6: 3ae2cc14-ab2d-41f4-972f-5e20142771dc, 1, 0 [(0 [0xC004F014, 0, 0], [(?)(?)(?)(?)(?)(?)(?)(?)])(1 )(2 )(3 )]
7: 4002e33a-524c-4100-8108-131a0d42c0ea, 1, 0 [(0 [0xC004F014, 0, 0], [(?)(?)(?)(?)(?)(?)(?)(?)])(1 )(2 )(3 )]
8: 411b3d4f-be6d-4a06-baaa-9cabfc256cae, 1, 0 [(0 [0xC004F014, 0, 0], [(?)(?)(?)(?)(?)(?)(?)(?)])(1 )(2 )(3 )]
9: 58e97c99-f377-4ef1-81d5-4ad5522b5fd8, 1, 0 [(0 [0xC004F014, 0, 0], [(?)(?)(?)(?)(?)(?)(?)(?)])(1 )(2 )(3 )]
10: 653098ee-780d-4863-8cf2-d18399ce413b, 1, 0 [(0 [0xC004F014, 0, 0], [(?)(?)(?)(?)(?)(?)(?)(?)])(1 )(2 )(3 )]
11: 74436dbb-cc17-46de-867f-14906ba4a938, 1, 0 [(0 [0xC004F014, 0, 0], [(?)(?)(?)(?)(?)(?)(?)(?)])(1 )(2 )(3 )]
12: 8a292df8-d653-4057-8133-a0701792f912, 1, 0 [(0 [0xC004F014, 0, 0], [(?)(?)(?)(?)(?)(?)(?)(?)])(1 )(2 )(3 )]
13: 8db63db6-4f8f-46d6-a448-66444faaaa72, 1, 0 [(0 [0xC004F014, 0, 0], [(?)(?)(?)(?)(?)(?)(?)(?)])(1 )(2 )(3 )]
14: cd918a57-a41b-4c82-8dce-1a538e221a83, 1, 0 [(0 [0xC004F014, 0, 0], [(?)(?)(?)(?)(?)(?)(?)(?)])(1 )(2 )(3 )]
15: da9621af-f086-4244-b563-18611e51aa1a, 1, 0 [(0 [0xC004F014, 0, 0], [(?)(?)(?)(?)(?)(?)(?)(?)])(1 )(2 )(3 )]
16: e371d89a-73e8-4b24-a7ff-23a3641dd18e, 1, 0 [(0 [0xC004F014, 0, 0], [(?)(?)(?)(?)(?)(?)(?)(?)])(1 )(2 )(3 )]
17: ed799377-74b8-4989-a244-14d082e65972, 1, 0 [(0 [0xC004F014, 0, 0], [(?)(?)(?)(?)(?)(?)(?)(?)])(1 )(2 )(3 )]

</string>
",2026-04-01 18:09:27.340816+00:00,,,,,,,,,,,,,,,,,,,,,,,,,,,,,,,,,,,,,,
8198,,213,,,,"<string>hr=0x8007139F</string>
<string>RuleId=31e71c49-8da7-4a2f-ad92-45d98a1c79ba;Action=AutoActivate;AppId=55c92734-d682-4d71-983e-d6ec3f16059f;SkuId=2b1f36bb-c1cd-4306-bf5c-a0367c2d97d8;NotificationInterval=1440;Trigger=NetworkAvailable</string>
",2026-04-01 18:09:27.354895+00:00,,,,,,,,,,,,,,,,,,,,,,,,,,,,,,,,,,,,,,
86,GET(187ms),214,,,Not found (404). 0x80190194 (-2145844844 HTTP_E_STATUS_NOT_FOUND),,2026-04-01 18:09:32.588472+00:00,,,,,,,,,,,,Local system,,,,,,,,,,GetCACaps,,,https://VMW-KeyId-4ee141457063b21f90e0af375a94b4f3b20f36e6.microsoftaik.azure.net/templates/Aik/scep,,,,,,,,,,"GetCACaps
GetCACaps: Not Found
{""Message"":""The authority \""vmw-keyid-4ee141457063b21f90e0af375a94b4f3b20f36e6.microsoftaik.azure.net\"" does not exist.""}
HTTP/1.1 404 Not Found
Date: Wed, 01 Apr 2026 18:09:32 GMT
Content-Length: 121
Content-Type: application/json; charset=utf-8
X-Content-Type-Options: nosniff
Strict-Transport-Security: max-age=31536000;includeSubDomains
x-ms-request-id: fd013bd1-04f6-44a6-8c46-913f7620c604
",,,
86,GET(188ms),215,,,Not found (404). 0x80190194 (-2145844844 HTTP_E_STATUS_NOT_FOUND),,2026-04-01 18:09:32.802769+00:00,,,,,,,,,,,,WORKGROUP\NORMALVM$,,,,,,,,,,GetCACaps,,,https://VMW-KeyId-4ee141457063b21f90e0af375a94b4f3b20f36e6.microsoftaik.azure.net/templates/Aik/scep,,,,,,,,,,"GetCACaps
GetCACaps: Not Found
{""Message"":""The authority \""vmw-keyid-4ee141457063b21f90e0af375a94b4f3b20f36e6.microsoftaik.azure.net\"" does not exist.""}
HTTP/1.1 404 Not Found
Date: Wed, 01 Apr 2026 18:09:32 GMT
Content-Length: 121
Content-Type: application/json; charset=utf-8
X-Content-Type-Options: nosniff
Strict-Transport-Security: max-age=31536000;includeSubDomains
x-ms-request-id: 672ea153-250f-432f-859a-7032f43e2891
",,,
16384,,216,,,,"<string>2026-04-02T18:08:57Z</string>
<string>RulesEngine</string>
",2026-04-01 18:09:57.379700+00:00,,,,,,,,,,,,,,,,,,,,,,,,,,,,,,,,,,,,,,
903,,217,,,,,2026-04-01 18:09:57.607220+00:00,,,,,,,,,,,,,,,,,,,,,,,,,,,,,,,,,,,,,,
5611,,218,,,,,2026-04-01 18:10:16.101835+00:00,,,,,,,,,,,,,,,,,,,,,,,,,,,,,,,,,,,,,,
5617,,219,,,,,2026-04-01 18:10:16.751444+00:00,,,,,,,,,,,,,,,,,,,,,,,,,,,,,,,,,,,,,,
0,,220,,,,"<string>Service stopped</string>
",2026-04-01 18:11:22.457342+00:00,,,,,,,,,,,,,,,,,,,,,,,,,,,,,,,,,,,,,,
900,,221,,,,"<string><explicit></string>
",2026-04-01 18:11:22.954361+00:00,,,,,,,,,,,,,,,,,,,,,,,,,,,,,,,,,,,,,,
16394,,222,,,,,2026-04-01 18:11:23.031101+00:00,,,,,,,,,,,,,,,,,,,,,,,,,,,,,,,,,,,,,,
1,,223,,,,,2026-04-01 18:11:25.178272+00:00,,,,,,,,,,,,,,,,,,,,,,,,,,,,,,,,,,,,,,
1003,,224,"
",,,,2026-04-01 18:11:26.539467+00:00,,,,,,,,,,,,,,,,,,,,,,,,,,,,,,,,,,,,,,
15,,225,,,,"<string>Windows Defender</string>
<string>SECURITY_PRODUCT_STATE_ON</string>
",2026-04-01 18:11:27.217386+00:00,,,,,,,,,,,,,,,,,,,,,,,,,,,,,,,,,,,,,,
15,,226,,,,"<string>Windows Defender</string>
<string>SECURITY_PRODUCT_STATE_ON</string>
",2026-04-01 18:11:36.740061+00:00,,,,,,,,,,,,,,,,,,,,,,,,,,,,,,,,,,,,,,
16384,,227,,,,"<string>2026-04-02T18:08:53Z</string>
<string>RulesEngine</string>
",2026-04-01 18:11:53.076006+00:00,,,,,,,,,,,,,,,,,,,,,,,,,,,,,,,,,,,,,,
6003,,228,,,,"<string>SessionEnv</string>
",2026-04-01 18:12:32.441202+00:00,,,,,,,,,,,,,,,,,,,,,,,,,,,,,,,,,,,,,,
6000,,229,,,,"<string>SessionEnv</string>
",2026-04-01 18:12:32.792021+00:00,,,,,,,,,,,,,,,,,,,,,,,,,,,,,,,,,,,,,,
16394,,230,,,,,2026-04-01 18:12:58.496927+00:00,,,,,,,,,,,,,,,,,,,,,,,,,,,,,,,,,,,,,,
1003,,231,,,,"<string>55c92734-d682-4d71-983e-d6ec3f16059f</string>
<string>
1: 0567073a-7d74-403b-b2d5-6b35da372d8d, 1, 0 [(0 [0xC004F014, 0, 0], [(?)(?)(?)(?)(?)(?)(?)(?)])(1 )(2 )(3 )]
2: 1b750385-9fe2-49a8-ab55-149d0546395b, 1, 0 [(0 [0xC004F014, 0, 0], [(?)(?)(?)(?)(?)(?)(?)(?)])(1 )(2 )(3 )]
3: 1d873132-f09f-4eb2-bf5a-2e4fb48935e8, 1, 0 [(0 [0xC004F014, 0, 0], [(?)(?)(?)(?)(?)(?)(?)(?)])(1 )(2 )(3 )]
4: 2b1f36bb-c1cd-4306-bf5c-a0367c2d97d8, 1, 1 [(0 )(1 )(2 [0xC004E003, 0, 0], [( 1 0xC004F034)( 1 0xC004F034)(?)(?)(?)(?)(?)(?)])(3 [0x00000000, 0, 0], [( 6 0xC004F009 0 0)( 1 0x00000000)( 6 0xC004F009 0 0)(?)(?)(?)( 10 0x00000000 msft:rm/algorithm/flags/1.0)( 11 0x00000000 0xC004F034)])]
5: 30d469c6-a78f-4476-b5c8-af78d5b6a5fb, 1, 0 [(0 [0xC004F014, 0, 0], [(?)(?)(?)(?)(?)(?)(?)(?)])(1 )(2 )(3 )]
6: 3ae2cc14-ab2d-41f4-972f-5e20142771dc, 1, 0 [(0 [0xC004F014, 0, 0], [(?)(?)(?)(?)(?)(?)(?)(?)])(1 )(2 )(3 )]
7: 4002e33a-524c-4100-8108-131a0d42c0ea, 1, 0 [(0 [0xC004F014, 0, 0], [(?)(?)(?)(?)(?)(?)(?)(?)])(1 )(2 )(3 )]
8: 411b3d4f-be6d-4a06-baaa-9cabfc256cae, 1, 0 [(0 [0xC004F014, 0, 0], [(?)(?)(?)(?)(?)(?)(?)(?)])(1 )(2 )(3 )]
9: 58e97c99-f377-4ef1-81d5-4ad5522b5fd8, 1, 0 [(0 [0xC004F014, 0, 0], [(?)(?)(?)(?)(?)(?)(?)(?)])(1 )(2 )(3 )]
10: 653098ee-780d-4863-8cf2-d18399ce413b, 1, 0 [(0 [0xC004F014, 0, 0], [(?)(?)(?)(?)(?)(?)(?)(?)])(1 )(2 )(3 )]
11: 74436dbb-cc17-46de-867f-14906ba4a938, 1, 0 [(0 [0xC004F014, 0, 0], [(?)(?)(?)(?)(?)(?)(?)(?)])(1 )(2 )(3 )]
12: 8a292df8-d653-4057-8133-a0701792f912, 1, 0 [(0 [0xC004F014, 0, 0], [(?)(?)(?)(?)(?)(?)(?)(?)])(1 )(2 )(3 )]
13: 8db63db6-4f8f-46d6-a448-66444faaaa72, 1, 0 [(0 [0xC004F014, 0, 0], [(?)(?)(?)(?)(?)(?)(?)(?)])(1 )(2 )(3 )]
14: cd918a57-a41b-4c82-8dce-1a538e221a83, 1, 0 [(0 [0xC004F014, 0, 0], [(?)(?)(?)(?)(?)(?)(?)(?)])(1 )(2 )(3 )]
15: da9621af-f086-4244-b563-18611e51aa1a, 1, 0 [(0 [0xC004F014, 0, 0], [(?)(?)(?)(?)(?)(?)(?)(?)])(1 )(2 )(3 )]
16: e371d89a-73e8-4b24-a7ff-23a3641dd18e, 1, 0 [(0 [0xC004F014, 0, 0], [(?)(?)(?)(?)(?)(?)(?)(?)])(1 )(2 )(3 )]
17: ed799377-74b8-4989-a244-14d082e65972, 1, 0 [(0 [0xC004F014, 0, 0], [(?)(?)(?)(?)(?)(?)(?)(?)])(1 )(2 )(3 )]

</string>
",2026-04-01 18:13:00.798950+00:00,,,,,,,,,,,,,,,,,,,,,,,,,,,,,,,,,,,,,,
1003,,232,,,,"<string>55c92734-d682-4d71-983e-d6ec3f16059f</string>
<string>
1: 0567073a-7d74-403b-b2d5-6b35da372d8d, 1, 0 [(0 [0xC004F014, 0, 0], [(?)(?)(?)(?)(?)(?)(?)(?)])(1 )(2 )(3 )]
2: 1b750385-9fe2-49a8-ab55-149d0546395b, 1, 0 [(0 [0xC004F014, 0, 0], [(?)(?)(?)(?)(?)(?)(?)(?)])(1 )(2 )(3 )]
3: 1d873132-f09f-4eb2-bf5a-2e4fb48935e8, 1, 0 [(0 [0xC004F014, 0, 0], [(?)(?)(?)(?)(?)(?)(?)(?)])(1 )(2 )(3 )]
4: 2b1f36bb-c1cd-4306-bf5c-a0367c2d97d8, 1, 1 [(0 )(1 )(2 [0xC004E003, 0, 0], [( 1 0xC004F034)( 1 0xC004F034)(?)(?)(?)(?)(?)(?)])(3 [0x00000000, 0, 0], [( 6 0xC004F009 0 0)( 1 0x00000000)( 6 0xC004F009 0 0)(?)(?)(?)( 10 0x00000000 msft:rm/algorithm/flags/1.0)( 11 0x00000000 0xC004F034)])]
5: 30d469c6-a78f-4476-b5c8-af78d5b6a5fb, 1, 0 [(0 [0xC004F014, 0, 0], [(?)(?)(?)(?)(?)(?)(?)(?)])(1 )(2 )(3 )]
6: 3ae2cc14-ab2d-41f4-972f-5e20142771dc, 1, 0 [(0 [0xC004F014, 0, 0], [(?)(?)(?)(?)(?)(?)(?)(?)])(1 )(2 )(3 )]
7: 4002e33a-524c-4100-8108-131a0d42c0ea, 1, 0 [(0 [0xC004F014, 0, 0], [(?)(?)(?)(?)(?)(?)(?)(?)])(1 )(2 )(3 )]
8: 411b3d4f-be6d-4a06-baaa-9cabfc256cae, 1, 0 [(0 [0xC004F014, 0, 0], [(?)(?)(?)(?)(?)(?)(?)(?)])(1 )(2 )(3 )]
9: 58e97c99-f377-4ef1-81d5-4ad5522b5fd8, 1, 0 [(0 [0xC004F014, 0, 0], [(?)(?)(?)(?)(?)(?)(?)(?)])(1 )(2 )(3 )]
10: 653098ee-780d-4863-8cf2-d18399ce413b, 1, 0 [(0 [0xC004F014, 0, 0], [(?)(?)(?)(?)(?)(?)(?)(?)])(1 )(2 )(3 )]
11: 74436dbb-cc17-46de-867f-14906ba4a938, 1, 0 [(0 [0xC004F014, 0, 0], [(?)(?)(?)(?)(?)(?)(?)(?)])(1 )(2 )(3 )]
12: 8a292df8-d653-4057-8133-a0701792f912, 1, 0 [(0 [0xC004F014, 0, 0], [(?)(?)(?)(?)(?)(?)(?)(?)])(1 )(2 )(3 )]
13: 8db63db6-4f8f-46d6-a448-66444faaaa72, 1, 0 [(0 [0xC004F014, 0, 0], [(?)(?)(?)(?)(?)(?)(?)(?)])(1 )(2 )(3 )]
14: cd918a57-a41b-4c82-8dce-1a538e221a83, 1, 0 [(0 [0xC004F014, 0, 0], [(?)(?)(?)(?)(?)(?)(?)(?)])(1 )(2 )(3 )]
15: da9621af-f086-4244-b563-18611e51aa1a, 1, 0 [(0 [0xC004F014, 0, 0], [(?)(?)(?)(?)(?)(?)(?)(?)])(1 )(2 )(3 )]
16: e371d89a-73e8-4b24-a7ff-23a3641dd18e, 1, 0 [(0 [0xC004F014, 0, 0], [(?)(?)(?)(?)(?)(?)(?)(?)])(1 )(2 )(3 )]
17: ed799377-74b8-4989-a244-14d082e65972, 1, 0 [(0 [0xC004F014, 0, 0], [(?)(?)(?)(?)(?)(?)(?)(?)])(1 )(2 )(3 )]

</string>
",2026-04-01 18:13:00.827806+00:00,,,,,,,,,,,,,,,,,,,,,,,,,,,,,,,,,,,,,,
8198,,233,,,,"<string>hr=0x803F7001</string>
<string>RuleId=31e71c49-8da7-4a2f-ad92-45d98a1c79ba;Action=AutoActivate;AppId=55c92734-d682-4d71-983e-d6ec3f16059f;SkuId=2b1f36bb-c1cd-4306-bf5c-a0367c2d97d8;NotificationInterval=1440;Trigger=UserLogon;SessionId=1</string>
",2026-04-01 18:13:00.843567+00:00,,,,,,,,,,,,,,,,,,,,,,,,,,,,,,,,,,,,,,
23,,234,,,,,2026-04-01 18:13:11.064199+00:00,,,,,,,,,,,,,,,,,,,,,,,,,,,,,,,Microsoft.Windows.ShellExperienceHost_cw5n1h2txyewy,InitializeDataChangedSignaler,,,,-2147024894,,
24,,235,,,,,2026-04-01 18:13:11.296776+00:00,,,,,,,,,,,,,,,,,,,,,,,0,,,,,,,,Microsoft.Windows.ShellExperienceHost_cw5n1h2txyewy,InitializeDataChangedSignaler,,,,-2147024894,,
256,,236,,,,"<string>[8756:8904:0401/111346.058:INFO:chrome\browser\extensions\extension_garbage_collector.cc:188] Garbage collection for extensions on file thread is complete.</string>
",2026-04-01 18:13:46.061434+00:00,,,,,,,,,,,,,,,,,,,,,,,,,,,,,,,,,,,,,,
16384,,237,,,,"<string>2026-04-02T18:12:52Z</string>
<string>RulesEngine</string>
",2026-04-01 18:13:52.642691+00:00,,,,,,,,,,,,,,,,,,,,,,,,,,,,,,,,,,,,,,
16394,,238,,,,,2026-04-01 18:15:09.234076+00:00,,,,,,,,,,,,,,,,,,,,,,,,,,,,,,,,,,,,,,
16384,,239,,,,"<string>2026-04-02T18:12:39Z</string>
<string>RulesEngine</string>
",2026-04-01 18:15:39.506435+00:00,,,,,,,,,,,,,,,,,,,,,,,,,,,,,,,,,,,,,,
256,,240,,,,"<string>[6020:5944:0401/111613.667:INFO:chrome\browser\extensions\extension_garbage_collector.cc:188] Garbage collection for extensions on file thread is complete.</string>
",2026-04-01 18:16:13.671303+00:00,,,,,,,,,,,,,,,,,,,,,,,,,,,,,,,,,,,,,,
1531,,241,,,,,2026-04-08 15:32:47.136013+00:00,,,,,,,,,,,,,,,,,,,,,,,,,,,,,,,,,,,,,,
5615,,242,,,,,2026-04-08 15:32:53.546499+00:00,,,,,,,,,,,,,,,,,,,,,,,,,,,,,,,,,,,,,,
6003,,243,,,,"<string>SessionEnv</string>
",2026-04-08 15:32:59.841478+00:00,,,,,,,,,,,,,,,,,,,,,,,,,,,,,,,,,,,,,,
6000,,244,,,,"<string>SessionEnv</string>
",2026-04-08 15:33:00.245174+00:00,,,,,,,,,,,,,,,,,,,,,,,,,,,,,,,,,,,,,,
900,,245,,,,"<string>TriggerStarted:6</string>
",2026-04-08 15:33:02.342793+00:00,,,,,,,,,,,,,,,,,,,,,,,,,,,,,,,,,,,,,,
16394,,246,,,,,2026-04-08 15:33:02.905676+00:00,,,,,,,,,,,,,,,,,,,,,,,,,,,,,,,,,,,,,,
1066,,247,,,,"<string>C:\WINDOWS\system32\sppwinob.dll, msft:spp/windowsfunctionality/agent/7.0, 0x00000000, 0x00000000
C:\WINDOWS\system32\sppobjs.dll, msft:rm/algorithm/inherited/1.0, 0x00000000, 0x00000000
C:\WINDOWS\system32\sppobjs.dll, msft:rm/algorithm/phone/1.0, 0x00000000, 0x00000000
C:\WINDOWS\system32\sppobjs.dll, msft:rm/algorithm/pkey/detect, 0x00000000, 0x00000000
C:\WINDOWS\system32\sppobjs.dll, msft:spp/ActionScheduler/1.0, 0x00000000, 0x00000000
C:\WINDOWS\system32\sppobjs.dll, msft:spp/TaskScheduler/1.0, 0x00000000, 0x00000000
C:\WINDOWS\system32\sppobjs.dll, msft:spp/statecollector/pkey, 0x00000000, 0x00000000
C:\WINDOWS\system32\sppobjs.dll, msft:spp/volume/services/kms/1.0, 0x00000000, 0x00000000
C:\WINDOWS\system32\sppobjs.dll, msft:spp/volume/services/kms/activationinfo/1.0, 0x00000000, 0x00000000
</string>
",2026-04-08 15:33:03.205259+00:00,,,,,,,,,,,,,,,,,,,,,,,,,,,,,,,,,,,,,,
1003,,248,,,,"<string>55c92734-d682-4d71-983e-d6ec3f16059f</string>
<string>
1: 0567073a-7d74-403b-b2d5-6b35da372d8d, 1, 0 [(0 [0xC004F014, 0, 0], [(?)(?)(?)(?)(?)(?)(?)(?)])(1 )(2 )(3 )]
2: 1b750385-9fe2-49a8-ab55-149d0546395b, 1, 0 [(0 [0xC004F014, 0, 0], [(?)(?)(?)(?)(?)(?)(?)(?)])(1 )(2 )(3 )]
3: 1d873132-f09f-4eb2-bf5a-2e4fb48935e8, 1, 0 [(0 [0xC004F014, 0, 0], [(?)(?)(?)(?)(?)(?)(?)(?)])(1 )(2 )(3 )]
4: 2b1f36bb-c1cd-4306-bf5c-a0367c2d97d8, 1, 1 [(0 )(1 )(2 [0xC004E003, 0, 0], [( 1 0xC004F034)( 1 0xC004F034)(?)(?)(?)(?)(?)(?)])(3 [0x00000000, 0, 0], [( 6 0xC004F009 0 0)( 1 0x00000000)( 6 0xC004F009 0 0)(?)(?)(?)( 10 0x00000000 msft:rm/algorithm/flags/1.0)( 11 0x00000000 0xC004F034)])]
5: 30d469c6-a78f-4476-b5c8-af78d5b6a5fb, 1, 0 [(0 [0xC004F014, 0, 0], [(?)(?)(?)(?)(?)(?)(?)(?)])(1 )(2 )(3 )]
6: 3ae2cc14-ab2d-41f4-972f-5e20142771dc, 1, 0 [(0 [0xC004F014, 0, 0], [(?)(?)(?)(?)(?)(?)(?)(?)])(1 )(2 )(3 )]
7: 4002e33a-524c-4100-8108-131a0d42c0ea, 1, 0 [(0 [0xC004F014, 0, 0], [(?)(?)(?)(?)(?)(?)(?)(?)])(1 )(2 )(3 )]
8: 411b3d4f-be6d-4a06-baaa-9cabfc256cae, 1, 0 [(0 [0xC004F014, 0, 0], [(?)(?)(?)(?)(?)(?)(?)(?)])(1 )(2 )(3 )]
9: 58e97c99-f377-4ef1-81d5-4ad5522b5fd8, 1, 0 [(0 [0xC004F014, 0, 0], [(?)(?)(?)(?)(?)(?)(?)(?)])(1 )(2 )(3 )]
10: 653098ee-780d-4863-8cf2-d18399ce413b, 1, 0 [(0 [0xC004F014, 0, 0], [(?)(?)(?)(?)(?)(?)(?)(?)])(1 )(2 )(3 )]
11: 74436dbb-cc17-46de-867f-14906ba4a938, 1, 0 [(0 [0xC004F014, 0, 0], [(?)(?)(?)(?)(?)(?)(?)(?)])(1 )(2 )(3 )]
12: 8a292df8-d653-4057-8133-a0701792f912, 1, 0 [(0 [0xC004F014, 0, 0], [(?)(?)(?)(?)(?)(?)(?)(?)])(1 )(2 )(3 )]
13: 8db63db6-4f8f-46d6-a448-66444faaaa72, 1, 0 [(0 [0xC004F014, 0, 0], [(?)(?)(?)(?)(?)(?)(?)(?)])(1 )(2 )(3 )]
14: cd918a57-a41b-4c82-8dce-1a538e221a83, 1, 0 [(0 [0xC004F014, 0, 0], [(?)(?)(?)(?)(?)(?)(?)(?)])(1 )(2 )(3 )]
15: da9621af-f086-4244-b563-18611e51aa1a, 1, 0 [(0 [0xC004F014, 0, 0], [(?)(?)(?)(?)(?)(?)(?)(?)])(1 )(2 )(3 )]
16: e371d89a-73e8-4b24-a7ff-23a3641dd18e, 1, 0 [(0 [0xC004F014, 0, 0], [(?)(?)(?)(?)(?)(?)(?)(?)])(1 )(2 )(3 )]
17: ed799377-74b8-4989-a244-14d082e65972, 1, 0 [(0 [0xC004F014, 0, 0], [(?)(?)(?)(?)(?)(?)(?)(?)])(1 )(2 )(3 )]

</string>
",2026-04-08 15:33:03.250193+00:00,,,,,,,,,,,,,,,,,,,,,,,,,,,,,,,,,,,,,,
902,,249,,,,"<string>10.0.26100.8036</string>
",2026-04-08 15:33:03.502659+00:00,,,,,,,,,,,,,,,,,,,,,,,,,,,,,,,,,,,,,,
5611,,250,,,,,2026-04-08 15:33:09.262280+00:00,,,,,,,,,,,,,,,,,,,,,,,,,,,,,,,,,,,,,,
5617,,251,,,,,2026-04-08 15:33:14.085804+00:00,,,,,,,,,,,,,,,,,,,,,,,,,,,,,,,,,,,,,,
1003,,252,,,,"<string>55c92734-d682-4d71-983e-d6ec3f16059f</string>
<string>
1: 0567073a-7d74-403b-b2d5-6b35da372d8d, 1, 0 [(0 [0xC004F014, 0, 0], [(?)(?)(?)(?)(?)(?)(?)(?)])(1 )(2 )(3 )]
2: 1b750385-9fe2-49a8-ab55-149d0546395b, 1, 0 [(0 [0xC004F014, 0, 0], [(?)(?)(?)(?)(?)(?)(?)(?)])(1 )(2 )(3 )]
3: 1d873132-f09f-4eb2-bf5a-2e4fb48935e8, 1, 0 [(0 [0xC004F014, 0, 0], [(?)(?)(?)(?)(?)(?)(?)(?)])(1 )(2 )(3 )]
4: 2b1f36bb-c1cd-4306-bf5c-a0367c2d97d8, 1, 1 [(0 )(1 )(2 [0xC004E003, 0, 0], [( 1 0xC004F034)( 1 0xC004F034)(?)(?)(?)(?)(?)(?)])(3 [0x00000000, 0, 0], [( 6 0xC004F009 0 0)( 1 0x00000000)( 6 0xC004F009 0 0)(?)(?)(?)( 10 0x00000000 msft:rm/algorithm/flags/1.0)( 11 0x00000000 0xC004F034)])]
5: 30d469c6-a78f-4476-b5c8-af78d5b6a5fb, 1, 0 [(0 [0xC004F014, 0, 0], [(?)(?)(?)(?)(?)(?)(?)(?)])(1 )(2 )(3 )]
6: 3ae2cc14-ab2d-41f4-972f-5e20142771dc, 1, 0 [(0 [0xC004F014, 0, 0], [(?)(?)(?)(?)(?)(?)(?)(?)])(1 )(2 )(3 )]
7: 4002e33a-524c-4100-8108-131a0d42c0ea, 1, 0 [(0 [0xC004F014, 0, 0], [(?)(?)(?)(?)(?)(?)(?)(?)])(1 )(2 )(3 )]
8: 411b3d4f-be6d-4a06-baaa-9cabfc256cae, 1, 0 [(0 [0xC004F014, 0, 0], [(?)(?)(?)(?)(?)(?)(?)(?)])(1 )(2 )(3 )]
9: 58e97c99-f377-4ef1-81d5-4ad5522b5fd8, 1, 0 [(0 [0xC004F014, 0, 0], [(?)(?)(?)(?)(?)(?)(?)(?)])(1 )(2 )(3 )]
10: 653098ee-780d-4863-8cf2-d18399ce413b, 1, 0 [(0 [0xC004F014, 0, 0], [(?)(?)(?)(?)(?)(?)(?)(?)])(1 )(2 )(3 )]
11: 74436dbb-cc17-46de-867f-14906ba4a938, 1, 0 [(0 [0xC004F014, 0, 0], [(?)(?)(?)(?)(?)(?)(?)(?)])(1 )(2 )(3 )]
12: 8a292df8-d653-4057-8133-a0701792f912, 1, 0 [(0 [0xC004F014, 0, 0], [(?)(?)(?)(?)(?)(?)(?)(?)])(1 )(2 )(3 )]
13: 8db63db6-4f8f-46d6-a448-66444faaaa72, 1, 0 [(0 [0xC004F014, 0, 0], [(?)(?)(?)(?)(?)(?)(?)(?)])(1 )(2 )(3 )]
14: cd918a57-a41b-4c82-8dce-1a538e221a83, 1, 0 [(0 [0xC004F014, 0, 0], [(?)(?)(?)(?)(?)(?)(?)(?)])(1 )(2 )(3 )]
15: da9621af-f086-4244-b563-18611e51aa1a, 1, 0 [(0 [0xC004F014, 0, 0], [(?)(?)(?)(?)(?)(?)(?)(?)])(1 )(2 )(3 )]
16: e371d89a-73e8-4b24-a7ff-23a3641dd18e, 1, 0 [(0 [0xC004F014, 0, 0], [(?)(?)(?)(?)(?)(?)(?)(?)])(1 )(2 )(3 )]
17: ed799377-74b8-4989-a244-14d082e65972, 1, 0 [(0 [0xC004F014, 0, 0], [(?)(?)(?)(?)(?)(?)(?)(?)])(1 )(2 )(3 )]

</string>
",2026-04-08 15:33:25.348061+00:00,,,,,,,,,,,,,,,,,,,,,,,,,,,,,,,,,,,,,,
1003,,253,,,,"<string>55c92734-d682-4d71-983e-d6ec3f16059f</string>
<string>
1: 0567073a-7d74-403b-b2d5-6b35da372d8d, 1, 0 [(0 [0xC004F014, 0, 0], [(?)(?)(?)(?)(?)(?)(?)(?)])(1 )(2 )(3 )]
2: 1b750385-9fe2-49a8-ab55-149d0546395b, 1, 0 [(0 [0xC004F014, 0, 0], [(?)(?)(?)(?)(?)(?)(?)(?)])(1 )(2 )(3 )]
3: 1d873132-f09f-4eb2-bf5a-2e4fb48935e8, 1, 0 [(0 [0xC004F014, 0, 0], [(?)(?)(?)(?)(?)(?)(?)(?)])(1 )(2 )(3 )]
4: 2b1f36bb-c1cd-4306-bf5c-a0367c2d97d8, 1, 1 [(0 )(1 )(2 [0xC004E003, 0, 0], [( 1 0xC004F034)( 1 0xC004F034)(?)(?)(?)(?)(?)(?)])(3 [0x00000000, 0, 0], [( 6 0xC004F009 0 0)( 1 0x00000000)( 6 0xC004F009 0 0)(?)(?)(?)( 10 0x00000000 msft:rm/algorithm/flags/1.0)( 11 0x00000000 0xC004F034)])]
5: 30d469c6-a78f-4476-b5c8-af78d5b6a5fb, 1, 0 [(0 [0xC004F014, 0, 0], [(?)(?)(?)(?)(?)(?)(?)(?)])(1 )(2 )(3 )]
6: 3ae2cc14-ab2d-41f4-972f-5e20142771dc, 1, 0 [(0 [0xC004F014, 0, 0], [(?)(?)(?)(?)(?)(?)(?)(?)])(1 )(2 )(3 )]
7: 4002e33a-524c-4100-8108-131a0d42c0ea, 1, 0 [(0 [0xC004F014, 0, 0], [(?)(?)(?)(?)(?)(?)(?)(?)])(1 )(2 )(3 )]
8: 411b3d4f-be6d-4a06-baaa-9cabfc256cae, 1, 0 [(0 [0xC004F014, 0, 0], [(?)(?)(?)(?)(?)(?)(?)(?)])(1 )(2 )(3 )]
9: 58e97c99-f377-4ef1-81d5-4ad5522b5fd8, 1, 0 [(0 [0xC004F014, 0, 0], [(?)(?)(?)(?)(?)(?)(?)(?)])(1 )(2 )(3 )]
10: 653098ee-780d-4863-8cf2-d18399ce413b, 1, 0 [(0 [0xC004F014, 0, 0], [(?)(?)(?)(?)(?)(?)(?)(?)])(1 )(2 )(3 )]
11: 74436dbb-cc17-46de-867f-14906ba4a938, 1, 0 [(0 [0xC004F014, 0, 0], [(?)(?)(?)(?)(?)(?)(?)(?)])(1 )(2 )(3 )]
12: 8a292df8-d653-4057-8133-a0701792f912, 1, 0 [(0 [0xC004F014, 0, 0], [(?)(?)(?)(?)(?)(?)(?)(?)])(1 )(2 )(3 )]
13: 8db63db6-4f8f-46d6-a448-66444faaaa72, 1, 0 [(0 [0xC004F014, 0, 0], [(?)(?)(?)(?)(?)(?)(?)(?)])(1 )(2 )(3 )]
14: cd918a57-a41b-4c82-8dce-1a538e221a83, 1, 0 [(0 [0xC004F014, 0, 0], [(?)(?)(?)(?)(?)(?)(?)(?)])(1 )(2 )(3 )]
15: da9621af-f086-4244-b563-18611e51aa1a, 1, 0 [(0 [0xC004F014, 0, 0], [(?)(?)(?)(?)(?)(?)(?)(?)])(1 )(2 )(3 )]
16: e371d89a-73e8-4b24-a7ff-23a3641dd18e, 1, 0 [(0 [0xC004F014, 0, 0], [(?)(?)(?)(?)(?)(?)(?)(?)])(1 )(2 )(3 )]
17: ed799377-74b8-4989-a244-14d082e65972, 1, 0 [(0 [0xC004F014, 0, 0], [(?)(?)(?)(?)(?)(?)(?)(?)])(1 )(2 )(3 )]

</string>
",2026-04-08 15:33:26.143290+00:00,,,,,,,,,,,,,,,,,,,,,,,,,,,,,,,,,,,,,,
8198,,254,,,,"<string>hr=0x803F7001</string>
<string>RuleId=31e71c49-8da7-4a2f-ad92-45d98a1c79ba;Action=AutoActivate;AppId=55c92734-d682-4d71-983e-d6ec3f16059f;SkuId=2b1f36bb-c1cd-4306-bf5c-a0367c2d97d8;NotificationInterval=1440;Trigger=UserLogon;SessionId=1</string>
",2026-04-08 15:33:26.255146+00:00,,,,,,,,,,,,,,,,,,,,,,,,,,,,,,,,,,,,,,
1003,,255,,,,"<string>55c92734-d682-4d71-983e-d6ec3f16059f</string>
<string>
1: 0567073a-7d74-403b-b2d5-6b35da372d8d, 1, 0 [(0 [0xC004F014, 0, 0], [(?)(?)(?)(?)(?)(?)(?)(?)])(1 )(2 )(3 )]
2: 1b750385-9fe2-49a8-ab55-149d0546395b, 1, 0 [(0 [0xC004F014, 0, 0], [(?)(?)(?)(?)(?)(?)(?)(?)])(1 )(2 )(3 )]
3: 1d873132-f09f-4eb2-bf5a-2e4fb48935e8, 1, 0 [(0 [0xC004F014, 0, 0], [(?)(?)(?)(?)(?)(?)(?)(?)])(1 )(2 )(3 )]
4: 2b1f36bb-c1cd-4306-bf5c-a0367c2d97d8, 1, 1 [(0 )(1 )(2 [0xC004E003, 0, 0], [( 1 0xC004F034)( 1 0xC004F034)(?)(?)(?)(?)(?)(?)])(3 [0x00000000, 0, 0], [( 6 0xC004F009 0 0)( 1 0x00000000)( 6 0xC004F009 0 0)(?)(?)(?)( 10 0x00000000 msft:rm/algorithm/flags/1.0)( 11 0x00000000 0xC004F034)])]
5: 30d469c6-a78f-4476-b5c8-af78d5b6a5fb, 1, 0 [(0 [0xC004F014, 0, 0], [(?)(?)(?)(?)(?)(?)(?)(?)])(1 )(2 )(3 )]
6: 3ae2cc14-ab2d-41f4-972f-5e20142771dc, 1, 0 [(0 [0xC004F014, 0, 0], [(?)(?)(?)(?)(?)(?)(?)(?)])(1 )(2 )(3 )]
7: 4002e33a-524c-4100-8108-131a0d42c0ea, 1, 0 [(0 [0xC004F014, 0, 0], [(?)(?)(?)(?)(?)(?)(?)(?)])(1 )(2 )(3 )]
8: 411b3d4f-be6d-4a06-baaa-9cabfc256cae, 1, 0 [(0 [0xC004F014, 0, 0], [(?)(?)(?)(?)(?)(?)(?)(?)])(1 )(2 )(3 )]
9: 58e97c99-f377-4ef1-81d5-4ad5522b5fd8, 1, 0 [(0 [0xC004F014, 0, 0], [(?)(?)(?)(?)(?)(?)(?)(?)])(1 )(2 )(3 )]
10: 653098ee-780d-4863-8cf2-d18399ce413b, 1, 0 [(0 [0xC004F014, 0, 0], [(?)(?)(?)(?)(?)(?)(?)(?)])(1 )(2 )(3 )]
11: 74436dbb-cc17-46de-867f-14906ba4a938, 1, 0 [(0 [0xC004F014, 0, 0], [(?)(?)(?)(?)(?)(?)(?)(?)])(1 )(2 )(3 )]
12: 8a292df8-d653-4057-8133-a0701792f912, 1, 0 [(0 [0xC004F014, 0, 0], [(?)(?)(?)(?)(?)(?)(?)(?)])(1 )(2 )(3 )]
13: 8db63db6-4f8f-46d6-a448-66444faaaa72, 1, 0 [(0 [0xC004F014, 0, 0], [(?)(?)(?)(?)(?)(?)(?)(?)])(1 )(2 )(3 )]
14: cd918a57-a41b-4c82-8dce-1a538e221a83, 1, 0 [(0 [0xC004F014, 0, 0], [(?)(?)(?)(?)(?)(?)(?)(?)])(1 )(2 )(3 )]
15: da9621af-f086-4244-b563-18611e51aa1a, 1, 0 [(0 [0xC004F014, 0, 0], [(?)(?)(?)(?)(?)(?)(?)(?)])(1 )(2 )(3 )]
16: e371d89a-73e8-4b24-a7ff-23a3641dd18e, 1, 0 [(0 [0xC004F014, 0, 0], [(?)(?)(?)(?)(?)(?)(?)(?)])(1 )(2 )(3 )]
17: ed799377-74b8-4989-a244-14d082e65972, 1, 0 [(0 [0xC004F014, 0, 0], [(?)(?)(?)(?)(?)(?)(?)(?)])(1 )(2 )(3 )]

</string>
",2026-04-08 15:33:28.480516+00:00,,,,,,,,,,,,,,,,,,,,,,,,,,,,,,,,,,,,,,
1003,,256,,,,"<string>55c92734-d682-4d71-983e-d6ec3f16059f</string>
<string>
1: 0567073a-7d74-403b-b2d5-6b35da372d8d, 1, 0 [(0 [0xC004F014, 0, 0], [(?)(?)(?)(?)(?)(?)(?)(?)])(1 )(2 )(3 )]
2: 1b750385-9fe2-49a8-ab55-149d0546395b, 1, 0 [(0 [0xC004F014, 0, 0], [(?)(?)(?)(?)(?)(?)(?)(?)])(1 )(2 )(3 )]
3: 1d873132-f09f-4eb2-bf5a-2e4fb48935e8, 1, 0 [(0 [0xC004F014, 0, 0], [(?)(?)(?)(?)(?)(?)(?)(?)])(1 )(2 )(3 )]
4: 2b1f36bb-c1cd-4306-bf5c-a0367c2d97d8, 1, 1 [(0 )(1 )(2 [0xC004E003, 0, 0], [( 1 0xC004F034)( 1 0xC004F034)(?)(?)(?)(?)(?)(?)])(3 [0x00000000, 0, 0], [( 6 0xC004F009 0 0)( 1 0x00000000)( 6 0xC004F009 0 0)(?)(?)(?)( 10 0x00000000 msft:rm/algorithm/flags/1.0)( 11 0x00000000 0xC004F034)])]
5: 30d469c6-a78f-4476-b5c8-af78d5b6a5fb, 1, 0 [(0 [0xC004F014, 0, 0], [(?)(?)(?)(?)(?)(?)(?)(?)])(1 )(2 )(3 )]
6: 3ae2cc14-ab2d-41f4-972f-5e20142771dc, 1, 0 [(0 [0xC004F014, 0, 0], [(?)(?)(?)(?)(?)(?)(?)(?)])(1 )(2 )(3 )]
7: 4002e33a-524c-4100-8108-131a0d42c0ea, 1, 0 [(0 [0xC004F014, 0, 0], [(?)(?)(?)(?)(?)(?)(?)(?)])(1 )(2 )(3 )]
8: 411b3d4f-be6d-4a06-baaa-9cabfc256cae, 1, 0 [(0 [0xC004F014, 0, 0], [(?)(?)(?)(?)(?)(?)(?)(?)])(1 )(2 )(3 )]
9: 58e97c99-f377-4ef1-81d5-4ad5522b5fd8, 1, 0 [(0 [0xC004F014, 0, 0], [(?)(?)(?)(?)(?)(?)(?)(?)])(1 )(2 )(3 )]
10: 653098ee-780d-4863-8cf2-d18399ce413b, 1, 0 [(0 [0xC004F014, 0, 0], [(?)(?)(?)(?)(?)(?)(?)(?)])(1 )(2 )(3 )]
11: 74436dbb-cc17-46de-867f-14906ba4a938, 1, 0 [(0 [0xC004F014, 0, 0], [(?)(?)(?)(?)(?)(?)(?)(?)])(1 )(2 )(3 )]
12: 8a292df8-d653-4057-8133-a0701792f912, 1, 0 [(0 [0xC004F014, 0, 0], [(?)(?)(?)(?)(?)(?)(?)(?)])(1 )(2 )(3 )]
13: 8db63db6-4f8f-46d6-a448-66444faaaa72, 1, 0 [(0 [0xC004F014, 0, 0], [(?)(?)(?)(?)(?)(?)(?)(?)])(1 )(2 )(3 )]
14: cd918a57-a41b-4c82-8dce-1a538e221a83, 1, 0 [(0 [0xC004F014, 0, 0], [(?)(?)(?)(?)(?)(?)(?)(?)])(1 )(2 )(3 )]
15: da9621af-f086-4244-b563-18611e51aa1a, 1, 0 [(0 [0xC004F014, 0, 0], [(?)(?)(?)(?)(?)(?)(?)(?)])(1 )(2 )(3 )]
16: e371d89a-73e8-4b24-a7ff-23a3641dd18e, 1, 0 [(0 [0xC004F014, 0, 0], [(?)(?)(?)(?)(?)(?)(?)(?)])(1 )(2 )(3 )]
17: ed799377-74b8-4989-a244-14d082e65972, 1, 0 [(0 [0xC004F014, 0, 0], [(?)(?)(?)(?)(?)(?)(?)(?)])(1 )(2 )(3 )]

</string>
",2026-04-08 15:33:28.583843+00:00,,,,,,,,,,,,,,,,,,,,,,,,,,,,,,,,,,,,,,
8198,,257,,,,"<string>hr=0x803F7001</string>
<string>RuleId=31e71c49-8da7-4a2f-ad92-45d98a1c79ba;Action=AutoActivate;AppId=55c92734-d682-4d71-983e-d6ec3f16059f;SkuId=2b1f36bb-c1cd-4306-bf5c-a0367c2d97d8;NotificationInterval=1440;Trigger=TimerEvent</string>
",2026-04-08 15:33:28.605125+00:00,,,,,,,,,,,,,,,,,,,,,,,,,,,,,,,,,,,,,,
1003,,258,,,,"<string>55c92734-d682-4d71-983e-d6ec3f16059f</string>
<string>
1: 0567073a-7d74-403b-b2d5-6b35da372d8d, 1, 0 [(0 [0xC004F014, 0, 0], [(?)(?)(?)(?)(?)(?)(?)(?)])(1 )(2 )(3 )]
2: 1b750385-9fe2-49a8-ab55-149d0546395b, 1, 0 [(0 [0xC004F014, 0, 0], [(?)(?)(?)(?)(?)(?)(?)(?)])(1 )(2 )(3 )]
3: 1d873132-f09f-4eb2-bf5a-2e4fb48935e8, 1, 0 [(0 [0xC004F014, 0, 0], [(?)(?)(?)(?)(?)(?)(?)(?)])(1 )(2 )(3 )]
4: 2b1f36bb-c1cd-4306-bf5c-a0367c2d97d8, 1, 1 [(0 )(1 )(2 [0xC004E003, 0, 0], [( 1 0xC004F034)( 1 0xC004F034)(?)(?)(?)(?)(?)(?)])(3 [0x00000000, 0, 0], [( 6 0xC004F009 0 0)( 1 0x00000000)( 6 0xC004F009 0 0)(?)(?)(?)( 10 0x00000000 msft:rm/algorithm/flags/1.0)( 11 0x00000000 0xC004F034)])]
5: 30d469c6-a78f-4476-b5c8-af78d5b6a5fb, 1, 0 [(0 [0xC004F014, 0, 0], [(?)(?)(?)(?)(?)(?)(?)(?)])(1 )(2 )(3 )]
6: 3ae2cc14-ab2d-41f4-972f-5e20142771dc, 1, 0 [(0 [0xC004F014, 0, 0], [(?)(?)(?)(?)(?)(?)(?)(?)])(1 )(2 )(3 )]
7: 4002e33a-524c-4100-8108-131a0d42c0ea, 1, 0 [(0 [0xC004F014, 0, 0], [(?)(?)(?)(?)(?)(?)(?)(?)])(1 )(2 )(3 )]
8: 411b3d4f-be6d-4a06-baaa-9cabfc256cae, 1, 0 [(0 [0xC004F014, 0, 0], [(?)(?)(?)(?)(?)(?)(?)(?)])(1 )(2 )(3 )]
9: 58e97c99-f377-4ef1-81d5-4ad5522b5fd8, 1, 0 [(0 [0xC004F014, 0, 0], [(?)(?)(?)(?)(?)(?)(?)(?)])(1 )(2 )(3 )]
10: 653098ee-780d-4863-8cf2-d18399ce413b, 1, 0 [(0 [0xC004F014, 0, 0], [(?)(?)(?)(?)(?)(?)(?)(?)])(1 )(2 )(3 )]
11: 74436dbb-cc17-46de-867f-14906ba4a938, 1, 0 [(0 [0xC004F014, 0, 0], [(?)(?)(?)(?)(?)(?)(?)(?)])(1 )(2 )(3 )]
12: 8a292df8-d653-4057-8133-a0701792f912, 1, 0 [(0 [0xC004F014, 0, 0], [(?)(?)(?)(?)(?)(?)(?)(?)])(1 )(2 )(3 )]
13: 8db63db6-4f8f-46d6-a448-66444faaaa72, 1, 0 [(0 [0xC004F014, 0, 0], [(?)(?)(?)(?)(?)(?)(?)(?)])(1 )(2 )(3 )]
14: cd918a57-a41b-4c82-8dce-1a538e221a83, 1, 0 [(0 [0xC004F014, 0, 0], [(?)(?)(?)(?)(?)(?)(?)(?)])(1 )(2 )(3 )]
15: da9621af-f086-4244-b563-18611e51aa1a, 1, 0 [(0 [0xC004F014, 0, 0], [(?)(?)(?)(?)(?)(?)(?)(?)])(1 )(2 )(3 )]
16: e371d89a-73e8-4b24-a7ff-23a3641dd18e, 1, 0 [(0 [0xC004F014, 0, 0], [(?)(?)(?)(?)(?)(?)(?)(?)])(1 )(2 )(3 )]
17: ed799377-74b8-4989-a244-14d082e65972, 1, 0 [(0 [0xC004F014, 0, 0], [(?)(?)(?)(?)(?)(?)(?)(?)])(1 )(2 )(3 )]

</string>
",2026-04-08 15:33:31.175035+00:00,,,,,,,,,,,,,,,,,,,,,,,,,,,,,,,,,,,,,,
1003,,259,,,,"<string>55c92734-d682-4d71-983e-d6ec3f16059f</string>
<string>
1: 0567073a-7d74-403b-b2d5-6b35da372d8d, 1, 0 [(0 [0xC004F014, 0, 0], [(?)(?)(?)(?)(?)(?)(?)(?)])(1 )(2 )(3 )]
2: 1b750385-9fe2-49a8-ab55-149d0546395b, 1, 0 [(0 [0xC004F014, 0, 0], [(?)(?)(?)(?)(?)(?)(?)(?)])(1 )(2 )(3 )]
3: 1d873132-f09f-4eb2-bf5a-2e4fb48935e8, 1, 0 [(0 [0xC004F014, 0, 0], [(?)(?)(?)(?)(?)(?)(?)(?)])(1 )(2 )(3 )]
4: 2b1f36bb-c1cd-4306-bf5c-a0367c2d97d8, 1, 1 [(0 )(1 )(2 [0xC004E003, 0, 0], [( 1 0xC004F034)( 1 0xC004F034)(?)(?)(?)(?)(?)(?)])(3 [0x00000000, 0, 0], [( 6 0xC004F009 0 0)( 1 0x00000000)( 6 0xC004F009 0 0)(?)(?)(?)( 10 0x00000000 msft:rm/algorithm/flags/1.0)( 11 0x00000000 0xC004F034)])]
5: 30d469c6-a78f-4476-b5c8-af78d5b6a5fb, 1, 0 [(0 [0xC004F014, 0, 0], [(?)(?)(?)(?)(?)(?)(?)(?)])(1 )(2 )(3 )]
6: 3ae2cc14-ab2d-41f4-972f-5e20142771dc, 1, 0 [(0 [0xC004F014, 0, 0], [(?)(?)(?)(?)(?)(?)(?)(?)])(1 )(2 )(3 )]
7: 4002e33a-524c-4100-8108-131a0d42c0ea, 1, 0 [(0 [0xC004F014, 0, 0], [(?)(?)(?)(?)(?)(?)(?)(?)])(1 )(2 )(3 )]
8: 411b3d4f-be6d-4a06-baaa-9cabfc256cae, 1, 0 [(0 [0xC004F014, 0, 0], [(?)(?)(?)(?)(?)(?)(?)(?)])(1 )(2 )(3 )]
9: 58e97c99-f377-4ef1-81d5-4ad5522b5fd8, 1, 0 [(0 [0xC004F014, 0, 0], [(?)(?)(?)(?)(?)(?)(?)(?)])(1 )(2 )(3 )]
10: 653098ee-780d-4863-8cf2-d18399ce413b, 1, 0 [(0 [0xC004F014, 0, 0], [(?)(?)(?)(?)(?)(?)(?)(?)])(1 )(2 )(3 )]
11: 74436dbb-cc17-46de-867f-14906ba4a938, 1, 0 [(0 [0xC004F014, 0, 0], [(?)(?)(?)(?)(?)(?)(?)(?)])(1 )(2 )(3 )]
12: 8a292df8-d653-4057-8133-a0701792f912, 1, 0 [(0 [0xC004F014, 0, 0], [(?)(?)(?)(?)(?)(?)(?)(?)])(1 )(2 )(3 )]
13: 8db63db6-4f8f-46d6-a448-66444faaaa72, 1, 0 [(0 [0xC004F014, 0, 0], [(?)(?)(?)(?)(?)(?)(?)(?)])(1 )(2 )(3 )]
14: cd918a57-a41b-4c82-8dce-1a538e221a83, 1, 0 [(0 [0xC004F014, 0, 0], [(?)(?)(?)(?)(?)(?)(?)(?)])(1 )(2 )(3 )]
15: da9621af-f086-4244-b563-18611e51aa1a, 1, 0 [(0 [0xC004F014, 0, 0], [(?)(?)(?)(?)(?)(?)(?)(?)])(1 )(2 )(3 )]
16: e371d89a-73e8-4b24-a7ff-23a3641dd18e, 1, 0 [(0 [0xC004F014, 0, 0], [(?)(?)(?)(?)(?)(?)(?)(?)])(1 )(2 )(3 )]
17: ed799377-74b8-4989-a244-14d082e65972, 1, 0 [(0 [0xC004F014, 0, 0], [(?)(?)(?)(?)(?)(?)(?)(?)])(1 )(2 )(3 )]

</string>
",2026-04-08 15:33:31.207823+00:00,,,,,,,,,,,,,,,,,,,,,,,,,,,,,,,,,,,,,,
8198,,260,,,,"<string>hr=0x803F7001</string>
<string>RuleId=31e71c49-8da7-4a2f-ad92-45d98a1c79ba;Action=AutoActivate;AppId=55c92734-d682-4d71-983e-d6ec3f16059f;SkuId=2b1f36bb-c1cd-4306-bf5c-a0367c2d97d8;NotificationInterval=1440;Trigger=NetworkAvailable</string>
",2026-04-08 15:33:31.223438+00:00,,,,,,,,,,,,,,,,,,,,,,,,,,,,,,,,,,,,,,
1001,,261,,,,,2026-04-08 15:33:58.263874+00:00,,0,,,,1.3.225.7,"
\\?\C:\ProgramData\Microsoft\EdgeUpdate\Log\MicrosoftEdgeUpdate.log
\\?\C:\Windows\SystemTemp\msedge_installer.log
\\?\C:\ProgramData\Microsoft\Windows\WER\Temp\WER.34cbfc61-bc79-482d-8b87-bff1864356ec.tmp.WERInternalMetadata.xml
\\?\C:\ProgramData\Microsoft\Windows\WER\Temp\WER.b2001332-5415-4fa9-ab36-ad0707d47d12.tmp.csv
\\?\C:\ProgramData\Microsoft\Windows\WER\Temp\WER.3a840ec0-32eb-4730-b85f-ab69c0a9e7b9.tmp.txt
\\?\C:\ProgramData\Microsoft\Windows\WER\Temp\WER.8f9d15c1-35ae-4a9d-8c36-6344015a8edb.tmp.xml",0x80040827,crashpad_log,PostOOBEDiagnostics_0|edge-stable,2085305149881134954,,\\?\C:\ProgramData\Microsoft\Windows\WER\ReportArchive\NonCritical_MicrosoftEdgeUpd_a82170bb559d9c99e928ccd5a3b14aa8ab9c73_00000000_ccbbb043-9953-4f0f-a003-58b7b7891406,268435456,,6de7a9a624c08ce44cf07dfc42f52f6a,0,,,ccbbb043-9953-4f0f-a003-58b7b7891406,5,,,,,,,Not available,,,,,0,MicrosoftEdgeUpdate.exe,,,,
1001,,262,,,,,2026-04-08 15:33:58.276056+00:00,,0,,,,1.3.225.7,"
\\?\C:\ProgramData\Microsoft\EdgeUpdate\Log\MicrosoftEdgeUpdate.log
\\?\C:\Windows\SystemTemp\msedge_installer.log",0x80040827,crashpad_log,PostOOBEDiagnostics_0|edge-stable,,,NULL,268697600,,,0,,,ccbbb043-9953-4f0f-a003-58b7b7891406,0,,,,,,,Not available,,,,,0,MicrosoftEdgeUpdate.exe,,,,
86,GET(6078ms),263,,,Not found (404). 0x80190194 (-2145844844 HTTP_E_STATUS_NOT_FOUND),,2026-04-08 15:34:01.243790+00:00,,,,,,,,,,,,Local system,,,,,,,,,,GetCACaps,,,https://VMW-KeyId-4ee141457063b21f90e0af375a94b4f3b20f36e6.microsoftaik.azure.net/templates/Aik/scep,,,,,,,,,,"GetCACaps
GetCACaps: Not Found
{""Message"":""The authority \""vmw-keyid-4ee141457063b21f90e0af375a94b4f3b20f36e6.microsoftaik.azure.net\"" does not exist.""}
HTTP/1.1 404 Not Found
Date: Wed, 08 Apr 2026 15:34:31 GMT
Content-Length: 121
Content-Type: application/json; charset=utf-8
X-Content-Type-Options: nosniff
Strict-Transport-Security: max-age=31536000;includeSubDomains
x-ms-request-id: d6923725-02db-44fb-8c86-2b375300ea1a
",,,
86,GET(6250ms),264,,,Not found (404). 0x80190194 (-2145844844 HTTP_E_STATUS_NOT_FOUND),,2026-04-08 15:34:13.987068+00:00,,,,,,,,,,,,WORKGROUP\NORMALVM$,,,,,,,,,,GetCACaps,,,https://VMW-KeyId-4ee141457063b21f90e0af375a94b4f3b20f36e6.microsoftaik.azure.net/templates/Aik/scep,,,,,,,,,,"GetCACaps
GetCACaps: Not Found
{""Message"":""The authority \""vmw-keyid-4ee141457063b21f90e0af375a94b4f3b20f36e6.microsoftaik.azure.net\"" does not exist.""}
HTTP/1.1 404 Not Found
Date: Wed, 08 Apr 2026 15:34:39 GMT
Content-Length: 121
Content-Type: application/json; charset=utf-8
X-Content-Type-Options: nosniff
Strict-Transport-Security: max-age=31536000;includeSubDomains
x-ms-request-id: c337f986-eb51-4cab-b55f-b587c69e0e1b
",,,
1003,,265,"
",,,,2026-04-08 15:34:24.862379+00:00,,,,,,,,,,,,,,,,,,,,,,,,,,,,,,,,,,,,,,
1,,266,,,,,2026-04-08 15:35:03.366678+00:00,,,,,,,,,,,,,,,,,,,,,,,,,,,,,,,,,,,,,,
15,,267,,,,"<string>Windows Defender</string>
<string>SECURITY_PRODUCT_STATE_ON</string>
",2026-04-08 15:35:05.437887+00:00,,,,,,,,,,,,,,,,,,,,,,,,,,,,,,,,,,,,,,
0,,268,,,,"<string>Service stopped</string>
",2026-04-08 15:35:17.204803+00:00,,,,,,,,,,,,,,,,,,,,,,,,,,,,,,,,,,,,,,
0,,269,,,,"<string>Service stopped</string>
",2026-04-08 15:35:18.344784+00:00,,,,,,,,,,,,,,,,,,,,,,,,,,,,,,,,,,,,,,
16384,,270,,,,"<string>2026-04-09T15:33:18Z</string>
<string>RulesEngine</string>
",2026-04-08 15:35:19.177582+00:00,,,,,,,,,,,,,,,,,,,,,,,,,,,,,,,,,,,,,,
903,,271,,,,,2026-04-08 15:35:19.577280+00:00,,,,,,,,,,,,,,,,,,,,,,,,,,,,,,,,,,,,,,
1130,,272,,,,"<string>.NET Runtime Optimization Service (4.0.30319.0) - Installed from repository: mscorlib</string>
",2026-04-08 15:35:24.156719+00:00,,,,,,,,,,,,,,,,,,,,,,,,,,,,,,,,,,,,,,
8224,,273,,,,"<string></string>
",2026-04-08 15:36:51.334141+00:00,,,,,,,,,,,,,,,,,,,,,,,,,,,,,,,,,,,,,,
15,,274,,,,"<string>Windows Defender</string>
<string>SECURITY_PRODUCT_STATE_ON</string>
",2026-04-08 15:37:15.625008+00:00,,,,,,,,,,,,,,,,,,,,,,,,,,,,,,,,,,,,,,
15,,275,,,,"<string>Windows Defender</string>
<string>SECURITY_PRODUCT_STATE_ON</string>
",2026-04-08 15:37:17.684877+00:00,,,,,,,,,,,,,,,,,,,,,,,,,,,,,,,,,,,,,,
15,,276,,,,"<string>Windows Defender</string>
<string>SECURITY_PRODUCT_STATE_ON</string>
",2026-04-08 15:37:20.255260+00:00,,,,,,,,,,,,,,,,,,,,,,,,,,,,,,,,,,,,,,
15,,277,,,,"<string>Windows Defender</string>
<string>SECURITY_PRODUCT_STATE_ON</string>
",2026-04-08 15:37:22.371790+00:00,,,,,,,,,,,,,,,,,,,,,,,,,,,,,,,,,,,,,,
15,,278,,,,"<string>Windows Defender</string>
<string>SECURITY_PRODUCT_STATE_ON</string>
",2026-04-08 15:37:24.586254+00:00,,,,,,,,,,,,,,,,,,,,,,,,,,,,,,,,,,,,,,
1001,,279,,,,,2026-04-08 15:37:24.823706+00:00,,0,,,,146.0.3856.109,"
\\?\C:\Windows\SystemTemp\msedge_installer.log
\\?\C:\ProgramData\Microsoft\Windows\WER\Temp\WER.9d787a02-d62c-411e-8e49-f7bdf304bb75.tmp.WERInternalMetadata.xml
\\?\C:\ProgramData\Microsoft\Windows\WER\Temp\WER.75dc774c-3307-47fc-850f-473399181b40.tmp.csv
\\?\C:\ProgramData\Microsoft\Windows\WER\Temp\WER.e31a6f89-9d19-4cb0-85b4-94afb32a1f50.tmp.txt
\\?\C:\ProgramData\Microsoft\Windows\WER\Temp\WER.6582e18d-55dc-49e7-acac-515ca58f1504.tmp.xml",0x21f,crashpad_log,EdgeInstallerError|msedge,1377332530719123907,,\\?\C:\ProgramData\Microsoft\Windows\WER\ReportArchive\NonCritical_setup.exe_3972d54f75ab6f12563052bcbd0d657bad1af4b_00000000_29ffb3b2-66c0-4c86-8d86-b338b838d296,268435456,,e6f9b39acacfee50431d44a3a71a69c3,0,,,29ffb3b2-66c0-4c86-8d86-b338b838d296,5,,,,,,,Not available,,,,,0,setup.exe,,,,
1001,,280,,,,,2026-04-08 15:37:24.829084+00:00,,0,,,,146.0.3856.109,"
\\?\C:\Windows\SystemTemp\msedge_installer.log",0x21f,crashpad_log,EdgeInstallerError|msedge,,,NULL,268697600,,,0,,,29ffb3b2-66c0-4c86-8d86-b338b838d296,0,,,,,,,Not available,,,,,0,setup.exe,,,,
15,,281,,,,"<string>Windows Defender</string>
<string>SECURITY_PRODUCT_STATE_ON</string>
",2026-04-08 15:37:38.743616+00:00,,,,,,,,,,,,,,,,,,,,,,,,,,,,,,,,,,,,,,
16394,,282,,,,,2026-04-08 15:38:25.958149+00:00,,,,,,,,,,,,,,,,,,,,,,,,,,,,,,,,,,,,,,
1034,,283,,,,"<string>AAD-AddDeviceJoinUserToAdminGroup-Policy</string>
<string>100</string>
",2026-04-08 15:38:26.168478+00:00,,,,,,,,,,,,,,,,,,,,,,,,,,,,,,,,,,,,,,
1034,,284,,,,"<string>Security-SPP-WriteWauMarker</string>
<string>500</string>
",2026-04-08 15:38:26.172682+00:00,,,,,,,,,,,,,,,,,,,,,,,,,,,,,,,,,,,,,,
0,,285,,,,"<string>Service stopped</string>
",2026-04-08 15:39:06.033611+00:00,,,,,,,,,,,,,,,,,,,,,,,,,,,,,,,,,,,,,,
16384,,286,,,,"<string>2026-04-09T15:32:41Z</string>
<string>RulesEngine</string>
",2026-04-08 15:39:41.950199+00:00,,,,,,,,,,,,,,,,,,,,,,,,,,,,,,,,,,,,,,
16394,,287,,,,,2026-04-08 15:39:45.200266+00:00,,,,,,,,,,,,,,,,,,,,,,,,,,,,,,,,,,,,,,
16384,,288,,,,"<string>2026-04-09T15:33:16Z</string>
<string>RulesEngine</string>
",2026-04-08 15:40:16.313288+00:00,,,,,,,,,,,,,,,,,,,,,,,,,,,,,,,,,,,,,,
256,,289,,,,"<string>[3292:5140:0408/084046.430:INFO:chrome\browser\extensions\extension_garbage_collector.cc:188] Garbage collection for extensions on file thread is complete.</string>
",2026-04-08 15:40:46.439642+00:00,,,,,,,,,,,,,,,,,,,,,,,,,,,,,,,,,,,,,,
8224,,290,,,,"<string></string>
",2026-04-08 15:46:19.253326+00:00,,,,,,,,,,,,,,,,,,,,,,,,,,,,,,,,,,,,,,
16394,,291,,,,,2026-04-08 15:48:02.113871+00:00,,,,,,,,,,,,,,,,,,,,,,,,,,,,,,,,,,,,,,
1531,,292,,,,,2026-04-08 22:19:42.362818+00:00,,,,,,,,,,,,,,,,,,,,,,,,,,,,,,,,,,,,,,
5615,,293,,,,,2026-04-08 22:19:48.514380+00:00,,,,,,,,,,,,,,,,,,,,,,,,,,,,,,,,,,,,,,
900,,294,,,,"<string>TriggerStarted:6</string>
",2026-04-08 22:19:56.518003+00:00,,,,,,,,,,,,,,,,,,,,,,,,,,,,,,,,,,,,,,
16394,,295,,,,,2026-04-08 22:19:56.901106+00:00,,,,,,,,,,,,,,,,,,,,,,,,,,,,,,,,,,,,,,
1066,,296,,,,"<string>C:\WINDOWS\system32\sppwinob.dll, msft:spp/windowsfunctionality/agent/7.0, 0x00000000, 0x00000000
C:\WINDOWS\system32\sppobjs.dll, msft:rm/algorithm/inherited/1.0, 0x00000000, 0x00000000
C:\WINDOWS\system32\sppobjs.dll, msft:rm/algorithm/phone/1.0, 0x00000000, 0x00000000
C:\WINDOWS\system32\sppobjs.dll, msft:rm/algorithm/pkey/detect, 0x00000000, 0x00000000
C:\WINDOWS\system32\sppobjs.dll, msft:spp/ActionScheduler/1.0, 0x00000000, 0x00000000
C:\WINDOWS\system32\sppobjs.dll, msft:spp/TaskScheduler/1.0, 0x00000000, 0x00000000
C:\WINDOWS\system32\sppobjs.dll, msft:spp/statecollector/pkey, 0x00000000, 0x00000000
C:\WINDOWS\system32\sppobjs.dll, msft:spp/volume/services/kms/1.0, 0x00000000, 0x00000000
C:\WINDOWS\system32\sppobjs.dll, msft:spp/volume/services/kms/activationinfo/1.0, 0x00000000, 0x00000000
</string>
",2026-04-08 22:19:57.026419+00:00,,,,,,,,,,,,,,,,,,,,,,,,,,,,,,,,,,,,,,
1003,,297,,,,"<string>55c92734-d682-4d71-983e-d6ec3f16059f</string>
<string>
1: 0567073a-7d74-403b-b2d5-6b35da372d8d, 1, 0 [(0 [0xC004F014, 0, 0], [(?)(?)(?)(?)(?)(?)(?)(?)])(1 )(2 )(3 )]
2: 1b750385-9fe2-49a8-ab55-149d0546395b, 1, 0 [(0 [0xC004F014, 0, 0], [(?)(?)(?)(?)(?)(?)(?)(?)])(1 )(2 )(3 )]
3: 1d873132-f09f-4eb2-bf5a-2e4fb48935e8, 1, 0 [(0 [0xC004F014, 0, 0], [(?)(?)(?)(?)(?)(?)(?)(?)])(1 )(2 )(3 )]
4: 2b1f36bb-c1cd-4306-bf5c-a0367c2d97d8, 1, 1 [(0 )(1 )(2 [0xC004E003, 0, 0], [( 1 0xC004F034)( 1 0xC004F034)(?)(?)(?)(?)(?)(?)])(3 [0x00000000, 0, 0], [( 6 0xC004F009 0 0)( 1 0x00000000)( 6 0xC004F009 0 0)(?)(?)(?)( 10 0x00000000 msft:rm/algorithm/flags/1.0)( 11 0x00000000 0xC004F034)])]
5: 30d469c6-a78f-4476-b5c8-af78d5b6a5fb, 1, 0 [(0 [0xC004F014, 0, 0], [(?)(?)(?)(?)(?)(?)(?)(?)])(1 )(2 )(3 )]
6: 3ae2cc14-ab2d-41f4-972f-5e20142771dc, 1, 0 [(0 [0xC004F014, 0, 0], [(?)(?)(?)(?)(?)(?)(?)(?)])(1 )(2 )(3 )]
7: 4002e33a-524c-4100-8108-131a0d42c0ea, 1, 0 [(0 [0xC004F014, 0, 0], [(?)(?)(?)(?)(?)(?)(?)(?)])(1 )(2 )(3 )]
8: 411b3d4f-be6d-4a06-baaa-9cabfc256cae, 1, 0 [(0 [0xC004F014, 0, 0], [(?)(?)(?)(?)(?)(?)(?)(?)])(1 )(2 )(3 )]
9: 58e97c99-f377-4ef1-81d5-4ad5522b5fd8, 1, 0 [(0 [0xC004F014, 0, 0], [(?)(?)(?)(?)(?)(?)(?)(?)])(1 )(2 )(3 )]
10: 653098ee-780d-4863-8cf2-d18399ce413b, 1, 0 [(0 [0xC004F014, 0, 0], [(?)(?)(?)(?)(?)(?)(?)(?)])(1 )(2 )(3 )]
11: 74436dbb-cc17-46de-867f-14906ba4a938, 1, 0 [(0 [0xC004F014, 0, 0], [(?)(?)(?)(?)(?)(?)(?)(?)])(1 )(2 )(3 )]
12: 8a292df8-d653-4057-8133-a0701792f912, 1, 0 [(0 [0xC004F014, 0, 0], [(?)(?)(?)(?)(?)(?)(?)(?)])(1 )(2 )(3 )]
13: 8db63db6-4f8f-46d6-a448-66444faaaa72, 1, 0 [(0 [0xC004F014, 0, 0], [(?)(?)(?)(?)(?)(?)(?)(?)])(1 )(2 )(3 )]
14: cd918a57-a41b-4c82-8dce-1a538e221a83, 1, 0 [(0 [0xC004F014, 0, 0], [(?)(?)(?)(?)(?)(?)(?)(?)])(1 )(2 )(3 )]
15: da9621af-f086-4244-b563-18611e51aa1a, 1, 0 [(0 [0xC004F014, 0, 0], [(?)(?)(?)(?)(?)(?)(?)(?)])(1 )(2 )(3 )]
16: e371d89a-73e8-4b24-a7ff-23a3641dd18e, 1, 0 [(0 [0xC004F014, 0, 0], [(?)(?)(?)(?)(?)(?)(?)(?)])(1 )(2 )(3 )]
17: ed799377-74b8-4989-a244-14d082e65972, 1, 0 [(0 [0xC004F014, 0, 0], [(?)(?)(?)(?)(?)(?)(?)(?)])(1 )(2 )(3 )]

</string>
",2026-04-08 22:19:57.050293+00:00,,,,,,,,,,,,,,,,,,,,,,,,,,,,,,,,,,,,,,
902,,298,,,,"<string>10.0.26100.8036</string>
",2026-04-08 22:19:57.123478+00:00,,,,,,,,,,,,,,,,,,,,,,,,,,,,,,,,,,,,,,
5611,,299,,,,,2026-04-08 22:19:56.930338+00:00,,,,,,,,,,,,,,,,,,,,,,,,,,,,,,,,,,,,,,
5617,,300,,,,,2026-04-08 22:19:58.035875+00:00,,,,,,,,,,,,,,,,,,,,,,,,,,,,,,,,,,,,,,
1003,,301,,,,"<string>55c92734-d682-4d71-983e-d6ec3f16059f</string>
<string>
1: 0567073a-7d74-403b-b2d5-6b35da372d8d, 1, 0 [(0 [0xC004F014, 0, 0], [(?)(?)(?)(?)(?)(?)(?)(?)])(1 )(2 )(3 )]
2: 1b750385-9fe2-49a8-ab55-149d0546395b, 1, 0 [(0 [0xC004F014, 0, 0], [(?)(?)(?)(?)(?)(?)(?)(?)])(1 )(2 )(3 )]
3: 1d873132-f09f-4eb2-bf5a-2e4fb48935e8, 1, 0 [(0 [0xC004F014, 0, 0], [(?)(?)(?)(?)(?)(?)(?)(?)])(1 )(2 )(3 )]
4: 2b1f36bb-c1cd-4306-bf5c-a0367c2d97d8, 1, 1 [(0 )(1 )(2 [0xC004E003, 0, 0], [( 1 0xC004F034)( 1 0xC004F034)(?)(?)(?)(?)(?)(?)])(3 [0x00000000, 0, 0], [( 6 0xC004F009 0 0)( 1 0x00000000)( 6 0xC004F009 0 0)(?)(?)(?)( 10 0x00000000 msft:rm/algorithm/flags/1.0)( 11 0x00000000 0xC004F034)])]
5: 30d469c6-a78f-4476-b5c8-af78d5b6a5fb, 1, 0 [(0 [0xC004F014, 0, 0], [(?)(?)(?)(?)(?)(?)(?)(?)])(1 )(2 )(3 )]
6: 3ae2cc14-ab2d-41f4-972f-5e20142771dc, 1, 0 [(0 [0xC004F014, 0, 0], [(?)(?)(?)(?)(?)(?)(?)(?)])(1 )(2 )(3 )]
7: 4002e33a-524c-4100-8108-131a0d42c0ea, 1, 0 [(0 [0xC004F014, 0, 0], [(?)(?)(?)(?)(?)(?)(?)(?)])(1 )(2 )(3 )]
8: 411b3d4f-be6d-4a06-baaa-9cabfc256cae, 1, 0 [(0 [0xC004F014, 0, 0], [(?)(?)(?)(?)(?)(?)(?)(?)])(1 )(2 )(3 )]
9: 58e97c99-f377-4ef1-81d5-4ad5522b5fd8, 1, 0 [(0 [0xC004F014, 0, 0], [(?)(?)(?)(?)(?)(?)(?)(?)])(1 )(2 )(3 )]
10: 653098ee-780d-4863-8cf2-d18399ce413b, 1, 0 [(0 [0xC004F014, 0, 0], [(?)(?)(?)(?)(?)(?)(?)(?)])(1 )(2 )(3 )]
11: 74436dbb-cc17-46de-867f-14906ba4a938, 1, 0 [(0 [0xC004F014, 0, 0], [(?)(?)(?)(?)(?)(?)(?)(?)])(1 )(2 )(3 )]
12: 8a292df8-d653-4057-8133-a0701792f912, 1, 0 [(0 [0xC004F014, 0, 0], [(?)(?)(?)(?)(?)(?)(?)(?)])(1 )(2 )(3 )]
13: 8db63db6-4f8f-46d6-a448-66444faaaa72, 1, 0 [(0 [0xC004F014, 0, 0], [(?)(?)(?)(?)(?)(?)(?)(?)])(1 )(2 )(3 )]
14: cd918a57-a41b-4c82-8dce-1a538e221a83, 1, 0 [(0 [0xC004F014, 0, 0], [(?)(?)(?)(?)(?)(?)(?)(?)])(1 )(2 )(3 )]
15: da9621af-f086-4244-b563-18611e51aa1a, 1, 0 [(0 [0xC004F014, 0, 0], [(?)(?)(?)(?)(?)(?)(?)(?)])(1 )(2 )(3 )]
16: e371d89a-73e8-4b24-a7ff-23a3641dd18e, 1, 0 [(0 [0xC004F014, 0, 0], [(?)(?)(?)(?)(?)(?)(?)(?)])(1 )(2 )(3 )]
17: ed799377-74b8-4989-a244-14d082e65972, 1, 0 [(0 [0xC004F014, 0, 0], [(?)(?)(?)(?)(?)(?)(?)(?)])(1 )(2 )(3 )]

</string>
",2026-04-08 22:19:59.205973+00:00,,,,,,,,,,,,,,,,,,,,,,,,,,,,,,,,,,,,,,
8198,,302,,,,"<string>hr=0x8007139F</string>
<string>RuleId=31e71c49-8da7-4a2f-ad92-45d98a1c79ba;Action=AutoActivate;AppId=55c92734-d682-4d71-983e-d6ec3f16059f;SkuId=2b1f36bb-c1cd-4306-bf5c-a0367c2d97d8;NotificationInterval=1440;Trigger=NetworkAvailable</string>
",2026-04-08 22:19:59.219971+00:00,,,,,,,,,,,,,,,,,,,,,,,,,,,,,,,,,,,,,,
86,GET(218ms),303,,,Not found (404). 0x80190194 (-2145844844 HTTP_E_STATUS_NOT_FOUND),,2026-04-08 22:20:04.553679+00:00,,,,,,,,,,,,Local system,,,,,,,,,,GetCACaps,,,https://VMW-KeyId-4ee141457063b21f90e0af375a94b4f3b20f36e6.microsoftaik.azure.net/templates/Aik/scep,,,,,,,,,,"GetCACaps
GetCACaps: Not Found
{""Message"":""The authority \""vmw-keyid-4ee141457063b21f90e0af375a94b4f3b20f36e6.microsoftaik.azure.net\"" does not exist.""}
HTTP/1.1 404 Not Found
Date: Wed, 08 Apr 2026 22:20:36 GMT
Content-Length: 121
Content-Type: application/json; charset=utf-8
X-Content-Type-Options: nosniff
Strict-Transport-Security: max-age=31536000;includeSubDomains
x-ms-request-id: c9e422a6-44df-4baa-b0fd-f18e6aa24750
",,,
86,GET(250ms),304,,,Not found (404). 0x80190194 (-2145844844 HTTP_E_STATUS_NOT_FOUND),,2026-04-08 22:20:04.831894+00:00,,,,,,,,,,,,WORKGROUP\NORMALVM$,,,,,,,,,,GetCACaps,,,https://VMW-KeyId-4ee141457063b21f90e0af375a94b4f3b20f36e6.microsoftaik.azure.net/templates/Aik/scep,,,,,,,,,,"GetCACaps
GetCACaps: Not Found
{""Message"":""The authority \""vmw-keyid-4ee141457063b21f90e0af375a94b4f3b20f36e6.microsoftaik.azure.net\"" does not exist.""}
HTTP/1.1 404 Not Found
Date: Wed, 08 Apr 2026 22:20:38 GMT
Content-Length: 121
Content-Type: application/json; charset=utf-8
X-Content-Type-Options: nosniff
Strict-Transport-Security: max-age=31536000;includeSubDomains
x-ms-request-id: 08f574a7-5b99-47c5-9d68-24ee945e98bd
",,,
16384,,305,,,,"<string>2026-04-09T22:19:29Z</string>
<string>RulesEngine</string>
",2026-04-08 22:20:29.442387+00:00,,,,,,,,,,,,,,,,,,,,,,,,,,,,,,,,,,,,,,
903,,306,,,,,2026-04-08 22:20:29.670460+00:00,,,,,,,,,,,,,,,,,,,,,,,,,,,,,,,,,,,,,,
6003,,307,,,,"<string>SessionEnv</string>
",2026-04-08 22:20:40.482141+00:00,,,,,,,,,,,,,,,,,,,,,,,,,,,,,,,,,,,,,,
6000,,308,,,,"<string>SessionEnv</string>
",2026-04-08 22:20:41.009754+00:00,,,,,,,,,,,,,,,,,,,,,,,,,,,,,,,,,,,,,,
1003,,309,"
",,,,2026-04-08 22:20:59.704399+00:00,,,,,,,,,,,,,,,,,,,,,,,,,,,,,,,,,,,,,,
16394,,310,,,,,2026-04-08 22:21:06.675932+00:00,,,,,,,,,,,,,,,,,,,,,,,,,,,,,,,,,,,,,,
1003,,311,,,,"<string>55c92734-d682-4d71-983e-d6ec3f16059f</string>
<string>
1: 0567073a-7d74-403b-b2d5-6b35da372d8d, 1, 0 [(0 [0xC004F014, 0, 0], [(?)(?)(?)(?)(?)(?)(?)(?)])(1 )(2 )(3 )]
2: 1b750385-9fe2-49a8-ab55-149d0546395b, 1, 0 [(0 [0xC004F014, 0, 0], [(?)(?)(?)(?)(?)(?)(?)(?)])(1 )(2 )(3 )]
3: 1d873132-f09f-4eb2-bf5a-2e4fb48935e8, 1, 0 [(0 [0xC004F014, 0, 0], [(?)(?)(?)(?)(?)(?)(?)(?)])(1 )(2 )(3 )]
4: 2b1f36bb-c1cd-4306-bf5c-a0367c2d97d8, 1, 1 [(0 )(1 )(2 [0xC004E003, 0, 0], [( 1 0xC004F034)( 1 0xC004F034)(?)(?)(?)(?)(?)(?)])(3 [0x00000000, 0, 0], [( 6 0xC004F009 0 0)( 1 0x00000000)( 6 0xC004F009 0 0)(?)(?)(?)( 10 0x00000000 msft:rm/algorithm/flags/1.0)( 11 0x00000000 0xC004F034)])]
5: 30d469c6-a78f-4476-b5c8-af78d5b6a5fb, 1, 0 [(0 [0xC004F014, 0, 0], [(?)(?)(?)(?)(?)(?)(?)(?)])(1 )(2 )(3 )]
6: 3ae2cc14-ab2d-41f4-972f-5e20142771dc, 1, 0 [(0 [0xC004F014, 0, 0], [(?)(?)(?)(?)(?)(?)(?)(?)])(1 )(2 )(3 )]
7: 4002e33a-524c-4100-8108-131a0d42c0ea, 1, 0 [(0 [0xC004F014, 0, 0], [(?)(?)(?)(?)(?)(?)(?)(?)])(1 )(2 )(3 )]
8: 411b3d4f-be6d-4a06-baaa-9cabfc256cae, 1, 0 [(0 [0xC004F014, 0, 0], [(?)(?)(?)(?)(?)(?)(?)(?)])(1 )(2 )(3 )]
9: 58e97c99-f377-4ef1-81d5-4ad5522b5fd8, 1, 0 [(0 [0xC004F014, 0, 0], [(?)(?)(?)(?)(?)(?)(?)(?)])(1 )(2 )(3 )]
10: 653098ee-780d-4863-8cf2-d18399ce413b, 1, 0 [(0 [0xC004F014, 0, 0], [(?)(?)(?)(?)(?)(?)(?)(?)])(1 )(2 )(3 )]
11: 74436dbb-cc17-46de-867f-14906ba4a938, 1, 0 [(0 [0xC004F014, 0, 0], [(?)(?)(?)(?)(?)(?)(?)(?)])(1 )(2 )(3 )]
12: 8a292df8-d653-4057-8133-a0701792f912, 1, 0 [(0 [0xC004F014, 0, 0], [(?)(?)(?)(?)(?)(?)(?)(?)])(1 )(2 )(3 )]
13: 8db63db6-4f8f-46d6-a448-66444faaaa72, 1, 0 [(0 [0xC004F014, 0, 0], [(?)(?)(?)(?)(?)(?)(?)(?)])(1 )(2 )(3 )]
14: cd918a57-a41b-4c82-8dce-1a538e221a83, 1, 0 [(0 [0xC004F014, 0, 0], [(?)(?)(?)(?)(?)(?)(?)(?)])(1 )(2 )(3 )]
15: da9621af-f086-4244-b563-18611e51aa1a, 1, 0 [(0 [0xC004F014, 0, 0], [(?)(?)(?)(?)(?)(?)(?)(?)])(1 )(2 )(3 )]
16: e371d89a-73e8-4b24-a7ff-23a3641dd18e, 1, 0 [(0 [0xC004F014, 0, 0], [(?)(?)(?)(?)(?)(?)(?)(?)])(1 )(2 )(3 )]
17: ed799377-74b8-4989-a244-14d082e65972, 1, 0 [(0 [0xC004F014, 0, 0], [(?)(?)(?)(?)(?)(?)(?)(?)])(1 )(2 )(3 )]

</string>
",2026-04-08 22:21:07.941942+00:00,,,,,,,,,,,,,,,,,,,,,,,,,,,,,,,,,,,,,,
1003,,312,,,,"<string>55c92734-d682-4d71-983e-d6ec3f16059f</string>
<string>
1: 0567073a-7d74-403b-b2d5-6b35da372d8d, 1, 0 [(0 [0xC004F014, 0, 0], [(?)(?)(?)(?)(?)(?)(?)(?)])(1 )(2 )(3 )]
2: 1b750385-9fe2-49a8-ab55-149d0546395b, 1, 0 [(0 [0xC004F014, 0, 0], [(?)(?)(?)(?)(?)(?)(?)(?)])(1 )(2 )(3 )]
3: 1d873132-f09f-4eb2-bf5a-2e4fb48935e8, 1, 0 [(0 [0xC004F014, 0, 0], [(?)(?)(?)(?)(?)(?)(?)(?)])(1 )(2 )(3 )]
4: 2b1f36bb-c1cd-4306-bf5c-a0367c2d97d8, 1, 1 [(0 )(1 )(2 [0xC004E003, 0, 0], [( 1 0xC004F034)( 1 0xC004F034)(?)(?)(?)(?)(?)(?)])(3 [0x00000000, 0, 0], [( 6 0xC004F009 0 0)( 1 0x00000000)( 6 0xC004F009 0 0)(?)(?)(?)( 10 0x00000000 msft:rm/algorithm/flags/1.0)( 11 0x00000000 0xC004F034)])]
5: 30d469c6-a78f-4476-b5c8-af78d5b6a5fb, 1, 0 [(0 [0xC004F014, 0, 0], [(?)(?)(?)(?)(?)(?)(?)(?)])(1 )(2 )(3 )]
6: 3ae2cc14-ab2d-41f4-972f-5e20142771dc, 1, 0 [(0 [0xC004F014, 0, 0], [(?)(?)(?)(?)(?)(?)(?)(?)])(1 )(2 )(3 )]
7: 4002e33a-524c-4100-8108-131a0d42c0ea, 1, 0 [(0 [0xC004F014, 0, 0], [(?)(?)(?)(?)(?)(?)(?)(?)])(1 )(2 )(3 )]
8: 411b3d4f-be6d-4a06-baaa-9cabfc256cae, 1, 0 [(0 [0xC004F014, 0, 0], [(?)(?)(?)(?)(?)(?)(?)(?)])(1 )(2 )(3 )]
9: 58e97c99-f377-4ef1-81d5-4ad5522b5fd8, 1, 0 [(0 [0xC004F014, 0, 0], [(?)(?)(?)(?)(?)(?)(?)(?)])(1 )(2 )(3 )]
10: 653098ee-780d-4863-8cf2-d18399ce413b, 1, 0 [(0 [0xC004F014, 0, 0], [(?)(?)(?)(?)(?)(?)(?)(?)])(1 )(2 )(3 )]
11: 74436dbb-cc17-46de-867f-14906ba4a938, 1, 0 [(0 [0xC004F014, 0, 0], [(?)(?)(?)(?)(?)(?)(?)(?)])(1 )(2 )(3 )]
12: 8a292df8-d653-4057-8133-a0701792f912, 1, 0 [(0 [0xC004F014, 0, 0], [(?)(?)(?)(?)(?)(?)(?)(?)])(1 )(2 )(3 )]
13: 8db63db6-4f8f-46d6-a448-66444faaaa72, 1, 0 [(0 [0xC004F014, 0, 0], [(?)(?)(?)(?)(?)(?)(?)(?)])(1 )(2 )(3 )]
14: cd918a57-a41b-4c82-8dce-1a538e221a83, 1, 0 [(0 [0xC004F014, 0, 0], [(?)(?)(?)(?)(?)(?)(?)(?)])(1 )(2 )(3 )]
15: da9621af-f086-4244-b563-18611e51aa1a, 1, 0 [(0 [0xC004F014, 0, 0], [(?)(?)(?)(?)(?)(?)(?)(?)])(1 )(2 )(3 )]
16: e371d89a-73e8-4b24-a7ff-23a3641dd18e, 1, 0 [(0 [0xC004F014, 0, 0], [(?)(?)(?)(?)(?)(?)(?)(?)])(1 )(2 )(3 )]
17: ed799377-74b8-4989-a244-14d082e65972, 1, 0 [(0 [0xC004F014, 0, 0], [(?)(?)(?)(?)(?)(?)(?)(?)])(1 )(2 )(3 )]

</string>
",2026-04-08 22:21:08.004816+00:00,,,,,,,,,,,,,,,,,,,,,,,,,,,,,,,,,,,,,,
8198,,313,,,,"<string>hr=0x803F7001</string>
<string>RuleId=31e71c49-8da7-4a2f-ad92-45d98a1c79ba;Action=AutoActivate;AppId=55c92734-d682-4d71-983e-d6ec3f16059f;SkuId=2b1f36bb-c1cd-4306-bf5c-a0367c2d97d8;NotificationInterval=1440;Trigger=UserLogon;SessionId=1</string>
",2026-04-08 22:21:08.025190+00:00,,,,,,,,,,,,,,,,,,,,,,,,,,,,,,,,,,,,,,
0,,314,,,,"<string>Service stopped</string>
",2026-04-08 22:21:49.403509+00:00,,,,,,,,,,,,,,,,,,,,,,,,,,,,,,,,,,,,,,
1,,315,,,,,2026-04-08 22:21:51.250164+00:00,,,,,,,,,,,,,,,,,,,,,,,,,,,,,,,,,,,,,,
15,,316,,,,"<string>Windows Defender</string>
<string>SECURITY_PRODUCT_STATE_ON</string>
",2026-04-08 22:21:53.329678+00:00,,,,,,,,,,,,,,,,,,,,,,,,,,,,,,,,,,,,,,
15,,317,,,,"<string>Windows Defender</string>
<string>SECURITY_PRODUCT_STATE_ON</string>
",2026-04-08 22:21:55.403486+00:00,,,,,,,,,,,,,,,,,,,,,,,,,,,,,,,,,,,,,,
16384,,318,,,,"<string>2026-04-09T22:20:57Z</string>
<string>RulesEngine</string>
",2026-04-08 22:21:59.278028+00:00,,,,,,,,,,,,,,,,,,,,,,,,,,,,,,,,,,,,,,
256,,319,,,,"<string>[8004:6016:0408/152223.488:INFO:chrome\browser\extensions\extension_garbage_collector.cc:188] Garbage collection for extensions on file thread is complete.</string>
",2026-04-08 22:22:23.604498+00:00,,,,,,,,,,,,,,,,,,,,,,,,,,,,,,,,,,,,,,
2562,,320,,,,"<string>MSIXDeployment</string>
<string>windows.applicationData</string>
<string>DeleteMachineFolder</string>
<string>Package Microsoft.OneDriveSync_26045.308.1.0_neutral__8wekyb3d8bbwe removed machine folder C:\ProgramData\Microsoft\Windows\AppRepository\Families\ApplicationData\Microsoft.OneDriveSync_8wekyb3d8bbwe: The system cannot find the path specified.</string>
",2026-04-08 22:22:50.801008+00:00,,,,,,,,,,,,,,,,,,,,,,,,,,,,,,,,,,,,,,
4097,,321,,,,"<string>CN=Starfield Services Root Certificate Authority - G2, O=""Starfield Technologies, Inc."", L=Scottsdale, S=Arizona, C=US</string>
<string>925A8F8D2C6D04E0665F596AFF22D863E8256F3F</string>
",2026-04-08 22:27:10.719461+00:00,,,,,,,,,,,,,,,,,,,,,,,,,,,,,,,,,,,,,,
1040,,322,,,,"<string>C:\Users\pizza\AppData\Local\Temp\wazuh-agent</string>
<string>5516</string>
<string>(NULL)</string>
<string>(NULL)</string>
<string>(NULL)</string>
<string>(NULL)</string>
",2026-04-08 22:27:13.977547+00:00,,,,,,,,,,,,,,,,,,,,,,,,,,,,,,,,,,,,,,
4096,,323,,,,"<string>VBScript is scheduled for deprecation. Our telemetry indicates that your system is currently utilizing VBScript.
We strongly recommend identifying and migrating away from any VBScript dependencies at the earliest.

The following process has been detected as using VBScript. The associated process tree and call stack are provided below to assist in identifying the scenario in which VBScript was invoked.
</string>
<string>ProcessName = ""msiexec.exe""</string>
<string>ProcessTree = ""msiexec.exe;msiexec.exe;services.exe;wininit.exe""</string>
<string>CallStack = ""vbscript.dll+0x3DD42;vbscript.dll+0x3CEF1;vbscript.dll+0x34061;msi.dll+0x1578A5;msi.dll+0x1539D4;msi.dll+0x115596;RPCRT4.dll+0x46064;RPCRT4.dll+0x56C5;combase.dll+0x7A6F1;RPCRT4.dll+0x41A1A;combase.dll+0x7A328;combase.dll+0x7A01D;combase.dll+0x1D09C8;combase.dll+0x109BFE;combase.dll+0x1497B7;combase.dll+0x15397F;combase.dll+0x14DAE1;combase.dll+0x14851C;combase.dll+0x10DB6C;RPCRT4.dll+0x11B10;RPCRT4.dll+0x11A37;RPCRT4.dll+0x11816;RPCRT4.dll+0x106B5;RPCRT4.dll+0xFE1F;RPCRT4.dll+0xF543;RPCRT4.dll+0x20057;RPCRT4.dll+0x2D753;ntdll.dll+0x581B1;ntdll.dll+0x567EB;KERNEL32.DLL+0x15D49;ntdll.dll+0x6D81B;ntdll.dll+0x6D7A1""</string>
<string>ProcessTreeEnhanced = ""msiexec.exe(""<path>\MsiExec.exe -Embedding 00726D05BB3D2F4C435EED8838C7ADFE"");msiexec.exe;services.exe;wininit.exe""</string>
",2026-04-08 22:27:15.473999+00:00,,,,,,,,,,,,,,,,,,,,,,,,,,,,,,,,,,,,,,
4096,,324,,,,"<string>VBScript is scheduled for deprecation. Our telemetry indicates that your system is currently utilizing VBScript.
We strongly recommend identifying and migrating away from any VBScript dependencies at the earliest.

The following process has been detected as using VBScript. The associated process tree and call stack are provided below to assist in identifying the scenario in which VBScript was invoked.
</string>
<string>ProcessName = ""msiexec.exe""</string>
<string>ProcessTree = ""msiexec.exe;msiexec.exe;services.exe;wininit.exe""</string>
<string>CallStack = ""vbscript.dll+0x3DD42;vbscript.dll+0x3CEF1;vbscript.dll+0x34061;msi.dll+0x1578A5;msi.dll+0x1539D4;msi.dll+0x115596;RPCRT4.dll+0x46064;RPCRT4.dll+0x56C5;combase.dll+0x7A6F1;RPCRT4.dll+0x41A1A;combase.dll+0x7A328;combase.dll+0x7A01D;combase.dll+0x1D09C8;combase.dll+0x109BFE;combase.dll+0x1497B7;combase.dll+0x15397F;combase.dll+0x14DAE1;combase.dll+0x14851C;combase.dll+0x10DB6C;RPCRT4.dll+0x11B10;RPCRT4.dll+0x11A37;RPCRT4.dll+0x11816;RPCRT4.dll+0x106B5;RPCRT4.dll+0xFE1F;RPCRT4.dll+0xF543;RPCRT4.dll+0x20057;RPCRT4.dll+0x2D753;ntdll.dll+0x581B1;ntdll.dll+0x567EB;KERNEL32.DLL+0x15D49;ntdll.dll+0x6D81B;ntdll.dll+0x6D7A1""</string>
<string>ProcessTreeEnhanced = ""msiexec.exe(""<path>\MsiExec.exe -Embedding 734BDA038ADA8BDA687986CC2C57BAA3 E <path>\MSI0000"");msiexec.exe;services.exe;wininit.exe""</string>
",2026-04-08 22:27:19.965729+00:00,,,,,,,,,,,,,,,,,,,,,,,,,,,,,,,,,,,,,,
11707,,325,,,,"<string>Product: Wazuh Agent -- Installation completed successfully.</string>
<string>(NULL)</string>
<string>(NULL)</string>
<string>(NULL)</string>
<string>(NULL)</string>
<string>(NULL)</string>
",2026-04-08 22:27:25.843025+00:00,,,,,,,,,,,,,,,,,,,,,,,,,,,,,,,,,,,,,,
1033,,326,,,,"<string>Wazuh Agent</string>
<string>4.14.4</string>
<string>1033</string>
<string>0</string>
<string>Wazuh, Inc.</string>
<string>(NULL)</string>
",2026-04-08 22:27:25.845228+00:00,,,,,,,,,,,,,,,,,,,,,,,,,,,,,,,,,,,,,,
1042,,327,,,,"<string>C:\Users\pizza\AppData\Local\Temp\wazuh-agent</string>
<string>5516</string>
<string>(NULL)</string>
<string>(NULL)</string>
<string>(NULL)</string>
<string>(NULL)</string>
",2026-04-08 22:27:25.855244+00:00,,,,,,,,,,,,,,,,,,,,,,,,,,,,,,,,,,,,,,
16394,,328,,,,,2026-04-08 22:28:18.135490+00:00,,,,,,,,,,,,,,,,,,,,,,,,,,,,,,,,,,,,,,
16384,,329,,,,"<string>2026-04-09T22:20:54Z</string>
<string>RulesEngine</string>
",2026-04-08 22:28:54.868572+00:00,,,,,,,,,,,,,,,,,,,,,,,,,,,,,,,,,,,,,,
16394,,330,,,,,2026-04-08 22:29:58.977825+00:00,,,,,,,,,,,,,,,,,,,,,,,,,,,,,,,,,,,,,,
16384,,331,,,,"<string>2026-04-09T22:20:29Z</string>
<string>RulesEngine</string>
",2026-04-08 22:30:32.472517+00:00,,,,,,,,,,,,,,,,,,,,,,,,,,,,,,,,,,,,,,
15,,332,,,,"<string>Windows Defender</string>
<string>SECURITY_PRODUCT_STATE_ON</string>
",2026-04-08 22:33:06.684805+00:00,,,,,,,,,,,,,,,,,,,,,,,,,,,,,,,,,,,,,,
16394,,333,,,,,2026-04-08 22:34:19.531570+00:00,,,,,,,,,,,,,,,,,,,,,,,,,,,,,,,,,,,,,,
16384,,334,,,,"<string>2026-04-09T22:20:51Z</string>
<string>RulesEngine</string>
",2026-04-08 22:34:51.186670+00:00,,,,,,,,,,,,,,,,,,,,,,,,,,,,,,,,,,,,,,
16394,,335,,,,,2026-04-08 22:35:47.672928+00:00,,,,,,,,,,,,,,,,,,,,,,,,,,,,,,,,,,,,,,
16384,,336,,,,"<string>2026-04-09T22:20:22Z</string>
<string>RulesEngine</string>
",2026-04-08 22:36:22.601448+00:00,,,,,,,,,,,,,,,,,,,,,,,,,,,,,,,,,,,,,,
1001,,337,,,,,2026-04-08 22:40:11.723116+00:00,,0,,,,1507.2601.30012.0,"
\\?\C:\Users\pizza\AppData\Local\Temp\RDRD605.tmp\empty.txt
\\?\C:\ProgramData\Microsoft\Windows\WER\Temp\WER.1e6561e8-d2b2-4f85-8a60-947a754d54f2.tmp.WERInternalMetadata.xml
\\?\C:\ProgramData\Microsoft\Windows\WER\Temp\WER.8e602dde-58fd-4271-9444-0433a1907951.tmp.csv
\\?\C:\ProgramData\Microsoft\Windows\WER\Temp\WER.680cc0be-ba25-44bc-af3c-59785033db58.tmp.txt
\\?\C:\ProgramData\Microsoft\Windows\WER\Temp\WER.bc6fa6c2-a246-453f-a3b6-aec5a56f8d4c.tmp.xml",,RADAR_PRE_LEAK_64,10.0.26200.2.0.0,2251993693827997565,,NULL,268435456,,860ff5cfc27254f5df40b0553d099f7d,0,,,b8ac0380-f43f-4a92-810d-b80cfecff0d9,5,,,,,,,Not available,,,,,0,wuaucltcore.exe,,,,
2562,,338,,,,"<string>MSIXDeployment</string>
<string>windows.applicationData</string>
<string>DeleteMachineFolder</string>
<string>Package Microsoft.DesktopAppInstaller_1.26.509.0_x64__8wekyb3d8bbwe removed machine folder C:\ProgramData\Microsoft\Windows\AppRepository\Families\ApplicationData\Microsoft.DesktopAppInstaller_8wekyb3d8bbwe: The system cannot find the path specified.</string>
",2026-04-08 22:42:53.092146+00:00,,,,,,,,,,,,,,,,,,,,,,,,,,,,,,,,,,,,,,
2562,,339,,,,"<string>MSIXDeployment</string>
<string>windows.applicationData</string>
<string>DeleteMachineFolder</string>
<string>Package Microsoft.XboxGamingOverlay_7.325.7221.0_neutral_split.scale-125_8wekyb3d8bbwe removed machine folder C:\ProgramData\Microsoft\Windows\AppRepository\Families\ApplicationData\Microsoft.XboxGamingOverlay_8wekyb3d8bbwe: The system cannot find the path specified.</string>
",2026-04-08 22:43:22.086023+00:00,,,,,,,,,,,,,,,,,,,,,,,,,,,,,,,,,,,,,,
2562,,340,,,,"<string>MSIXDeployment</string>
<string>windows.applicationData</string>
<string>DeleteMachineFolder</string>
<string>Package Microsoft.XboxGamingOverlay_7.325.7221.0_x64__8wekyb3d8bbwe removed machine folder C:\ProgramData\Microsoft\Windows\AppRepository\Families\ApplicationData\Microsoft.XboxGamingOverlay_8wekyb3d8bbwe: The system cannot find the path specified.</string>
",2026-04-08 22:43:24.229183+00:00,,,,,,,,,,,,,,,,,,,,,,,,,,,,,,,,,,,,,,
2562,,341,,,,"<string>MSIXDeployment</string>
<string>windows.applicationData</string>
<string>DeleteMachineFolder</string>
<string>Package Microsoft.XboxGamingOverlay_7.325.7221.0_neutral_split.scale-100_8wekyb3d8bbwe removed machine folder C:\ProgramData\Microsoft\Windows\AppRepository\Families\ApplicationData\Microsoft.XboxGamingOverlay_8wekyb3d8bbwe: The system cannot find the path specified.</string>
",2026-04-08 22:43:24.229574+00:00,,,,,,,,,,,,,,,,,,,,,,,,,,,,,,,,,,,,,,
2562,,342,,,,"<string>MSIXDeployment</string>
<string>windows.applicationData</string>
<string>DeleteMachineFolder</string>
<string>Package Microsoft.SecHealthUI_1000.26100.8036.0_x64__8wekyb3d8bbwe removed machine folder C:\ProgramData\Microsoft\Windows\AppRepository\Families\ApplicationData\Microsoft.SecHealthUI_8wekyb3d8bbwe: The system cannot find the path specified.</string>
",2026-04-08 22:44:28.545988+00:00,,,,,,,,,,,,,,,,,,,,,,,,,,,,,,,,,,,,,,
16394,,343,,,,,2026-04-08 22:45:26.965139+00:00,,,,,,,,,,,,,,,,,,,,,,,,,,,,,,,,,,,,,,
16384,,344,,,,"<string>2026-04-09T22:20:57Z</string>
<string>RulesEngine</string>
",2026-04-08 22:45:57.426001+00:00,,,,,,,,,,,,,,,,,,,,,,,,,,,,,,,,,,,,,,
2562,,345,,,,"<string>MSIXDeployment</string>
<string>windows.applicationData</string>
<string>DeleteMachineFolder</string>
<string>Package Microsoft.GetHelp_10.2407.40222.0_neutral_split.scale-125_8wekyb3d8bbwe removed machine folder C:\ProgramData\Microsoft\Windows\AppRepository\Families\ApplicationData\Microsoft.GetHelp_8wekyb3d8bbwe: The system cannot find the path specified.</string>
",2026-04-08 22:50:01.671463+00:00,,,,,,,,,,,,,,,,,,,,,,,,,,,,,,,,,,,,,,
2562,,346,,,,"<string>MSIXDeployment</string>
<string>windows.applicationData</string>
<string>DeleteMachineFolder</string>
<string>Package Microsoft.GetHelp_10.2407.40222.0_x64__8wekyb3d8bbwe removed machine folder C:\ProgramData\Microsoft\Windows\AppRepository\Families\ApplicationData\Microsoft.GetHelp_8wekyb3d8bbwe: The system cannot find the path specified.</string>
",2026-04-08 22:51:44.841618+00:00,,,,,,,,,,,,,,,,,,,,,,,,,,,,,,,,,,,,,,
2562,,347,,,,"<string>MSIXDeployment</string>
<string>windows.applicationData</string>
<string>DeleteMachineFolder</string>
<string>Package Microsoft.GetHelp_10.2407.40222.0_neutral_split.scale-100_8wekyb3d8bbwe removed machine folder C:\ProgramData\Microsoft\Windows\AppRepository\Families\ApplicationData\Microsoft.GetHelp_8wekyb3d8bbwe: The system cannot find the path specified.</string>
",2026-04-08 22:51:44.841986+00:00,,,,,,,,,,,,,,,,,,,,,,,,,,,,,,,,,,,,,,
1001,,348,,,,,2026-04-08 23:00:00.614998+00:00,,0,,,,146.0.3856.109,"
\\?\C:\Users\pizza\AppData\Local\Temp\RDRA9B.tmp\empty.txt
\\?\C:\ProgramData\Microsoft\Windows\WER\Temp\WER.d86cd1b4-1551-4a3c-a654-251356838323.tmp.WERInternalMetadata.xml
\\?\C:\ProgramData\Microsoft\Windows\WER\Temp\WER.0dca175b-8c91-4ffc-a1af-9dba1492c95b.tmp.csv
\\?\C:\ProgramData\Microsoft\Windows\WER\Temp\WER.109e59e1-76d0-46e6-b797-54bc0adf8ae4.tmp.txt
\\?\C:\ProgramData\Microsoft\Windows\WER\Temp\WER.c8387c72-69a6-46de-ac0d-2c95b8e2f5bb.tmp.xml",,RADAR_PRE_LEAK_64,10.0.26200.2.0.0,1396301910303680261,,NULL,268435456,,dc7a82e25d4062aa9360a93082d9a705,0,,,0d462b92-ac0b-4b31-920f-94427a152440,5,,,,,,,Not available,,,,,0,msedge.exe,,,,
16394,,349,,,,,2026-04-08 23:17:00.229647+00:00,,,,,,,,,,,,,,,,,,,,,,,,,,,,,,,,,,,,,,
1034,,350,,,,"<string>AAD-AddDeviceJoinUserToAdminGroup-Policy</string>
<string>100</string>
",2026-04-08 23:17:00.797728+00:00,,,,,,,,,,,,,,,,,,,,,,,,,,,,,,,,,,,,,,
1034,,351,,,,"<string>Security-SPP-WriteWauMarker</string>
<string>500</string>
",2026-04-08 23:17:00.805346+00:00,,,,,,,,,,,,,,,,,,,,,,,,,,,,,,,,,,,,,,
16384,,352,,,,"<string>2026-04-09T22:20:30Z</string>
<string>RulesEngine</string>
",2026-04-08 23:17:30.908672+00:00,,,,,,,,,,,,,,,,,,,,,,,,,,,,,,,,,,,,,,
15,,353,,,,"<string>Windows Defender</string>
<string>SECURITY_PRODUCT_STATE_ON</string>
",2026-04-08 23:18:55.328468+00:00,,,,,,,,,,,,,,,,,,,,,,,,,,,,,,,,,,,,,,
102,,354,,,,"<string>svchost</string>
<string>7336,P,98,0</string>
<string>DS_Token_DB: </string>
<string>0</string>
<string>10</string>
<string>00</string>
<string>26200</string>
<string>0000</string>
",2026-04-08 23:20:15.942944+00:00,,,,,,,,,,,,,,,,,,,,,,,,,,,,,,,,,,,,,,
105,,355,,,,"<string>svchost</string>
<string>7336,D,0,0</string>
<string>DS_Token_DB: </string>
<string>0</string>
<string>0.047</string>
<string>
[1] 0.001026 +J(0) +M(C:0K, Fs:206, WS:812K # 812K, PF:3260K # 3260K, P:3260K)
[2] 0.000556 +J(0) +M(C:8K, Fs:106, WS:416K # 416K, PF:316K # 316K, P:316K)
[3] 0.000013 +J(0) +M(C:0K, Fs:2, WS:4K # 4K, PF:68K # 68K, P:68K)
[4] 0.000506 +J(0) +M(C:0K, Fs:34, WS:136K # 136K, PF:168K # 168K, P:168K)
[5] 0.000732 +J(0) +M(C:0K, Fs:10, WS:40K # 40K, PF:20K # 20K, P:20K)
[6] 0.004051 -0.000001 (1) WT +J(0) +M(C:0K, Fs:38, WS:152K # 152K, PF:20K # 20K, P:20K)
[7] -
[8] -
[9] -
[10] -
[11] -
[12] -
[13] 0.029032 -0.006631 (4) WT +J(CM:0, PgRf:0, Rd:0/0, Dy:0/0, Lg:616/1) +M(C:0K, Fs:105, WS:356K # 396K, PF:24K # 84K, P:24K)
[14] 0.000025 +J(0) +M(C:0K, Fs:1, WS:4K # 0K, PF:0K # 0K, P:0K)
[15] 0.000692 +J(0) +M(C:0K, Fs:17, WS:68K # 32K, PF:64K # 4K, P:64K)
[16] 0.009902 -0.002163 (1) WT +J(0) +M(C:0K, Fs:4, WS:8K # 12K, PF:0K # 4K, P:0K).</string>
<string>RBSOn = 0
</string>
",2026-04-08 23:20:15.987324+00:00,,,,,,,,,,,,,,,,,,,,,,,,,,,,,,,,,,,,,,
325,,356,,,,"<string>svchost</string>
<string>7336,D,35,0</string>
<string>DS_Token_DB: </string>
<string>1</string>
<string>C:\WINDOWS\system32\config\systemprofile\AppData\Local\DataSharing\Storage\DSTokenDB2.dat</string>
<string>0</string>
<string>
[1] 0.000090 +J(0) +M(C:0K, Fs:1, WS:4K # 4K, PF:4K # 4K, P:4K)
[2] 0.001234 -0.000536 (1) WT +J(CM:0, PgRf:0, Rd:0/0, Dy:0/0, Lg:3480/2) +M(C:0K, Fs:3, WS:12K # 12K, PF:0K # 0K, P:0K)
[3] 0.005065 -0.000001 (1) WT +J(0) +M(C:0K, Fs:13, WS:48K # 52K, PF:24K # 28K, P:24K)
[4] 0.028121 -0.026314 (1) WT +J(0) +M(C:0K, Fs:59, WS:236K # 232K, PF:88K # 84K, P:88K)
[5] 0.001769 -0.001010 (4) WT +J(CM:0, PgRf:3, Rd:0/0, Dy:3/6, Lg:122/4) +M(C:8K, Fs:54, WS:212K # 212K, PF:156K # 160K, P:156K)
[6] 0.002295 -0.000322 (2) WT +J(CM:0, PgRf:259, Rd:0/0, Dy:16/440, Lg:28550/479) +M(C:64K, Fs:99, WS:392K # 392K, PF:504K # 504K, P:504K)
[7] 0.001420 -0.000936 (3) WT +J(CM:0, PgRf:0, Rd:0/0, Dy:0/0, Lg:4096/3) +M(C:0K, Fs:4, WS:12K # 12K, PF:0K # 0K, P:0K)
[8] 0.000002 +J(0)
[9] 0.000890 -0.000537 (21) WT +J(0) +M(C:0K, Fs:5, WS:16K # 16K, PF:0K # 0K, P:0K)
[10] 0.015247 -0.002977 (20) CM -0.004885 (33) WT +J(CM:20, PgRf:430, Rd:0/20, Dy:10/107, Lg:17039/155) +M(C:-36K, Fs:55, WS:164K # 168K, PF:52K # 60K, P:52K)
[11] 0.000002 +J(0).</string>
<string>0 0</string>
<string>lgposCreate = 00000001:0001:0268,
dbv = 1568.300.620 (9620)</string>
",2026-04-08 23:20:16.046522+00:00,,,,,,,,,,,,,,,,,,,,,,,,,,,,,,,,,,,,,,
15,,357,,,,"<string>Windows Defender</string>
<string>SECURITY_PRODUCT_STATE_ON</string>
",2026-04-08 23:20:42.627436+00:00,,,,,,,,,,,,,,,,,,,,,,,,,,,,,,,,,,,,,,
1531,,358,,,,,2026-04-09 00:00:19.757616+00:00,,,,,,,,,,,,,,,,,,,,,,,,,,,,,,,,,,,,,,
5615,,359,,,,,2026-04-09 00:00:25.935530+00:00,,,,,,,,,,,,,,,,,,,,,,,,,,,,,,,,,,,,,,
5611,,360,,,,,2026-04-09 00:00:31.478193+00:00,,,,,,,,,,,,,,,,,,,,,,,,,,,,,,,,,,,,,,
5617,,361,,,,,2026-04-09 00:00:32.628258+00:00,,,,,,,,,,,,,,,,,,,,,,,,,,,,,,,,,,,,,,
900,,362,,,,"<string>TriggerStarted:6</string>
",2026-04-09 00:00:38.333408+00:00,,,,,,,,,,,,,,,,,,,,,,,,,,,,,,,,,,,,,,
16394,,363,,,,,2026-04-09 00:00:38.377995+00:00,,,,,,,,,,,,,,,,,,,,,,,,,,,,,,,,,,,,,,
1066,,364,,,,"<string>C:\WINDOWS\system32\sppwinob.dll, msft:spp/windowsfunctionality/agent/7.0, 0x00000000, 0x00000000
C:\WINDOWS\system32\sppobjs.dll, msft:rm/algorithm/inherited/1.0, 0x00000000, 0x00000000
C:\WINDOWS\system32\sppobjs.dll, msft:rm/algorithm/phone/1.0, 0x00000000, 0x00000000
C:\WINDOWS\system32\sppobjs.dll, msft:rm/algorithm/pkey/detect, 0x00000000, 0x00000000
C:\WINDOWS\system32\sppobjs.dll, msft:spp/ActionScheduler/1.0, 0x00000000, 0x00000000
C:\WINDOWS\system32\sppobjs.dll, msft:spp/TaskScheduler/1.0, 0x00000000, 0x00000000
C:\WINDOWS\system32\sppobjs.dll, msft:spp/statecollector/pkey, 0x00000000, 0x00000000
C:\WINDOWS\system32\sppobjs.dll, msft:spp/volume/services/kms/1.0, 0x00000000, 0x00000000
C:\WINDOWS\system32\sppobjs.dll, msft:spp/volume/services/kms/activationinfo/1.0, 0x00000000, 0x00000000
</string>
",2026-04-09 00:00:38.454300+00:00,,,,,,,,,,,,,,,,,,,,,,,,,,,,,,,,,,,,,,
1003,,365,,,,"<string>55c92734-d682-4d71-983e-d6ec3f16059f</string>
<string>
1: 0567073a-7d74-403b-b2d5-6b35da372d8d, 1, 0 [(0 [0xC004F014, 0, 0], [(?)(?)(?)(?)(?)(?)(?)(?)])(1 )(2 )(3 )]
2: 1b750385-9fe2-49a8-ab55-149d0546395b, 1, 0 [(0 [0xC004F014, 0, 0], [(?)(?)(?)(?)(?)(?)(?)(?)])(1 )(2 )(3 )]
3: 1d873132-f09f-4eb2-bf5a-2e4fb48935e8, 1, 0 [(0 [0xC004F014, 0, 0], [(?)(?)(?)(?)(?)(?)(?)(?)])(1 )(2 )(3 )]
4: 2b1f36bb-c1cd-4306-bf5c-a0367c2d97d8, 1, 1 [(0 )(1 )(2 [0xC004E003, 0, 0], [( 1 0xC004F034)( 1 0xC004F034)(?)(?)(?)(?)(?)(?)])(3 [0x00000000, 0, 0], [( 6 0xC004F009 0 0)( 1 0x00000000)( 6 0xC004F009 0 0)(?)(?)(?)( 10 0x00000000 msft:rm/algorithm/flags/1.0)( 11 0x00000000 0xC004F034)])]
5: 30d469c6-a78f-4476-b5c8-af78d5b6a5fb, 1, 0 [(0 [0xC004F014, 0, 0], [(?)(?)(?)(?)(?)(?)(?)(?)])(1 )(2 )(3 )]
6: 3ae2cc14-ab2d-41f4-972f-5e20142771dc, 1, 0 [(0 [0xC004F014, 0, 0], [(?)(?)(?)(?)(?)(?)(?)(?)])(1 )(2 )(3 )]
7: 4002e33a-524c-4100-8108-131a0d42c0ea, 1, 0 [(0 [0xC004F014, 0, 0], [(?)(?)(?)(?)(?)(?)(?)(?)])(1 )(2 )(3 )]
8: 411b3d4f-be6d-4a06-baaa-9cabfc256cae, 1, 0 [(0 [0xC004F014, 0, 0], [(?)(?)(?)(?)(?)(?)(?)(?)])(1 )(2 )(3 )]
9: 58e97c99-f377-4ef1-81d5-4ad5522b5fd8, 1, 0 [(0 [0xC004F014, 0, 0], [(?)(?)(?)(?)(?)(?)(?)(?)])(1 )(2 )(3 )]
10: 653098ee-780d-4863-8cf2-d18399ce413b, 1, 0 [(0 [0xC004F014, 0, 0], [(?)(?)(?)(?)(?)(?)(?)(?)])(1 )(2 )(3 )]
11: 74436dbb-cc17-46de-867f-14906ba4a938, 1, 0 [(0 [0xC004F014, 0, 0], [(?)(?)(?)(?)(?)(?)(?)(?)])(1 )(2 )(3 )]
12: 8a292df8-d653-4057-8133-a0701792f912, 1, 0 [(0 [0xC004F014, 0, 0], [(?)(?)(?)(?)(?)(?)(?)(?)])(1 )(2 )(3 )]
13: 8db63db6-4f8f-46d6-a448-66444faaaa72, 1, 0 [(0 [0xC004F014, 0, 0], [(?)(?)(?)(?)(?)(?)(?)(?)])(1 )(2 )(3 )]
14: cd918a57-a41b-4c82-8dce-1a538e221a83, 1, 0 [(0 [0xC004F014, 0, 0], [(?)(?)(?)(?)(?)(?)(?)(?)])(1 )(2 )(3 )]
15: da9621af-f086-4244-b563-18611e51aa1a, 1, 0 [(0 [0xC004F014, 0, 0], [(?)(?)(?)(?)(?)(?)(?)(?)])(1 )(2 )(3 )]
16: e371d89a-73e8-4b24-a7ff-23a3641dd18e, 1, 0 [(0 [0xC004F014, 0, 0], [(?)(?)(?)(?)(?)(?)(?)(?)])(1 )(2 )(3 )]
17: ed799377-74b8-4989-a244-14d082e65972, 1, 0 [(0 [0xC004F014, 0, 0], [(?)(?)(?)(?)(?)(?)(?)(?)])(1 )(2 )(3 )]

</string>
",2026-04-09 00:00:38.496733+00:00,,,,,,,,,,,,,,,,,,,,,,,,,,,,,,,,,,,,,,
902,,366,,,,"<string>10.0.26100.8036</string>
",2026-04-09 00:00:38.554775+00:00,,,,,,,,,,,,,,,,,,,,,,,,,,,,,,,,,,,,,,
1003,,367,,,,"<string>55c92734-d682-4d71-983e-d6ec3f16059f</string>
<string>
1: 0567073a-7d74-403b-b2d5-6b35da372d8d, 1, 0 [(0 [0xC004F014, 0, 0], [(?)(?)(?)(?)(?)(?)(?)(?)])(1 )(2 )(3 )]
2: 1b750385-9fe2-49a8-ab55-149d0546395b, 1, 0 [(0 [0xC004F014, 0, 0], [(?)(?)(?)(?)(?)(?)(?)(?)])(1 )(2 )(3 )]
3: 1d873132-f09f-4eb2-bf5a-2e4fb48935e8, 1, 0 [(0 [0xC004F014, 0, 0], [(?)(?)(?)(?)(?)(?)(?)(?)])(1 )(2 )(3 )]
4: 2b1f36bb-c1cd-4306-bf5c-a0367c2d97d8, 1, 1 [(0 )(1 )(2 [0xC004E003, 0, 0], [( 1 0xC004F034)( 1 0xC004F034)(?)(?)(?)(?)(?)(?)])(3 [0x00000000, 0, 0], [( 6 0xC004F009 0 0)( 1 0x00000000)( 6 0xC004F009 0 0)(?)(?)(?)( 10 0x00000000 msft:rm/algorithm/flags/1.0)( 11 0x00000000 0xC004F034)])]
5: 30d469c6-a78f-4476-b5c8-af78d5b6a5fb, 1, 0 [(0 [0xC004F014, 0, 0], [(?)(?)(?)(?)(?)(?)(?)(?)])(1 )(2 )(3 )]
6: 3ae2cc14-ab2d-41f4-972f-5e20142771dc, 1, 0 [(0 [0xC004F014, 0, 0], [(?)(?)(?)(?)(?)(?)(?)(?)])(1 )(2 )(3 )]
7: 4002e33a-524c-4100-8108-131a0d42c0ea, 1, 0 [(0 [0xC004F014, 0, 0], [(?)(?)(?)(?)(?)(?)(?)(?)])(1 )(2 )(3 )]
8: 411b3d4f-be6d-4a06-baaa-9cabfc256cae, 1, 0 [(0 [0xC004F014, 0, 0], [(?)(?)(?)(?)(?)(?)(?)(?)])(1 )(2 )(3 )]
9: 58e97c99-f377-4ef1-81d5-4ad5522b5fd8, 1, 0 [(0 [0xC004F014, 0, 0], [(?)(?)(?)(?)(?)(?)(?)(?)])(1 )(2 )(3 )]
10: 653098ee-780d-4863-8cf2-d18399ce413b, 1, 0 [(0 [0xC004F014, 0, 0], [(?)(?)(?)(?)(?)(?)(?)(?)])(1 )(2 )(3 )]
11: 74436dbb-cc17-46de-867f-14906ba4a938, 1, 0 [(0 [0xC004F014, 0, 0], [(?)(?)(?)(?)(?)(?)(?)(?)])(1 )(2 )(3 )]
12: 8a292df8-d653-4057-8133-a0701792f912, 1, 0 [(0 [0xC004F014, 0, 0], [(?)(?)(?)(?)(?)(?)(?)(?)])(1 )(2 )(3 )]
13: 8db63db6-4f8f-46d6-a448-66444faaaa72, 1, 0 [(0 [0xC004F014, 0, 0], [(?)(?)(?)(?)(?)(?)(?)(?)])(1 )(2 )(3 )]
14: cd918a57-a41b-4c82-8dce-1a538e221a83, 1, 0 [(0 [0xC004F014, 0, 0], [(?)(?)(?)(?)(?)(?)(?)(?)])(1 )(2 )(3 )]
15: da9621af-f086-4244-b563-18611e51aa1a, 1, 0 [(0 [0xC004F014, 0, 0], [(?)(?)(?)(?)(?)(?)(?)(?)])(1 )(2 )(3 )]
16: e371d89a-73e8-4b24-a7ff-23a3641dd18e, 1, 0 [(0 [0xC004F014, 0, 0], [(?)(?)(?)(?)(?)(?)(?)(?)])(1 )(2 )(3 )]
17: ed799377-74b8-4989-a244-14d082e65972, 1, 0 [(0 [0xC004F014, 0, 0], [(?)(?)(?)(?)(?)(?)(?)(?)])(1 )(2 )(3 )]

</string>
",2026-04-09 00:00:39.862061+00:00,,,,,,,,,,,,,,,,,,,,,,,,,,,,,,,,,,,,,,
8198,,368,,,,"<string>hr=0x8007139F</string>
<string>RuleId=31e71c49-8da7-4a2f-ad92-45d98a1c79ba;Action=AutoActivate;AppId=55c92734-d682-4d71-983e-d6ec3f16059f;SkuId=2b1f36bb-c1cd-4306-bf5c-a0367c2d97d8;NotificationInterval=1440;Trigger=NetworkAvailable</string>
",2026-04-09 00:00:39.877075+00:00,,,,,,,,,,,,,,,,,,,,,,,,,,,,,,,,,,,,,,
86,GET(218ms),369,,,Not found (404). 0x80190194 (-2145844844 HTTP_E_STATUS_NOT_FOUND),,2026-04-09 00:00:45.325607+00:00,,,,,,,,,,,,Local system,,,,,,,,,,GetCACaps,,,https://VMW-KeyId-4ee141457063b21f90e0af375a94b4f3b20f36e6.microsoftaik.azure.net/templates/Aik/scep,,,,,,,,,,"GetCACaps
GetCACaps: Not Found
{""Message"":""The authority \""vmw-keyid-4ee141457063b21f90e0af375a94b4f3b20f36e6.microsoftaik.azure.net\"" does not exist.""}
HTTP/1.1 404 Not Found
Date: Thu, 09 Apr 2026 00:01:17 GMT
Content-Length: 121
Content-Type: application/json; charset=utf-8
X-Content-Type-Options: nosniff
Strict-Transport-Security: max-age=31536000;includeSubDomains
x-ms-request-id: 884312d1-ae23-4f83-8789-40f98b2e94e5
",,,
86,GET(234ms),370,,,Not found (404). 0x80190194 (-2145844844 HTTP_E_STATUS_NOT_FOUND),,2026-04-09 00:00:45.588932+00:00,,,,,,,,,,,,WORKGROUP\NORMALVM$,,,,,,,,,,GetCACaps,,,https://VMW-KeyId-4ee141457063b21f90e0af375a94b4f3b20f36e6.microsoftaik.azure.net/templates/Aik/scep,,,,,,,,,,"GetCACaps
GetCACaps: Not Found
{""Message"":""The authority \""vmw-keyid-4ee141457063b21f90e0af375a94b4f3b20f36e6.microsoftaik.azure.net\"" does not exist.""}
HTTP/1.1 404 Not Found
Date: Thu, 09 Apr 2026 00:01:17 GMT
Content-Length: 121
Content-Type: application/json; charset=utf-8
X-Content-Type-Options: nosniff
Strict-Transport-Security: max-age=31536000;includeSubDomains
x-ms-request-id: 84f17c13-f2d6-4eb2-aa6c-eb1a86d04e8f
",,,
6003,,371,,,,"<string>SessionEnv</string>
",2026-04-09 00:00:48.270899+00:00,,,,,,,,,,,,,,,,,,,,,,,,,,,,,,,,,,,,,,
6000,,372,,,,"<string>SessionEnv</string>
",2026-04-09 00:00:48.738939+00:00,,,,,,,,,,,,,,,,,,,,,,,,,,,,,,,,,,,,,,
1003,,373,,,,"<string>55c92734-d682-4d71-983e-d6ec3f16059f</string>
<string>
1: 0567073a-7d74-403b-b2d5-6b35da372d8d, 1, 0 [(0 [0xC004F014, 0, 0], [(?)(?)(?)(?)(?)(?)(?)(?)])(1 )(2 )(3 )]
2: 1b750385-9fe2-49a8-ab55-149d0546395b, 1, 0 [(0 [0xC004F014, 0, 0], [(?)(?)(?)(?)(?)(?)(?)(?)])(1 )(2 )(3 )]
3: 1d873132-f09f-4eb2-bf5a-2e4fb48935e8, 1, 0 [(0 [0xC004F014, 0, 0], [(?)(?)(?)(?)(?)(?)(?)(?)])(1 )(2 )(3 )]
4: 2b1f36bb-c1cd-4306-bf5c-a0367c2d97d8, 1, 1 [(0 )(1 )(2 [0xC004E003, 0, 0], [( 1 0xC004F034)( 1 0xC004F034)(?)(?)(?)(?)(?)(?)])(3 [0x00000000, 0, 0], [( 6 0xC004F009 0 0)( 1 0x00000000)( 6 0xC004F009 0 0)(?)(?)(?)( 10 0x00000000 msft:rm/algorithm/flags/1.0)( 11 0x00000000 0xC004F034)])]
5: 30d469c6-a78f-4476-b5c8-af78d5b6a5fb, 1, 0 [(0 [0xC004F014, 0, 0], [(?)(?)(?)(?)(?)(?)(?)(?)])(1 )(2 )(3 )]
6: 3ae2cc14-ab2d-41f4-972f-5e20142771dc, 1, 0 [(0 [0xC004F014, 0, 0], [(?)(?)(?)(?)(?)(?)(?)(?)])(1 )(2 )(3 )]
7: 4002e33a-524c-4100-8108-131a0d42c0ea, 1, 0 [(0 [0xC004F014, 0, 0], [(?)(?)(?)(?)(?)(?)(?)(?)])(1 )(2 )(3 )]
8: 411b3d4f-be6d-4a06-baaa-9cabfc256cae, 1, 0 [(0 [0xC004F014, 0, 0], [(?)(?)(?)(?)(?)(?)(?)(?)])(1 )(2 )(3 )]
9: 58e97c99-f377-4ef1-81d5-4ad5522b5fd8, 1, 0 [(0 [0xC004F014, 0, 0], [(?)(?)(?)(?)(?)(?)(?)(?)])(1 )(2 )(3 )]
10: 653098ee-780d-4863-8cf2-d18399ce413b, 1, 0 [(0 [0xC004F014, 0, 0], [(?)(?)(?)(?)(?)(?)(?)(?)])(1 )(2 )(3 )]
11: 74436dbb-cc17-46de-867f-14906ba4a938, 1, 0 [(0 [0xC004F014, 0, 0], [(?)(?)(?)(?)(?)(?)(?)(?)])(1 )(2 )(3 )]
12: 8a292df8-d653-4057-8133-a0701792f912, 1, 0 [(0 [0xC004F014, 0, 0], [(?)(?)(?)(?)(?)(?)(?)(?)])(1 )(2 )(3 )]
13: 8db63db6-4f8f-46d6-a448-66444faaaa72, 1, 0 [(0 [0xC004F014, 0, 0], [(?)(?)(?)(?)(?)(?)(?)(?)])(1 )(2 )(3 )]
14: cd918a57-a41b-4c82-8dce-1a538e221a83, 1, 0 [(0 [0xC004F014, 0, 0], [(?)(?)(?)(?)(?)(?)(?)(?)])(1 )(2 )(3 )]
15: da9621af-f086-4244-b563-18611e51aa1a, 1, 0 [(0 [0xC004F014, 0, 0], [(?)(?)(?)(?)(?)(?)(?)(?)])(1 )(2 )(3 )]
16: e371d89a-73e8-4b24-a7ff-23a3641dd18e, 1, 0 [(0 [0xC004F014, 0, 0], [(?)(?)(?)(?)(?)(?)(?)(?)])(1 )(2 )(3 )]
17: ed799377-74b8-4989-a244-14d082e65972, 1, 0 [(0 [0xC004F014, 0, 0], [(?)(?)(?)(?)(?)(?)(?)(?)])(1 )(2 )(3 )]

</string>
",2026-04-09 00:01:09.342665+00:00,,,,,,,,,,,,,,,,,,,,,,,,,,,,,,,,,,,,,,
1003,,374,,,,"<string>55c92734-d682-4d71-983e-d6ec3f16059f</string>
<string>
1: 0567073a-7d74-403b-b2d5-6b35da372d8d, 1, 0 [(0 [0xC004F014, 0, 0], [(?)(?)(?)(?)(?)(?)(?)(?)])(1 )(2 )(3 )]
2: 1b750385-9fe2-49a8-ab55-149d0546395b, 1, 0 [(0 [0xC004F014, 0, 0], [(?)(?)(?)(?)(?)(?)(?)(?)])(1 )(2 )(3 )]
3: 1d873132-f09f-4eb2-bf5a-2e4fb48935e8, 1, 0 [(0 [0xC004F014, 0, 0], [(?)(?)(?)(?)(?)(?)(?)(?)])(1 )(2 )(3 )]
4: 2b1f36bb-c1cd-4306-bf5c-a0367c2d97d8, 1, 1 [(0 )(1 )(2 [0xC004E003, 0, 0], [( 1 0xC004F034)( 1 0xC004F034)(?)(?)(?)(?)(?)(?)])(3 [0x00000000, 0, 0], [( 6 0xC004F009 0 0)( 1 0x00000000)( 6 0xC004F009 0 0)(?)(?)(?)( 10 0x00000000 msft:rm/algorithm/flags/1.0)( 11 0x00000000 0xC004F034)])]
5: 30d469c6-a78f-4476-b5c8-af78d5b6a5fb, 1, 0 [(0 [0xC004F014, 0, 0], [(?)(?)(?)(?)(?)(?)(?)(?)])(1 )(2 )(3 )]
6: 3ae2cc14-ab2d-41f4-972f-5e20142771dc, 1, 0 [(0 [0xC004F014, 0, 0], [(?)(?)(?)(?)(?)(?)(?)(?)])(1 )(2 )(3 )]
7: 4002e33a-524c-4100-8108-131a0d42c0ea, 1, 0 [(0 [0xC004F014, 0, 0], [(?)(?)(?)(?)(?)(?)(?)(?)])(1 )(2 )(3 )]
8: 411b3d4f-be6d-4a06-baaa-9cabfc256cae, 1, 0 [(0 [0xC004F014, 0, 0], [(?)(?)(?)(?)(?)(?)(?)(?)])(1 )(2 )(3 )]
9: 58e97c99-f377-4ef1-81d5-4ad5522b5fd8, 1, 0 [(0 [0xC004F014, 0, 0], [(?)(?)(?)(?)(?)(?)(?)(?)])(1 )(2 )(3 )]
10: 653098ee-780d-4863-8cf2-d18399ce413b, 1, 0 [(0 [0xC004F014, 0, 0], [(?)(?)(?)(?)(?)(?)(?)(?)])(1 )(2 )(3 )]
11: 74436dbb-cc17-46de-867f-14906ba4a938, 1, 0 [(0 [0xC004F014, 0, 0], [(?)(?)(?)(?)(?)(?)(?)(?)])(1 )(2 )(3 )]
12: 8a292df8-d653-4057-8133-a0701792f912, 1, 0 [(0 [0xC004F014, 0, 0], [(?)(?)(?)(?)(?)(?)(?)(?)])(1 )(2 )(3 )]
13: 8db63db6-4f8f-46d6-a448-66444faaaa72, 1, 0 [(0 [0xC004F014, 0, 0], [(?)(?)(?)(?)(?)(?)(?)(?)])(1 )(2 )(3 )]
14: cd918a57-a41b-4c82-8dce-1a538e221a83, 1, 0 [(0 [0xC004F014, 0, 0], [(?)(?)(?)(?)(?)(?)(?)(?)])(1 )(2 )(3 )]
15: da9621af-f086-4244-b563-18611e51aa1a, 1, 0 [(0 [0xC004F014, 0, 0], [(?)(?)(?)(?)(?)(?)(?)(?)])(1 )(2 )(3 )]
16: e371d89a-73e8-4b24-a7ff-23a3641dd18e, 1, 0 [(0 [0xC004F014, 0, 0], [(?)(?)(?)(?)(?)(?)(?)(?)])(1 )(2 )(3 )]
17: ed799377-74b8-4989-a244-14d082e65972, 1, 0 [(0 [0xC004F014, 0, 0], [(?)(?)(?)(?)(?)(?)(?)(?)])(1 )(2 )(3 )]

</string>
",2026-04-09 00:01:09.642723+00:00,,,,,,,,,,,,,,,,,,,,,,,,,,,,,,,,,,,,,,
8198,,375,,,,"<string>hr=0x803F7001</string>
<string>RuleId=31e71c49-8da7-4a2f-ad92-45d98a1c79ba;Action=AutoActivate;AppId=55c92734-d682-4d71-983e-d6ec3f16059f;SkuId=2b1f36bb-c1cd-4306-bf5c-a0367c2d97d8;NotificationInterval=1440;Trigger=UserLogon;SessionId=1</string>
",2026-04-09 00:01:09.694542+00:00,,,,,,,,,,,,,,,,,,,,,,,,,,,,,,,,,,,,,,
16384,,376,,,,"<string>2026-04-10T00:00:39Z</string>
<string>RulesEngine</string>
",2026-04-09 00:01:39.845819+00:00,,,,,,,,,,,,,,,,,,,,,,,,,,,,,,,,,,,,,,
903,,377,,,,,2026-04-09 00:01:40.910597+00:00,,,,,,,,,,,,,,,,,,,,,,,,,,,,,,,,,,,,,,
256,,378,,,,"<string>[8060:7232:0408/170152.379:INFO:chrome\browser\extensions\extension_garbage_collector.cc:188] Garbage collection for extensions on file thread is complete.</string>
",2026-04-09 00:01:52.399483+00:00,,,,,,,,,,,,,,,,,,,,,,,,,,,,,,,,,,,,,,
1003,,379,"
",,,,2026-04-09 00:02:13.780819+00:00,,,,,,,,,,,,,,,,,,,,,,,,,,,,,,,,,,,,,,
0,,380,,,,"<string>Service stopped</string>
",2026-04-09 00:03:14.323883+00:00,,,,,,,,,,,,,,,,,,,,,,,,,,,,,,,,,,,,,,
900,,381,,,,"<string><explicit></string>
",2026-04-09 00:03:35.572664+00:00,,,,,,,,,,,,,,,,,,,,,,,,,,,,,,,,,,,,,,
16394,,382,,,,,2026-04-09 00:03:35.686926+00:00,,,,,,,,,,,,,,,,,,,,,,,,,,,,,,,,,,,,,,
1,,383,,,,,2026-04-09 00:03:41.083397+00:00,,,,,,,,,,,,,,,,,,,,,,,,,,,,,,,,,,,,,,
15,,384,,,,"<string>Windows Defender</string>
<string>SECURITY_PRODUCT_STATE_ON</string>
",2026-04-09 00:03:43.116917+00:00,,,,,,,,,,,,,,,,,,,,,,,,,,,,,,,,,,,,,,
16384,,385,,,,"<string>2026-04-10T00:00:15Z</string>
<string>RulesEngine</string>
",2026-04-09 00:04:15.434105+00:00,,,,,,,,,,,,,,,,,,,,,,,,,,,,,,,,,,,,,,
15,,386,,,,"<string>Windows Defender</string>
<string>SECURITY_PRODUCT_STATE_ON</string>
",2026-04-09 00:11:03.347055+00:00,,,,,,,,,,,,,,,,,,,,,,,,,,,,,,,,,,,,,,
