ExecutablePath,EnabledNew,ClearReason,SystemTime,EfiTime,CorruptionActionState,param4,LidReliability,param9,OSmajorversion,updateTitle,CheckpointStatus,CurrentTimeZoneID,IdleImplementation,ProcessId,OldTime,State,NewLatchTimerWaitingSystemUpdateCompletion,HiveName,ImagePath,updateRevisionNumber,CmosTime,LastShutdownGood,param3,InputSuppressionState,OSEditionID,OSName,StartTime,SupportInfo2,TimeZoneBias,serviceGuid,SystemSleepTransitionsToOn,CsEntryScenarioInstanceIdV2,PreviousEnergyCapacityAtStart,BootType,ShutdownReason,PreviousTimerStartTime,ConnectedStandbyInProgress,BootStatusPolicy,KeysUpdated,TimeZoneInfoCacheUpdated,param5,Data,TmId,RelaxMinimumPasswordLengthLimits,ProcessingMode,DwordVal,PreviousLatchTimerExistsButDisabled,ProcessingTimeInMilliseconds,Turn,Host OS Major version,HResult,PolicyFileExists,DomainController,LidState,TimeDeltaInMs,DeviceTime,StartType,updateGuid,PreviousFullEnergyCapacityAtStart,OSservicepackmajorversion,Timestamp,Status,param7,PreviousFullEnergyCapacityAtEnd,AccountName,LastBootId,UpdateReason,SleepInProgress,NewTime,OriginalSize,DCName,Checkpoint,param10,NominalFrequency,Host OS Minor version,ShutdownEventCode,PreviousTimerExists,ServiceVersion,EnableDisableReason,MinimumPerformancePercent,param6,EfiTimeZoneBias,AdaptiveTargetState,DeviceNameLength,Number,IsUnattended,Installation choice,CountOld,SystemInCmosMode,BuildVersion,LastBootGood,AttemptedRecoveryEnforcementSucceeded,param2,BugcheckParameter2,OSminorversion,MinimumPasswordLengthAudit,LoaderTime,PowerStateAc,ReserveStatus,BootMode,Host OS Service pack major number,TSId,BugcheckParameter1,InternalBootFlags,RmId,RecordNumber,PreviousTimerExistsButDisabled,ADDomainJoin,CurrentStratumNumber,Config,CsEntryScenarioInstanceId,StopTime,ProcessName,ExtraString,Path,errorCode,IsTestConfig,BugcheckCode,ErrorMessage,PowerButtonTimestamp,MonitorReason,PreviousSessionDurationInUs,ServiceName,ExitReason,BugcheckParameter4,ManualPeer,BugcheckParameter3,OSservicepackName,LongPowerButtonPressDetected,ProcessID,MajorVersion,EntryCount,RealTimeIsUniversal,UserSid,BootId,BucketConfidenceLevel,GracePeriod,DeviceVersionMinor,PowerButtonSuppressionState,Level,OSbuildversion,FinalStatus,EfiDaylightFlags,MinimumThrottlePercent,FirstRefresh,PerformanceImplementation,Host OS Service pack minor number,MaximumPerformancePercent,NextSessionType,ShutdownActionType,HRESULT,QfeVersion,DeviceAttributes,CurrentBias,LoadOptions,TimeSource,ProcessImageFileNameWin32,IsSoftBoot,EventID,NewSize,IsAutoEnabled,ExtraStringLength,DeviceName,Unknown,param8,CountNew,HardwareChecks,NewTimerNeeded,MinorVersion,Group,BugcheckInfoFromEFI,DriveName,BootAppStatus,BitlockerUserInputTime,BootMenuPolicy,Success,BucketId,UpdateType,Host OS Build number,WHEABootErrorCount,NextSessionId,param1,RetryMinutes,PreviousEnergyCapacityAtEnd,SupportInfo1,TimeSourceRefId,Json,Url,OSservicepackminorversion,PackageFullName,ServiceType,HiveNameLength,param11,Reason,Phase,DomainPeer,IdleStateCount,driverFile,PreviousSessionId,VsmPolicy,NewTimerWaitingUpdateCompletion,InternalCode,IsLicensed,AADDomainJoin,Default SD String:,NewLatchTimerNeeded,PreviousSessionType,lineNumber,FailureReason,HalRtcErrorCode,DeviceVersionMajor,DirtyPages,ShutdownDuration,MinimumPasswordLength
,,,,,,,,,,,,,,,,,,,,,,,,,,,,,,,,,,,,,,,,,,,,,,,,,,,,,,,,,,,,,2026-04-01 19:16:19.893442+00:00,,,,,,,,,,,,,,,,,,,,,,,,,,,,,,,,,,,,,,,,,,,,,1,,,,,,,,,,,,,,,,,,,,,,,,,,,,,,,,,,,,,,,,,,,,,,,,,,,,,6011,,,,,"<string>WIN-2RR949GCCSV</string>
<string></string>
",,,,,,,,,,,,,,,,,,,,,,,,,,,,,,,,,,,,,,,,,,,,,,,,,,
,,,,,,,,,,,,,,,,,,,,,,,,,,,,,,,,,,,,,,,,,,,,,,,,,,,,,,,,,,,,,2026-04-01 19:16:19.893585+00:00,,,,,,,,,,,,,,,,,,,,,,,,,,,,,,,,,,,,,,,,,,,,,2,,,,,,,,,,,,,,,,,,,,,,,,,,,,,,,,,,,,,,,,,,,,,,,,,,,,,6009,,,,,"<string>10.00.</string>
<string>26200</string>
<string></string>
<string>Multiprocessor Free</string>
<string>0</string>
",,,,,,,,,,,,,,,,,,,,,,,,,,,,,,,,,,,,,,,,,,,,,,,,,,
,,,,,,,,,,,,,,,,,,,,,,,,,,,,,,,,,,,,,,,,,,,,,,,,,,,,,,,,,,,,,2026-04-01 19:16:19.893616+00:00,,,,,,,,,,,,,,,,,,,,,,,,,,,,,,,,,,,,,,,,,,,,,3,,,,,,,,,,,,,,,,,,,,,,,,,,,,,,,,,,,,,,,,,,,,,,,,,,,,,6005,,,,,,,,,,,,,,,,,,,,,,,,,,,,,,,,,,,,,,,,,,,,,,,,,,,,,,,
,,,,,,,,,,,,,,,,,,,,,,,,,,,2026-04-01 19:15:47.500000+00:00,,,,,,,,,,,,,,,,,,,,,,,,,,,,,,,,,,2026-04-01 19:15:47.560154+00:00,,,,,,,,,,,,,,,,,0,,,,,,,,,,,,26100,,,,,,,,,,0,,,,,,4,,,,,,,,,,,,,,,,,,,,,,,,,10,,,,,,,,,,,,,,,,,,,,,8036,,,,,,,12,,,,,,,,,,0,,,,,,,,,,,,,,,,,,,,,,,,,,,,,,,,,,,,,,,,,,,,,
,,,2026-04-01 20:15:47.500000+00:00,,,,,,,,,,,,,,,,,,,,,,,,,,,,,,,,,,,,,,,,,,,,,,,,,,,,,,,,,,2026-04-01 19:15:47.560156+00:00,,,,,,,,,,,,,,,,,,,,,,,,,,,,,,,,,,,,2026-04-01 20:15:46+00:00,,,,,,,2,,5,,,,,,,,,,,,,,,,,,,,,,,,,,,False,,,,,,,,,,,,,,,,,,,,,,,,,False,25,,,,,,,,,,,,,,,,,True,,,,,,,,,,,,,,,,,,,0,,,,,,,,,,,,,,,0,,,,
,,,,,,,,,,,,,,,,,,,,,,,,,,,,,,,,,,,,,,,,,,,,,,,,,,,,,,,,,,,,,2026-04-01 19:15:47.560318+00:00,0,,,,,,,,,,,,,,,,,0,,,,,,,,,,,,,,,,,,,,,,,,,,,6,,,,,,,,,,,,,,,,,,,,,,,,,,,,,,,,,,,,,,,,,,,,,,,,,,,,,153,,,,,,,,,,,,,,,,,,,,,,,,,,,,,,,,,,,,,,,,,0,,,,,,,,,,,,,,
,,,,,,,,,,,,,,,,,,,,,,True,,,,,,,,,,,,,,,,2,,,,,,,,,,,,,,,,,,,,,,,2026-04-01 19:15:47.560665+00:00,,,,,0,,,,,,,,,,,,,,,,,,,,,,,,,True,,,,,,,,,,,,,,,7,,,,,,,,,,,,,,,,,,,,,,,,,,,,,,,,,,,,,,,,,,,,,,,,,,,,,20,,,,,,,,,,,,,,,,,,,,,,,,,,,,,,,,,,,,,,,,,,,,,,,,,,,,,,,
,,,,,,,,,,,,,,,,,,,,,,,,,,,,,,,,,,,,,,,,,,,,,,,,,,,,,,,,,,,,,2026-04-01 19:15:47.560667+00:00,0,,,,,,,,,,,,,,,,,,,,,,,,,,,,,,,,,,,,,,,,,,,,8,,,,,,,,,,,,,,,,,,,,,,,,,,,,,,,,,,,,,,,,,,,,,,,,,,,,,247,,,,,,,,,,,,,,,,,,,,,,,,,,,,,,,,,,,,,,,,,,,,,,,,,,4,,,,,
,,,,2026-04-01 12:15:46+00:00,,,,,,,,,,,,,,,,,,,,,,,,,,,,,,,,,,,,,,,,,,,,,,,,,,,,,,,,,2026-04-01 19:15:47.560669+00:00,,,,,,,,,,,,,,,,,,,,,2047,,,,,,,,,,,,,,,,,,,,,,,,9,,,,,,,,,,,,,,,,,,,,,,,,,,,,,,,,,,,,,0,,,,,,,,,,,,,,,,238,,,,,,,,,,,,,,,,,,,,,,,,,,,,,,,,,,,,,,,,,,,,,,,,,,,,,,,
,,,,,,,,,,,,,,,,,,,,,,,,,,,,,,,,,,,,,,,,,,,,,,,,,,,,,,,,,,,,,2026-04-01 19:15:47.560669+00:00,,,,,,,,,,,,,,,,,,,,,,,,,,,,,,,,,,,,,,,,,,,,,10,,,,,,,,,,,,,,,,,,,,,,,,,,,,,,,,,,,,,,,,,,,,,,,,,,,,,25,,,,,,,,,,,,,,,,1,,,,,,,,,,,,,,,,,,,,,,,,,,,,,,,,,,,,,,,
,,,,,,,,,,,,,,,,,,,,,,,,,,,,,,,,,,0,,,,,,,,,,,,,,,,,,,,,,,,,,,2026-04-01 19:15:47.560671+00:00,,,,,,,,,,,,,,,,,,,,,,,,,,,,,,,,,,,,,,,,,,,,,11,,,,,,,,,,,,,,,,,,,,,,,,,,,,,,,,,,,,,,,,,,,,,,,,, NOEXECUTE=OPTIN  FVEBOOT=2666496,,,,27,,,,,,,,,,,,,,,,,,,,,,,,,,,,,,,,,,,,,,,,,,,,,,,,,,,,,,,
,,,,,,,,,,,,,,,,,,,,,,,,,,,,,,,,,,,,,,,,,,,,,,,,,,,,,,,,,,,,,2026-04-01 19:15:47.560732+00:00,,,,,,,,,,,,,,,,,,,,,,,,,,,,,,,,,,,,,,,,,,,,,12,,,,,,,,,,,,,,,,,,,,,,,,,,1,,,,,,,,,,,,,,,,,,,,,,,,,,,18,,,,,,,,,,,,,,,,,,,,,,,,,,,,,,,,,,,,,,,,,,,,,,,,,,,,,,,
,,,,,,,,,,,,,,,,,,,,,,,,,,,,,,,,,,,,,,,,,,,,,,,,,,,,,,,,,,,,,2026-04-01 19:15:47.560745+00:00,,,,,,,,,,,,,,,,,,,,,,,,,,,,,,,,,,,,,,,,,,,,,13,,,,,,,,,,,,,,,,,,,,,,,,,,,,,,,,,,,,,,,,,,,,,,,,,,,,,32,,,,,,,,,,,,,,,0,,,,,,,,,,,,,,,,,,,,,,,,,,,,,,,,,,,,,,,,
,True,,,,,,,,,,,,,,,,,,,,,,,,,,,,,,,,,,,,,,,,,,,,,,,,,,,,,,,,,,,,2026-04-01 19:15:47.565620+00:00,,,,,,0,,,,,,,,,,,,,,,,,,,,,0,,,,,,,,,,,,,,,,,,14,,,,,,,,,,,,,,,,,,,,,,,,,,,,,,,,,,,,,,,,,,,,,,,,,,,,,20,,,,,,,0,,,,,,,,,,,,,,,,,,,,,,,,,,,,,,,,,,,,,,,,,,,,,,,,
,,,,,,,,,,,,,,,,,,,,,,,,,,,,,,,,,,,,,,,,,,,,,,,,,,,,,,,,,,,,,2026-04-01 19:15:47.597548+00:00,,,,,,,,,,,,,,,,,,,,,,,,,,,,,,,,,,,,,,,,,,,,,15,,,,,,,,,,,,,,,,,,,,,,,,,,,,,,,,,,,,,,,,,,,,,,,,,,,,,16,,,,,,,,,,,,,,,,,,,,,,,,,,,,,,,,,,,,,,,,,,,,,,,,,,,,,,,
,,,,,,,,,,,,,,,,,,,,,,,,,,,,,,,,,,,,,,,,,,,,,,,,,,,,,,,,2093-04-01 18:29:43+00:00,,,,,2026-04-01 19:15:51.646498+00:00,,,,,,,,,,,,,,,,,,,,,,,8,,,,,,,,,,,,,,,,,,,,,,16,,,,,,,,,,,,,,,,,,,,,,,,,,,,,,,,0,,,,0x00000000,,,,,,,,,,,,,,,,,6,,,,FileInfo,,,,,,,,,,,,,,,,,,,,,,,,,,,,,,,,,,,,,,,,,,,,,,,,10,,,
,,,,,,,,,,,,,,,,,,,,,,,,,,,,,,,,,,,,,,,,,,,,,,,,,,,,,,,,2089-07-14 19:58:05+00:00,,,,,2026-04-01 19:15:51.647047+00:00,,,,,,,,,,,,,,,,,,,,,,,3,,,,,,,,,,,,,,,,,,,,,,17,,,,,,,,,,,,,,,,,,,,,,,,,,,,,,,,0,,,,0x00000000,,,,,,,,,,,,,,,,,6,,,,Wof,,,,,,,,,,,,,,,,,,,,,,,,,,,,,,,,,,,,,,,,,,,,,,,,10,,,
,,,,,,,,,,,,,,,,,,,,,,,,,,,,,,,,,,,,,,,,,,,,,,,,,,,,,,,,2028-06-06 02:57:32+00:00,,,,,2026-04-01 19:15:51.647890+00:00,,,,,,,,,,,,,,,,,,,,,,,8,,,,,,,,,,,,,,,,,,,,,,18,,,,,,,,,,,,,,,,,,,,,,,,,,,,,,,,0,,,,0x00000000,,,,,,,,,,,,,,,,,6,,,,WdFilter,,,,,,,,,,,,,,,,,,,,,,,,,,,,,,,,,,,,,,,,,,,,,,,,10,,,
,,,,,0,,,,,,,,,,,,,,,,,,,,,,,,,,,,,,,,,,,,,,,,,,,,,,,,,,,,,,,,2026-04-01 19:15:51.875080+00:00,,,,,,,,,,,,,,,,,,,,,,,,,,,,,,,,,,,,,,,,,,,,,19,,,,,,,,,,,,,,,,,,,,,,,,,,,,,,,,,,,,,,,,,,,,,,,,,,,,,98,,,,\Device\HarddiskVolume3,,,,,,,,,C:,,,,,,,,,,,,,,,,,,,,,,,,,,,,,,,,,,,,,,,,,,
,,,,,,,,,,,,,,,,,,,,,,,,,,,,,,,,,,,,,,,,,,,,,,,,,,,,,,,,2075-08-31 15:07:07+00:00,,,,,2026-04-01 19:15:51.922230+00:00,,,,,,,,,,,,,,,,,,,,,,,9,,,,,,,,,,,,,,,,,,,,,,20,,,,,,,,,,,,,,,,,,,,,,,,,,,,,,,,0,,,,0x00000000,,,,,,,,,,,,,,,,,6,,,,FileCrypt,,,,,,,,,,,,,,,,,,,,,,,,,,,,,,,,,,,,,,,,,,,,,,,,10,,,
,,,,,,,,,,,,,,,,,,,,,,,,,,,,,,,,,,,,,,,,,,,,,,,,,,,,,,,,1978-05-14 02:13:30+00:00,,,,,2026-04-01 19:15:52.083143+00:00,,,,,,,,,,,,,,,,,,,,,,,9,,,,,,,,,,,,,,,,,,,,,,21,,,,,,,,,,,,,,,,,,,,,,,,,,,,,,,,0,,,,0x00000000,,,,,,,,,,,,,,,,,6,,,,npsvctrig,,,,,,,,,,,,,,,,,,,,,,,,,,,,,,,,,,,,,,,,,,,,,,,,10,,,
,,,,,,,,,,,,,1,,,,,,,,,,,,,,,,,,,,,,,,,,,,,,,,,,,,,,,,,,,,,,,,2026-04-01 19:15:52.202080+00:00,,,,,,,,,,,,,2688,,,,,,100,,,,,0,,,,,,,,,,,,,,,,,,,,,22,,,,,,,,,,,,,,,,,,,,,,,,,,,,,,,,,,,,,,100,,0,,100,,,,,,,,,,,55,,,,,,,,,,,0,,,,,,,,,,,,,,,,,,,,,,,,,,,1,,,,,,,,,,,,,,,,,
,,,,,,,,,,,,,,,,2,,,,,,,,,,,,,,,,,,,,,,,,,,,,,,,,,,,,,,,,,,,,,2026-04-01 19:15:52.323450+00:00,,,,,,,,,,,,,,,,,,,,,,,,,,,,,,,,,,,,,,,,,,,,,23,,,,,,,,,,,,,,,,,,,,,,,,,,,,,,,,,,,,,,,,,,,,,,,,,,,,,172,,,,,,,,,,,,,,,,,,,,,,,,,,,,,,,,,,,6,,,,,,,,,,,,,,,,,,,,
,,,,,,,,,,,,,,,,,,\SystemRoot\System32\Config\SECURITY,,,,,,,,,,,,,,,,,,,,,1,,,,,,,,,,,,,,,,,,,,,,2026-04-01 19:15:52.329630+00:00,,,,,,,,,,,,,,,,,,,,,,,,,,,,,,,,,,,,,,,,,,,,,24,,,,,,,,,,,,,,,,,,,,,,,,,,,,,,,,,,,,,,,,,,,,,,,,,,,,,16,,,,,,,,,,,,,,,,,,,,,,,,,,,,,,,,,36,,,,,,,,,,,,,,,,,,,,1,,
,,,,,,,,,,,,,,,,,,\SystemRoot\System32\Config\DEFAULT,,,,,,,,,,,,,,,,,,,,,15,,,,,,,,,,,,,,,,,,,,,,2026-04-01 19:15:52.330120+00:00,,,,,,,,,,,,,,,,,,,,,,,,,,,,,,,,,,,,,,,,,,,,,25,,,,,,,,,,,,,,,,,,,,,,,,,,,,,,,,,,,,,,,,,,,,,,,,,,,,,16,,,,,,,,,,,,,,,,,,,,,,,,,,,,,,,,,35,,,,,,,,,,,,,,,,,,,,3,,
,,,,,,,,,,,,,,,,,,\SystemRoot\System32\Config\SAM,,,,,,,,,,,,,,,,,,,,,1,,,,,,,,,,,,,,,,,,,,,,2026-04-01 19:15:52.330137+00:00,,,,,,,,,,,,,,,,,,,,,,,,,,,,,,,,,,,,,,,,,,,,,26,,,,,,,,,,,,,,,,,,,,,,,,,,,,,,,,,,,,,,,,,,,,,,,,,,,,,16,,,,,,,,,,,,,,,,,,,,,,,,,,,,,,,,,31,,,,,,,,,,,,,,,,,,,,1,,
,,,,,,,,,,,,,,,,,,\Device\HarddiskVolume1\EFI\Microsoft\Boot\BCD,,,,,,,,,,,,,,,,,,,,,102,,,,,,,,,,,,,,,,,,,,,,2026-04-01 19:15:53.211437+00:00,,,,,,,,,,,,,,,,,,,,,,,,,,,,,,,,,,,,,,,,,,,,,27,,,,,,,,,,,,,,,,,,,,,,,,,,,,,,,,,,,,,,,,,,,,,,,,,,,,,16,,,,,,,,,,,,,,,,,,,,,,,,,,,,,,,,,46,,,,,,,,,,,,,,,,,,,,2,,
,,,,,,,,,,,,,,,,,,\Device\HarddiskVolume1\EFI\Microsoft\Boot\BCD,,,,,,,,,,,,,,,,,,,,,102,,,,,,,,,,,,,,,,,,,,,,2026-04-01 19:15:53.215034+00:00,,,,,,,,,,,,,,,,,,,,,,,,,,,,,,,,,,,,,,,,,,,,,28,,,,,,,,,,,,,,,,,,,,,,,,,,,,,,,,,,,,,,,,,,,,,,,,,,,,,16,,,,,,,,,,,,,,,,,,,,,,,,,,,,,,,,,46,,,,,,,,,,,,,,,,,,,,2,,
,,,,,,,,,,,,,,,,,,\Device\HarddiskVolume1\EFI\Microsoft\Boot\BCD,,,,,,,,,,,,,,,,,,,,,102,,,,,,,,,,,,,,,,,,,,,,2026-04-01 19:15:53.216507+00:00,,,,,,,,,,,,,,,,,,,,,,,,,,,,,,,,,,,,,,,,,,,,,29,,,,,,,,,,,,,,,,,,,,,,,,,,,,,,,,,,,,,,,,,,,,,,,,,,,,,16,,,,,,,,,,,,,,,,,,,,,,,,,,,,,,,,,46,,,,,,,,,,,,,,,,,,,,2,,
,,,,,,,,,,,,,,,,,,\SystemRoot\System32\Config\SOFTWARE,,,,,,,,,,,,,,,,,,,,,256259,,,,,,,,,,,,,,,,,,,,,,2026-04-01 19:15:53.251270+00:00,,,,,,,,,,,,,,,,,,,,,,,,,,,,,,,,,,,,,,,,,,,,,30,,,,,,,,,,,,,,,,,,,,,,,,,,,,,,,,,,,,,,,,,,,,,,,,,,,,,16,,,,,,,,,,,,,,,,,,,,,,,,,,,,,,,,,36,,,,,,,,,,,,,,,,,,,,16950,,
,,,,,,,,,,,,2,,,,,,,,,,,,,,,,,,,,,,,,,,,,0,,,,,,,,,,,,,,,,,,,,,2026-04-01 19:15:53.277632+00:00,,,,,,,,,,,,,,,,,,,,,,,,,,,,,,,,,,,,,,,,,,,,,31,,,,,,,,,,,,,,,,,,0,,,,,,,,,,,,,,,,,,,,,0,,,,,,,,,420,,,,,24,,,,,,,,,,,,,,,,,,,,,,,,,,,,,,,,,,,,,,,,,,,,,,,,,,,,,,,
,,,,,,,,,,,,,,,,,,\SystemRoot\System32\config\DRIVERS,,,,,,,,,,,,,,,,,,,,,23927,,,,,,,,,,,,,,,,,,,,,,2026-04-01 19:15:53.307299+00:00,,,,,,,,,,,,,,,,,,,,,,,,,,,,,,,,,,,,,,,,,,,,,32,,,,,,,,,,,,,,,,,,,,,,,,,,,,,,,,,,,,,,,,,,,,,,,,,,,,,16,,,,,,,,,,,,,,,,,,,,,,,,,,,,,,,,,35,,,,,,,,,,,,,,,,,,,,1060,,
,,,,,,,,,,,,,,,,,,\Device\HarddiskVolume1\EFI\Microsoft\Boot\BCD,,,,,,,,,,,,,,,,,,,,,102,,,,,,,,,,,,,,,,,,,,,,2026-04-01 19:15:53.487734+00:00,,,,,,,,,,,,,,,,,,,,,,,,,,,,,,,,,,,,,,,,,,,,,33,,,,,,,,,,,,,,,,,,,,,,,,,,,,,,,,,,,,,,,,,,,,,,,,,,,,,16,,,,,,,,,,,,,,,,,,,,,,,,,,,,,,,,,46,,,,,,,,,,,,,,,,,,,,2,,
,,,,,,,,,,,,,,,,,,\??\C:\Users\Default\NTUSER.DAT,,,,,,,,,,,,,,,,,,,,,24,,,,,,,,,,,,,,,,,,,,,,2026-04-01 19:15:57.507149+00:00,,,,,,,,,,,,,,,,,,,,,,,,,,,,,,,,,,,,,,,,,,,,,34,,,,,,,,,,,,,,,,,,,,,,,,,,,,,,,,,,,,,,,,,,,,,,,,,,,,,16,,,,,,,,,,,,,,,,,,,,,,,,,,,,,,,,,31,,,,,,,,,,,,,,,,,,,,6,,
,,,,,,,,,,,,,,,,,False,,,,,,,,,,,,,,,,,,,,,,,,,,,,,,False,,,,,False,,,,,,,,,2026-04-01 19:15:57.744967+00:00,,,,,,,,,,,,,,,,,,,,,,,,,,,,,,,,,,,,,,,,,,,,,35,,,,,,,,,,,,,,,,,,,,,,,,,,,,,,,,,,,,,,,,,,,,,0,,,,,,,,19,,,,,,,,,,,,,,,,,,,,,,,,,,,,,,,,,,,,,,,,,,,,,,,False,,,,,,,,
,,,,,,,,,,,,,,,,,,,,,,,,,,,,,,,,,,,,0001-01-01 00:00:00,,,,,,,,,,,,,,,,,,,,,,,,,2026-04-01 19:15:57.744984+00:00,,,,,,,,,,,,,,,,False,,,,,,,,,,,,,,,False,,,,,,,,,,,,,,36,,,,,,,,,,,,,,,,,,,,,,,,,,,,,,,0,,,,,,,,,,,,,,0,,,,,,,,25,,,,,,,,,,,,,,,,,,,,,,,,,,,,,,,,,,,,,,,,,,,,,,,,,,,,,,,
,,,,,,,,,,,,,,,,,,,,,,,,,,,,,,,,,,,,,,,,,,,,,,,,,,,,,,,,,,,,,2026-04-01 19:15:57.745586+00:00,,,,,,,,,,,,,,,,,,,,,,,,,,,,,,,,,,,,,,,,,,,,,37,False,,,,,,,,,,,,,,,,,,,,,,,,,,,,,,,,,,,,,,,,,,,,0,,,,,,,,23,,,,,,,,,False,,,,,,,,,,,,,,,,,,,,,,,,,,,,,,,,,False,,,,,,,,,,,,,
,,,,,,,,,,,,,,,,,,,,,,,,,,,,,,,,,,,,,,,,,,,,,,,,,,,,,,,,,,,,,2026-04-01 19:15:57.875971+00:00,,,,,,,,,,,,,,,,,,,,,,,,,,,,,,,,,,,,,,,,,,,,,38,,,,0,,,,,,,0,,,,,,,,,,,,,,,,,,,,,,,,,,,,,,,,,,,,,,,,,,14,,0,,,,,,,,,,,,,,,,,,,,,,,,,,,,,,,,,,,,,,,,,,,,,,,,,,,,,
,,,,,,,,,,,,,,,,,,,,,,,,,,,,,,,,,,,,,,,,,,,,,,,,,,,,,,,,,,,,,2026-04-01 19:15:57.884758+00:00,,,,,,,,,,,,,,,,,,,,,,,,,,,,,,,,,,,,,,,,,,,,,39,,,,,,,,,,,,,,,,,,,,,,,,,,,,,,,,,,4,,,,,,,,,,,,,,,,,,,12,,,,,,,,,,,,,,,,,,,,,,,,,,,,,,,,,,,,,,,,,,,,,,,,,,,,,,,
,,,,,,,,,,,,,,,,,,,,,,,,,,,,,,,,,,,,,,,,,,,,,,,,,,,,,0,,,,,,,,2026-04-01 19:15:57.946388+00:00,,,,,,,,,,,,,,,,,,,,,,,,,,,,,,,,,,,,,,,,,,,,,40,,0,,,,,,,,,,,,,,,,,,,,,,,,,,,,,,,,,,,,,,,,,,,,,,,,,,,6156,,,,,,,,1,,,,,,,,,,,,,,,,,,,,,,,,,,,,,,,,,,,,0,0,,,,,,,,,,
,,,,,,,,,,,,,,,,,,,,,,,,,,,,,,,,,,,,,,,,,,,,,,,,,,,,,,,,,,,,,2026-04-01 19:15:58.181870+00:00,,,,,,,,,,,,,,,,,,,,,,,,,,,,,,,,,,,,,,,,,,,,,41,,,,,,,,,,,,,,,,,,,,,,,,,,,,,,,,,,,,,,,,,,,,,,,,,,,,,16962,,,,,,,,,,,,,,,,,,,,,,,,,,,,,,,,,,,,,,,,,,,,,,O:SYG:SYD:(A;;RC;;;BA),,,,,,,,,
,,,,,,,,,,,,,,,,,,,,,,,,,,,,,,,,,,,,,,,,,,,,0,,,,,,,,,,,,,,,,,2026-04-01 19:15:58.195696+00:00,,,,,,,,,,,,,,,,,,,,,,,,,,,,,,,,,,,-1,,,,,,,,,,42,,,,,,,,,,,,,,,,,,,,,,,,,,,,,,,,,,,,,,,,,,,,,,,,,,,,,16977,,,,,,,,,,,,,,,,,,,,,,,,,,,,,,,,,,,,,,,,,,,,,,,,,,,,,,,0
,,,,,,,,,,,,,,,,,,,,,,,,,,,,,,,,,,,,,,,,,,,,,,,,,,,,,,,,,,,,,2026-04-01 19:15:58.195698+00:00,,,,,,,,,,,,,,,,,,,,,,,,,,,,,,,,,,,,,,,,,,,,,43,,,,,,,,,,,,,,,,,,,,,,,,,,,,,,,,,,,,,,,,,,,,,,,,,,,,,16983,,,,,,,,,,,,,,,,,,,,,,,,,,,,,,,,,,,,,,,,,,,,,,,,,,,,,,,
,,,,,0,,,,,,,,,,,,,,,,,,,,,,,,,,,,,,,,,,,,,,,,,,,,,,,,,,,,,,,,2026-04-01 19:16:16.668665+00:00,,,,,,,,,,,,,,,,,,,,,,,,,,,,,,,,,,,,,,,,,,,,,44,,,,,,,,,,,,,,,,,,,,,,,,,,,,,,,,,,,,,,,,,,,,,,,,,,,,,98,,,,\Device\HarddiskVolume4,,,,,,,,,\\?\Volume{fca9b761-f183-4070-98ba-e8e2ddff5456},,,,,,,,,,,,,,,,,,,,,,,,,,,,,,,,,,,,,,,,,,
,,,,,,,,,,,,,,,,,,\Device\HarddiskVolume1\EFI\Microsoft\Recovery\BCD,,,,,,,,,,,,,,,,,,,,,41,,,,,,,,,,,,,,,,,,,,,,2026-04-01 19:16:17.956383+00:00,,,,,,,,,,,,,,,,,,,,,,,,,,,,,,,,,,,,,,,,,,,,,45,,,,,,,,,,,,,,,,,,,,,,,,,,,,,,,,,,,,,,,,,,,,,,,,,,,,,16,,,,,,,,,,,,,,,,,,,,,,,,,,,,,,,,,50,,,,,,,,,,,,,,,,,,,,2,,
,,,,,,,,,,,,,,,,,,,,,,,,,,,,,,,,,,,,,,,,,,,,,,,,,,10,,,,,,,,,,,2026-04-01 19:16:18.105171+00:00,,,,,,,,,,,,,,0,,,,,,,,,,,,1,,,,,,,,,,,,,,0,,,,,46,,,,,,,,,,,,,,,,,,,,,,,,,,,,,,,,,,,,,,,,,0,,,,,,,,,,,,2005,,,,,,,,,,,,,,,,,,,,26100,,,,,,,,,,,,,,,,,,,,,,,,,,,,,,,,,,,
,,,,,,,,,,,,,,,,,,\??\C:\WINDOWS\System32\config\COMPONENTS,,,,,,,,,,,,,,,,,,,,,83047,,,,,,,,,,,,,,,,,,,,,,2026-04-01 19:16:18.552238+00:00,,,,,,,,,,,,,,,,,,,,,,,,,,,,,,,,,,,,,,,,,,,,,47,,,,,,,,,,,,,,,,,,,,,,,,,,,,,,,,,,,,,,,,,,,,,,,,,,,,,16,,,,,,,,,,,,,,,,,,,,,,,,,,,,,,,,,41,,,,,,,,,,,,,,,,,,,,8784,,
,,,,,,,,,,,,,,,,,,,,,,,,,,,,,,,,,,,,,,,,,,,,0,,,,,,,,,,,,,,,,,2026-04-01 19:16:18.772192+00:00,,,,,,,,,,,,,,,,,,,,,,,,,,,,,,,,,,,-1,,,,,,,,,,48,,,,,,,,,,,,,,,,,,,,,,,,,,,,,,,,,,,,,,,,,,,,,,,,,,,,,16977,,,,,,,,,,,,,,,,,,,,,,,,,,,,,,,,,,,,,,,,,,,,,,,,,,,,,,,0
,,,,,,,,,,,,,,,,,,\SystemRoot\System32\Config\BBI,,,,,,,,,,,,,,,,,,,,,1,,,,,,,,,,,,,,,,,,,,,,2026-04-01 19:16:19.226418+00:00,,,,,,,,,,,,,,,,,,,,,,,,,,,,,,,,,,,,,,,,,,,,,49,,,,,,,,,,,,,,,,,,,,,,,,,,,,,,,,,,,,,,,,,,,,,,,,,,,,,16,,,,,,,,,,,,,,,,,,,,,,,,,,,,,,,,,31,,,,,,,,,,,,,,,,,,,,1,,
,,,,,,,,,,,,,,,,,,,,,,,,,,,,,,,,,,,,,,,,,,,,,,,,,,,,,,,,2033-08-14 04:35:15+00:00,,,,,2026-04-01 19:16:19.456142+00:00,,,,,,,,,,,,,,,,,,,,,,,13,,,,,,,,,,,,,,,,,,,,,,50,,,,,,,,,,,,,,,,,,,,,,,,,,,,,,,,0,,,,0x00000000,,,,,,,,,,,,,,,,,6,,,,applockerfltr,,,,,,,,,,,,,,,,,,,,,,,,,,,,,,,,,,,,,,,,,,,,,,,,10,,,
,,,,,,,,,,,,,,,,,,,,,,,,,,,,,,,,,,,,,,,,,,,,,,,,,,,,,,,,,,,,,2026-04-01 19:16:19.532640+00:00,,,,,,,,,,,,,,,,,,,,,,,,,,,,,,,,%%21,,,,,,,,,,,,,51,,,,,,,,,,,,,,,,,,,,,,,,,,,,,,,,,,,,,,,,,,,,,,,,,,,,,7023,,,,,,,,,,,,,,,,,,,,,,,netprofm,,,,,,,,,,,,,,,,,,,,,,,,,,,,,,,,
,,,,,,,,,,,,,,,,,,,,,,,,,,,,,,,,,,,,,,,,,,,,,,,,,,,,,,,,2086-03-20 04:03:22+00:00,,,,,2026-04-01 19:16:19.595905+00:00,,,,,,,,,,,,,,,,,,,,,,,3,,,,,,,,,,,,,,,,,,,,,,52,,,,,,,,,,,,,,,,,,,,,,,,,,,,,,,,0,,,,0x00000000,,,,,,,,,,,,,,,,,6,,,,bfs,,,,,,,,,,,,,,,,,,,,,,,,,,,,,,,,,,,,,,,,,,,,,,,,10,,,
,,,,,,,,,,,,,,,,,,,,,,,,,,,,,,,,,,,,,,,,,,,,,,,,,,,,,,,,1985-11-26 07:47:21+00:00,,,,,2026-04-01 19:16:19.611246+00:00,,,,,,,,,,,,,,,,,,,,,,,5,,,,,,,,,,,,,,,,,,,,,,53,,,,,,,,,,,,,,,,,,,,,,,,,,,,,,,,0,,,,0x00000000,,,,,,,,,,,,,,,,,6,,,,wcifs,,,,,,,,,,,,,,,,,,,,,,,,,,,,,,,,,,,,,,,,,,,,,,,,10,,,
,,,,,,,,,,,,,,,,,,,,,,,,,,,,,,,,,,,,,,,,,,,,,,,,,,,,,,,,2057-06-14 06:55:30+00:00,,,,,2026-04-01 19:16:19.624056+00:00,,,,,,,,,,,,,,,,,,,,,,,5,,,,,,,,,,,,,,,,,,,,,,54,,,,,,,,,,,,,,,,,,,,,,,,,,,,,,,,0,,,,0x00000000,,,,,,,,,,,,,,,,,6,,,,luafv,,,,,,,,,,,,,,,,,,,,,,,,,,,,,,,,,,,,,,,,,,,,,,,,10,,,
,,,,,,,,,,,,,,,,,,,,,,,,,,,,,,,,,,,,,,,,,,,,,,,,,,,,,,,,1991-05-02 13:16:55+00:00,,,,,2026-04-01 19:16:19.640377+00:00,,,,,,,,,,,,,,,,,,,,,,,6,,,,,,,,,,,,,,,,,,,,,,55,,,,,,,,,,,,,,,,,,,,,,,,,,,,,,,,0,,,,0x00000000,,,,,,,,,,,,,,,,,6,,,,CldFlt,,,,,,,,,,,,,,,,,,,,,,,,,,,,,,,,,,,,,,,,,,,,,,,,10,,,
,,,,,,,,,,,,,,,,,,,,,,,,,,,,,,,,,,,,,,,,,,,,,,,,,,,,,,,,1991-05-02 13:16:55+00:00,,,,,2026-04-01 19:16:19.640383+00:00,,,,,,,,,,,,,,,,,,,,,,,6,,,,,,,,,,,,,,,,,,,,,,56,,,,,,,,,,,,,,,,,,,,,,,,,,,,,,,,0,,,,0x00000000,,,,,,,,,,,,,,,,,1,,,,CldFlt,,,,,,,,,,,,,,,,,,,,,,,,,,,,,,,,,,,,,,,,,,,,,,,,10,,,
,,,,,,,,,,,,,,,,,,,,,,,,,,,,,,,,,,,,,,,,,,,,,,,,,,,,,,,,1991-05-02 13:16:55+00:00,,,,,2026-04-01 19:16:19.640455+00:00,,,,,,,,,,,,,,,,,,,,,,,6,,,,,,,,,,,,,,,,,,,,,,57,,,,,,,,,,,,,,,,,,,,,,,,,,,,,,,,0,,,,0x00000000,,,,,,,,,,,,,,,,,6,,,,CldFlt,,,,,,,,,,,,,,,,,,,,,,,,,,,,,,,,,,,,,,,,,,,,,,,,10,,,
,,,,,,,,,,,,,,,,,,,,,,,,,,,,,,,,,,,,,,,,,,,,,,,,,,,,,,,,2017-11-02 22:31:51+00:00,,,,,2026-04-01 19:16:19.647207+00:00,,,,,,,,,,,,,,,,,,,,,,,7,,,,,,,,,,,,,,,,,,,,,,58,,,,,,,,,,,,,,,,,,,,,,,,,,,,,,,,0,,,,0x00000000,,,,,,,,,,,,,,,,,6,,,,UnionFS,,,,,,,,,,,,,,,,,,,,,,,,,,,,,,,,,,,,,,,,,,,,,,,,10,,,
,,,,,,,,,,,,,,,,,,,,,,,,,,,,,,,,,,,,,,,,,,,,,,,,,,,,,,,,2016-04-28 15:00:23+00:00,,,,,2026-04-01 19:16:19.656233+00:00,,,,,,,,,,,,,,,,,,,,,,,10,,,,,,,,,,,,,,,,,,,,,,59,,,,,,,,,,,,,,,,,,,,,,,,,,,,,,,,0,,,,0x00000000,,,,,,,,,,,,,,,,,6,,,,storqosflt,,,,,,,,,,,,,,,,,,,,,,,,,,,,,,,,,,,,,,,,,,,,,,,,10,,,
,,,,,,,,,,,,,,,,,,,,,,,,,,,,,,,,,,,,,,,,,,,,,,,,,,,,,,,,2061-11-20 00:48:12+00:00,,,,,2026-04-01 19:16:19.661772+00:00,,,,,,,,,,,,,,,,,,,,,,,4,,,,,,,,,,,,,,,,,,,,,,60,,,,,,,,,,,,,,,,,,,,,,,,,,,,,,,,0,,,,0x00000000,,,,,,,,,,,,,,,,,6,,,,UCPD,,,,,,,,,,,,,,,,,,,,,,,,,,,,,,,,,,,,,,,,,,,,,,,,10,,,
,,,,,,,,,,,,,,,,,,,,,,,,,,,,,,,,,,,,,,,,,,,,,,,,,,,,,,,,2081-10-17 14:34:26+00:00,,,,,2026-04-01 19:16:19.672192+00:00,,,,,,,,,,,,,,,,,,,,,,,7,,,,,,,,,,,,,,,,,,,,,,61,,,,,,,,,,,,,,,,,,,,,,,,,,,,,,,,0,,,,0x00000000,,,,,,,,,,,,,,,,,6,,,,bindflt,,,,,,,,,,,,,,,,,,,,,,,,,,,,,,,,,,,,,,,,,,,,,,,,10,,,
,,,,,,,,,,,,,,,,,,,,,,,,,,,,,,,,,,,,,,,,,,,,,,,,,,,,,,,,,,,,,2026-04-01 19:16:20.834202+00:00,,,,,,,,,,,,,,,,,,,,,,,,,,,,,,,,,,,,,,,,,,,,,62,,,,,,,,,,,,,,,,,,,,,,,,,,,,,,,,,,,,,,,,,,,,,,,,,,,,,50036,,,,,,,,,,,,,,,,,,,,,,,,,,,,,,,,,,,,,,,,,,,,,,,,,,,,,,,
,,,,,,,,,,,,,,,,,,,,,,,,,,,,,,,,,,,,,,,,,,,,,,,,,,,,,,,,,,,,,2026-04-01 19:16:20.834414+00:00,,,,,,,,,,,,,,,,,,,,,,,,,,,,,,,,,,,,,,,,,,,,,63,,,,,,,,,,,,,,,,,,,,,,,,,,,,,,,,,,,,,,,,,,,,,,,,,,,,,50103,,,,,,,,,,,,,,,,,,,,,,,,,,,,,,,,,,,,,,,,,,,,,,,,,,,,,,,
,,,,,,,,,,,,,,,,,,,,,,,,,,,,,,,,,,,,,,,,,,,,,,,,,,,,,,,,,,,,,2026-04-01 19:16:20.834700+00:00,,,,,,,,,,,,,,,,,,,,,,,,,,,,,,,,,,,,,,,,,,,,,64,,,,,,,,,,,,,,,,,,,,,,,,,,,,,,,,,,,,,,,,,,,,,,,,,,,,,50036,,,,,,,,,,,,,,,,,,,,,,,,,,,,,,,,,,,,,,,,,,,,,,,,,,,,,,,
,,,,,,,,,,,,,,,,,,,,,,,,,,,,,,,,,,,,,,,,,,,,,,,,,,,,,,,,,,,,,2026-04-01 19:16:20.868479+00:00,,,,,,,,,,,,,,,,,,,,,,,,,,,,,,,,,,,,,,,,,,,,,65,,,,,,,,,,,,,,,,,,,,,,,,,,,,,,,,,,,,,,,,,,,,,,,,,,,,,51046,,,,,,,,,,,,,,,,,,,,,,,,,,,,,,,,,,,,,,,,,,,,,,,,,,,,,,,
,,,,,,,,,,,,,,4,,,,,,,,,,,,,,,,,,,,,,,,,,,,,,,,,,,,,,,,,,,,,,,2026-04-01 19:16:21.473598+00:00,,,,,,,,,,,,,,,,,,,,,,,,,,,,,,,,,,,,,,0,,,,,,,66,,,,,,,,,,,,,,,,,,,,,,,,,,,,S-1-5-18,,,,,,,,,,,,,,,,,,,,,,,,,112,,,,,,,,,,,,,,,,,,,,,,,,,,,,,http://*:5357/,,,,,,,,,,,,,,,,,,,,,,,,,,
,,,,,,,,,,,,,,4,,,,,,,,,,,,,,,,,,,,,,,,,,,,,,,,,,,,,,,,,,,,,,,2026-04-01 19:16:21.473606+00:00,,,,,,,,,,,,,,,,,,,,,,,,,,,,,,,,,,,,,,0,,,,,,,67,,,,,,,,,,,,,,,,,,,,,,,,,,,,S-1-5-18,,,,,,,,,,,,,,,,,,,,,,,,,112,,,,,,,,,,,,,,,,,,,,,,,,,,,,,http://+:80/Temporary_Listen_Addresses/,,,,,,,,,,,,,,,,,,,,,,,,,,
,,,,,,,,,,,,,,4,,,,,,,,,,,,,,,,,,,,,,,,,,,,,,,,,,,,,,,,,,,,,,,2026-04-01 19:16:21.473610+00:00,,,,,,,,,,,,,,,,,,,,,,,,,,,,,,,,,,,,,,0,,,,,,,68,,,,,,,,,,,,,,,,,,,,,,,,,,,,S-1-5-18,,,,,,,,,,,,,,,,,,,,,,,,,112,,,,,,,,,,,,,,,,,,,,,,,,,,,,,https://*:5358/,,,,,,,,,,,,,,,,,,,,,,,,,,
,,,,,,,,,,,,,,4,,,,,,,,,,,,,,,,,,,,,,,,,,,,,,,,,,,,,,,,,,,,,,,2026-04-01 19:16:21.473616+00:00,,,,,,,,,,,,,,,,,,,,,,,,,,,,,,,,,,,,,,0,,,,,,,69,,,,,,,,,,,,,,,,,,,,,,,,,,,,S-1-5-18,,,,,,,,,,,,,,,,,,,,,,,,,112,,,,,,,,,,,,,,,,,,,,,,,,,,,,,http://*:2869/,,,,,,,,,,,,,,,,,,,,,,,,,,
,,,,,,,,,,,,,,4,,,,,,,,,,,,,,,,,,,,,,,,,,,,,,,,,,,,,,,,,,,,,,,2026-04-01 19:16:21.473619+00:00,,,,,,,,,,,,,,,,,,,,,,,,,,,,,,,,,,,,,,0,,,,,,,70,,,,,,,,,,,,,,,,,,,,,,,,,,,,S-1-5-18,,,,,,,,,,,,,,,,,,,,,,,,,112,,,,,,,,,,,,,,,,,,,,,,,,,,,,,https://+:5986/wsman/,,,,,,,,,,,,,,,,,,,,,,,,,,
,,,,,,,,,,,,,,4,,,,,,,,,,,,,,,,,,,,,,,,,,,,,,,,,,,,,,,,,,,,,,,2026-04-01 19:16:21.473627+00:00,,,,,,,,,,,,,,,,,,,,,,,,,,,,,,,,,,,,,,0,,,,,,,71,,,,,,,,,,,,,,,,,,,,,,,,,,,,S-1-5-18,,,,,,,,,,,,,,,,,,,,,,,,,112,,,,,,,,,,,,,,,,,,,,,,,,,,,,,http://+:47001/wsman/,,,,,,,,,,,,,,,,,,,,,,,,,,
,,,,,,,,,,,,,,4,,,,,,,,,,,,,,,,,,,,,,,,,,,,,,,,,,,,,,,,,,,,,,,2026-04-01 19:16:21.473629+00:00,,,,,,,,,,,,,,,,,,,,,,,,,,,,,,,,,,,,,,0,,,,,,,72,,,,,,,,,,,,,,,,,,,,,,,,,,,,S-1-5-18,,,,,,,,,,,,,,,,,,,,,,,,,112,,,,,,,,,,,,,,,,,,,,,,,,,,,,,http://+:5985/wsman/,,,,,,,,,,,,,,,,,,,,,,,,,,
,,,,,,,,,,,,,,4,,,,,,,,,,,,,,,,,,,,,,,,,,,,,,,,,,,,,,,,,,,,,,,2026-04-01 19:16:21.473635+00:00,,,,,,,,,,,,,,,,,,,,,,,,,,,,,,,,,,,,,,0,,,,,,,73,,,,,,,,,,,,,,,,,,,,,,,,,,,,S-1-5-18,,,,,,,,,,,,,,,,,,,,,,,,,112,,,,,,,,,,,,,,,,,,,,,,,,,,,,,https://+:3392/rdp/,,,,,,,,,,,,,,,,,,,,,,,,,,
,,,,,,,,,,,,,,4,,,,,,,,,,,,,,,,,,,,,,,,,,,,,,,,,,,,,,,,,,,,,,,2026-04-01 19:16:21.473640+00:00,,,,,,,,,,,,,,,,,,,,,,,,,,,,,,,,,,,,,,0,,,,,,,74,,,,,,,,,,,,,,,,,,,,,,,,,,,,S-1-5-18,,,,,,,,,,,,,,,,,,,,,,,,,112,,,,,,,,,,,,,,,,,,,,,,,,,,,,,https://+:443/sra_{BA195980-CD49-458b-9E23-C84EE0ADCD75}/,,,,,,,,,,,,,,,,,,,,,,,,,,
,,,,,,,,,,,,,,4,,,,,,,,,,,,,,,,,,,,,,,,,,,,,,,,,,,,,,,,,,,,,,,2026-04-01 19:16:21.473646+00:00,,,,,,,,,,,,,,,,,,,,,,,,,,,,,,,,,,,,,,0,,,,,,,75,,,,,,,,,,,,,,,,,,,,,,,,,,,,S-1-5-18,,,,,,,,,,,,,,,,,,,,,,,,,112,,,,,,,,,,,,,,,,,,,,,,,,,,,,,http://+:10247/apps/,,,,,,,,,,,,,,,,,,,,,,,,,,
,,,,,,,,,,,,,,4,,,,,,,,,,,,,,,,,,,,,,,,,,,,,,,,,,,,,,,,,,,,,,,2026-04-01 19:16:21.473650+00:00,,,,,,,,,,,,,,,,,,,,,,,,,,,,,,,,,,,,,,0,,,,,,,76,,,,,,,,,,,,,,,,,,,,,,,,,,,,S-1-5-18,,,,,,,,,,,,,,,,,,,,,,,,,112,,,,,,,,,,,,,,,,,,,,,,,,,,,,,https://+:10245/WMPNSSv4/,,,,,,,,,,,,,,,,,,,,,,,,,,
,,,,,,,,,,,,,,4,,,,,,,,,,,,,,,,,,,,,,,,,,,,,,,,,,,,,,,,,,,,,,,2026-04-01 19:16:21.473656+00:00,,,,,,,,,,,,,,,,,,,,,,,,,,,,,,,,,,,,,,0,,,,,,,77,,,,,,,,,,,,,,,,,,,,,,,,,,,,S-1-5-18,,,,,,,,,,,,,,,,,,,,,,,,,112,,,,,,,,,,,,,,,,,,,,,,,,,,,,,http://+:10243/WMPNSSv4/,,,,,,,,,,,,,,,,,,,,,,,,,,
,,,,,,,,,,,,,,4,,,,,,,,,,,,,,,,,,,,,,,,,,,,,,,,,,,,,,,,,,,,,,,2026-04-01 19:16:21.473660+00:00,,,,,,,,,,,,,,,,,,,,,,,,,,,,,,,,,,,,,,0,,,,,,,78,,,,,,,,,,,,,,,,,,,,,,,,,,,,S-1-5-18,,,,,,,,,,,,,,,,,,,,,,,,,112,,,,,,,,,,,,,,,,,,,,,,,,,,,,,http://+:10246/MDEServer/,,,,,,,,,,,,,,,,,,,,,,,,,,
,,,,,,,,,,,,,,,,,,,system32\drivers\KslD.sys,,,,,,,,,,,,,,,,,,,,,,,,,,,,,,,,,,,,,,demand start,,,,2026-04-01 19:16:23.920040+00:00,,,,,,,,,,,,,,,,,,,,,,,,,,,,,,,,,,,,,,,,,,,,,79,,,,,,,,,,,,,,,,,KslD,,,,,,,,,,,,,,,,,,,,,,,,,,,,,,,,,,,,7045,,,,,,,,,,,,,,,,,,,,,,,,,,,,,,,,kernel mode driver,,,,,,,,,,,,,,,,,,,,,,,
,,,,,,,,,,,,,,,,,,,,,,,,,,,,,,,,,,,,,,,,,,,,,,,,,,,,,,,,,,,,,2026-04-01 19:16:38.722795+00:00,,,,,,,,,,,,,,,,,,,,,,,,,,,,,,,,,,,,,,,,,,,,,80,,,,,,,,,,,,,,,,,,,,,,,,,,,,,,,,,,,,,,,,,,,,,,,,,,,,,3261,,,,,"<string>WORKGROUP</string>
",,,,,,,,,,,,,,,,,,,,,,,,,,,,,,,,,,,,,,,,,,,,,,,,,,
,,,,,,,,,,,,,,,,,,,,,,,,,,,,,,,,,,,,,,,,,,,,,,,,,,,,,,,,,,,,,2026-04-01 19:16:38.547037+00:00,,,,,,,,,,,,,,,,,,,,,,,,,,,,,,,,,,,,,,,,,,,,,81,,,,,,,,,,,,,,,,,,,,,,,,,,,,,,,,,,,,,,,,,,,,,,,,,,,,,7026,,,,,,,,,,,,,,,,,,,,,,,"
dam
uiomap",,,,,,,,,,,,,,,,,,,,,,,,,,,,,,,,
,,,,,,,,,,,,,,,,,,,,,,,,,,,,,,,,,,,,,,,,,,0,,,,,,,,,,,,,,,,,,,2026-04-01 19:16:38.554214+00:00,,,,,,,,,,,,,,,,,,,,,,,,,,,,,,,,,,,,,,,,,,,,,82,,,,,,,,,,,,,,,,,,,,,,,,,,,,,,,,,,,,,,,,,,,,,,,,,,,,,18,,,,,,,,,,,,,,,,,,,,,,,,,,,,,,,,,,,,,,,0x00000014,,,,,,,,,,217,,,,,,
,,,,,,,,,,,,,,,,,,,\SystemRoot\System32\drivers\kdnic.sys,,,,,,,,,,,,,,,,,,,,,,,,,,,,,,,,,,,,,,demand start,,,,2026-04-01 19:16:38.776766+00:00,,,,,,,,,,,,,,,,,,,,,,,,,,,,,,,,,,,,,,,,,,,,,83,,,,,,,,,,,,,,,,,Microsoft Kernel Debug Network Miniport,,,,,,,,,,,,,,,,,,,,,,,,,,,,,,,,,,,,7045,,,,,,,,,,,,,,,,,,,,,,,,,,,,,,,,kernel mode driver,,,,,,,,,,,,,,,,,,,,,,,
,,,,,,,,,,,,,,,,,,,\SystemRoot\System32\drivers\e1i68x64.sys,,,,,,,,,,,,,,,,,,,,,,,,,,,,,,,,,,,,,,demand start,,,,2026-04-01 19:16:38.946890+00:00,,,,,,,,,,,,,,,,,,,,,,,,,,,,,,,,,,,,,,,,,,,,,84,,,,,,,,,,,,,,,,,Intel(R) PRO/1000 PCI Express Network Connection Driver I,,,,,,,,,,,,,,,,,,,,,,,,,,,,,,,,,,,,7045,,,,,,,,,,,,,,,,,,,,,,,,,,,,,,,,kernel mode driver,,,,,,,,,,,,,,,,,,,,,,,
,,,,,,,,,,,,,,,,,,,,,,,,,,,,,,,,,,,,,,,,,,,,,,,,,,,,,,,,,,,,,2026-04-01 19:16:39.314856+00:00,,,,,,,,,,,,,,,,,,,,,,,,,,,,,,,,,,,,,,,,,,,,,85,,,,,,,,,,,,,,,,,,,,,,,,,,,,,,,,,,,,,,,,,,,,,,,,,,,,,32,,,,,"<string>Intel(R) 82574L Gigabit Network Connection</string>
<string></string>
",,,,,,,,,,,,,,,,,,,,,,,,,,,,,,,,,,,,,,,,,,,,,,,,,,
,,,,,,,,,,,,,,,,,,\??\C:\ProgramData\Microsoft\Windows\AppRepository\Packages\1527c705-839a-4832-9118-54d4Bd6a0c89_10.0.19640.1000_neutral_neutral_cw5n1h2txyewy\ActivationStore.dat,,,,,,,,,,,,,,,,,,,,,0,,,,,,,,,,,,,,,,,,,,,,2026-04-01 19:16:40.494482+00:00,,,,,,,,,,,,,,,,,,,,,,,,,,,,,,,,,,,,,,,,,,,,,86,,,,,,,,,,,,,,,,,,,,,,,,,,,,,,,,,,,,,,,,,,,,,,,,,,,,,16,,,,,,,,,,,,,,,,,,,,,,,,,,,,,,,,,162,,,,,,,,,,,,,,,,,,,,0,,
,,,,,,,,,,,,,,,,,,\??\C:\ProgramData\Microsoft\Windows\AppRepository\Packages\c5e2524a-ea46-4f67-841f-6a9465d9d515_10.0.26100.1_neutral_neutral_cw5n1h2txyewy\ActivationStore.dat,,,,,,,,,,,,,,,,,,,,,0,,,,,,,,,,,,,,,,,,,,,,2026-04-01 19:16:40.719103+00:00,,,,,,,,,,,,,,,,,,,,,,,,,,,,,,,,,,,,,,,,,,,,,87,,,,,,,,,,,,,,,,,,,,,,,,,,,,,,,,,,,,,,,,,,,,,,,,,,,,,16,,,,,,,,,,,,,,,,,,,,,,,,,,,,,,,,,159,,,,,,,,,,,,,,,,,,,,0,,
,,,,,,,,,,,,,,,,,,\??\C:\ProgramData\Microsoft\Windows\AppRepository\Packages\E2A4F912-2574-4A75-9BB0-0D023378592B_10.0.19640.1000_neutral_neutral_cw5n1h2txyewy\ActivationStore.dat,,,,,,,,,,,,,,,,,,,,,0,,,,,,,,,,,,,,,,,,,,,,2026-04-01 19:16:41.002285+00:00,,,,,,,,,,,,,,,,,,,,,,,,,,,,,,,,,,,,,,,,,,,,,88,,,,,,,,,,,,,,,,,,,,,,,,,,,,,,,,,,,,,,,,,,,,,,,,,,,,,16,,,,,,,,,,,,,,,,,,,,,,,,,,,,,,,,,162,,,,,,,,,,,,,,,,,,,,0,,
,,,,,,,,,,,,,,,,,,\??\C:\ProgramData\Microsoft\Windows\AppRepository\Packages\F46D4000-FD22-4DB4-AC8E-4E1DDDE828FE_10.0.26100.1_neutral_neutral_cw5n1h2txyewy\ActivationStore.dat,,,,,,,,,,,,,,,,,,,,,0,,,,,,,,,,,,,,,,,,,,,,2026-04-01 19:16:41.176296+00:00,,,,,,,,,,,,,,,,,,,,,,,,,,,,,,,,,,,,,,,,,,,,,89,,,,,,,,,,,,,,,,,,,,,,,,,,,,,,,,,,,,,,,,,,,,,,,,,,,,,16,,,,,,,,,,,,,,,,,,,,,,,,,,,,,,,,,159,,,,,,,,,,,,,,,,,,,,0,,
,,,,,,,,,,,,,,,,,,\??\C:\ProgramData\Microsoft\Windows\AppRepository\Packages\Microsoft.AAD.BrokerPlugin_1000.19580.1000.2_neutral_neutral_cw5n1h2txyewy\ActivationStore.dat,,,,,,,,,,,,,,,,,,,,,0,,,,,,,,,,,,,,,,,,,,,,2026-04-01 19:16:41.468649+00:00,,,,,,,,,,,,,,,,,,,,,,,,,,,,,,,,,,,,,,,,,,,,,90,,,,,,,,,,,,,,,,,,,,,,,,,,,,,,,,,,,,,,,,,,,,,,,,,,,,,16,,,,,,,,,,,,,,,,,,,,,,,,,,,,,,,,,154,,,,,,,,,,,,,,,,,,,,0,,
,,,,,,,,,,,,,,,,,,\??\C:\ProgramData\Microsoft\Windows\AppRepository\Packages\Microsoft.AccountsControl_10.0.26100.1_neutral__cw5n1h2txyewy\ActivationStore.dat,,,,,,,,,,,,,,,,,,,,,0,,,,,,,,,,,,,,,,,,,,,,2026-04-01 19:16:41.739332+00:00,,,,,,,,,,,,,,,,,,,,,,,,,,,,,,,,,,,,,,,,,,,,,91,,,,,,,,,,,,,,,,,,,,,,,,,,,,,,,,,,,,,,,,,,,,,,,,,,,,,16,,,,,,,,,,,,,,,,,,,,,,,,,,,,,,,,,141,,,,,,,,,,,,,,,,,,,,0,,
,,,,,,,,,,,,,,,,,,\??\C:\ProgramData\Microsoft\Windows\AppRepository\Packages\Microsoft.AsyncTextService_10.0.26100.1_neutral__8wekyb3d8bbwe\ActivationStore.dat,,,,,,,,,,,,,,,,,,,,,0,,,,,,,,,,,,,,,,,,,,,,2026-04-01 19:16:41.948593+00:00,,,,,,,,,,,,,,,,,,,,,,,,,,,,,,,,,,,,,,,,,,,,,92,,,,,,,,,,,,,,,,,,,,,,,,,,,,,,,,,,,,,,,,,,,,,,,,,,,,,16,,,,,,,,,,,,,,,,,,,,,,,,,,,,,,,,,142,,,,,,,,,,,,,,,,,,,,0,,
,,,,,,,,,,,,,,,,,,\??\C:\ProgramData\Microsoft\Windows\AppRepository\Packages\Microsoft.BioEnrollment_10.0.19587.1000_neutral__cw5n1h2txyewy\ActivationStore.dat,,,,,,,,,,,,,,,,,,,,,0,,,,,,,,,,,,,,,,,,,,,,2026-04-01 19:16:42.166075+00:00,,,,,,,,,,,,,,,,,,,,,,,,,,,,,,,,,,,,,,,,,,,,,93,,,,,,,,,,,,,,,,,,,,,,,,,,,,,,,,,,,,,,,,,,,,,,,,,,,,,16,,,,,,,,,,,,,,,,,,,,,,,,,,,,,,,,,142,,,,,,,,,,,,,,,,,,,,0,,
,,,,,,,,,,,,,,,,,,\??\C:\ProgramData\Microsoft\Windows\AppRepository\Packages\Microsoft.CredDialogHost_10.0.19595.1001_neutral__cw5n1h2txyewy\ActivationStore.dat,,,,,,,,,,,,,,,,,,,,,0,,,,,,,,,,,,,,,,,,,,,,2026-04-01 19:16:42.345383+00:00,,,,,,,,,,,,,,,,,,,,,,,,,,,,,,,,,,,,,,,,,,,,,94,,,,,,,,,,,,,,,,,,,,,,,,,,,,,,,,,,,,,,,,,,,,,,,,,,,,,16,,,,,,,,,,,,,,,,,,,,,,,,,,,,,,,,,143,,,,,,,,,,,,,,,,,,,,0,,
,,,,,,,,,,,,,,,,,,\??\C:\ProgramData\Microsoft\Windows\AppRepository\Packages\Microsoft.ECApp_10.0.26100.4061_neutral__8wekyb3d8bbwe\ActivationStore.dat,,,,,,,,,,,,,,,,,,,,,0,,,,,,,,,,,,,,,,,,,,,,2026-04-01 19:16:42.534527+00:00,,,,,,,,,,,,,,,,,,,,,,,,,,,,,,,,,,,,,,,,,,,,,95,,,,,,,,,,,,,,,,,,,,,,,,,,,,,,,,,,,,,,,,,,,,,,,,,,,,,16,,,,,,,,,,,,,,,,,,,,,,,,,,,,,,,,,134,,,,,,,,,,,,,,,,,,,,0,,
,,,,,,,,,,,,,,,,,,\??\C:\ProgramData\Microsoft\Windows\AppRepository\Packages\Microsoft.LockApp_10.0.26100.4202_neutral__cw5n1h2txyewy\ActivationStore.dat,,,,,,,,,,,,,,,,,,,,,0,,,,,,,,,,,,,,,,,,,,,,2026-04-01 19:16:42.819132+00:00,,,,,,,,,,,,,,,,,,,,,,,,,,,,,,,,,,,,,,,,,,,,,96,,,,,,,,,,,,,,,,,,,,,,,,,,,,,,,,,,,,,,,,,,,,,,,,,,,,,16,,,,,,,,,,,,,,,,,,,,,,,,,,,,,,,,,136,,,,,,,,,,,,,,,,,,,,0,,
,,,,,,,,,,,,,,,,,,\??\C:\ProgramData\Microsoft\Windows\AppRepository\Packages\Microsoft.UI.Xaml.CBS_9.2504.3002.0_x64__8wekyb3d8bbwe\ActivationStore.dat,,,,,,,,,,,,,,,,,,,,,0,,,,,,,,,,,,,,,,,,,,,,2026-04-01 19:16:43.219250+00:00,,,,,,,,,,,,,,,,,,,,,,,,,,,,,,,,,,,,,,,,,,,,,97,,,,,,,,,,,,,,,,,,,,,,,,,,,,,,,,,,,,,,,,,,,,,,,,,,,,,16,,,,,,,,,,,,,,,,,,,,,,,,,,,,,,,,,134,,,,,,,,,,,,,,,,,,,,0,,
,,,,,,,,,,,,,,,,,,\??\C:\ProgramData\Microsoft\Windows\AppRepository\Packages\Microsoft.Win32WebViewHost_10.0.26100.1_neutral_neutral_cw5n1h2txyewy\ActivationStore.dat,,,,,,,,,,,,,,,,,,,,,0,,,,,,,,,,,,,,,,,,,,,,2026-04-01 19:16:43.413593+00:00,,,,,,,,,,,,,,,,,,,,,,,,,,,,,,,,,,,,,,,,,,,,,98,,,,,,,,,,,,,,,,,,,,,,,,,,,,,,,,,,,,,,,,,,,,,,,,,,,,,16,,,,,,,,,,,,,,,,,,,,,,,,,,,,,,,,,149,,,,,,,,,,,,,,,,,,,,0,,
,,,,,,,,,,,,,,,,,,\??\C:\ProgramData\Microsoft\Windows\AppRepository\Packages\Microsoft.Windows.Apprep.ChxApp_1000.25128.1000.0_neutral_neutral_cw5n1h2txyewy\ActivationStore.dat,,,,,,,,,,,,,,,,,,,,,0,,,,,,,,,,,,,,,,,,,,,,2026-04-01 19:16:43.601353+00:00,,,,,,,,,,,,,,,,,,,,,,,,,,,,,,,,,,,,,,,,,,,,,99,,,,,,,,,,,,,,,,,,,,,,,,,,,,,,,,,,,,,,,,,,,,,,,,,,,,,16,,,,,,,,,,,,,,,,,,,,,,,,,,,,,,,,,159,,,,,,,,,,,,,,,,,,,,0,,
,,,,,,,,,,,,,,,,,,\??\C:\ProgramData\Microsoft\Windows\AppRepository\Packages\Microsoft.Windows.AugLoop.CBS_1.1126.2131.0_x64__8wekyb3d8bbwe\ActivationStore.dat,,,,,,,,,,,,,,,,,,,,,0,,,,,,,,,,,,,,,,,,,,,,2026-04-01 19:16:43.766432+00:00,,,,,,,,,,,,,,,,,,,,,,,,,,,,,,,,,,,,,,,,,,,,,100,,,,,,,,,,,,,,,,,,,,,,,,,,,,,,,,,,,,,,,,,,,,,,,,,,,,,16,,,,,,,,,,,,,,,,,,,,,,,,,,,,,,,,,142,,,,,,,,,,,,,,,,,,,,0,,
,,,,,,,,,,,,,,,,,,\??\C:\ProgramData\Microsoft\Windows\AppRepository\Packages\Microsoft.Windows.CapturePicker_10.0.19580.1000_neutral__cw5n1h2txyewy\ActivationStore.dat,,,,,,,,,,,,,,,,,,,,,0,,,,,,,,,,,,,,,,,,,,,,2026-04-01 19:16:43.974642+00:00,,,,,,,,,,,,,,,,,,,,,,,,,,,,,,,,,,,,,,,,,,,,,101,,,,,,,,,,,,,,,,,,,,,,,,,,,,,,,,,,,,,,,,,,,,,,,,,,,,,16,,,,,,,,,,,,,,,,,,,,,,,,,,,,,,,,,150,,,,,,,,,,,,,,,,,,,,0,,
,,,,,,,,,,,,,,,,,,\??\C:\ProgramData\Microsoft\Windows\AppRepository\Packages\Microsoft.Windows.CloudExperienceHost_10.0.26100.1_neutral_neutral_cw5n1h2txyewy\ActivationStore.dat,,,,,,,,,,,,,,,,,,,,,0,,,,,,,,,,,,,,,,,,,,,,2026-04-01 19:16:44.184744+00:00,,,,,,,,,,,,,,,,,,,,,,,,,,,,,,,,,,,,,,,,,,,,,102,,,,,,,,,,,,,,,,,,,,,,,,,,,,,,,,,,,,,,,,,,,,,,,,,,,,,16,,,,,,,,,,,,,,,,,,,,,,,,,,,,,,,,,160,,,,,,,,,,,,,,,,,,,,0,,
,,,,,,,,,,,,,,,,,,\??\C:\ProgramData\Microsoft\Windows\AppRepository\Packages\Microsoft.Windows.ContentDeliveryManager_10.0.26100.1_neutral_neutral_cw5n1h2txyewy\ActivationStore.dat,,,,,,,,,,,,,,,,,,,,,0,,,,,,,,,,,,,,,,,,,,,,2026-04-01 19:16:44.456800+00:00,,,,,,,,,,,,,,,,,,,,,,,,,,,,,,,,,,,,,,,,,,,,,103,,,,,,,,,,,,,,,,,,,,,,,,,,,,,,,,,,,,,,,,,,,,,,,,,,,,,16,,,,,,,,,,,,,,,,,,,,,,,,,,,,,,,,,163,,,,,,,,,,,,,,,,,,,,0,,
,,,,,,,,,,,,,,,,,,\??\C:\ProgramData\Microsoft\Windows\AppRepository\Packages\Microsoft.Windows.NarratorQuickStart_10.0.26100.1_neutral_neutral_8wekyb3d8bbwe\ActivationStore.dat,,,,,,,,,,,,,,,,,,,,,0,,,,,,,,,,,,,,,,,,,,,,2026-04-01 19:16:44.660263+00:00,,,,,,,,,,,,,,,,,,,,,,,,,,,,,,,,,,,,,,,,,,,,,104,,,,,,,,,,,,,,,,,,,,,,,,,,,,,,,,,,,,,,,,,,,,,,,,,,,,,16,,,,,,,,,,,,,,,,,,,,,,,,,,,,,,,,,159,,,,,,,,,,,,,,,,,,,,0,,
,,,,,,,,,,,,,,,,,,\??\C:\ProgramData\Microsoft\Windows\AppRepository\Packages\Microsoft.Windows.OOBENetworkCaptivePortal_10.0.26495.1000_neutral__cw5n1h2txyewy\ActivationStore.dat,,,,,,,,,,,,,,,,,,,,,0,,,,,,,,,,,,,,,,,,,,,,2026-04-01 19:16:44.900818+00:00,,,,,,,,,,,,,,,,,,,,,,,,,,,,,,,,,,,,,,,,,,,,,105,,,,,,,,,,,,,,,,,,,,,,,,,,,,,,,,,,,,,,,,,,,,,,,,,,,,,16,,,,,,,,,,,,,,,,,,,,,,,,,,,,,,,,,161,,,,,,,,,,,,,,,,,,,,0,,
,,,,,,,,,,,,,,,,,,\??\C:\ProgramData\Microsoft\Windows\AppRepository\Packages\Microsoft.Windows.OOBENetworkConnectionFlow_10.0.26495.1000_neutral__cw5n1h2txyewy\ActivationStore.dat,,,,,,,,,,,,,,,,,,,,,0,,,,,,,,,,,,,,,,,,,,,,2026-04-01 19:16:45.106087+00:00,,,,,,,,,,,,,,,,,,,,,,,,,,,,,,,,,,,,,,,,,,,,,106,,,,,,,,,,,,,,,,,,,,,,,,,,,,,,,,,,,,,,,,,,,,,,,,,,,,,16,,,,,,,,,,,,,,,,,,,,,,,,,,,,,,,,,162,,,,,,,,,,,,,,,,,,,,0,,
,,,,,,,,,,,,,,,,,,\??\C:\ProgramData\Microsoft\Windows\AppRepository\Packages\Microsoft.Windows.ParentalControls_1000.25128.1000.0_neutral_neutral_cw5n1h2txyewy\ActivationStore.dat,,,,,,,,,,,,,,,,,,,,,0,,,,,,,,,,,,,,,,,,,,,,2026-04-01 19:16:45.303333+00:00,,,,,,,,,,,,,,,,,,,,,,,,,,,,,,,,,,,,,,,,,,,,,107,,,,,,,,,,,,,,,,,,,,,,,,,,,,,,,,,,,,,,,,,,,,,,,,,,,,,16,,,,,,,,,,,,,,,,,,,,,,,,,,,,,,,,,162,,,,,,,,,,,,,,,,,,,,0,,
,,,,,,,,,,,,,,,,,,\??\C:\ProgramData\Microsoft\Windows\AppRepository\Packages\Microsoft.Windows.PeopleExperienceHost_10.0.26100.1_neutral_neutral_cw5n1h2txyewy\ActivationStore.dat,,,,,,,,,,,,,,,,,,,,,0,,,,,,,,,,,,,,,,,,,,,,2026-04-01 19:16:45.516481+00:00,,,,,,,,,,,,,,,,,,,,,,,,,,,,,,,,,,,,,,,,,,,,,108,,,,,,,,,,,,,,,,,,,,,,,,,,,,,,,,,,,,,,,,,,,,,,,,,,,,,16,,,,,,,,,,,,,,,,,,,,,,,,,,,,,,,,,161,,,,,,,,,,,,,,,,,,,,0,,
,,,,,,,,,,,,,,,,,,\??\C:\ProgramData\Microsoft\Windows\AppRepository\Packages\Microsoft.Windows.PinningConfirmationDialog_1000.25140.1001.0_neutral__cw5n1h2txyewy\ActivationStore.dat,,,,,,,,,,,,,,,,,,,,,0,,,,,,,,,,,,,,,,,,,,,,2026-04-01 19:16:45.746391+00:00,,,,,,,,,,,,,,,,,,,,,,,,,,,,,,,,,,,,,,,,,,,,,109,,,,,,,,,,,,,,,,,,,,,,,,,,,,,,,,,,,,,,,,,,,,,,,,,,,,,16,,,,,,,,,,,,,,,,,,,,,,,,,,,,,,,,,164,,,,,,,,,,,,,,,,,,,,0,,
,,,,,,,,,,,,,,,,,,\??\C:\ProgramData\Microsoft\Windows\AppRepository\Packages\Microsoft.Windows.PrintQueueActionCenter_1.0.2.0_neutral_neutral_cw5n1h2txyewy\ActivationStore.dat,,,,,,,,,,,,,,,,,,,,,0,,,,,,,,,,,,,,,,,,,,,,2026-04-01 19:16:45.947151+00:00,,,,,,,,,,,,,,,,,,,,,,,,,,,,,,,,,,,,,,,,,,,,,110,,,,,,,,,,,,,,,,,,,,,,,,,,,,,,,,,,,,,,,,,,,,,,,,,,,,,16,,,,,,,,,,,,,,,,,,,,,,,,,,,,,,,,,158,,,,,,,,,,,,,,,,,,,,0,,
,,,,,,,,,,,,,,,,,,\??\C:\ProgramData\Microsoft\Windows\AppRepository\Packages\Microsoft.Windows.ShellExperienceHost_10.0.26100.7462_neutral_neutral_cw5n1h2txyewy\ActivationStore.dat,,,,,,,,,,,,,,,,,,,,,0,,,,,,,,,,,,,,,,,,,,,,2026-04-01 19:16:46.200411+00:00,,,,,,,,,,,,,,,,,,,,,,,,,,,,,,,,,,,,,,,,,,,,,111,,,,,,,,,,,,,,,,,,,,,,,,,,,,,,,,,,,,,,,,,,,,,,,,,,,,,16,,,,,,,,,,,,,,,,,,,,,,,,,,,,,,,,,163,,,,,,,,,,,,,,,,,,,,0,,
,,,,,,,,,,,,,,,,,,\??\C:\ProgramData\Microsoft\Windows\AppRepository\Packages\Microsoft.Windows.StartMenuExperienceHost_10.0.26100.4768_neutral_neutral_cw5n1h2txyewy\ActivationStore.dat,,,,,,,,,,,,,,,,,,,,,0,,,,,,,,,,,,,,,,,,,,,,2026-04-01 19:16:46.489244+00:00,,,,,,,,,,,,,,,,,,,,,,,,,,,,,,,,,,,,,,,,,,,,,112,,,,,,,,,,,,,,,,,,,,,,,,,,,,,,,,,,,,,,,,,,,,,,,,,,,,,16,,,,,,,,,,,,,,,,,,,,,,,,,,,,,,,,,167,,,,,,,,,,,,,,,,,,,,0,,
,,,,,,,,,,,,,,,,,,\??\C:\ProgramData\Microsoft\Windows\AppRepository\Packages\Microsoft.Windows.XGpuEjectDialog_10.0.26100.1_neutral_neutral_cw5n1h2txyewy\ActivationStore.dat,,,,,,,,,,,,,,,,,,,,,0,,,,,,,,,,,,,,,,,,,,,,2026-04-01 19:16:46.710522+00:00,,,,,,,,,,,,,,,,,,,,,,,,,,,,,,,,,,,,,,,,,,,,,113,,,,,,,,,,,,,,,,,,,,,,,,,,,,,,,,,,,,,,,,,,,,,,,,,,,,,16,,,,,,,,,,,,,,,,,,,,,,,,,,,,,,,,,156,,,,,,,,,,,,,,,,,,,,0,,
,,,,,,,,,,,,,,,,,,\??\C:\ProgramData\Microsoft\Windows\AppRepository\Packages\Microsoft.WindowsAppRuntime.CBS.1.6_6000.708.357.100_x64__8wekyb3d8bbwe\ActivationStore.dat,,,,,,,,,,,,,,,,,,,,,0,,,,,,,,,,,,,,,,,,,,,,2026-04-01 19:16:47.069014+00:00,,,,,,,,,,,,,,,,,,,,,,,,,,,,,,,,,,,,,,,,,,,,,114,,,,,,,,,,,,,,,,,,,,,,,,,,,,,,,,,,,,,,,,,,,,,,,,,,,,,16,,,,,,,,,,,,,,,,,,,,,,,,,,,,,,,,,151,,,,,,,,,,,,,,,,,,,,0,,
,,,,,,,,,,,,,,,,,,\??\C:\ProgramData\Microsoft\Windows\AppRepository\Packages\Microsoft.WindowsAppRuntime.CBS.1.8_8000.715.1812.100_x64__8wekyb3d8bbwe\ActivationStore.dat,,,,,,,,,,,,,,,,,,,,,0,,,,,,,,,,,,,,,,,,,,,,2026-04-01 19:16:47.469587+00:00,,,,,,,,,,,,,,,,,,,,,,,,,,,,,,,,,,,,,,,,,,,,,115,,,,,,,,,,,,,,,,,,,,,,,,,,,,,,,,,,,,,,,,,,,,,,,,,,,,,16,,,,,,,,,,,,,,,,,,,,,,,,,,,,,,,,,152,,,,,,,,,,,,,,,,,,,,0,,
,,,,,,,,,,,,,,,,,,\??\C:\ProgramData\Microsoft\Windows\AppRepository\Packages\Microsoft.XboxGameCallableUI_1000.25128.1000.0_neutral_neutral_cw5n1h2txyewy\ActivationStore.dat,,,,,,,,,,,,,,,,,,,,,0,,,,,,,,,,,,,,,,,,,,,,2026-04-01 19:16:47.788637+00:00,,,,,,,,,,,,,,,,,,,,,,,,,,,,,,,,,,,,,,,,,,,,,116,,,,,,,,,,,,,,,,,,,,,,,,,,,,,,,,,,,,,,,,,,,,,,,,,,,,,16,,,,,,,,,,,,,,,,,,,,,,,,,,,,,,,,,156,,,,,,,,,,,,,,,,,,,,0,,
,,,,,,,,,,,,,,,,,,\??\C:\ProgramData\Microsoft\Windows\AppRepository\Packages\MicrosoftWindows.57242383.Tasbar_1000.26100.8036.0_x64__cw5n1h2txyewy\ActivationStore.dat,,,,,,,,,,,,,,,,,,,,,0,,,,,,,,,,,,,,,,,,,,,,2026-04-01 19:16:48.017834+00:00,,,,,,,,,,,,,,,,,,,,,,,,,,,,,,,,,,,,,,,,,,,,,117,,,,,,,,,,,,,,,,,,,,,,,,,,,,,,,,,,,,,,,,,,,,,,,,,,,,,16,,,,,,,,,,,,,,,,,,,,,,,,,,,,,,,,,149,,,,,,,,,,,,,,,,,,,,0,,
,,,,,,,,,,,,,,,,,,\??\C:\ProgramData\Microsoft\Windows\AppRepository\Packages\MicrosoftWindows.60719890.Voiess_1000.26100.8036.0_x64__cw5n1h2txyewy\ActivationStore.dat,,,,,,,,,,,,,,,,,,,,,0,,,,,,,,,,,,,,,,,,,,,,2026-04-01 19:16:48.321638+00:00,,,,,,,,,,,,,,,,,,,,,,,,,,,,,,,,,,,,,,,,,,,,,118,,,,,,,,,,,,,,,,,,,,,,,,,,,,,,,,,,,,,,,,,,,,,,,,,,,,,16,,,,,,,,,,,,,,,,,,,,,,,,,,,,,,,,,149,,,,,,,,,,,,,,,,,,,,0,,
,,,,,,,,,,,,,,,,,,\??\C:\ProgramData\Microsoft\Windows\AppRepository\Packages\MicrosoftWindows.60719895.Livtop_1000.26100.8036.0_x64__cw5n1h2txyewy\ActivationStore.dat,,,,,,,,,,,,,,,,,,,,,0,,,,,,,,,,,,,,,,,,,,,,2026-04-01 19:16:48.536999+00:00,,,,,,,,,,,,,,,,,,,,,,,,,,,,,,,,,,,,,,,,,,,,,119,,,,,,,,,,,,,,,,,,,,,,,,,,,,,,,,,,,,,,,,,,,,,,,,,,,,,16,,,,,,,,,,,,,,,,,,,,,,,,,,,,,,,,,149,,,,,,,,,,,,,,,,,,,,0,,
,,,,,,,,,,,,,,,,,,\??\C:\ProgramData\Microsoft\Windows\AppRepository\Packages\MicrosoftWindows.60719896.Speion_1000.26100.8036.0_x64__cw5n1h2txyewy\ActivationStore.dat,,,,,,,,,,,,,,,,,,,,,0,,,,,,,,,,,,,,,,,,,,,,2026-04-01 19:16:48.746675+00:00,,,,,,,,,,,,,,,,,,,,,,,,,,,,,,,,,,,,,,,,,,,,,120,,,,,,,,,,,,,,,,,,,,,,,,,,,,,,,,,,,,,,,,,,,,,,,,,,,,,16,,,,,,,,,,,,,,,,,,,,,,,,,,,,,,,,,149,,,,,,,,,,,,,,,,,,,,0,,
,,,,,,,,,,,,,,,,,,\??\C:\ProgramData\Microsoft\Windows\AppRepository\Packages\MicrosoftWindows.60719898.InpApp_1000.26100.8036.0_x64__cw5n1h2txyewy\ActivationStore.dat,,,,,,,,,,,,,,,,,,,,,0,,,,,,,,,,,,,,,,,,,,,,2026-04-01 19:16:48.988483+00:00,,,,,,,,,,,,,,,,,,,,,,,,,,,,,,,,,,,,,,,,,,,,,121,,,,,,,,,,,,,,,,,,,,,,,,,,,,,,,,,,,,,,,,,,,,,,,,,,,,,16,,,,,,,,,,,,,,,,,,,,,,,,,,,,,,,,,149,,,,,,,,,,,,,,,,,,,,0,,
,,,,,,,,,,,,,,,,,,\??\C:\ProgramData\Microsoft\Windows\AppRepository\Packages\MicrosoftWindows.Client.CBS_1000.26100.300.0_x64__cw5n1h2txyewy\ActivationStore.dat,,,,,,,,,,,,,,,,,,,,,0,,,,,,,,,,,,,,,,,,,,,,2026-04-01 19:16:49.728710+00:00,,,,,,,,,,,,,,,,,,,,,,,,,,,,,,,,,,,,,,,,,,,,,122,,,,,,,,,,,,,,,,,,,,,,,,,,,,,,,,,,,,,,,,,,,,,,,,,,,,,16,,,,,,,,,,,,,,,,,,,,,,,,,,,,,,,,,143,,,,,,,,,,,,,,,,,,,,0,,
,,,,,,,,,,,,,,,,,,\??\C:\ProgramData\Microsoft\Windows\AppRepository\Packages\MicrosoftWindows.Client.CoreAI_1000.26100.8036.0_x64__cw5n1h2txyewy\ActivationStore.dat,,,,,,,,,,,,,,,,,,,,,0,,,,,,,,,,,,,,,,,,,,,,2026-04-01 19:16:50.246149+00:00,,,,,,,,,,,,,,,,,,,,,,,,,,,,,,,,,,,,,,,,,,,,,123,,,,,,,,,,,,,,,,,,,,,,,,,,,,,,,,,,,,,,,,,,,,,,,,,,,,,16,,,,,,,,,,,,,,,,,,,,,,,,,,,,,,,,,147,,,,,,,,,,,,,,,,,,,,0,,
,,,,,,,,,,,,,,,,,,\??\C:\ProgramData\Microsoft\Windows\AppRepository\Packages\MicrosoftWindows.Client.Core_1000.26100.84.0_x64__cw5n1h2txyewy\ActivationStore.dat,,,,,,,,,,,,,,,,,,,,,0,,,,,,,,,,,,,,,,,,,,,,2026-04-01 19:16:50.637524+00:00,,,,,,,,,,,,,,,,,,,,,,,,,,,,,,,,,,,,,,,,,,,,,124,,,,,,,,,,,,,,,,,,,,,,,,,,,,,,,,,,,,,,,,,,,,,,,,,,,,,16,,,,,,,,,,,,,,,,,,,,,,,,,,,,,,,,,143,,,,,,,,,,,,,,,,,,,,0,,
,,,,,,,,,,,,,,,,,,\??\C:\ProgramData\Microsoft\Windows\AppRepository\Packages\MicrosoftWindows.Client.FileExp_1000.26100.4.0_x64__cw5n1h2txyewy\ActivationStore.dat,,,,,,,,,,,,,,,,,,,,,0,,,,,,,,,,,,,,,,,,,,,,2026-04-01 19:16:50.963001+00:00,,,,,,,,,,,,,,,,,,,,,,,,,,,,,,,,,,,,,,,,,,,,,125,,,,,,,,,,,,,,,,,,,,,,,,,,,,,,,,,,,,,,,,,,,,,,,,,,,,,16,,,,,,,,,,,,,,,,,,,,,,,,,,,,,,,,,145,,,,,,,,,,,,,,,,,,,,0,,
,,,,,,,,,,,,,,,,,,\??\C:\ProgramData\Microsoft\Windows\AppRepository\Packages\MicrosoftWindows.Client.OOBE_1000.26100.37.0_x64__cw5n1h2txyewy\ActivationStore.dat,,,,,,,,,,,,,,,,,,,,,0,,,,,,,,,,,,,,,,,,,,,,2026-04-01 19:16:51.292759+00:00,,,,,,,,,,,,,,,,,,,,,,,,,,,,,,,,,,,,,,,,,,,,,126,,,,,,,,,,,,,,,,,,,,,,,,,,,,,,,,,,,,,,,,,,,,,,,,,,,,,16,,,,,,,,,,,,,,,,,,,,,,,,,,,,,,,,,143,,,,,,,,,,,,,,,,,,,,0,,
,,,,,,,,,,,,,,,,,,\??\C:\ProgramData\Microsoft\Windows\AppRepository\Packages\MicrosoftWindows.Client.Photon_1000.26100.10.0_x64__cw5n1h2txyewy\ActivationStore.dat,,,,,,,,,,,,,,,,,,,,,0,,,,,,,,,,,,,,,,,,,,,,2026-04-01 19:16:51.540026+00:00,,,,,,,,,,,,,,,,,,,,,,,,,,,,,,,,,,,,,,,,,,,,,127,,,,,,,,,,,,,,,,,,,,,,,,,,,,,,,,,,,,,,,,,,,,,,,,,,,,,16,,,,,,,,,,,,,,,,,,,,,,,,,,,,,,,,,145,,,,,,,,,,,,,,,,,,,,0,,
,,,,,,,,,,,,,,,,,,\??\C:\ProgramData\Microsoft\Windows\AppRepository\Packages\Windows.CBSPreview_10.0.19580.1000_neutral_neutral_cw5n1h2txyewy\ActivationStore.dat,,,,,,,,,,,,,,,,,,,,,0,,,,,,,,,,,,,,,,,,,,,,2026-04-01 19:16:51.956379+00:00,,,,,,,,,,,,,,,,,,,,,,,,,,,,,,,,,,,,,,,,,,,,,128,,,,,,,,,,,,,,,,,,,,,,,,,,,,,,,,,,,,,,,,,,,,,,,,,,,,,16,,,,,,,,,,,,,,,,,,,,,,,,,,,,,,,,,144,,,,,,,,,,,,,,,,,,,,0,,
,,,,,,,,,,,,,,,,,,\??\C:\ProgramData\Microsoft\Windows\AppRepository\Packages\windows.immersivecontrolpanel_10.0.8.1000_neutral_neutral_cw5n1h2txyewy\ActivationStore.dat,,,,,,,,,,,,,,,,,,,,,0,,,,,,,,,,,,,,,,,,,,,,2026-04-01 19:16:52.201572+00:00,,,,,,,,,,,,,,,,,,,,,,,,,,,,,,,,,,,,,,,,,,,,,129,,,,,,,,,,,,,,,,,,,,,,,,,,,,,,,,,,,,,,,,,,,,,,,,,,,,,16,,,,,,,,,,,,,,,,,,,,,,,,,,,,,,,,,151,,,,,,,,,,,,,,,,,,,,0,,
,,,,,,,,,,,,,,,,,,\??\C:\ProgramData\Microsoft\Windows\AppRepository\Packages\Windows.PrintDialog_6.2.3.0_neutral_neutral_cw5n1h2txyewy\ActivationStore.dat,,,,,,,,,,,,,,,,,,,,,0,,,,,,,,,,,,,,,,,,,,,,2026-04-01 19:16:52.392912+00:00,,,,,,,,,,,,,,,,,,,,,,,,,,,,,,,,,,,,,,,,,,,,,130,,,,,,,,,,,,,,,,,,,,,,,,,,,,,,,,,,,,,,,,,,,,,,,,,,,,,16,,,,,,,,,,,,,,,,,,,,,,,,,,,,,,,,,137,,,,,,,,,,,,,,,,,,,,0,,
,,,,,,,,,,,,,,,,,,\??\C:\ProgramData\Microsoft\Windows\AppRepository\Packages\Microsoft.WindowsAppRuntime.1.5_5001.311.2039.0_x64__8wekyb3d8bbwe\ActivationStore.dat,,,,,,,,,,,,,,,,,,,,,0,,,,,,,,,,,,,,,,,,,,,,2026-04-01 19:16:58.891340+00:00,,,,,,,,,,,,,,,,,,,,,,,,,,,,,,,,,,,,,,,,,,,,,131,,,,,,,,,,,,,,,,,,,,,,,,,,,,,,,,,,,,,,,,,,,,,,,,,,,,,16,,,,,,,,,,,,,,,,,,,,,,,,,,,,,,,,,146,,,,,,,,,,,,,,,,,,,,0,,
,,,,,,,,,,,,,,,,,,\??\C:\ProgramData\Microsoft\Windows\AppRepository\Packages\Microsoft.UI.Xaml.2.8_8.2511.26001.0_x64__8wekyb3d8bbwe\ActivationStore.dat,,,,,,,,,,,,,,,,,,,,,0,,,,,,,,,,,,,,,,,,,,,,2026-04-01 19:16:59.584469+00:00,,,,,,,,,,,,,,,,,,,,,,,,,,,,,,,,,,,,,,,,,,,,,132,,,,,,,,,,,,,,,,,,,,,,,,,,,,,,,,,,,,,,,,,,,,,,,,,,,,,16,,,,,,,,,,,,,,,,,,,,,,,,,,,,,,,,,135,,,,,,,,,,,,,,,,,,,,0,,
,,,,,,,,,,,,,,,,,,\??\C:\ProgramData\Microsoft\Windows\AppRepository\Packages\Microsoft.WindowsAppRuntime.1.6_6000.401.2352.0_x64__8wekyb3d8bbwe\ActivationStore.dat,,,,,,,,,,,,,,,,,,,,,0,,,,,,,,,,,,,,,,,,,,,,2026-04-01 19:17:00.391909+00:00,,,,,,,,,,,,,,,,,,,,,,,,,,,,,,,,,,,,,,,,,,,,,133,,,,,,,,,,,,,,,,,,,,,,,,,,,,,,,,,,,,,,,,,,,,,,,,,,,,,16,,,,,,,,,,,,,,,,,,,,,,,,,,,,,,,,,146,,,,,,,,,,,,,,,,,,,,0,,
,,,,,,,,,,,,,,,,,,\??\C:\ProgramData\Microsoft\Windows\AppRepository\Packages\Clipchamp.Clipchamp_4.4.10720.0_x64__yxz26nhyzhsrt\ActivationStore.dat,,,,,,,,,,,,,,,,,,,,,0,,,,,,,,,,,,,,,,,,,,,,2026-04-01 19:17:01.682381+00:00,,,,,,,,,,,,,,,,,,,,,,,,,,,,,,,,,,,,,,,,,,,,,134,,,,,,,,,,,,,,,,,,,,,,,,,,,,,,,,,,,,,,,,,,,,,,,,,,,,,16,,,,,,,,,,,,,,,,,,,,,,,,,,,,,,,,,130,,,,,,,,,,,,,,,,,,,,0,,
,,,,,,,,,,,,,,,,,,\??\C:\ProgramData\Microsoft\Windows\AppRepository\Packages\Microsoft.BingNews_1.0.2.0_x64__8wekyb3d8bbwe\ActivationStore.dat,,,,,,,,,,,,,,,,,,,,,0,,,,,,,,,,,,,,,,,,,,,,2026-04-01 19:17:03.480728+00:00,,,,,,,,,,,,,,,,,,,,,,,,,,,,,,,,,,,,,,,,,,,,,135,,,,,,,,,,,,,,,,,,,,,,,,,,,,,,,,,,,,,,,,,,,,,,,,,,,,,16,,,,,,,,,,,,,,,,,,,,,,,,,,,,,,,,,125,,,,,,,,,,,,,,,,,,,,0,,
,,,,,,,,,,,,,,,,,,\??\C:\ProgramData\Microsoft\Windows\AppRepository\Packages\Microsoft.BingSearch_1.1.43.0_x64__8wekyb3d8bbwe\ActivationStore.dat,,,,,,,,,,,,,,,,,,,,,0,,,,,,,,,,,,,,,,,,,,,,2026-04-01 19:17:03.858168+00:00,,,,,,,,,,,,,,,,,,,,,,,,,,,,,,,,,,,,,,,,,,,,,136,,,,,,,,,,,,,,,,,,,,,,,,,,,,,,,,,,,,,,,,,,,,,,,,,,,,,16,,,,,,,,,,,,,,,,,,,,,,,,,,,,,,,,,128,,,,,,,,,,,,,,,,,,,,0,,
,,,,,,,,,,,,,,,,,,\??\C:\ProgramData\Microsoft\Windows\AppRepository\Packages\Microsoft.BingWeather_3.2.10.0_x64__8wekyb3d8bbwe\ActivationStore.dat,,,,,,,,,,,,,,,,,,,,,0,,,,,,,,,,,,,,,,,,,,,,2026-04-01 19:17:04.594267+00:00,,,,,,,,,,,,,,,,,,,,,,,,,,,,,,,,,,,,,,,,,,,,,137,,,,,,,,,,,,,,,,,,,,,,,,,,,,,,,,,,,,,,,,,,,,,,,,,,,,,16,,,,,,,,,,,,,,,,,,,,,,,,,,,,,,,,,129,,,,,,,,,,,,,,,,,,,,0,,
,,,,,,,,,,,,,,,,,,\??\C:\ProgramData\Microsoft\Windows\AppRepository\Packages\Microsoft.Copilot_0.25061.2.0_x64__8wekyb3d8bbwe\ActivationStore.dat,,,,,,,,,,,,,,,,,,,,,0,,,,,,,,,,,,,,,,,,,,,,2026-04-01 19:17:05.067051+00:00,,,,,,,,,,,,,,,,,,,,,,,,,,,,,,,,,,,,,,,,,,,,,138,,,,,,,,,,,,,,,,,,,,,,,,,,,,,,,,,,,,,,,,,,,,,,,,,,,,,16,,,,,,,,,,,,,,,,,,,,,,,,,,,,,,,,,128,,,,,,,,,,,,,,,,,,,,0,,
,,,,,,,,,,,,,,,,,,\??\C:\ProgramData\Microsoft\Windows\AppRepository\Packages\Microsoft.DesktopAppInstaller_1.26.509.0_x64__8wekyb3d8bbwe\ActivationStore.dat,,,,,,,,,,,,,,,,,,,,,0,,,,,,,,,,,,,,,,,,,,,,2026-04-01 19:17:05.771778+00:00,,,,,,,,,,,,,,,,,,,,,,,,,,,,,,,,,,,,,,,,,,,,,139,,,,,,,,,,,,,,,,,,,,,,,,,,,,,,,,,,,,,,,,,,,,,,,,,,,,,16,,,,,,,,,,,,,,,,,,,,,,,,,,,,,,,,,139,,,,,,,,,,,,,,,,,,,,0,,
,,,,,,,,,,,,,,,,,,\??\C:\ProgramData\Microsoft\Windows\AppRepository\Packages\Microsoft.GamingApp_2505.900.9.0_x64__8wekyb3d8bbwe\ActivationStore.dat,,,,,,,,,,,,,,,,,,,,,0,,,,,,,,,,,,,,,,,,,,,,2026-04-01 19:17:06.445200+00:00,,,,,,,,,,,,,,,,,,,,,,,,,,,,,,,,,,,,,,,,,,,,,140,,,,,,,,,,,,,,,,,,,,,,,,,,,,,,,,,,,,,,,,,,,,,,,,,,,,,16,,,,,,,,,,,,,,,,,,,,,,,,,,,,,,,,,131,,,,,,,,,,,,,,,,,,,,0,,
,,,,,,,,,,,,,,,,,,\??\C:\ProgramData\Microsoft\Windows\AppRepository\Packages\Microsoft.GetHelp_10.2407.40222.0_x64__8wekyb3d8bbwe\ActivationStore.dat,,,,,,,,,,,,,,,,,,,,,0,,,,,,,,,,,,,,,,,,,,,,2026-04-01 19:17:07.240042+00:00,,,,,,,,,,,,,,,,,,,,,,,,,,,,,,,,,,,,,,,,,,,,,141,,,,,,,,,,,,,,,,,,,,,,,,,,,,,,,,,,,,,,,,,,,,,,,,,,,,,16,,,,,,,,,,,,,,,,,,,,,,,,,,,,,,,,,132,,,,,,,,,,,,,,,,,,,,0,,
,,,,,,,,,,,,,,,,,,\??\C:\ProgramData\Microsoft\Windows\AppRepository\Packages\Microsoft.MicrosoftSolitaireCollection_4.24.12040.0_x64__8wekyb3d8bbwe\ActivationStore.dat,,,,,,,,,,,,,,,,,,,,,0,,,,,,,,,,,,,,,,,,,,,,2026-04-01 19:17:09.211849+00:00,,,,,,,,,,,,,,,,,,,,,,,,,,,,,,,,,,,,,,,,,,,,,142,,,,,,,,,,,,,,,,,,,,,,,,,,,,,,,,,,,,,,,,,,,,,,,,,,,,,16,,,,,,,,,,,,,,,,,,,,,,,,,,,,,,,,,150,,,,,,,,,,,,,,,,,,,,0,,
,,,,,,,,,,,,,,,,,,\??\C:\ProgramData\Microsoft\Windows\AppRepository\Packages\Microsoft.MicrosoftStickyNotes_4.0.6105.0_x64__8wekyb3d8bbwe\ActivationStore.dat,,,,,,,,,,,,,,,,,,,,,0,,,,,,,,,,,,,,,,,,,,,,2026-04-01 19:17:09.817568+00:00,,,,,,,,,,,,,,,,,,,,,,,,,,,,,,,,,,,,,,,,,,,,,143,,,,,,,,,,,,,,,,,,,,,,,,,,,,,,,,,,,,,,,,,,,,,,,,,,,,,16,,,,,,,,,,,,,,,,,,,,,,,,,,,,,,,,,140,,,,,,,,,,,,,,,,,,,,0,,
,,,,,,,,,,,,,,,,,,\??\C:\ProgramData\Microsoft\Windows\AppRepository\Packages\Microsoft.Paint_11.2412.295.0_x64__8wekyb3d8bbwe\ActivationStore.dat,,,,,,,,,,,,,,,,,,,,,0,,,,,,,,,,,,,,,,,,,,,,2026-04-01 19:17:11.679472+00:00,,,,,,,,,,,,,,,,,,,,,,,,,,,,,,,,,,,,,,,,,,,,,144,,,,,,,,,,,,,,,,,,,,,,,,,,,,,,,,,,,,,,,,,,,,,,,,,,,,,16,,,,,,,,,,,,,,,,,,,,,,,,,,,,,,,,,128,,,,,,,,,,,,,,,,,,,,0,,
,,,,,,,,,,,,,,,,,,\??\C:\ProgramData\Microsoft\Windows\AppRepository\Packages\Microsoft.ScreenSketch_11.2307.61.0_x64__8wekyb3d8bbwe\ActivationStore.dat,,,,,,,,,,,,,,,,,,,,,0,,,,,,,,,,,,,,,,,,,,,,2026-04-01 19:17:13.456617+00:00,,,,,,,,,,,,,,,,,,,,,,,,,,,,,,,,,,,,,,,,,,,,,145,,,,,,,,,,,,,,,,,,,,,,,,,,,,,,,,,,,,,,,,,,,,,,,,,,,,,16,,,,,,,,,,,,,,,,,,,,,,,,,,,,,,,,,134,,,,,,,,,,,,,,,,,,,,0,,
,,,,,,,,,,,,,,,,,,\??\C:\ProgramData\Microsoft\Windows\AppRepository\Packages\Microsoft.SecHealthUI_1000.26100.8036.0_x64__8wekyb3d8bbwe\ActivationStore.dat,,,,,,,,,,,,,,,,,,,,,0,,,,,,,,,,,,,,,,,,,,,,2026-04-01 19:17:14.064745+00:00,,,,,,,,,,,,,,,,,,,,,,,,,,,,,,,,,,,,,,,,,,,,,146,,,,,,,,,,,,,,,,,,,,,,,,,,,,,,,,,,,,,,,,,,,,,,,,,,,,,16,,,,,,,,,,,,,,,,,,,,,,,,,,,,,,,,,138,,,,,,,,,,,,,,,,,,,,0,,
,,,,,,,,,,,,,,,,,,\??\C:\ProgramData\Microsoft\Windows\AppRepository\Packages\Microsoft.StorePurchaseApp_22509.1400.1.0_x64__8wekyb3d8bbwe\ActivationStore.dat,,,,,,,,,,,,,,,,,,,,,0,,,,,,,,,,,,,,,,,,,,,,2026-04-01 19:17:15.137711+00:00,,,,,,,,,,,,,,,,,,,,,,,,,,,,,,,,,,,,,,,,,,,,,147,,,,,,,,,,,,,,,,,,,,,,,,,,,,,,,,,,,,,,,,,,,,,,,,,,,,,16,,,,,,,,,,,,,,,,,,,,,,,,,,,,,,,,,140,,,,,,,,,,,,,,,,,,,,0,,
,,,,,,,,,,,,,,,,,,\??\C:\ProgramData\Microsoft\Windows\AppRepository\Packages\Microsoft.Todos_0.153.5851.0_x64__8wekyb3d8bbwe\ActivationStore.dat,,,,,,,,,,,,,,,,,,,,,0,,,,,,,,,,,,,,,,,,,,,,2026-04-01 19:17:15.682943+00:00,,,,,,,,,,,,,,,,,,,,,,,,,,,,,,,,,,,,,,,,,,,,,148,,,,,,,,,,,,,,,,,,,,,,,,,,,,,,,,,,,,,,,,,,,,,,,,,,,,,16,,,,,,,,,,,,,,,,,,,,,,,,,,,,,,,,,127,,,,,,,,,,,,,,,,,,,,0,,
,,SRK Pub not present or empty.,,,,,,,,,,,,,,,,,,,,,,,,,,,,,,,,,,,,,,,,,,,,,,,,,,,,,,,,,,,2026-04-01 19:17:16.545321+00:00,,,,,,,,,,,,,,,,,,,,,,,,,,,,,,,,,,,,,,,,,,,,,149,,,,,,,,,,,,,,,,,,,,,,,,,,,,,,,,,,,,,,,,,,,,,,,,,,,,,519,,,,,,,,,,,,,,,,,,,,,,,,,,,,,,,,,,,,,,,,,,,,,,,,,,,,,,,
,,,,,,,,,,,,,,,,,,,,,,,,,,,,,,,,,,,,,,,,,,,,,,,,,,,,,,,,,,,,,2026-04-01 19:17:16.627609+00:00,,,,,,,,,,,,,,,,,,,,,,,,,,,,,,,,,,,,,,,,,,,,,150,,,,,,,,,,,,,,,,,,,,,,,,,,,,,,,,,,,,,,,,,,,,,,,,,,,,,1027,,,,,,,,,,,,,,,,,,,,,,,,,,,,,,,,,,,,,,,,,,,,,,,,,,,,,,,
,,,,,,,,,,,,,,,,,,,,,,,,,,,,,,,,,,,,,,,,,,,,,,,,,,,,,,,,,,,,,2026-04-01 19:17:16.830172+00:00,,,,,,,,,,,,,,,,,,,,,,,,,,,,,,,,,,,,,,,,,,,,,151,,,,,,,,,,,,,,,,,,,,,,,,,,,,,,,,,,,,,,,,,,,,,,,,,,,,,1282,,,,,,,,,,,,,,,,,,,,,,,,,,,,,,,,,,,,,,,,,,,,,,,,,,,,,,,
,,,,,,,,,,,,,,,,,,,"""C:\Program Files (x86)\Microsoft\Edge\Application\145.0.3800.97\elevation_service.exe""",,,,,,,,,,,,,,,,,,,,,,,,,,,,,,,,,,,,,,demand start,,,,2026-04-01 19:17:16.850864+00:00,,,,LocalSystem,,,,,,,,,,,,,,,,,,,,,,,,,,,,,,,,,,,,,,,,,152,,,,,,,,,,,,,,,,,Microsoft Edge Elevation Service (MicrosoftEdgeElevationService),,,,,,,,,,,,,,,,,,,,,,,,,,,,,,,,,,,,7045,,,,,,,,,,,,,,,,,,,,,,,,,,,,,,,,user mode service,,,,,,,,,,,,,,,,,,,,,,,
,,,,,,,,,,,,,,,,,,\??\C:\ProgramData\Microsoft\Windows\AppRepository\Packages\Microsoft.Windows.Photos_24.24070.23002.0_x64__8wekyb3d8bbwe\ActivationStore.dat,,,,,,,,,,,,,,,,,,,,,0,,,,,,,,,,,,,,,,,,,,,,2026-04-01 19:17:18.903513+00:00,,,,,,,,,,,,,,,,,,,,,,,,,,,,,,,,,,,,,,,,,,,,,153,,,,,,,,,,,,,,,,,,,,,,,,,,,,,,,,,,,,,,,,,,,,,,,,,,,,,16,,,,,,,,,,,,,,,,,,,,,,,,,,,,,,,,,140,,,,,,,,,,,,,,,,,,,,0,,
,,,,,,,,,,,,,,,,,,\??\C:\ProgramData\Microsoft\Windows\AppRepository\Packages\Microsoft.WindowsAlarms_1.1.61.0_x64__8wekyb3d8bbwe\ActivationStore.dat,,,,,,,,,,,,,,,,,,,,,0,,,,,,,,,,,,,,,,,,,,,,2026-04-01 19:17:19.637194+00:00,,,,,,,,,,,,,,,,,,,,,,,,,,,,,,,,,,,,,,,,,,,,,154,,,,,,,,,,,,,,,,,,,,,,,,,,,,,,,,,,,,,,,,,,,,,,,,,,,,,16,,,,,,,,,,,,,,,,,,,,,,,,,,,,,,,,,131,,,,,,,,,,,,,,,,,,,,0,,
,,,,,,,,,,,,,,,,,,\??\C:\ProgramData\Microsoft\Windows\AppRepository\Packages\Microsoft.WindowsCalculator_11.2502.2.0_x64__8wekyb3d8bbwe\ActivationStore.dat,,,,,,,,,,,,,,,,,,,,,0,,,,,,,,,,,,,,,,,,,,,,2026-04-01 19:17:20.431349+00:00,,,,,,,,,,,,,,,,,,,,,,,,,,,,,,,,,,,,,,,,,,,,,155,,,,,,,,,,,,,,,,,,,,,,,,,,,,,,,,,,,,,,,,,,,,,,,,,,,,,16,,,,,,,,,,,,,,,,,,,,,,,,,,,,,,,,,138,,,,,,,,,,,,,,,,,,,,0,,
,,,,,,,,,,,,,,,,,,\??\C:\ProgramData\Microsoft\Windows\AppRepository\Packages\Microsoft.WindowsCamera_2025.2510.2.0_x64__8wekyb3d8bbwe\ActivationStore.dat,,,,,,,,,,,,,,,,,,,,,0,,,,,,,,,,,,,,,,,,,,,,2026-04-01 19:17:21.286905+00:00,,,,,,,,,,,,,,,,,,,,,,,,,,,,,,,,,,,,,,,,,,,,,156,,,,,,,,,,,,,,,,,,,,,,,,,,,,,,,,,,,,,,,,,,,,,,,,,,,,,16,,,,,,,,,,,,,,,,,,,,,,,,,,,,,,,,,136,,,,,,,,,,,,,,,,,,,,0,,
,,,,,,,,,,,,,,,,,,\??\C:\ProgramData\Microsoft\Windows\AppRepository\Packages\Microsoft.WindowsFeedbackHub_1.2401.20253.0_x64__8wekyb3d8bbwe\ActivationStore.dat,,,,,,,,,,,,,,,,,,,,,0,,,,,,,,,,,,,,,,,,,,,,2026-04-01 19:17:22.356594+00:00,,,,,,,,,,,,,,,,,,,,,,,,,,,,,,,,,,,,,,,,,,,,,157,,,,,,,,,,,,,,,,,,,,,,,,,,,,,,,,,,,,,,,,,,,,,,,,,,,,,16,,,,,,,,,,,,,,,,,,,,,,,,,,,,,,,,,142,,,,,,,,,,,,,,,,,,,,0,,
,,,,,,,,,,,,,,,,,,\??\C:\ProgramData\Microsoft\Windows\AppRepository\Packages\Microsoft.WindowsNotepad_11.2501.31.0_x64__8wekyb3d8bbwe\ActivationStore.dat,,,,,,,,,,,,,,,,,,,,,0,,,,,,,,,,,,,,,,,,,,,,2026-04-01 19:17:23.973480+00:00,,,,,,,,,,,,,,,,,,,,,,,,,,,,,,,,,,,,,,,,,,,,,158,,,,,,,,,,,,,,,,,,,,,,,,,,,,,,,,,,,,,,,,,,,,,,,,,,,,,16,,,,,,,,,,,,,,,,,,,,,,,,,,,,,,,,,136,,,,,,,,,,,,,,,,,,,,0,,
,,,,,,,,,,,,,,,,,,\??\C:\ProgramData\Microsoft\Windows\AppRepository\Packages\Microsoft.WindowsSoundRecorder_1.1.47.0_x64__8wekyb3d8bbwe\ActivationStore.dat,,,,,,,,,,,,,,,,,,,,,0,,,,,,,,,,,,,,,,,,,,,,2026-04-01 19:17:24.727262+00:00,,,,,,,,,,,,,,,,,,,,,,,,,,,,,,,,,,,,,,,,,,,,,159,,,,,,,,,,,,,,,,,,,,,,,,,,,,,,,,,,,,,,,,,,,,,,,,,,,,,16,,,,,,,,,,,,,,,,,,,,,,,,,,,,,,,,,138,,,,,,,,,,,,,,,,,,,,0,,
,,,,,,,,,,,,,,,,,,\??\C:\ProgramData\Microsoft\Windows\AppRepository\Packages\Microsoft.WindowsStore_22506.1400.2.0_x64__8wekyb3d8bbwe\ActivationStore.dat,,,,,,,,,,,,,,,,,,,,,0,,,,,,,,,,,,,,,,,,,,,,2026-04-01 19:17:25.930506+00:00,,,,,,,,,,,,,,,,,,,,,,,,,,,,,,,,,,,,,,,,,,,,,160,,,,,,,,,,,,,,,,,,,,,,,,,,,,,,,,,,,,,,,,,,,,,,,,,,,,,16,,,,,,,,,,,,,,,,,,,,,,,,,,,,,,,,,136,,,,,,,,,,,,,,,,,,,,0,,
,,,,,,,,,,,,,,,,,,\??\C:\ProgramData\Microsoft\Windows\AppRepository\Packages\Microsoft.WindowsTerminal_1.18.10301.0_x64__8wekyb3d8bbwe\ActivationStore.dat,,,,,,,,,,,,,,,,,,,,,0,,,,,,,,,,,,,,,,,,,,,,2026-04-01 19:17:26.667290+00:00,,,,,,,,,,,,,,,,,,,,,,,,,,,,,,,,,,,,,,,,,,,,,161,,,,,,,,,,,,,,,,,,,,,,,,,,,,,,,,,,,,,,,,,,,,,,,,,,,,,16,,,,,,,,,,,,,,,,,,,,,,,,,,,,,,,,,137,,,,,,,,,,,,,,,,,,,,0,,
,,,,,,,,,,,,,,,,,,\??\C:\ProgramData\Microsoft\Windows\AppRepository\Packages\Microsoft.Xbox.TCUI_1.23.28005.0_x64__8wekyb3d8bbwe\ActivationStore.dat,,,,,,,,,,,,,,,,,,,,,0,,,,,,,,,,,,,,,,,,,,,,2026-04-01 19:17:27.005383+00:00,,,,,,,,,,,,,,,,,,,,,,,,,,,,,,,,,,,,,,,,,,,,,162,,,,,,,,,,,,,,,,,,,,,,,,,,,,,,,,,,,,,,,,,,,,,,,,,,,,,16,,,,,,,,,,,,,,,,,,,,,,,,,,,,,,,,,131,,,,,,,,,,,,,,,,,,,,0,,
,,,,,,,,,,,,,,,,,,\??\C:\ProgramData\Microsoft\Windows\AppRepository\Packages\Microsoft.XboxGamingOverlay_7.325.7221.0_x64__8wekyb3d8bbwe\ActivationStore.dat,,,,,,,,,,,,,,,,,,,,,0,,,,,,,,,,,,,,,,,,,,,,2026-04-01 19:17:27.660505+00:00,,,,,,,,,,,,,,,,,,,,,,,,,,,,,,,,,,,,,,,,,,,,,163,,,,,,,,,,,,,,,,,,,,,,,,,,,,,,,,,,,,,,,,,,,,,,,,,,,,,16,,,,,,,,,,,,,,,,,,,,,,,,,,,,,,,,,139,,,,,,,,,,,,,,,,,,,,0,,
,,,,,,,,,,,,,,,,,,\??\C:\ProgramData\Microsoft\Windows\AppRepository\Packages\Microsoft.XboxIdentityProvider_12.130.2510.6003_x64__8wekyb3d8bbwe\ActivationStore.dat,,,,,,,,,,,,,,,,,,,,,0,,,,,,,,,,,,,,,,,,,,,,2026-04-01 19:17:28.205000+00:00,,,,,,,,,,,,,,,,,,,,,,,,,,,,,,,,,,,,,,,,,,,,,164,,,,,,,,,,,,,,,,,,,,,,,,,,,,,,,,,,,,,,,,,,,,,,,,,,,,,16,,,,,,,,,,,,,,,,,,,,,,,,,,,,,,,,,146,,,,,,,,,,,,,,,,,,,,0,,
,,,,,,,,,,,,,,,,,,\??\C:\ProgramData\Microsoft\Windows\AppRepository\Packages\Microsoft.XboxSpeechToTextOverlay_1.117.15001.0_x64__8wekyb3d8bbwe\ActivationStore.dat,,,,,,,,,,,,,,,,,,,,,0,,,,,,,,,,,,,,,,,,,,,,2026-04-01 19:17:28.638493+00:00,,,,,,,,,,,,,,,,,,,,,,,,,,,,,,,,,,,,,,,,,,,,,165,,,,,,,,,,,,,,,,,,,,,,,,,,,,,,,,,,,,,,,,,,,,,,,,,,,,,16,,,,,,,,,,,,,,,,,,,,,,,,,,,,,,,,,146,,,,,,,,,,,,,,,,,,,,0,,
,,,,,,,,,,,,,,,,,,\??\C:\ProgramData\Microsoft\Windows\AppRepository\Packages\Microsoft.YourPhone_0.25112.39.0_x64__8wekyb3d8bbwe\ActivationStore.dat,,,,,,,,,,,,,,,,,,,,,0,,,,,,,,,,,,,,,,,,,,,,2026-04-01 19:17:29.369650+00:00,,,,,,,,,,,,,,,,,,,,,,,,,,,,,,,,,,,,,,,,,,,,,166,,,,,,,,,,,,,,,,,,,,,,,,,,,,,,,,,,,,,,,,,,,,,,,,,,,,,16,,,,,,,,,,,,,,,,,,,,,,,,,,,,,,,,,131,,,,,,,,,,,,,,,,,,,,0,,
,,,,,,,,,,,,,,,,,,\??\C:\ProgramData\Microsoft\Windows\AppRepository\Packages\Microsoft.ZuneMusic_11.2510.7.0_x64__8wekyb3d8bbwe\ActivationStore.dat,,,,,,,,,,,,,,,,,,,,,0,,,,,,,,,,,,,,,,,,,,,,2026-04-01 19:17:30.306360+00:00,,,,,,,,,,,,,,,,,,,,,,,,,,,,,,,,,,,,,,,,,,,,,167,,,,,,,,,,,,,,,,,,,,,,,,,,,,,,,,,,,,,,,,,,,,,,,,,,,,,16,,,,,,,,,,,,,,,,,,,,,,,,,,,,,,,,,130,,,,,,,,,,,,,,,,,,,,0,,
,,,,,,,,,,,,,,,,,,\??\C:\ProgramData\Microsoft\Windows\AppRepository\Packages\MicrosoftCorporationII.MicrosoftFamily_0.2.103.0_x64__8wekyb3d8bbwe\ActivationStore.dat,,,,,,,,,,,,,,,,,,,,,0,,,,,,,,,,,,,,,,,,,,,,2026-04-01 19:17:30.679228+00:00,,,,,,,,,,,,,,,,,,,,,,,,,,,,,,,,,,,,,,,,,,,,,168,,,,,,,,,,,,,,,,,,,,,,,,,,,,,,,,,,,,,,,,,,,,,,,,,,,,,16,,,,,,,,,,,,,,,,,,,,,,,,,,,,,,,,,147,,,,,,,,,,,,,,,,,,,,0,,
,,,,,,,,,,,,,,,,,,\??\C:\ProgramData\Microsoft\Windows\AppRepository\Packages\MicrosoftWindows.Client.WebExperience_525.31002.150.9_x64__cw5n1h2txyewy\ActivationStore.dat,,,,,,,,,,,,,,,,,,,,,0,,,,,,,,,,,,,,,,,,,,,,2026-04-01 19:17:42.309650+00:00,,,,,,,,,,,,,,,,,,,,,,,,,,,,,,,,,,,,,,,,,,,,,169,,,,,,,,,,,,,,,,,,,,,,,,,,,,,,,,,,,,,,,,,,,,,,,,,,,,,16,,,,,,,,,,,,,,,,,,,,,,,,,,,,,,,,,152,,,,,,,,,,,,,,,,,,,,0,,
,,,,,,,,,,,,,,,,,,\??\C:\ProgramData\Microsoft\Windows\AppRepository\Packages\MicrosoftWindows.CrossDevice_0.25112.60.0_x64__cw5n1h2txyewy\ActivationStore.dat,,,,,,,,,,,,,,,,,,,,,0,,,,,,,,,,,,,,,,,,,,,,2026-04-01 19:17:42.929005+00:00,,,,,,,,,,,,,,,,,,,,,,,,,,,,,,,,,,,,,,,,,,,,,170,,,,,,,,,,,,,,,,,,,,,,,,,,,,,,,,,,,,,,,,,,,,,,,,,,,,,16,,,,,,,,,,,,,,,,,,,,,,,,,,,,,,,,,140,,,,,,,,,,,,,,,,,,,,0,,
,,,,,,,,,,,,,,,,,,\??\C:\ProgramData\Microsoft\Provisioning\Microsoft-Desktop-Provisioning-Sequence.dat,,,,,,,,,,,,,,,,,,,,,0,,,,,,,,,,,,,,,,,,,,,,2026-04-01 19:17:44.912596+00:00,,,,,,,,,,,,,,,,,,,,,,,,,,,,,,,,,,,,,,,,,,,,,171,,,,,,,,,,,,,,,,,,,,,,,,,,,,,,,,,,,,,,,,,,,,,,,,,,,,,16,,,,,,,,,,,,,,,,,,,,,,,,,,,,,,,,,85,,,,,,,,,,,,,,,,,,,,0,,
,,,,,,BITS,,,,,,,,,,,,,,,,,auto start,,,,,,,,,,,,,,,,,,,,,,,,,,,,,,,,,,,,,,2026-04-01 19:17:47.667915+00:00,,,,,,,,,,,,,,,,,,,,,,,,,,,,,,,,demand start,,,,,,,,,,,,,172,,,,,,,,,,,,,,,,,,,,,,,,,,,,,,,,,,,,,,,,,,,,,,,,,,,,,7040,,,,,,,,,,,,,,,,,,,,,,,Background Intelligent Transfer Service,,,,,,,,,,,,,,,,,,,,,,,,,,,,,,,,
,,,,,,,,,,,,,,,,,,,,,,,,,,,,,,,,,,,,,,,,,,,,,,,,,1,,,,,,,,,,,,2026-04-01 19:17:48.838648+00:00,,,,,,,,,,,,,,,,,,,,,,,,,,,,,,,,,,,,,,,,,,,,,173,,,,,,,,,,,,,,,,,,,,,,,,,,,,,,,,,,,,,,,,,,,,,,,,,,,,,22,,,,,,,,,,,,,,,,,,,,,,,,,,,,,,,,,,,,,,,,,,,,,,,,,,,,,,,
,,,,,,,,,10,,,,,,,,,,,,,,,,Core,Windows 10 Home,,,,,,,,,,,,,,,,,,,,,,,,,,,,,,,,,,0,2026-04-01 19:17:52.544783+00:00,,,,,,,,,,,,,,,,,,,,,,,,,,,,,,,,,,0,,,,,,,,,,,174,,,,,,,,,,,,,,,,,,,,,,,,,,,,,,,,,,,26200,,,,,,,,,,,,,,,,,,2004,,,,,,,,,,,,,,,,,,,,,,,,,,,,,,0,,,,,,,,,,,,,,,,,,,,,,,,,
,,,,,,0x80020003,,,,,,,,,,,,,,,,,Operating System: Upgrade (Planned),,,,,,,,,,,,,,,,,,restart,,,,,,,,,,,,,,,,,,,,2026-04-01 19:17:53.521332+00:00,,NT AUTHORITY\SYSTEM,,,,,,,,,,,,,,,,,,,,,,,,,,,,,,WIN-2RR949GCCSV,,,,,,,,,,,,,175,,,,,,,,,,,,,,,,,,,,,,,,,,,,,,,,,,,,,,,,,,,,,,,,,,,,,1074,,,,,,,,,,,,,,,,,,,,,,,C:\WINDOWS\system32\winlogon.exe (MINWINPC),,,,,,,,,,,,,,,,,,,,,,,,,,,,,,,,
,,,,,,,,,,,,,,,,,,,,,,,,,,,,,,,,,,,,,,,,,,,,,,,,,,,,,,,,,,,,,2026-04-01 19:17:54.157825+00:00,,,,,,,,,,,,,,,,,,,,,,,,,,,,,,,,,,,,,,,,,,,,,176,,,,,,,,,,,,,,,,,,,,,,,,,,,,,,,,,,,,,,,,,,,,,,,,,,,,,1025,,,,,,,,,,,,,,,,,,,,,,,,,,,,,,,,,,,,,,,,,,,,,,,,,,,,,,,
,,,,,,,,,,,,,,,,,,,,,,,,,,,,,,,,,,,,,,,,,,,,,,,,,,,,,,,,,,,,,2026-04-01 19:17:57.928415+00:00,,,,,,,,,,,,,,,,,,,,,,,,,,,,,,,,,,,,,,,,,,,,,177,,,,,,,,,,,,,,,,,,,,,,,,,,,,,,,,,,,,,,,,,,,,,,,,,,,,,6006,,,,,,,,,,,,,,,,,,,,,,,,,,,,,,,,,,,,,,,,,,,,,,,,,,,,,,,
,,,,,,,,,,,,,,,,,,,,,,,,,,,,,,,,,,,,,,,,,,,,,,,,,,,,,,,,,,,,,2026-04-01 19:17:57.880001+00:00,,,,,,,,,,,,,,,,,,,,,,,,,,,,,,,,,,,,,,,,,,,,,178,,,,,,,,,,,,,,,,,,,,,,,,,,,,,,,,,,,,,,,,,,,,,,,,,,,,,50104,,,,,,,,,,,,,,,,,,,,,,,,,,,,,,,,,,,,,,,,,,,,,,,,,,,,,,,
,,,,,,,,,,,,,,,,,,,,,,,,,,,,,,,,,,,,,,,,,,,,,,,,,,,,,,,,,,,,,2026-04-01 19:17:57.882551+00:00,,,,,,,,,,,,,,,,,,,,,,,,,,,,,,,,,,,,,,,,,,,,,179,,,,,,,,,,,,,,,,,,,,,,,,,,,,,,,,,,,,,,,,,,,,,,,,,,,,,50105,,,,,,,,,,,,,,,,,,,,,,,,,,,,,,,,,,,,,,,,,,,,,,,,,,,,,,,
,,,,,,,,,,,,,,,,,,,,,,,,,,,,,,,,,,,,,,,,,,,,,,,,,,,,,,,,,,,,,2026-04-01 19:17:57.890381+00:00,,,,,,,,,,,,,,,,,,,,,,,,,,,,,,,,,,,,,,,,,,,,,180,,,,,,,,,,,,,,,,,,,,,,,,,,,,,,,,,,,,,,,,,,,,,,,,,,,,,50106,,,,,,,,,,,,,,,,,,,,,,,,,,,,,,,,,,,,,,,,,,,,,,,,,,,,,,,
,,,,,,,,,,,,,,,,,,,,,,,,,,,,,,,,,,,,,,,,,,,,,,1,,,,,,,,,,,,,,,2026-04-01 19:17:57.900585+00:00,,,,,,,,,,,,,,,,,,,,,,,,,,,,,,,,,,,,,,,,,,,,,181,,,,,,,,,,,,,,,,,,,,,,,,,,,,,,,,,,,,,,,,,,,,,,,,,,,,,51047,,,,,,,,,,,,,,,,,,,,,,,,,,,,,,,,,,,,,,,,,,,,,,,,,,,,,,,
,,,,,,,,,,,,,,,,,,,,,,,,,,,,,,,,,,,,,,,,,,,,,,,,,,,,,,,,,,,,,2026-04-01 19:18:19.120934+00:00,,,,,,,,,,,,,,,,,,,,,,,,,,,,,,,,,,,,,,,,,,,,,182,,,,,,,,,,,,,,,,,,,,,,,,,,,,,,,,,,,,,,,,,,,,,,,,,,,,,6011,,,,,"<string>WIN-2RR949GCCSV</string>
<string>DESKTOP-3RQPMJ6</string>
",,,,,,,,,,,,,,,,,,,,,,,,,,,,,,,,,,,,,,,,,,,,,,,,,,
,,,,,,,,,,,,,,,,,,,,,,,,,,,,,,,,,,,,,,,,,,,,,,,,,,,,,,,,,,,,,2026-04-01 19:18:19.121267+00:00,,,,,,,,,,,,,,,,,,,,,,,,,,,,,,,,,,,,,,,,,,,,,183,,,,,,,,,,,,,,,,,,,,,,,,,,,,,,,,,,,,,,,,,,,,,,,,,,,,,6009,,,,,"<string>10.00.</string>
<string>26200</string>
<string></string>
<string>Multiprocessor Free</string>
<string>0</string>
",,,,,,,,,,,,,,,,,,,,,,,,,,,,,,,,,,,,,,,,,,,,,,,,,,
,,,,,,,,,,,,,,,,,,,,,,,,,,,,,,,,,,,,,,,,,,,,,,,,,,,,,,,,,,,,,2026-04-01 19:18:19.121307+00:00,,,,,,,,,,,,,,,,,,,,,,,,,,,,,,,,,,,,,,,,,,,,,184,,,,,,,,,,,,,,,,,,,,,,,,,,,,,,,,,,,,,,,,,,,,,,,,,,,,,6005,,,,,,,,,,,,,,,,,,,,,,,,,,,,,,,,,,,,,,,,,,,,,,,,,,,,,,,
,,,,,,,,,,,,,,,,,,,,,,,,,,,,,,,,,,,,,,,,,,,,,,,,,,,,,,,,,,,,,2026-04-01 19:18:19.121628+00:00,,,,,,,,,,,,,,,,,,,,,,,,,,,,,,,,,,,,,,,,,,,,,185,,,,,,,,,,,,,,,,,,,,,,,,,,,,,,,,,,,,,,,,,,,,,,,,,,,,,6013,,,,,"<string>14</string>
<string></string>
<string>14</string>
<string>60</string>
<string>480 Pacific Standard Time</string>
",,,,,,,,,,,,,,,,,,,,,,,,,,,,,,,,,,,,,,,,,,,,,,,,,,
,,,,,,,,,,,,,,,,,,,,,,,,,,,,,,,,,,,,,,,,,,,,,,1,,,,,,,,,,,,,,,2026-04-01 19:17:58.018126+00:00,,,,,,,,,,,,,,,,,,,,,,,,,,,,,,,,,,,,,,,,,,,,,186,,,,,,,,,,,,,,,,,,,,,,,,,,,,,,,,,,,,,,,,,,,,,,,,,,,,,51057,,,,,,,,,,,,,,,,,,,,,,,,,,,,,,,,,,,,,,,,,,,,,,,,,,,,,,,
,,,,,,,,,,,,,,,,,,,,,,,,,,,,,,,,,,,,,,,,,,,,,,1,,,,,,,,,,,,,,,2026-04-01 19:17:58.052977+00:00,,,,,,,,,,,,,,,,,,,,,,,,,,,,,,,,,,,,,,,,,,,,,187,,,,,,,,,,,,,,,,,,,,,,,,,,,,,,,,,,,,,,,,,,,,,,,,,,,,,50037,,,,,,,,,,,,,,,,,,,,,,,,,,,,,,,,,,,,,,,,,,,,,,,,,,,,,,,
,,,,,,,,,,,,,,,,,,,,,,,,,,,,,,,,,,,5,,,,,,,,,,,,,,,,,,,,,,,,,,2026-04-01 19:17:58.782501+00:00,,,,,,,,,,,,,,,0,,,,,,,,,,,,,,,,,,,,,,,,,,,,,,188,,,,,,,,,,,,,,,,,,,,,,,,,,,,,,,,,,,,,,,,,,,,5,,,,,,,,,109,,,,,,,,,,,,,,,,,,,,,,,,,,,,,,,,,,,,,,,,,,,,,,,,,,,,,,,
,,,,,,,,,,,,,,,,,,,,,,,,,,,,,,,,,,,,,,,,,,,,,,,,,,,,,,,,,,,,,2026-04-01 19:17:58.923437+00:00,279,,,,,,,,,,,,,,,,,,,,,0,,,False,,,,,,,,,,,,,,,,,,,,189,,,,,,,,,,,,,,,,,,,,,,,,,,,,,,,,,,,,,,,,,,,,,,,,,,,,,577,,,,,,,,,,,,,,,,,,,,,,,,,,,,,,,,,,,,,,,,,,,,,,,,,,,,,,,
,,,,,,,,,,,,,,,,,,,,,,,,,,,,,,,,,,,,,,,,,,,,,,,,,,,,,,,,,,,,,2026-04-01 19:17:58.963776+00:00,,,,,,,,,,,,,,,,,,,,,,,,,,,,,,,,,,,,,,,,,,,,,190,,,,,,2026-04-01 19:17:58.963776+00:00,,,,,,,,,,,,,,,,,,,,,,,,,,,,,,,,,,,,,,,,,,,,,,,13,,,,,,,,,,,,,,,,,,,,,,,,,,,,,,,,,,,,,,,,,,,,,,,,,,,,,,,
,,,,,,,,,,,,,,,,,,,,,,,,,,,2026-04-01 19:18:04.500000+00:00,,,,,,,,,,,,,,,,,,,,,,,,,,,,,,,,,,2026-04-01 19:18:04.634752+00:00,,,,,,,,,,,,,,,,,0,,,,,,,,,,,,26100,,,,,,,,,,0,,,,,,191,,,,,,,,,,,,,,,,,,,,,,,,,10,,,,,,,,,,,,,,,,,,,,,8036,,,,,,,12,,,,,,,,,,0,,,,,,,,,,,,,,,,,,,,,,,,,,,,,,,,,,,,,,,,,,,,,
,,,2026-04-01 19:18:04.500000+00:00,,,,,,,,,,,,,,,,,,,,,,,,,,,,,,,,,,,,,,,,,,,,,,,,,,,,,,,,,,2026-04-01 19:18:04.634752+00:00,,,,,,,,,,,,,,,,,,,,,,,,,,,,,,,,,,,,2026-04-01 19:18:04+00:00,,,,,,,2,,192,,,,,,,,,,,,,,,,,,,,,,,,,,,False,,,,,,,,,,,,,,,,,,,,,,,,,False,25,,,,,,,,,,,,,,,,,True,,,,,,,,,,,,,,,,,,,0,,,,,,,,,,,,,,,0,,,,
,,,,,,,,,,,,,,,,,,,,,,,,,,,,,,,,,,,,,,,,,,,,,,,,,,,,,,,,,,,,,2026-04-01 19:18:04.634920+00:00,0,,,,,,,,,,,,,,,,,0,,,,,,,,,,,,,,,,,,,,,,,,,,,193,,,,,,,,,,,,,,,,,,,,,,,,,,,,,,,,,,,,,,,,,,,,,,,,,,,,,153,,,,,,,,,,,,,,,,,,,,,,,,,,,,,,,,,,,,,,,,,0,,,,,,,,,,,,,,
,,,,,,,,,,,,,,,,,,,,,,True,,,,,,,,,,,,,,,,2,,,,,,,,,,,,,,,,,,,,,,,2026-04-01 19:18:04.635151+00:00,,,,,1,,,,,,,,,,,,,,,,,,,,,,,,,True,,,,,,,,,,,,,,,194,,,,,,,,,,,,,,,,,,,,,,,,,,,,,,,,,,,,,,,,,,,,,,,,,,,,,20,,,,,,,,,,,,,,,,,,,,,,,,,,,,,,,,,,,,,,,,,,,,,,,,,,,,,,,
,,,,,,,,,,,,,,,,,,,,,,,,,,,,,,,,,,,,,,,,,,,,,,,,,,,,,,,,,,,,,2026-04-01 19:18:04.635153+00:00,0,,,,,,,,,,,,,,,,,,,,,,,,,,,,,,,,,,,,,,,,,,,,195,,,,,,,,,,,,,,,,,,,,,,,,,,,,,,,,,,,,,,,,,,,,,,,,,,,,,247,,,,,,,,,,,,,,,,,,,,,,,,,,,,,,,,,,,,,,,,,,,,,,,,,,4,,,,,
,,,,2026-04-01 12:18:04+00:00,,,,,,,,,,,,,,,,,,,,,,,,,,,,,,,,,,,,,,,,,,,,,,,,,,,,,,,,,2026-04-01 19:18:04.635283+00:00,,,,,,,,,,,,,,,,,,,,,2047,,,,,,,,,,,,,,,,,,,,,,,,196,,,,,,,,,,,,,,,,,,,,,,,,,,,,,,,,,,,,,0,,,,,,,,,,,,,,,,238,,,,,,,,,,,,,,,,,,,,,,,,,,,,,,,,,,,,,,,,,,,,,,,,,,,,,,,
,,,,,,,,,,,,,,,,,,,,,,,,,,,,,,,,,,,,,,,,,,,,,,,,,,,,,,,,,,,,,2026-04-01 19:18:04.635283+00:00,,,,,,,,,,,,,,,,,,,,,,,,,,,,,,,,,,,,,,,,,,,,,197,,,,,,,,,,,,,,,,,,,,,,,,,,,,,,,,,,,,,,,,,,,,,,,,,,,,,25,,,,,,,,,,,,,,,,1,,,,,,,,,,,,,,,,,,,,,,,,,,,,,,,,,,,,,,,
,,,,,,,,,,,,,,,,,,,,,,,,,,,,,,,,,,0,,,,,,,,,,,,,,,,,,,,,,,,,,,2026-04-01 19:18:04.635283+00:00,,,,,,,,,,,,,,,,,,,,,,,,,,,,,,,,,,,,,,,,,,,,,198,,,,,,,,,,,,,,,,,,,,,,,,,,,,,,,,,,,,,,,,,,,,,,,,, NOEXECUTE=OPTIN  FVEBOOT=2666496,,,,27,,,,,,,,,,,,,,,,,,,,,,,,,,,,,,,,,,,,,,,,,,,,,,,,,,,,,,,
,,,,,,,,,,,,,,,,,,,,,,,,,,,,,,,,,,,,,,,,,,,,,,,,,,,,,,,,,,,,,2026-04-01 19:18:04.635328+00:00,,,,,,,,,,,,,,,,,,,,,,,,,,,,,,,,,,,,,,,,,,,,,199,,,,,,,,,,,,,,,,,,,,,,,,,,,,,,,,,,,,,,,,,,,,,,,,,,,,,26,,,,,,,,,,,,,,,,,,,,,,,,,,,,,,,,,,,,,,,,,,,,,,,,,,,,,,,
,,,,,,,,,,,,,,,,,,,,,,,,,,,,,,,,,,,,,,,,,,,,,,,,,,,,,,,,,,,,,2026-04-01 19:18:04.635344+00:00,,,,,,,,,,,,,,,,,,,,,,,,,,,,,,,,,,,,,,,,,,,,,200,,,,,,,,,,,,,,,,,,,,,,,,,,,,,,,,,,,,,,,,,,,,,,,,,,,,,32,,,,,,,,,,,,,,,0,,,,,,,,,,,,,,,,,,,,,,,,,,,,,,,,,,,,,,,,
,True,,,,,,,,,,,,,,,,,,,,,,,,,,,,,,,,,,,,,,,,,,,,,,,,,,,,,,,,,,,,2026-04-01 19:18:04.637646+00:00,,,,,,0,,,,,,,,,,,,,,,,,,,,,0,,,,,,,,,,,,,,,,,,201,,,,,,,,,,,,,,,,,,,,,,,,,,,,,,,,,,,,,,,,,,,,,,,,,,,,,20,,,,,,,0,,,,,,,,,,,,,,,,,,,,,,,,,,,,,,,,,,,,,,,,,,,,,,,,
,,,,,,,,,,,,,,,,,,,,,,,,,,,,,,,,,,,,,,,,,,,,,,,,,,,,,,,,,,,,,2026-04-01 19:18:04.668352+00:00,,,,,,,,,,,,,,,,,,,,,,,,,,,,,,,,,,,,,,,,,,,,,202,,,,,,,,,,,,,,,,,,,,,,,,,,,,,,,,,,,,,,,,,,,,,,,,,,,,,16,,,,,,,,,,,,,,,,,,,,,,,,,,,,,,,,,,,,,,,,,,,,,,,,,,,,,,,
,,,,,,,,,,,,,,,,,,,,,,,,,,,,,,,,,,,,,,,,,,,,,,,,,,,,,,,,2093-04-01 18:29:43+00:00,,,,,2026-04-01 19:18:08.362726+00:00,,,,,,,,,,,,,,,,,,,,,,,8,,,,,,,,,,,,,,,,,,,,,,203,,,,,,,,,,,,,,,,,,,,,,,,,,,,,,,,0,,,,0x00000000,,,,,,,,,,,,,,,,,6,,,,FileInfo,,,,,,,,,,,,,,,,,,,,,,,,,,,,,,,,,,,,,,,,,,,,,,,,10,,,
,,,,,,,,,,,,,,,,,,,,,,,,,,,,,,,,,,,,,,,,,,,,,,,,,,,,,,,,2089-07-14 19:58:05+00:00,,,,,2026-04-01 19:18:08.363342+00:00,,,,,,,,,,,,,,,,,,,,,,,3,,,,,,,,,,,,,,,,,,,,,,204,,,,,,,,,,,,,,,,,,,,,,,,,,,,,,,,0,,,,0x00000000,,,,,,,,,,,,,,,,,6,,,,Wof,,,,,,,,,,,,,,,,,,,,,,,,,,,,,,,,,,,,,,,,,,,,,,,,10,,,
,,,,,,,,,,,,,,,,,,,,,,,,,,,,,,,,,,,,,,,,,,,,,,,,,,,,,,,,2028-06-06 02:57:32+00:00,,,,,2026-04-01 19:18:08.364321+00:00,,,,,,,,,,,,,,,,,,,,,,,8,,,,,,,,,,,,,,,,,,,,,,205,,,,,,,,,,,,,,,,,,,,,,,,,,,,,,,,0,,,,0x00000000,,,,,,,,,,,,,,,,,6,,,,WdFilter,,,,,,,,,,,,,,,,,,,,,,,,,,,,,,,,,,,,,,,,,,,,,,,,10,,,
,,,,,0,,,,,,,,,,,,,,,,,,,,,,,,,,,,,,,,,,,,,,,,,,,,,,,,,,,,,,,,2026-04-01 19:18:08.433176+00:00,,,,,,,,,,,,,,,,,,,,,,,,,,,,,,,,,,,,,,,,,,,,,206,,,,,,,,,,,,,,,,,,,,,,,,,,,,,,,,,,,,,,,,,,,,,,,,,,,,,98,,,,\Device\HarddiskVolume3,,,,,,,,,C:,,,,,,,,,,,,,,,,,,,,,,,,,,,,,,,,,,,,,,,,,,
,,,,,,,,,,,,,,,,,,,,,,,,,,,,,,,,,,,,,,,,,,,,,,,,,,,,,,,,2075-08-31 15:07:07+00:00,,,,,2026-04-01 19:18:08.493847+00:00,,,,,,,,,,,,,,,,,,,,,,,9,,,,,,,,,,,,,,,,,,,,,,207,,,,,,,,,,,,,,,,,,,,,,,,,,,,,,,,0,,,,0x00000000,,,,,,,,,,,,,,,,,6,,,,FileCrypt,,,,,,,,,,,,,,,,,,,,,,,,,,,,,,,,,,,,,,,,,,,,,,,,10,,,
,,,,,,,,,,,,,,,,,,,,,,,,,,,,,,,,,,,,,,,,,,,,,,,,,,,,,,,,1978-05-14 02:13:30+00:00,,,,,2026-04-01 19:18:08.593288+00:00,,,,,,,,,,,,,,,,,,,,,,,9,,,,,,,,,,,,,,,,,,,,,,208,,,,,,,,,,,,,,,,,,,,,,,,,,,,,,,,0,,,,0x00000000,,,,,,,,,,,,,,,,,6,,,,npsvctrig,,,,,,,,,,,,,,,,,,,,,,,,,,,,,,,,,,,,,,,,,,,,,,,,10,,,
,,,,,,,,,,,,,,,,2,,,,,,,,,,,,,,,,,,,,,,,,,,,,,,,,,,,,,,,,,,,,,2026-04-01 19:18:08.630760+00:00,,,,,,,,,,,,,,,,,,,,,,,,,,,,,,,,,,,,,,,,,,,,,209,,,,,,,,,,,,,,,,,,,,,,,,,,,,,,,,,,,,,,,,,,,,,,,,,,,,,172,,,,,,,,,,,,,,,,,,,,,,,,,,,,,,,,,,,6,,,,,,,,,,,,,,,,,,,,
,,,,,,,,,,,,,1,,,,,,,,,,,,,,,,,,,,,,,,,,,,,,,,,,,,,,,,,,,,,,,,2026-04-01 19:18:08.891376+00:00,,,,,,,,,,,,,2688,,,,,,100,,,,,0,,,,,,,,,,,,,,,,,,,,,210,,,,,,,,,,,,,,,,,,,,,,,,,,,,,,,,,,,,,,100,,0,,100,,,,,,,,,,,55,,,,,,,,,,,0,,,,,,,,,,,,,,,,,,,,,,,,,,,1,,,,,,,,,,,,,,,,,
,,,,,,,,,,,,,,,,,,,,,,,,,,,,,,,,,,,,,,,,,,,,,,,,,,,,,,,,,,,,,2026-04-01 19:18:09.156534+00:00,,,,,,,,,,,,,,,,,,,,,,,,,,,,,,,,,,,,,,,,,,,,,211,,,,,,,,,,,,,,,,,,,,,,,,,,,,,,,,,,,,,,,,,,,,,,,,,,,,,32,,,,,"<string>Intel(R) 82574L Gigabit Network Connection</string>
<string></string>
",,,,,,,,,,,,,,,,,,,,,,,,,,,,,,,,,,,,,,,,,,,,,,,,,,
,,,,,0,,,,,,,,,,,,,,,,,,,,,,,,,,,,,,,,,,,,,,,,,,,,,,,,,,,,,,,,2026-04-01 19:18:09.393728+00:00,,,,,,,,,,,,,,,,,,,,,,,,,,,,,,,,,,,,,,,,,,,,,212,,,,,,,,,,,,,,,,,,,,,,,,,,,,,,,,,,,,,,,,,,,,,,,,,,,,,98,,,,\Device\HarddiskVolume4,,,,,,,,,\\?\Volume{fca9b761-f183-4070-98ba-e8e2ddff5456},,,,,,,,,,,,,,,,,,,,,,,,,,,,,,,,,,,,,,,,,,
,,,,,,,,,,,,2,,,,,,,,,,,,,,,,,,,,,,,,,,,,0,,,,,,,,,,,,,,,,,,,,,2026-04-01 19:18:09.426373+00:00,,,,,,,,,,,,,,,,,,,,,,,,,,,,,,,,,,,,,,,,,,,,,213,,,,,,,,,,,,,,,,,,0,,,,,,,,,,,,,,,,,,,,,0,,,,,,,,,420,,,,,24,,,,,,,,,,,,,,,,,,,,,,,,,,,,,,,,,,,,,,,,,,,,,,,,,,,,,,,
,,,,,,,,,,,,,,,,,False,,,,,,,,,,,,,,,,,,,,,,,,,,,,,,False,,,,,False,,,,,,,,,2026-04-01 19:18:09.736631+00:00,,,,,,,,,,,,,,,,,,,,,,,,,,,,,,,,,,,,,,,,,,,,,214,,,,,,,,,,,,,,,,,,,,,,,,,,,,,,,,,,,,,,,,,,,,,0,,,,,,,,19,,,,,,,,,,,,,,,,,,,,,,,,,,,,,,,,,,,,,,,,,,,,,,,False,,,,,,,,
,,,,,,,,,,,,,,,,,,,,,,,,,,,,,,,,,,,,0001-01-01 00:00:00,,,,,,,,,,,,,,,,,,,,,,,,,2026-04-01 19:18:09.736650+00:00,,,,,,,,,,,,,,,,False,,,,,,,,,,,,,,,False,,,,,,,,,,,,,,215,,,,,,,,,,,,,,,,,,,,,,,,,,,,,,,0,,,,,,,,,,,,,,0,,,,,,,,25,,,,,,,,,,,,,,,,,,,,,,,,,,,,,,,,,,,,,,,,,,,,,,,,,,,,,,,
,,,,,,,,,,,,,,,,,,,,,,,,,,,,,,,,,,,,,,,,,,,,,,,,,,,,,,,,,,,,,2026-04-01 19:18:09.737160+00:00,,,,,,,,,,,,,,,,,,,,,,,,,,,,,,,,,,,,,,,,,,,,,216,False,,,,,,,,,,,,,,,,,,,,,,,,,,,,,,,,,,,,,,,,,,,,0,,,,,,,,23,,,,,,,,,False,,,,,,,,,,,,,,,,,,,,,,,,,,,,,,,,,False,,,,,,,,,,,,,
,,,,,,,,,,,,,,,,,,,,,,,,,,,,,,,,,,,,,,,,,,,,,,,,,,,,,,,,,,,,,2026-04-01 19:18:09.849274+00:00,,,,,,,,,,,,,,,,,,,,,,,,,,,,,,,,,,,,,,,,,,,,,217,,,,0,,,,,,,0,,,,,,,,,,,,,,,,,,,,,,,,,,,,,,,,,,,,,,,,,,14,,0,,,,,,,,,,,,,,,,,,,,,,,,,,,,,,,,,,,,,,,,,,,,,,,,,,,,,
,,,,,,,,,,,,,,,,,,,,,,,,,,,,,,,,,,,,,,,,,,,,,,,,,,,,,,,,,,,,,2026-04-01 19:18:09.852308+00:00,,,,,,,,,,,,,,,,,,,,,,,,,,,,,,,,,,,,,,,,,,,,,218,,,,,,,,,,,,,,,,,,,,,,,,,,,,,,,,,,4,,,,,,,,,,,,,,,,,,,12,,,,,,,,,,,,,,,,,,,,,,,,,,,,,,,,,,,,,,,,,,,,,,,,,,,,,,,
,,,,,,,,,,,,,,,,,,,,,,,,,,,,,,,,,,,,,,,,,,,,,,,,,,,,,0,,,,,,,,2026-04-01 19:18:09.920469+00:00,,,,,,,,,,,,,,,,,,,,,,,,,,,,,,,,,,,,,,,,,,,,,219,,0,,,,,,,,,,,,,,,,,,,,,,,,,,,,,,,,,,,,,,,,,,,,,,,,,,,6156,,,,,,,,1,,,,,,,,,,,,,,,,,,,,,,,,,,,,,,,,,,,,0,0,,,,,,,,,,
,,,,,,,,,,,,,,,,,,,,,,,,,,,,,,,,,,,,,,,,,,,,,,,,,,,,,,,,,,,,,2026-04-01 19:18:10.130413+00:00,,,,,,,,,,,,,,,,,,,,,,,,,,,,,,,,,,,,,,,,,,,,,220,,,,,,,,,,,,,,,,,,,,,,,,,,,,,,,,,,,,,,,,,,,,,,,,,,,,,16962,,,,,,,,,,,,,,,,,,,,,,,,,,,,,,,,,,,,,,,,,,,,,,O:SYG:SYD:(A;;RC;;;BA),,,,,,,,,
,,,,,,,,,,,,,,,,,,,,,,,,,,,,,,,,,,,,,,,,,,,,0,,,,,,,,,,,,,,,,,2026-04-01 19:18:10.141874+00:00,,,,,,,,,,,,,,,,,,,,,,,,,,,,,,,,,,,-1,,,,,,,,,,221,,,,,,,,,,,,,,,,,,,,,,,,,,,,,,,,,,,,,,,,,,,,,,,,,,,,,16977,,,,,,,,,,,,,,,,,,,,,,,,,,,,,,,,,,,,,,,,,,,,,,,,,,,,,,,0
,,,,,,,,,,,,,,,,,,,,,,,,,,,,,,,,,,,,,,,,,,,,,,,,,,,,,,,,,,,,,2026-04-01 19:18:10.141878+00:00,,,,,,,,,,,,,,,,,,,,,,,,,,,,,,,,,,,,,,,,,,,,,222,,,,,,,,,,,,,,,,,,,,,,,,,,,,,,,,,,,,,,,,,,,,,,,,,,,,,16983,,,,,,,,,,,,,,,,,,,,,,,,,,,,,,,,,,,,,,,,,,,,,,,,,,,,,,,
,,,,,,,,,,,,,,,,,,,,,,,,,,,,,,,,,,,,,,,,,,,,,,,,,,,,,,,,,,,,,2026-04-01 19:18:18.429234+00:00,,,,,,,,,,,,,,,,,,,,,,,,,,,,,,,,,,,,,,,,,,,,,223,,,,,,,,,,,,,No such host is known. (0x80072AF9),,,,,,,,,,,,,,,,,,,,,,,,,,,,,,,,,,,,,,,,134,,,,,,,,,,,,,,,,,,,,,,,,15,,,,,,,,,,,,,"time.windows.com,0x9",,,,,,,,,,,,,,,,,,
,,,,,,,,,,,,,,,,,,,,,,,,,,,,,,,,,,,,,,,,,,,,,,,,,,,,,,,,2086-03-20 04:03:22+00:00,,,,,2026-04-01 19:18:18.631109+00:00,,,,,,,,,,,,,,,,,,,,,,,3,,,,,,,,,,,,,,,,,,,,,,224,,,,,,,,,,,,,,,,,,,,,,,,,,,,,,,,0,,,,0x00000000,,,,,,,,,,,,,,,,,6,,,,bfs,,,,,,,,,,,,,,,,,,,,,,,,,,,,,,,,,,,,,,,,,,,,,,,,10,,,
,,,,,,,,,,,,,,,,,,,,,,,,,,,,,,,,,,,,,,,,,,,,,,,,,,,,,,,,1985-11-26 07:47:21+00:00,,,,,2026-04-01 19:18:18.654648+00:00,,,,,,,,,,,,,,,,,,,,,,,5,,,,,,,,,,,,,,,,,,,,,,225,,,,,,,,,,,,,,,,,,,,,,,,,,,,,,,,0,,,,0x00000000,,,,,,,,,,,,,,,,,6,,,,wcifs,,,,,,,,,,,,,,,,,,,,,,,,,,,,,,,,,,,,,,,,,,,,,,,,10,,,
,,,,,,,,,,,,,,,,,,,,,,,,,,,,,,,,,,,,,,,,,,,,,,,,,,,,,,,,2057-06-14 06:55:30+00:00,,,,,2026-04-01 19:18:18.657045+00:00,,,,,,,,,,,,,,,,,,,,,,,5,,,,,,,,,,,,,,,,,,,,,,226,,,,,,,,,,,,,,,,,,,,,,,,,,,,,,,,0,,,,0x00000000,,,,,,,,,,,,,,,,,6,,,,luafv,,,,,,,,,,,,,,,,,,,,,,,,,,,,,,,,,,,,,,,,,,,,,,,,10,,,
,,,,,,,,,,,,,,,,,,,,,,,,,,,,,,,,,,,,,,,,,,,,,,,,,,,,,,,,,,,,,2026-04-01 19:18:18.678436+00:00,,,,,,,,,,,,,,,,,,,,,,,,,,,,,,,,,,,,,,,,,,,,,227,,,,,,,,,,,,,,,,,,,,,,,,,,,,,,,,,,,,,,,,,,,,,,,,,,,,,50036,,,,,,,,,,,,,,,,,,,,,,,,,,,,,,,,,,,,,,,,,,,,,,,,,,,,,,,
,,,,,,,,,,,,,,,,,,,,,,,,,,,,,,,,,,,,,,,,,,,,,,,,,,,,,,,,,,,,,2026-04-01 19:18:18.678762+00:00,,,,,,,,,,,,,,,,,,,,,,,,,,,,,,,,,,,,,,,,,,,,,228,,,,,,,,,,,,,,,,,,,,,,,,,,,,,,,,,,,,,,,,,,,,,,,,,,,,,50103,,,,,,,,,,,,,,,,,,,,,,,,,,,,,,,,,,,,,,,,,,,,,,,,,,,,,,,
,,,,,,,,,,,,,,,,,,,,,,,,,,,,,,,,,,,,,,,,,,,,,,,,,,,,,,,,,,,,,2026-04-01 19:18:18.685818+00:00,,,,,,,,,,,,,,,,,,,,,,,,,,,,,,,,,,,,,,,,,,,,,229,,,,,,,,,,,,,,,,,,,,,,,,,,,,,,,,,,,,,,,,,,,,,,,,,,,,,50036,,,,,,,,,,,,,,,,,,,,,,,,,,,,,,,,,,,,,,,,,,,,,,,,,,,,,,,
,,,,,,,,,,,,,,,,,,,,,,,,,,,,,,,,,,,,,,,,,,,,,,,,,,,,,,,,1991-05-02 13:16:55+00:00,,,,,2026-04-01 19:18:18.691904+00:00,,,,,,,,,,,,,,,,,,,,,,,6,,,,,,,,,,,,,,,,,,,,,,230,,,,,,,,,,,,,,,,,,,,,,,,,,,,,,,,0,,,,0x00000000,,,,,,,,,,,,,,,,,6,,,,CldFlt,,,,,,,,,,,,,,,,,,,,,,,,,,,,,,,,,,,,,,,,,,,,,,,,10,,,
,,,,,,,,,,,,,,,,,,,,,,,,,,,,,,,,,,,,,,,,,,,,,,,,,,,,,,,,1991-05-02 13:16:55+00:00,,,,,2026-04-01 19:18:18.691910+00:00,,,,,,,,,,,,,,,,,,,,,,,6,,,,,,,,,,,,,,,,,,,,,,231,,,,,,,,,,,,,,,,,,,,,,,,,,,,,,,,0,,,,0x00000000,,,,,,,,,,,,,,,,,1,,,,CldFlt,,,,,,,,,,,,,,,,,,,,,,,,,,,,,,,,,,,,,,,,,,,,,,,,10,,,
,,,,,,,,,,,,,,,,,,,,,,,,,,,,,,,,,,,,,,,,,,,,,,,,,,,,,,,,1991-05-02 13:16:55+00:00,,,,,2026-04-01 19:18:18.691984+00:00,,,,,,,,,,,,,,,,,,,,,,,6,,,,,,,,,,,,,,,,,,,,,,232,,,,,,,,,,,,,,,,,,,,,,,,,,,,,,,,0,,,,0x00000000,,,,,,,,,,,,,,,,,6,,,,CldFlt,,,,,,,,,,,,,,,,,,,,,,,,,,,,,,,,,,,,,,,,,,,,,,,,10,,,
,,,,,,,,,,,,,,,,,,,,,,,,,,,,,,,,,,,,,,,,,,,,,,,,,,,,,,,,2017-11-02 22:31:51+00:00,,,,,2026-04-01 19:18:18.697968+00:00,,,,,,,,,,,,,,,,,,,,,,,7,,,,,,,,,,,,,,,,,,,,,,233,,,,,,,,,,,,,,,,,,,,,,,,,,,,,,,,0,,,,0x00000000,,,,,,,,,,,,,,,,,6,,,,UnionFS,,,,,,,,,,,,,,,,,,,,,,,,,,,,,,,,,,,,,,,,,,,,,,,,10,,,
,,,,,,,,,,,,,,,,,,,,,,,,,,,,,,,,,,,,,,,,,,,,,,,,,,,,,,,,2016-04-28 15:00:23+00:00,,,,,2026-04-01 19:18:18.711828+00:00,,,,,,,,,,,,,,,,,,,,,,,10,,,,,,,,,,,,,,,,,,,,,,234,,,,,,,,,,,,,,,,,,,,,,,,,,,,,,,,0,,,,0x00000000,,,,,,,,,,,,,,,,,6,,,,storqosflt,,,,,,,,,,,,,,,,,,,,,,,,,,,,,,,,,,,,,,,,,,,,,,,,10,,,
,,,,,,,,,,,,,,,,,,,,,,,,,,,,,,,,,,,,,,,,,,,,,,,,,,,,,,,,2061-11-20 00:48:12+00:00,,,,,2026-04-01 19:18:18.727570+00:00,,,,,,,,,,,,,,,,,,,,,,,4,,,,,,,,,,,,,,,,,,,,,,235,,,,,,,,,,,,,,,,,,,,,,,,,,,,,,,,0,,,,0x00000000,,,,,,,,,,,,,,,,,6,,,,UCPD,,,,,,,,,,,,,,,,,,,,,,,,,,,,,,,,,,,,,,,,,,,,,,,,10,,,
,,,,,,,,,,,,,,,,,,,,,,,,,,,,,,,,,,,,,,,,,,,,,,,,,,,,,,,,2081-10-17 14:34:26+00:00,,,,,2026-04-01 19:18:18.732744+00:00,,,,,,,,,,,,,,,,,,,,,,,7,,,,,,,,,,,,,,,,,,,,,,236,,,,,,,,,,,,,,,,,,,,,,,,,,,,,,,,0,,,,0x00000000,,,,,,,,,,,,,,,,,6,,,,bindflt,,,,,,,,,,,,,,,,,,,,,,,,,,,,,,,,,,,,,,,,,,,,,,,,10,,,
,,,,,,,,,,,,,,,,,,,,,,,,,,,,,,,,,,,,,,,,,,,,,,,,,,,,,,,,,,,,,2026-04-01 19:18:18.755314+00:00,,,,,,,,,,,,,,,,,,,,,,,,,,,,,,,,,,,,,,,,,,,,,237,,,,,,,,,,,,,,,,,,,,,,,,,,,,,,,,,,,,,,,,,,,,,,,,,,,,,51046,,,,,,,,,,,,,,,,,,,,,,,,,,,,,,,,,,,,,,,,,,,,,,,,,,,,,,,
,,,,,,,,,,,,,,,,,,,,,,,,,,,,,,,,,,,,,,,,,,,,,,,,,,,,,,,,2033-08-14 04:35:15+00:00,,,,,2026-04-01 19:18:19.036242+00:00,,,,,,,,,,,,,,,,,,,,,,,13,,,,,,,,,,,,,,,,,,,,,,238,,,,,,,,,,,,,,,,,,,,,,,,,,,,,,,,0,,,,0x00000000,,,,,,,,,,,,,,,,,6,,,,applockerfltr,,,,,,,,,,,,,,,,,,,,,,,,,,,,,,,,,,,,,,,,,,,,,,,,10,,,
,,,,,,,,,,,,,,4,,,,,,,,,,,,,,,,,,,,,,,,,,,,,,,,,,,,,,,,,,,,,,,2026-04-01 19:18:19.747330+00:00,,,,,,,,,,,,,,,,,,,,,,,,,,,,,,,,,,,,,,0,,,,,,,239,,,,,,,,,,,,,,,,,,,,,,,,,,,,S-1-5-18,,,,,,,,,,,,,,,,,,,,,,,,,112,,,,,,,,,,,,,,,,,,,,,,,,,,,,,http://*:5357/,,,,,,,,,,,,,,,,,,,,,,,,,,
,,,,,,,,,,,,,,4,,,,,,,,,,,,,,,,,,,,,,,,,,,,,,,,,,,,,,,,,,,,,,,2026-04-01 19:18:19.747337+00:00,,,,,,,,,,,,,,,,,,,,,,,,,,,,,,,,,,,,,,0,,,,,,,240,,,,,,,,,,,,,,,,,,,,,,,,,,,,S-1-5-18,,,,,,,,,,,,,,,,,,,,,,,,,112,,,,,,,,,,,,,,,,,,,,,,,,,,,,,http://+:80/Temporary_Listen_Addresses/,,,,,,,,,,,,,,,,,,,,,,,,,,
,,,,,,,,,,,,,,4,,,,,,,,,,,,,,,,,,,,,,,,,,,,,,,,,,,,,,,,,,,,,,,2026-04-01 19:18:19.747341+00:00,,,,,,,,,,,,,,,,,,,,,,,,,,,,,,,,,,,,,,0,,,,,,,241,,,,,,,,,,,,,,,,,,,,,,,,,,,,S-1-5-18,,,,,,,,,,,,,,,,,,,,,,,,,112,,,,,,,,,,,,,,,,,,,,,,,,,,,,,https://*:5358/,,,,,,,,,,,,,,,,,,,,,,,,,,
,,,,,,,,,,,,,,4,,,,,,,,,,,,,,,,,,,,,,,,,,,,,,,,,,,,,,,,,,,,,,,2026-04-01 19:18:19.747347+00:00,,,,,,,,,,,,,,,,,,,,,,,,,,,,,,,,,,,,,,0,,,,,,,242,,,,,,,,,,,,,,,,,,,,,,,,,,,,S-1-5-18,,,,,,,,,,,,,,,,,,,,,,,,,112,,,,,,,,,,,,,,,,,,,,,,,,,,,,,http://*:2869/,,,,,,,,,,,,,,,,,,,,,,,,,,
,,,,,,,,,,,,,,4,,,,,,,,,,,,,,,,,,,,,,,,,,,,,,,,,,,,,,,,,,,,,,,2026-04-01 19:18:19.747351+00:00,,,,,,,,,,,,,,,,,,,,,,,,,,,,,,,,,,,,,,0,,,,,,,243,,,,,,,,,,,,,,,,,,,,,,,,,,,,S-1-5-18,,,,,,,,,,,,,,,,,,,,,,,,,112,,,,,,,,,,,,,,,,,,,,,,,,,,,,,https://+:5986/wsman/,,,,,,,,,,,,,,,,,,,,,,,,,,
,,,,,,,,,,,,,,4,,,,,,,,,,,,,,,,,,,,,,,,,,,,,,,,,,,,,,,,,,,,,,,2026-04-01 19:18:19.747356+00:00,,,,,,,,,,,,,,,,,,,,,,,,,,,,,,,,,,,,,,0,,,,,,,244,,,,,,,,,,,,,,,,,,,,,,,,,,,,S-1-5-18,,,,,,,,,,,,,,,,,,,,,,,,,112,,,,,,,,,,,,,,,,,,,,,,,,,,,,,http://+:47001/wsman/,,,,,,,,,,,,,,,,,,,,,,,,,,
,,,,,,,,,,,,,,4,,,,,,,,,,,,,,,,,,,,,,,,,,,,,,,,,,,,,,,,,,,,,,,2026-04-01 19:18:19.747360+00:00,,,,,,,,,,,,,,,,,,,,,,,,,,,,,,,,,,,,,,0,,,,,,,245,,,,,,,,,,,,,,,,,,,,,,,,,,,,S-1-5-18,,,,,,,,,,,,,,,,,,,,,,,,,112,,,,,,,,,,,,,,,,,,,,,,,,,,,,,http://+:5985/wsman/,,,,,,,,,,,,,,,,,,,,,,,,,,
,,,,,,,,,,,,,,4,,,,,,,,,,,,,,,,,,,,,,,,,,,,,,,,,,,,,,,,,,,,,,,2026-04-01 19:18:19.747366+00:00,,,,,,,,,,,,,,,,,,,,,,,,,,,,,,,,,,,,,,0,,,,,,,246,,,,,,,,,,,,,,,,,,,,,,,,,,,,S-1-5-18,,,,,,,,,,,,,,,,,,,,,,,,,112,,,,,,,,,,,,,,,,,,,,,,,,,,,,,https://+:3392/rdp/,,,,,,,,,,,,,,,,,,,,,,,,,,
,,,,,,,,,,,,,,4,,,,,,,,,,,,,,,,,,,,,,,,,,,,,,,,,,,,,,,,,,,,,,,2026-04-01 19:18:19.747372+00:00,,,,,,,,,,,,,,,,,,,,,,,,,,,,,,,,,,,,,,0,,,,,,,247,,,,,,,,,,,,,,,,,,,,,,,,,,,,S-1-5-18,,,,,,,,,,,,,,,,,,,,,,,,,112,,,,,,,,,,,,,,,,,,,,,,,,,,,,,https://+:443/sra_{BA195980-CD49-458b-9E23-C84EE0ADCD75}/,,,,,,,,,,,,,,,,,,,,,,,,,,
,,,,,,,,,,,,,,4,,,,,,,,,,,,,,,,,,,,,,,,,,,,,,,,,,,,,,,,,,,,,,,2026-04-01 19:18:19.747377+00:00,,,,,,,,,,,,,,,,,,,,,,,,,,,,,,,,,,,,,,0,,,,,,,248,,,,,,,,,,,,,,,,,,,,,,,,,,,,S-1-5-18,,,,,,,,,,,,,,,,,,,,,,,,,112,,,,,,,,,,,,,,,,,,,,,,,,,,,,,http://+:10247/apps/,,,,,,,,,,,,,,,,,,,,,,,,,,
,,,,,,,,,,,,,,4,,,,,,,,,,,,,,,,,,,,,,,,,,,,,,,,,,,,,,,,,,,,,,,2026-04-01 19:18:19.747381+00:00,,,,,,,,,,,,,,,,,,,,,,,,,,,,,,,,,,,,,,0,,,,,,,249,,,,,,,,,,,,,,,,,,,,,,,,,,,,S-1-5-18,,,,,,,,,,,,,,,,,,,,,,,,,112,,,,,,,,,,,,,,,,,,,,,,,,,,,,,https://+:10245/WMPNSSv4/,,,,,,,,,,,,,,,,,,,,,,,,,,
,,,,,,,,,,,,,,4,,,,,,,,,,,,,,,,,,,,,,,,,,,,,,,,,,,,,,,,,,,,,,,2026-04-01 19:18:19.747385+00:00,,,,,,,,,,,,,,,,,,,,,,,,,,,,,,,,,,,,,,0,,,,,,,250,,,,,,,,,,,,,,,,,,,,,,,,,,,,S-1-5-18,,,,,,,,,,,,,,,,,,,,,,,,,112,,,,,,,,,,,,,,,,,,,,,,,,,,,,,http://+:10243/WMPNSSv4/,,,,,,,,,,,,,,,,,,,,,,,,,,
,,,,,,,,,,,,,,4,,,,,,,,,,,,,,,,,,,,,,,,,,,,,,,,,,,,,,,,,,,,,,,2026-04-01 19:18:19.747389+00:00,,,,,,,,,,,,,,,,,,,,,,,,,,,,,,,,,,,,,,0,,,,,,,251,,,,,,,,,,,,,,,,,,,,,,,,,,,,S-1-5-18,,,,,,,,,,,,,,,,,,,,,,,,,112,,,,,,,,,,,,,,,,,,,,,,,,,,,,,http://+:10246/MDEServer/,,,,,,,,,,,,,,,,,,,,,,,,,,
,,,,,,,,,,,,,,,,,,,,,,,,,,,,,,,,,,,,,,,,,,,,,,,,,,,,,,,,,,,,,2026-04-01 19:18:19.942114+00:00,,,,,,,,,,,,,,,,,,,,,,,,,,,,,,,,,,,,,,,,,,,,,252,,,,,,,,,,,,,No such host is known. (0x80072AF9),,,,,,,,,,,,,,,,,,,,,,,,,,,,,,,,,,,,,,,,134,,,,,,,,,,,,,,,,,,,,,,,,15,,,,,,,,,,,,,"time.windows.com,0x9",,,,,,,,,,,,,,,,,,
,,,,,,,,,,,,,,,,,,,,,,,,,,,,,,,,,,,,,,,,,,,,,,,,,,,,,,,,,,,,,2026-04-01 19:18:20.450785+00:00,,,,,,,,,,,,,,,,,,,,,,,,,,,,,,,,,,,,,,,,,,,,,253,,,,,,,,,,,,,,,,,,,,,,,,,,,,,,,,,,,,,,,,,,,,,,,,,,,,,7026,,,,,,,,,,,,,,,,,,,,,,,"
dam
uiomap",,,,,,,,,,,,,,,,,,,,,,,,,,,,,,,,
,,,,,,,,,,,,,,,,,,,,,,,,,,,,,,,,,,,,,,,,,,0,,,,,,,,,,,,,,,,,,,2026-04-01 19:18:20.452509+00:00,,,,,,,,,,,,,,,,,,,,,,,,,,,,,,,,,,,,,,,,,,,,,254,,,,,,,,,,,,,,,,,,,,,,,,,,,,,,,,,,,,,,,,,,,,,,,,,,,,,18,,,,,,,,,,,,,,,,,,,,,,,,,,,,,,,,,,,,,,,0x00000014,,,,,,,,,,217,,,,,,
,,,,,,,,,,,,,,,,,,,,,,,,,,,,,,,,,,,,,,,,,,,,,,,,,,,,,,,,,,,,,2026-04-01 19:18:22.811069+00:00,,,,,,,,,,,,,,,,,,,,,,,,,,,,,,,,,,,,,,,,,,,,,255,,,,,,,,,,,,,,,,,,,,"time.windows.com,0x9",,,,,,,,,,,,,,,,,,,,,,,,,,,,,,,,,137,,,,,,,,,,,,,,,,,,,,,,,,,,,,,,,,,,,,,,,,,,,,,,,,,,,,,,,
,,,,,,,,,,,,,,,,,,,,,,,,,,,,,,,,,,,,,,,,,,,,,,,,,,,,,,,,,,,,,2026-04-01 19:18:23.098160+00:00,,,,,,,,,,,,,,,,,,,,,,,,,,,,,,,,,,,,,,,,,,,,,256,,,,,,,,,,,,,,,,,,,,,,,,,,,,,,,,,,,,,,,,,,,,,,,,,,"time.windows.com,0x9 (ntp.m|0x9|0.0.0.0:123->168.61.215.74:123)",,,37,,,,,,,,,,,,,,,,,,,,,,,,,,,,,,,,,,,,,,,,,,,,,,,,,,,,,,,
,,,,,,,,,,,,2,,,,,,,,,,,,,,,,,,,,,,,,,,,,0,,,,,,,,,,,,,,,,,,,,,2026-04-01 19:18:23.130602+00:00,,,,,,,,,,,,,,,,,,,,,,,,,,,,,,,,,,,,,,,,,,,,,257,,,,,,,,,,,,,,,,,,0,,,,,,,,,,,,,,,,,,,,,0,,,,,,,,,420,,,,,24,,,,,,,,,,,,,,,,,,,,,,,,,,,,,,,,,,,,,,,,,,,,,,,,,,,,,,,
,,,,,,,,,,,,,,,2026-04-01 19:18:23.128157+00:00,,,,,,2026-04-01 12:18:23.128157+00:00,,,,,,,,420,,,,,,,,,,,,,,,,,,,,,,,,,,0,,,,,,2026-04-01 19:18:23.130705+00:00,,,,,,,,2026-04-01 19:18:23.128157+00:00,,,,,,,,,,,,,,,,,,,,False,,,,,,,,,,,,,,,,,258,,,,,,,\Device\HarddiskVolume3\Windows\System32\oobe\msoobe.exe,,,,,,,,,,,,,,,,,1324,,,False,,,,,,,,,,,,,,,,,,,,,,,,,,1,,,,,,,,,,,,,,,,,,,,,,,,,,,,,,,,,,,3,,,,,,,,,,,,,,,,,,,,
,,,,,,,,,,,,2,,,,,,,,,,,,,,,,,,,,,,,,,,,,0,,,,,,,,,,,,,,,,,,,,,2026-04-01 16:17:45.135061+00:00,,,,,,,,,,,,,,,,,,,,,,,,,,,,,,,,,,,,,,,,,,,,,259,,,,,,,,,,,,,,,,,,0,,,,,,,,,,,,,,,,,,,,,0,,,,,,,,,420,,,,,24,,,,,,,,,,,,,,,,,,,,,,,,,,,,,,,,,,,,,,,,,,,,,,,,,,,,,,,
,,,,,,,,,,,,,,,2026-04-01 19:18:23.133074+00:00,,,,,,2026-04-01 09:17:45.134933+00:00,,,,,,,,420,,,,,,,,,,,,,,,,,,,,,,,,,,-10837998,,,,,,2026-04-01 16:17:45.135176+00:00,,,,,,,,2026-04-01 16:17:45.134933+00:00,,,,,,,,,,,,,,,,,,,,False,,,,,,,,,,,,,,,,,260,,,,,,,\Device\HarddiskVolume3\Windows\System32\svchost.exe,,,,,,,,,,,,,,,,,1528,,,False,,,,,,,,,,,,,,,,,,,,,,,,,,1,,,,,,,,,,,,,,,,,,,,,,,,,,,,,,,,,,,1,,,,,,,,,,,,,,,,,,,,
,,,,,,,,,,,,,,,,,,,,,,,,,,,,,,,,,,,,,,,,,,,,,,,,,,,,,,,,,,,,,2026-04-01 16:17:45.136377+00:00,,,,,,,,,,,,,,,,,,,,,,,,,,,,,,,,,,,,,,,,,,,,,261,,,4,,,,,,,,,,,,,,,,,,,,,,,,,,,,,,,,,,,,,,,,,,,,,,,"time.windows.com,0x9 (ntp.m|0x9|0.0.0.0:123->168.61.215.74:123)",,,35,,,,,,,,,,,,,,,,,,,,,,,,,,,1255620008,,,,,,,,,,,,,,,,,,,,,,,,,,,,
,,,,,,,,,,,,2,,,,,,,,,,,,,,,,,,,,,,,,,,,,0,,,,,,,,,,,,,,,,,,,,,2026-04-01 16:17:45.136837+00:00,,,,,,,,,,,,,,,,,,,,,,,,,,,,,,,,,,,,,,,,,,,,,262,,,,,,,,,,,,,,,,,,0,,,,,,,,,,,,,,,,,,,,,0,,,,,,,,,420,,,,,24,,,,,,,,,,,,,,,,,,,,,,,,,,,,,,,,,,,,,,,,,,,,,,,,,,,,,,,
,,,,,,,,,,,,,,,2026-04-01 16:17:45.134933+00:00,,,,,,2026-04-01 09:17:45.136721+00:00,,,,,,,,420,,,,,,,,,,,,,,,,,,,,,,,,,,1,,,,,,2026-04-01 16:17:45.138052+00:00,,,,,,,,2026-04-01 16:17:45.136721+00:00,,,,,,,,,,,,,,,,,,,,False,,,,,,,,,,,,,,,,,263,,,,,,,\Device\HarddiskVolume3\Windows\System32\svchost.exe,,,,,,,,,,,,,,,,,1528,,,False,,,,,,,,,,,,,,,,,,,,,,,,,,1,,,,,,,,,,,,,,,,,,,,,,,,,,,,,,,,,,,1,,,,,,,,,,,,,,,,,,,,
,,,,,,,,,,,,2,,,,,,,,,,,,,,,,,,,,,,,,,,,,0,,,,,,,,,,,,,,,,,,,,,2026-04-01 16:17:45.210051+00:00,,,,,,,,,,,,,,,,,,,,,,,,,,,,,,,,,,,,,,,,,,,,,264,,,,,,,,,,,,,,,,,,0,,,,,,,,,,,,,,,,,,,,,0,,,,,,,,,420,,,,,24,,,,,,,,,,,,,,,,,,,,,,,,,,,,,,,,,,,,,,,,,,,,,,,,,,,,,,,
,,,,,,,,,,,,,,,2026-04-01 16:17:45.208841+00:00,,,,,,2026-04-01 09:17:45.209757+00:00,,,,,,,,420,,,,,,,,,,,,,,,,,,,,,,,,,,0,,,,,,2026-04-01 16:17:45.210302+00:00,,,,,,,,2026-04-01 16:17:45.209757+00:00,,,,,,,,,,,,,,,,,,,,False,,,,,,,,,,,,,,,,,265,,,,,,,\Device\HarddiskVolume3\Windows\System32\svchost.exe,,,,,,,,,,,,,,,,,1528,,,False,,,,,,,,,,,,,,,,,,,,,,,,,,1,,,,,,,,,,,,,,,,,,,,,,,,,,,,,,,,,,,1,,,,,,,,,,,,,,,,,,,,
,,,,,,,,,,,,,,,,,,,,,,,,,,,,,,,,,,,,,,,,,,,,,,,,,,,,,,,,,,,,,2026-04-01 16:17:46.919863+00:00,,,,,,,,,,,,,,,,,,,,,,,,,,,,,,,,,,,,,,,,,,,,,266,,,,,,,,,,,,,,,,,,,,,,,,,,,,,,,,,,,,,,,,,,,,,,,,,,,,,3,,,,,"<string>@2010005</string>
",,,,,,,,,,,,,,,,,,,,,,,,,,,,,,,,,,,,,,,,,,,,,,,,,,
,,,,,,,,,,,,,,,,,,\??\C:\WINDOWS\System32\config\COMPONENTS,,,,,,,,,,,,,,,,,,,,,,,,,,,,,,,,,,,,,,,,,,,2026-04-01 16:17:48.196573+00:00,,,,,,,,,37908480,,,,,,,,,,,,,,,,,,,,,,,,,,,,,,,,,,,,267,,,,,,,,,,,,,,,,,,,,,,,,,,,,,,,,,,,,,,,,,,,,,,,,,,,,,15,37908480,,,,,,,,,,,,,,,,,,,,,,,,,,,,,,,,41,,,,,,,,,,,,,,,,,,,,,,
,,,,,,,,,,,,,,,,,,,,,,,,,,,,,,,,,,,,,,,,,,,,,,,,,,,,,,,,,,,,,2026-04-01 16:17:51.115767+00:00,,,,,,,,,,,,,,,,,,,,,,,,,,,,,,,,,,,,,,,,,,,,,268,,,,,,,,,,,,,,,,,,,,,,,,,,,,,,,,,,,,,,,,,,,,,,,,,,,,,1282,,,,,,,,,,,,,,,,,,,,,,,,,,,,,,,,,,,,,,,,,,,,,,,,,,,,,,,
,,,,,,,,,,,,,,,,,,,,,,,,,,,,,,,,,,,,,,,,,,,,,,,,,,,,,,,,,,,,,2026-04-01 16:17:51.788244+00:00,,,,,,,,,,,,,,,,,,,,,,,,,,,,,,,,,,,,,,,,,,,,,269,,,,,,,,,,,,,,,,,,,,,,,,,,,,,,,,,,,,,,,,,,,,,,,,,,,,,1025,,,,,,,,,,,,,,,,,,,,,,,,,,,,,,,,,,,,,,,,,,,,,,,,,,,,,,,
,,,,,,,,,,,,,,,,,,,,,,,,,,,,,,,,,,,,,,,,,,,,,,,,,,,,,,,,,,,,,2026-04-01 16:17:53.884270+00:00,,,,,,,,,,,,,,,,,,,,,,,,,,,,,,,,,,,,,,,,,,,,,270,,,,,,,,,,,,,,,,,,,,,,,,,,,,,,,,,,,,,,,,,,,,,,,,,,,,,4,,,,,"<string>@2010001</string>
",,,,,,,,,,,,,,,,,,,,,,,,,,,,,,,,,,,,,,,,,,,,,,,,,,
,,,,,,,,,,,,,,,,,,\Device\HarddiskVolume1\EFI\Microsoft\Recovery\BCD,,,,,,,,,,,,,,,,,,,,,29,,,,,,,,,,,,,,,,,,,,,,2026-04-01 16:17:53.891588+00:00,,,,,,,,,,,,,,,,,,,,,,,,,,,,,,,,,,,,,,,,,,,,,271,,,,,,,,,,,,,,,,,,,,,,,,,,,,,,,,,,,,,,,,,,,,,,,,,,,,,16,,,,,,,,,,,,,,,,,,,,,,,,,,,,,,,,,50,,,,,,,,,,,,,,,,,,,,3,,
,,,,,,TrustedInstaller,,,,,,,,,,,,,,,,,demand start,,,,,,,,,,,,,,,,,,,,,,,,,,,,,,,,,,,,,,2026-04-01 16:17:55.142153+00:00,,,,,,,,,,,,,,,,,,,,,,,,,,,,,,,,auto start,,,,,,,,,,,,,272,,,,,,,,,,,,,,,,,,,,,,,,,,,,,,,,,,,,,,,,,,,,,,,,,,,,,7040,,,,,,,,,,,,,,,,,,,,,,,Windows Modules Installer,,,,,,,,,,,,,,,,,,,,,,,,,,,,,,,,
,,,,,,,,,,,,,,,,,,,,,,,,,,,,4589,,,,,,,,,,,,,,,,,1,,,31,,,,,,,,,,,,,2026-04-01 16:17:55.195967+00:00,,,,,,,,,,,,,,,,,,,,,,,,,,,,,,,,,,,,,,,,,,,,,273,,,,,,,,,,,,,,,,,,,,,,,,,,,,,,,,,,,,,,,,,,,,,,,,,,,,,1500,,,,,,,,,,,,,,,,,,,,,,,,,,1,,,,,,,,,,,,,,,,,,,,,,,,,,,,,
,,,,,,,,,,,,,,,,,,,,,,,,,,,,,,,,,,,,,,,,,,,,,,,,,,,,,,,,,,,,,2026-04-01 16:17:55.655647+00:00,,,,,,,,,,,,,,,,,,,,,,,,,,,,,,,,,,,,,,,,,1,,,,274,,,,,,,,,,,,,,,,,,,,,,,,,,,,S-1-5-21-2352865859-2334931103-2005901029-1000,,,,,,,,,,,,,,,,,,,,,,,,,7001,,,,,,,,,,,,,,,,,,,,,,,,,,,,,,,,,,,,,,,,,,,,,,,,,,,,,,,
,,,,,,,,,,,,,,,,,,\??\C:\Users\defaultuser0\ntuser.dat,,,,,,,,,,,,,,,,,,,,,571,,,,,,,,,,,,,,,,,,,,,,2026-04-01 16:17:55.681190+00:00,,,,,,,,,,,,,,,,,,,,,,,,,,,,,,,,,,,,,,,,,,,,,275,,,,,,,,,,,,,,,,,,,,,,,,,,,,,,,,,,,,,,,,,,,,,,,,,,,,,16,,,,,,,,,,,,,,,,,,,,,,,,,,,,,,,,,36,,,,,,,,,,,,,,,,,,,,33,,
,,,,,,,,,,,,,,,,,,\??\C:\Users\defaultuser0\AppData\Local\Microsoft\Windows\UsrClass.dat,,,,,,,,,,,,,,,,,,,,,6,,,,,,,,,,,,,,,,,,,,,,2026-04-01 16:17:55.684858+00:00,,,,,,,,,,,,,,,,,,,,,,,,,,,,,,,,,,,,,,,,,,,,,276,,,,,,,,,,,,,,,,,,,,,,,,,,,,,,,,,,,,,,,,,,,,,,,,,,,,,16,,,,,,,,,,,,,,,,,,,,,,,,,,,,,,,,,70,,,,,,,,,,,,,,,,,,,,1,,
,,,,,,,,,,,,,,,,,,,,,,,,,,,,4589,,,,,,,,,,,,,,,,,1,,,468,,,,,,,,,,,,,2026-04-01 16:17:56.182720+00:00,,,,,,,,,,,,,,,,,,,,,,,,,,,,,,,,,,,,,,,,,,,,,277,,,,,,,,,,,,,,,,,,,,,,,,,,,,,,,,,,,,,,,,,,,,,,,,,,,,,1501,,,,,,,,,,,,,,,,,,,,,,,,,,1,,,,,,,,,,,,,,,,,,,,,,,,,,,,,
,,,,,,,,,,,,,,,,,,,,,,,,,,,,,,,,,,,,,,,,,,,{81ee8a1b-2dff-11f1-a9df-000c29be682a},,,,,,,,,,,,,,,,,,2026-04-01 16:17:59.838320+00:00,0xc0000022,,,,,,,,,,,,,,,,,,,,,,,,,,,,,,,,,,,,,,,,,,,{81ee8a1a-2dff-11f1-a9df-000c29be682a},278,,,,,,,,\SystemRoot\System32\AppLocker\AppCache.dat,,,,,,,,,,,,,,,,,,,,,,,,,,,,,,,,,,,,,,,,,,,,,11,,,43,,,,,,,,,,,,,,,,,,,,,,,,,,,,,,,,,,,,,,,,7,,,,,,,,,,,,
,,,,,,,,,,,,,,,,,,\??\C:\WINDOWS\AppCompat\Programs\Amcache.hve,,,,,,,,,,,,,,,,,,,,,0,,,,,,,,,,,,,,,,,,,,,,2026-04-01 16:18:02.023933+00:00,,,,,,,,,,,,,,,,,,,,,,,,,,,,,,,,,,,,,,,,,,,,,279,,,,,,,,,,,,,,,,,,,,,,,,,,,,,,,,,,,,,,,,,,,,,,,,,,,,,16,,,,,,,,,,,,,,,,,,,,,,,,,,,,,,,,,45,,,,,,,,,,,,,,,,,,,,0,,
,,,,,,,,,,,,,,,,,,,,,,,,,,,,,,,,,,,,,,,,,,,,,,,,,,,,,,,,,,,,,2026-04-01 16:18:02.250965+00:00,,,,,,,,,,,,,,,,,,,,,,,,,,,,,,,,,,,,,,,,,,,,,280,,,,,,,,,,,,,,,,,,,,,,,,,,,,,,,,,,,,,,,,,,,,,,,,,,,,,1041,,,,,,,,,,,,,,,,,,,,,,,,,,,,"{""Version"":1,""HealthStatus"":""Attestable"",""Required"":[{""Field"":""TpmPresent"",""Value"":true,""DesiredValue"":true},{""Field"":""TpmMeetsMinimumVersion"",""Value"":true,""DesiredValue"":true},{""Field"":""TpmIsResponsive"",""Value"":true,""DesiredValue"":true},{""Field"":""EkCertIsAvailable"",""Value"":true,""DesiredValue"":true},{""Field"":""TcgLogFound"",""Value"":true,""DesiredValue"":true}],""Expected"":[{""Field"":""PcrsMatchTcgLog"",""Value"":true,""DesiredValue"":true}],""Informational"":[{""Field"":""SecureBootEnabled"",""ValueFromComputer"":false,""ValueFromTcgLog"":false,""DesiredValue"":true,""TcgValueIsVerifiable"":true},{""Field"":""VirtualSecureMemory"",""ValueFromComputer"":false,""ValueFromTcgLog"":false,""DesiredValue"":true,""TcgValueIsVerifiable"":true},{""Field"":""SecureCorePCCompliant"",""ValueFromComputer"":false,""ValueFromTcgLog"":false,""DesiredValue"":true,""TcgValueIsVerifiable"":true}{""Field"":""BootTcgLogFoundInFileSystem"",""Value"":true,""DesiredValue"":true},{""Field"":""CurrentTcgLogFoundInFileSystem"",""Value"":true,""DesiredValue"":true}]}",,,,,,,,,,,,,,,,,,,,,,,,,,,
,,,,,,,,,,,,,,,,,,,,,,,,,,,,,,,,,,,,,,,,,,,,,,,,,,,,,,,,,,,,,2026-04-01 16:18:02.251026+00:00,,,,,,,,,,,,,,,,,,,,,,,,,,,,,,,,,,,,,,,,,,,,,281,,,,,,,,,C:\WINDOWS\Logs\MeasuredBoot\0000000002-0000000000.json,,,,,,,,,,,,,,,,,,,,,,,,,,,,,,,,,,,,,,,,,,,,1038,,,,,,,,,,,,,,,,,,,,,,,,,,,,,,,,,,,,,,,,,,,,,,,,,,,,,,,
,,,,,,,,,,,,,,,,,,\??\C:\Users\defaultuser0\AppData\Local\Packages\Microsoft.AAD.BrokerPlugin_cw5n1h2txyewy\Settings\settings.dat,,,,,,,,,,,,,,,,,,,,,3,,,,,,,,,,,,,,,,,,,,,,2026-04-01 16:18:03.315151+00:00,,,,,,,,,,,,,,,,,,,,,,,,,,,,,,,,,,,,,,,,,,,,,282,,,,,,,,,,,,,,,,,,,,,,,,,,,,,,,,,,,,,,,,,,,,,,,,,,,,,16,,,,,,,,,,,,,,,,,,,,,,,,,,,,,,,,,111,,,,,,,,,,,,,,,,,,,,1,,
,,,,,,,,,,,,,,,,,,\??\C:\Users\defaultuser0\AppData\Local\Packages\Microsoft.Windows.ContentDeliveryManager_cw5n1h2txyewy\Settings\settings.dat,,,,,,,,,,,,,,,,,,,,,3,,,,,,,,,,,,,,,,,,,,,,2026-04-01 16:18:04.445242+00:00,,,,,,,,,,,,,,,,,,,,,,,,,,,,,,,,,,,,,,,,,,,,,283,,,,,,,,,,,,,,,,,,,,,,,,,,,,,,,,,,,,,,,,,,,,,,,,,,,,,16,,,,,,,,,,,,,,,,,,,,,,,,,,,,,,,,,125,,,,,,,,,,,,,,,,,,,,1,,
,,,,,,,,,,,,,,,,,,\??\C:\WINDOWS\AppCompat\Programs\Amcache.hve.tmp,,,,,,,,,,,,,,,,,,,,,0,,,,,,,,,,,,,,,,,,,,,,2026-04-01 16:18:05.136301+00:00,,,,,,,,,,,,,,,,,,,,,,,,,,,,,,,,,,,,,,,,,,,,,284,,,,,,,,,,,,,,,,,,,,,,,,,,,,,,,,,,,,,,,,,,,,,,,,,,,,,16,,,,,,,,,,,,,,,,,,,,,,,,,,,,,,,,,49,,,,,,,,,,,,,,,,,,,,0,,
,,,,,,,,,,,,,,,,,,\??\C:\Users\defaultuser0\AppData\Local\Packages\Microsoft.Windows.CloudExperienceHost_cw5n1h2txyewy\Settings\settings.dat,,,,,,,,,,,,,,,,,,,,,3,,,,,,,,,,,,,,,,,,,,,,2026-04-01 16:18:10.252092+00:00,,,,,,,,,,,,,,,,,,,,,,,,,,,,,,,,,,,,,,,,,,,,,285,,,,,,,,,,,,,,,,,,,,,,,,,,,,,,,,,,,,,,,,,,,,,,,,,,,,,16,,,,,,,,,,,,,,,,,,,,,,,,,,,,,,,,,122,,,,,,,,,,,,,,,,,,,,1,,
,,,,,,,,,,,,,,,,,,\??\C:\ProgramData\Microsoft\Windows\AppRepository\Packages\Microsoft.WidgetsPlatformRuntime_1.6.14.0_x64__8wekyb3d8bbwe\ActivationStore.dat,,,,,,,,,,,,,,,,,,,,,0,,,,,,,,,,,,,,,,,,,,,,2026-04-01 16:18:17.458391+00:00,,,,,,,,,,,,,,,,,,,,,,,,,,,,,,,,,,,,,,,,,,,,,286,,,,,,,,,,,,,,,,,,,,,,,,,,,,,,,,,,,,,,,,,,,,,,,,,,,,,16,,,,,,,,,,,,,,,,,,,,,,,,,,,,,,,,,140,,,,,,,,,,,,,,,,,,,,0,,
,,,,,,,,,,,,,,,,,,\??\C:\Users\Default\NTUSER.DAT,,,,,,,,,,,,,,,,,,,,,559,,,,,,,,,,,,,,,,,,,,,,2026-04-01 16:18:34.606611+00:00,,,,,,,,,,,,,,,,,,,,,,,,,,,,,,,,,,,,,,,,,,,,,287,,,,,,,,,,,,,,,,,,,,,,,,,,,,,,,,,,,,,,,,,,,,,,,,,,,,,16,,,,,,,,,,,,,,,,,,,,,,,,,,,,,,,,,31,,,,,,,,,,,,,,,,,,,,34,,
,,,,,,,,,,,,2,,,,,,,,,,,,,,,,,,,,,,,,,,,,0,,,,,,,,,,,,,,,,,,,,,2026-04-01 16:18:34.732594+00:00,,,,,,,,,,,,,,,,,,,,,,,,,,,,,,,,,,,,,,,,,,,,,288,,,,,,,,,,,,,,,,,,0,,,,,,,,,,,,,,,,,,,,,0,,,,,,,,,420,,,,,24,,,,,,,,,,,,,,,,,,,,,,,,,,,,,,,,,,,,,,,,,,,,,,,,,,,,,,,
,,,,,,,,,,,,,,,2026-04-01 16:18:34.730986+00:00,,,,,,2026-04-01 09:18:34.730986+00:00,,,,,,,,420,,,,,,,,,,,,,,,,,,,,,,,,,,0,,,,,,2026-04-01 16:18:34.732655+00:00,,,,,,,,2026-04-01 16:18:34.730986+00:00,,,,,,,,,,,,,,,,,,,,False,,,,,,,,,,,,,,,,,289,,,,,,,\Device\HarddiskVolume3\Windows\System32\CloudExperienceHostBroker.exe,,,,,,,,,,,,,,,,,5188,,,False,,,,,,,,,,,,,,,,,,,,,,,,,,1,,,,,,,,,,,,,,,,,,,,,,,,,,,,,,,,,,,3,,,,,,,,,,,,,,,,,,,,
,,,,,,DoSvc,,,,,,,,,,,,,,,,,auto start,,,,,,,,,,,,,,,,,,,,,,,,,,,,,,,,,,,,,,2026-04-01 16:18:51.902435+00:00,,,,,,,,,,,,,,,,,,,,,,,,,,,,,,,,demand start,,,,,,,,,,,,,290,,,,,,,,,,,,,,,,,,,,,,,,,,,,,,,,,,,,,,,,,,,,,,,,,,,,,7040,,,,,,,,,,,,,,,,,,,,,,,Delivery Optimization,,,,,,,,,,,,,,,,,,,,,,,,,,,,,,,,
,,,,,,,,,,,,,,,,,,,%SystemRoot%\system32\svchost.exe -k print,,,,,,,,,,,,,,,,,,,,,,,,,,,,,,,,,,,,,,demand start,,,,2026-04-01 16:19:46.159172+00:00,,,,LocalSystem,,,,,,,,,,,,,,,,,,,,,,,,,,,,,,,,,,,,,,,,,291,,,,,,,,,,,,,,,,,Printer Extensions and Notifications,,,,,,,,,,,,,,,,,,,,,,,,,,,,,,,,,,,,7045,,,,,,,,,,,,,,,,,,,,,,,,,,,,,,,,user mode service,,,,,,,,,,,,,,,,,,,,,,,
,,,,,,,,,,,,,,,,,,,,,,,,,,,,,,,,,,,,,,,,,,,,,,,,,,,,,,,,,,,,,2026-04-01 16:19:46.159172+00:00,,,,,,,,,,,,,,,,,,,,,,,,,,,,,,,,,,,,,,,,,,,,,292,,,,,,,,,,,,,,,,,,,,,,,,,,,,,,,,,,,,,,,,,,,,,,,,,,,,,7030,,,,,,,,,,,,,,,,,,,,,,,Printer Extensions and Notifications,,,,,,,,,,,,,,,,,,,,,,,,,,,,,,,,
,,,,,,,,,,2026-02 Critical Update (KB5078674),,,,,,,,,,1,,,,,,,,,,,,,,,,,,,,,,,,,,,,,,,,,,,,,,{4c844595-7ffa-4797-afe8-8c7e8346595e},,,2026-04-01 16:20:32.196751+00:00,,,,,,,,,,,,,,,,,,,,,,,,,,,,,,,,,,,,,,,,,,,,,293,,,,,,,,,,,,,,,,,,,,,,,,,,,,,,,,,,,,,,,,,,,,,,,,,,,,,44,,,,,,,,,,,,,,,,,,,,,,,,,,,,,,,,,,,,,,,,,,,,,,,,,,,,,,,
,,,,,,,,,,9PLJQ12FQ3CV-MicrosoftCorporationII.WinAppRuntime.Main.1.8,,,,,,,,,,1,,,,,,,,,,,,,,,,,,,,,,,,,,,,,,,,,,,,,,{a26d2c8a-940f-4b35-9f04-bb1bdbf2726c},,,2026-04-01 16:20:32.196753+00:00,,,,,,,,,,,,,,,,,,,,,,,,,,,,,,,,,,,,,,,,,,,,,294,,,,,,,,,,,,,,,,,,,,,,,,,,,,,,,,,,,,,,,,,,,,,,,,,,,,,44,,,,,,,,,,,,,,,,,,,,,,,,,,,,,,,,,,,,,,,,,,,,,,,,,,,,,,,
,,,,,,,,,,9NKRJ3SJ9SDG-Microsoft.WindowsAppRuntime.1.8,,,,,,,,,,1,,,,,,,,,,,,,,,,,,,,,,,,,,,,,,,,,,,,,,{a506c38f-5282-41bb-8ef4-6b246f0da665},,,2026-04-01 16:20:32.196753+00:00,,,,,,,,,,,,,,,,,,,,,,,,,,,,,,,,,,,,,,,,,,,,,295,,,,,,,,,,,,,,,,,,,,,,,,,,,,,,,,,,,,,,,,,,,,,,,,,,,,,44,,,,,,,,,,,,,,,,,,,,,,,,,,,,,,,,,,,,,,,,,,,,,,,,,,,,,,,
,,,,,,,,,,,,,,,,,,\??\C:\WINDOWS\System32\SMI\Store\Machine\schema.dat,,,,,,,,,,,,,,,,,,,,,,,,,,,,,,,,,,,,,,,,,,,2026-04-01 16:20:44.290569+00:00,,,,,,,,,12152832,,,,,,,,,,,,,,,,,,,,,,,,,,,,,,,,,,,,296,,,,,,,,,,,,,,,,,,,,,,,,,,,,,,,,,,,,,,,,,,,,,,,,,,,,,15,10756096,,,,,,,,,,,,,,,,,,,,,,,,,,,,,,,,52,,,,,,,,,,,,,,,,,,,,,,
,,,,,,,,,,2026-02 Critical Update (KB5078674),,,,,,,,,,1,,,,,,,,,,,,,,,,,,,,,,,,,,,,,,,,,,,,,,{4c844595-7ffa-4797-afe8-8c7e8346595e},,,2026-04-01 16:21:39.861605+00:00,,,,,,,,,,,,,,,,,,,,,,,,,,,,,,,,,,,,,,,,,,,,,297,,,,,,,,,,,,,,,,,,,,,,,,,,,,,,,,,,,,,,,,,,,,,,,,,,,,,43,,,,,,,,,,,,,,,,,,,,,,,,,,,,,,,,,,,,,,,,,,,,,,,,,,,,,,,
,,,,,,TrustedInstaller,,,,,,,,,,,,,,,,,auto start,,,,,,,,,,,,,,,,,,,,,,,,,,,,,,,,,,,,,,2026-04-01 16:21:40.885138+00:00,,,,,,,,,,,,,,,,,,,,,,,,,,,,,,,,demand start,,,,,,,,,,,,,298,,,,,,,,,,,,,,,,,,,,,,,,,,,,,,,,,,,,,,,,,,,,,,,,,,,,,7040,,,,,,,,,,,,,,,,,,,,,,,Windows Modules Installer,,,,,,,,,,,,,,,,,,,,,,,,,,,,,,,,
,,,,,,BITS,,,,,,,,,,,,,,,,,demand start,,,,,,,,,,,,,,,,,,,,,,,,,,,,,,,,,,,,,,2026-04-01 16:21:42.610315+00:00,,,,,,,,,,,,,,,,,,,,,,,,,,,,,,,,auto start,,,,,,,,,,,,,299,,,,,,,,,,,,,,,,,,,,,,,,,,,,,,,,,,,,,,,,,,,,,,,,,,,,,7040,,,,,,,,,,,,,,,,,,,,,,,Background Intelligent Transfer Service,,,,,,,,,,,,,,,,,,,,,,,,,,,,,,,,
,,,,,,TrustedInstaller,,,,,,,,,,,,,,,,,demand start,,,,,,,,,,,,,,,,,,,,,,,,,,,,,,,,,,,,,,2026-04-01 16:21:54.105335+00:00,,,,,,,,,,,,,,,,,,,,,,,,,,,,,,,,auto start,,,,,,,,,,,,,300,,,,,,,,,,,,,,,,,,,,,,,,,,,,,,,,,,,,,,,,,,,,,,,,,,,,,7040,,,,,,,,,,,,,,,,,,,,,,,Windows Modules Installer,,,,,,,,,,,,,,,,,,,,,,,,,,,,,,,,
,,,,,,TrustedInstaller,,,,,,,,,,,,,,,,,auto start,,,,,,,,,,,,,,,,,,,,,,,,,,,,,,,,,,,,,,2026-04-01 16:21:56.313662+00:00,,,,,,,,,,,,,,,,,,,,,,,,,,,,,,,,demand start,,,,,,,,,,,,,301,,,,,,,,,,,,,,,,,,,,,,,,,,,,,,,,,,,,,,,,,,,,,,,,,,,,,7040,,,,,,,,,,,,,,,,,,,,,,,Windows Modules Installer,,,,,,,,,,,,,,,,,,,,,,,,,,,,,,,,
,,,,,,TrustedInstaller,,,,,,,,,,,,,,,,,demand start,,,,,,,,,,,,,,,,,,,,,,,,,,,,,,,,,,,,,,2026-04-01 16:22:08.947105+00:00,,,,,,,,,,,,,,,,,,,,,,,,,,,,,,,,auto start,,,,,,,,,,,,,302,,,,,,,,,,,,,,,,,,,,,,,,,,,,,,,,,,,,,,,,,,,,,,,,,,,,,7040,,,,,,,,,,,,,,,,,,,,,,,Windows Modules Installer,,,,,,,,,,,,,,,,,,,,,,,,,,,,,,,,
,,,,,,,,,,2026-02 Critical Update (KB5078674),,,,,,,,,,1,,,,,,,,,,{8b24b027-1dee-babb-9a95-3517dfb9c552},,,,,,,,,,,,,,,,,,,,,,,,,,,,{4c844595-7ffa-4797-afe8-8c7e8346595e},,,2026-04-01 16:22:09.903316+00:00,,,,,,,,,,,,,,,,,,,,,,,,,,,,,,,,,,,,,,,,,,,,,303,,,,,,,,,,,,,,,,,,,,,,,,,,,,,,,,,,,,,,,,,,,,,,,,,,,,,19,,,,,,,,,,,,,,,,,,,,,,,,,,,,,,,,,,,,,,,,,,,,,,,,,,,,,,,
,,,,,,,,,,Broadcom Inc. - System - 9.8.30.0,,,,,,,,,,1,,,,,,,,,,,,,,,,,,,,,,,,,,,,,,,,,,,,,,{bb36f4b5-4229-46ea-b75a-ec678f920ec9},,,2026-04-01 16:22:56.077568+00:00,,,,,,,,,,,,,,,,,,,,,,,,,,,,,,,,,,,,,,,,,,,,,304,,,,,,,,,,,,,,,,,,,,,,,,,,,,,,,,,,,,,,,,,,,,,,,,,,,,,44,,,,,,,,,,,,,,,,,,,,,,,,,,,,,,,,,,,,,,,,,,,,,,,,,,,,,,,
,,,,,,,,,,Microsoft Corporation Driver Update (10.0.26100.6700),,,,,,,,,,1,,,,,,,,,,,,,,,,,,,,,,,,,,,,,,,,,,,,,,{cb681321-30a2-4649-aa32-fa15010a45d1},,,2026-04-01 16:22:56.077568+00:00,,,,,,,,,,,,,,,,,,,,,,,,,,,,,,,,,,,,,,,,,,,,,305,,,,,,,,,,,,,,,,,,,,,,,,,,,,,,,,,,,,,,,,,,,,,,,,,,,,,44,,,,,,,,,,,,,,,,,,,,,,,,,,,,,,,,,,,,,,,,,,,,,,,,,,,,,,,
,,,,,,,,,,Broadcom Inc. - System - 9.8.30.0,,,,,,,,,,1,,,,,,,,,,,,,,,,,,,,,,,,,,,,,,,,,,,,,,{bb36f4b5-4229-46ea-b75a-ec678f920ec9},,,2026-04-01 16:22:56.181551+00:00,,,,,,,,,,,,,,,,,,,,,,,,,,,,,,,,,,,,,,,,,,,,,306,,,,,,,,,,,,,,,,,,,,,,,,,,,,,,,,,,,,,,,,,,,,,,,,,,,,,43,,,,,,,,,,,,,,,,,,,,,,,,,,,,,,,,,,,,,,,,,,,,,,,,,,,,,,,
,,,,,,,,,,,,,,,,,,,System32\drivers\vmci.sys,,,,,,,,,,,,,,,,,,,,,,,,,,,,,,,,,,,,,,boot start,,,,2026-04-01 16:22:56.468332+00:00,,,,,,,,,,,,,,,,,,,,,,,,,,,,,,,,,,,,,,,,,,,,,307,,,,,,,,,,,,,,,,,VMware VMCI Bus Driver,,,,,,,,,,,,,,,,,,,,,,,,,,,,,,,,,,,,7045,,,,,,,,,,,,,,,,,,,,,,,,,,,,,,,,kernel mode driver,,,,,,,,,,,,,,,,,,,,,,,
,,,,,,,,,,,,,,,,,,,,,,,,,,,,,,,,,,,,,,,,,,,,,,,,,,,,,,,,,,,,,2026-04-01 16:22:56.514790+00:00,,,,,,,,,,,,,,,,,,,,,,,,,,,,,,,,,,,,,,,,,,,,,308,,,,,,,,,,,,,,,,,,,,,,,,,,,,,,,,,,,,,,,,,,,,,,,,,,,,,3,,,,,"<string>VMCI: Using capabilities (0x1c).
</string>
<string></string>
",,,,,,,,,,,,,,,,,,,,,,,,,,,,,,,,,,,,,,,,,,,,,,,,,,
,,,,,,,,,,Broadcom Inc. - System - 9.8.30.0,,,,,,,,,,1,,,,,,,,,,{8b24b027-1dee-babb-9a95-3517dfb9c552},,,,,,,,,,,,,,,,,,,,,,,,,,,,{bb36f4b5-4229-46ea-b75a-ec678f920ec9},,,2026-04-01 16:22:56.650620+00:00,,,,,,,,,,,,,,,,,,,,,,,,,,,,,,,,,,,,,,,,,,,,,309,,,,,,,,,,,,,,,,,,,,,,,,,,,,,,,,,,,,,,,,,,,,,,,,,,,,,19,,,,,,,,,,,,,,,,,,,,,,,,,,,,,,,,,,,,,,,,,,,,,,,,,,,,,,,
,,,,,,,,,,Microsoft Corporation Driver Update (10.0.26100.6700),,,,,,,,,,1,,,,,,,,,,,,,,,,,,,,,,,,,,,,,,,,,,,,,,{cb681321-30a2-4649-aa32-fa15010a45d1},,,2026-04-01 16:23:04.552050+00:00,,,,,,,,,,,,,,,,,,,,,,,,,,,,,,,,,,,,,,,,,,,,,310,,,,,,,,,,,,,,,,,,,,,,,,,,,,,,,,,,,,,,,,,,,,,,,,,,,,,43,,,,,,,,,,,,,,,,,,,,,,,,,,,,,,,,,,,,,,,,,,,,,,,,,,,,,,,
,,,,,,,,,,Microsoft Corporation Driver Update (10.0.26100.6700),,,,,,,,,,1,,,,,,,,,,{8b24b027-1dee-babb-9a95-3517dfb9c552},,,,,,,,,,,,,,,,,,,,,,,,,,,,{cb681321-30a2-4649-aa32-fa15010a45d1},,,2026-04-01 16:23:05.265388+00:00,,,,,,,,,,,,,,,,,,,,,,,,,,,,,,,,,,,,,,,,,,,,,311,,,,,,,,,,,,,,,,,,,,,,,,,,,,,,,,,,,,,,,,,,,,,,,,,,,,,19,,,,,,,,,,,,,,,,,,,,,,,,,,,,,,,,,,,,,,,,,,,,,,,,,,,,,,,
,,,,,,,,,,,,,,,,,,\??\C:\ProgramData\Microsoft\Windows\AppRepository\Packages\MSTeams_26043.2016.4478.2773_x64__8wekyb3d8bbwe\ActivationStore.dat,,,,,,,,,,,,,,,,,,,,,0,,,,,,,,,,,,,,,,,,,,,,2026-04-01 16:23:46.312326+00:00,,,,,,,,,,,,,,,,,,,,,,,,,,,,,,,,,,,,,,,,,,,,,312,,,,,,,,,,,,,,,,,,,,,,,,,,,,,,,,,,,,,,,,,,,,,,,,,,,,,16,,,,,,,,,,,,,,,,,,,,,,,,,,,,,,,,,127,,,,,,,,,,,,,,,,,,,,0,,
,,,,,,,,,,,,,,,,,,\??\C:\ProgramData\Microsoft\Windows\AppRepository\Packages\Microsoft.WindowsAppRuntime.1.8_8000.806.2252.0_x86__8wekyb3d8bbwe\ActivationStore.dat,,,,,,,,,,,,,,,,,,,,,0,,,,,,,,,,,,,,,,,,,,,,2026-04-01 16:23:49.364632+00:00,,,,,,,,,,,,,,,,,,,,,,,,,,,,,,,,,,,,,,,,,,,,,313,,,,,,,,,,,,,,,,,,,,,,,,,,,,,,,,,,,,,,,,,,,,,,,,,,,,,16,,,,,,,,,,,,,,,,,,,,,,,,,,,,,,,,,146,,,,,,,,,,,,,,,,,,,,0,,
,,,,,,,,,,,,,,,,,,\??\C:\ProgramData\Microsoft\Windows\AppRepository\Packages\Microsoft.WindowsAppRuntime.1.8_8000.806.2252.0_x64__8wekyb3d8bbwe\ActivationStore.dat,,,,,,,,,,,,,,,,,,,,,0,,,,,,,,,,,,,,,,,,,,,,2026-04-01 16:23:53.339529+00:00,,,,,,,,,,,,,,,,,,,,,,,,,,,,,,,,,,,,,,,,,,,,,314,,,,,,,,,,,,,,,,,,,,,,,,,,,,,,,,,,,,,,,,,,,,,,,,,,,,,16,,,,,,,,,,,,,,,,,,,,,,,,,,,,,,,,,146,,,,,,,,,,,,,,,,,,,,0,,
,,,,,,,,,,9NKRJ3SJ9SDG-Microsoft.WindowsAppRuntime.1.8,,,,,,,,,,1,,,,,,,,,,,,,,,,,,,,,,,,,,,,,,,,,,,,,,{a506c38f-5282-41bb-8ef4-6b246f0da665},,,2026-04-01 16:23:53.985275+00:00,,,,,,,,,,,,,,,,,,,,,,,,,,,,,,,,,,,,,,,,,,,,,315,,,,,,,,,,,,,,,,,,,,,,,,,,,,,,,,,,,,,,,,,,,,,,,,,,,,,43,,,,,,,,,,,,,,,,,,,,,,,,,,,,,,,,,,,,,,,,,,,,,,,,,,,,,,,
,,,,,,,,,,9NKRJ3SJ9SDG-Microsoft.WindowsAppRuntime.1.8,,,,,,,,,,1,,,,,,,,,,{855e8a7c-ecb4-4ca3-b045-1dfa50104289},,,,,,,,,,,,,,,,,,,,,,,,,,,,{a506c38f-5282-41bb-8ef4-6b246f0da665},,,2026-04-01 16:23:54.026129+00:00,,,,,,,,,,,,,,,,,,,,,,,,,,,,,,,,,,,,,,,,,,,,,316,,,,,,,,,,,,,,,,,,,,,,,,,,,,,,,,,,,,,,,,,,,,,,,,,,,,,19,,,,,,,,,,,,,,,,,,,,,,,,,,,,,,,,,,,,,,,,,,,,,,,,,,,,,,,
,,,,,,,,,,9PLJQ12FQ3CV-MicrosoftCorporationII.WinAppRuntime.Main.1.8,,,,,,,,,,1,,,,,,,,,,,,,,,,,,,,,,,,,,,,,,,,,,,,,,{a26d2c8a-940f-4b35-9f04-bb1bdbf2726c},,,2026-04-01 16:23:54.038601+00:00,,,,,,,,,,,,,,,,,,,,,,,,,,,,,,,,,,,,,,,,,,,,,317,,,,,,,,,,,,,,,,,,,,,,,,,,,,,,,,,,,,,,,,,,,,,,,,,,,,,43,,,,,,,,,,,,,,,,,,,,,,,,,,,,,,,,,,,,,,,,,,,,,,,,,,,,,,,
,,,,,,,,,,9PLJQ12FQ3CV-MicrosoftCorporationII.WinAppRuntime.Main.1.8,,,,,,,,,,1,,,,,,,,,,{855e8a7c-ecb4-4ca3-b045-1dfa50104289},,,,,,,,,,,,,,,,,,,,,,,,,,,,{a26d2c8a-940f-4b35-9f04-bb1bdbf2726c},,,2026-04-01 16:23:54.120628+00:00,,,,,,,,,,,,,,,,,,,,,,,,,,,,,,,,,,,,,,,,,,,,,318,,,,,,,,,,,,,,,,,,,,,,,,,,,,,,,,,,,,,,,,,,,,,,,,,,,,,19,,,,,,,,,,,,,,,,,,,,,,,,,,,,,,,,,,,,,,,,,,,,,,,,,,,,,,,
,,,,,,,,,,,,,,,,,,\??\C:\Users\defaultuser0\AppData\Local\Packages\MicrosoftWindows.Client.WebExperience_cw5n1h2txyewy\Settings\settings.dat,,,,,,,,,,,,,,,,,,,,,3,,,,,,,,,,,,,,,,,,,,,,2026-04-01 16:28:10.513674+00:00,,,,,,,,,,,,,,,,,,,,,,,,,,,,,,,,,,,,,,,,,,,,,319,,,,,,,,,,,,,,,,,,,,,,,,,,,,,,,,,,,,,,,,,,,,,,,,,,,,,16,,,,,,,,,,,,,,,,,,,,,,,,,,,,,,,,,122,,,,,,,,,,,,,,,,,,,,1,,
,,,,,,,,,,,,,,,,,,\SystemRoot\System32\config\DRIVERS,,,,,,,,,,,,,,,,,,,,,,,,,,,,,,,,,,,,,,,,,,,2026-04-01 16:31:25.570074+00:00,,,,,,,,,4648960,,,,,,,,,,,,,,,,,,,,,,,,,,,,,,,,,,,,320,,,,,,,,,,,,,,,,,,,,,,,,,,,,,,,,,,,,,,,,,,,,,,,,,,,,,15,4636672,,,,,,,,,,,,,,,,,,,,,,,,,,,,,,,,35,,,,,,,,,,,,,,,,,,,,,,
,,,,,,,,,,,,,,,,,,,,,,,,,,,,,,,,,,,,,,,,,,,,,,,,,,,,,,,,,,,,,2026-04-01 16:31:28.931334+00:00,,,,,,,,,,,,,,,,,,,,,,,,,,,,,,,,,,,,,,,,,,,,,321,,,,,,,,,,,,,,,,,,,,,,,,,,,,,,,,,,,,,,,,,,,,,,,,,,,,,6011,,,,,"<string>DESKTOP-3RQPMJ6</string>
<string>NORMALVM</string>
",,,,,,,,,,,,,,,,,,,,,,,,,,,,,,,,,,,,,,,,,,,,,,,,,,
,,,,,,0x20004,,,,,,,,,,,,,,,,,Operating System: Reconfiguration (Unplanned),,,,,,,,,,,,,,,,,,restart,,,,,,,,,,,,,,,,,,,,2026-04-01 16:31:29.360415+00:00,,NT AUTHORITY\SYSTEM,,,,,,,,,,,,,,,,,,,,,,,,,,,,,,NORMALVM,,,,,,,,,,,,,322,,,,,,,,,,,,,,,,,,,,,,,,,,,,,,,,,,,,,,,,,,,,,,,,,,,,,1074,,,,,,,,,,,,,,,,,,,,,,,C:\Windows\System32\CloudExperienceHostBroker.exe (WIN-2RR949GCCSV),,,,,,,,,,,,,,,,,,,,,,,,,,,,,,,,
,,,,,,,,,,,,,,,,,,,,,,,,,,,,,,,,,,,,,,,,,,,,,,,,,,,,,,,,,,,,,2026-04-01 16:31:34.972519+00:00,,,,,,,,,,,,,,,,,,,,,,,,,,,,,,,,,,,,,,,,,,,,,323,,,,,,,,,,,,,,,,,,,,,,,,,,,,,,,,,,,,,,,,,,,,,,,,,,,,,6006,,,,,,,,,,,,,,,,,,,,,,,,,,,,,,,,,,,,,,,,,,,,,,,,,,,,,,,
,,,,,,,,,,,,,,,,,,,,,,,,,,,,,,,,,,,,,,,,,,,,,,,,,,,,,,,,,,,,,2026-04-01 16:31:34.370264+00:00,,,,,,,,,,,,,,,,,,,,,,,,,,,,,,,,,,,,,,,,,1,,,,324,,,,,,,,,,,,,,,,,,,,,,,,,,,,S-1-5-21-2352865859-2334931103-2005901029-1000,,,,,,,,,,,,,,,,,,,,,,,,,7002,,,,,,,,,,,,,,,,,,,,,,,,,,,,,,,,,,,,,,,,,,,,,,,,,,,,,,,
,,,,,,,,,,,,,,,,,,,,,,,,,,,,,,,,,,,,,,,,,,,,,,,,,,,,,,,,,,,,,2026-04-01 16:31:34.850233+00:00,,,,,,,,,,,,,,,,,,,,,,,,,,,,,,,,,,,,,,,,,,,,,325,,,,,,,,,,,,,,,,,,,,,,,,,,,,,,,,,,,,,,,,,,,,,,,,,,,,,50104,,,,,,,,,,,,,,,,,,,,,,,,,,,,,,,,,,,,,,,,,,,,,,,,,,,,,,,
,,,,,,,,,,,,,,,,,,,,,,,,,,,,,,,,,,,,,,,,,,,,,,,,,,,,,,,,,,,,,2026-04-01 16:31:34.853855+00:00,,,,,,,,,,,,,,,,,,,,,,,,,,,,,,,,,,,,,,,,,,,,,326,,,,,,,,,,,,,,,,,,,,,,,,,,,,,,,,,,,,,,,,,,,,,,,,,,,,,50105,,,,,,,,,,,,,,,,,,,,,,,,,,,,,,,,,,,,,,,,,,,,,,,,,,,,,,,
,,,,,,,,,,,,,,,,,,,,,,,,,,,,,,,,,,,,,,,,,,,,,,,,,,,,,,,,,,,,,2026-04-01 16:31:34.860254+00:00,,,,,,,,,,,,,,,,,,,,,,,,,,,,,,,,,,,,,,,,,,,,,327,,,,,,,,,,,,,,,,,,,,,,,,,,,,,,,,,,,,,,,,,,,,,,,,,,,,,50106,,,,,,,,,,,,,,,,,,,,,,,,,,,,,,,,,,,,,,,,,,,,,,,,,,,,,,,
,,,,,,,,,,,,,,,,,,,,,,,,,,,,,,,,,,,,,,,,,,,,,,1,,,,,,,,,,,,,,,2026-04-01 16:31:34.865486+00:00,,,,,,,,,,,,,,,,,,,,,,,,,,,,,,,,,,,,,,,,,,,,,328,,,,,,,,,,,,,,,,,,,,,,,,,,,,,,,,,,,,,,,,,,,,,,,,,,,,,51047,,,,,,,,,,,,,,,,,,,,,,,,,,,,,,,,,,,,,,,,,,,,,,,,,,,,,,,
,,,,,,,,,,,,,,,,,,,,,,,,,,,,,,,,,,,,,,,,,,,,,,1,,,,,,,,,,,,,,,2026-04-01 16:31:34.865488+00:00,,,,,,,,,,,,,,,,,,,,,,,,,,,,,,,,,,,,,,,,,,,,,329,,,,,,,,,,,,,,,,,,,,,,,,,,,,,,,,,,,,,,,,,,,,,,,,,,,,,51057,,,,,,,,,,,,,,,,,,,,,,,,,,,,,,,,,,,,,,,,,,,,,,,,,,,,,,,
,,,,,,,,,,,,,,,,,,,,,,,,,,,,,,,,,,,,,,,,,,,,,,1,,,,,,,,,,,,,,,2026-04-01 16:31:34.872654+00:00,,,,,,,,,,,,,,,,,,,,,,,,,,,,,,,,,,,,,,,,,,,,,330,,,,,,,,,,,,,,,,,,,,,,,,,,,,,,,,,,,,,,,,,,,,,,,,,,,,,50037,,,,,,,,,,,,,,,,,,,,,,,,,,,,,,,,,,,,,,,,,,,,,,,,,,,,,,,
,,,,,,,,,,,,,,,,,,,,,,,,,,,,,,,,,,,,,,,,,,,,,,,,,,,,,,,,,,,,,2026-04-01 16:31:54.379696+00:00,,,,,,,,,,,,,,,,,,,,,,,,,,,,,,,,,,,,,,,,,,,,,331,,,,,,,,,,,,,,,,,,,,,,,,,,,,,,,,,,,,,,,,,,,,,,,,,,,,,6009,,,,,"<string>10.00.</string>
<string>26200</string>
<string></string>
<string>Multiprocessor Free</string>
<string>0</string>
",,,,,,,,,,,,,,,,,,,,,,,,,,,,,,,,,,,,,,,,,,,,,,,,,,
,,,,,,,,,,,,,,,,,,,,,,,,,,,,,,,,,,,,,,,,,,,,,,,,,,,,,,,,,,,,,2026-04-01 16:31:54.413492+00:00,,,,,,,,,,,,,,,,,,,,,,,,,,,,,,,,,,,,,,,,,,,,,332,,,,,,,,,,,,,,,,,,,,,,,,,,,,,,,,,,,,,,,,,,,,,,,,,,,,,6005,,,,,,,,,,,,,,,,,,,,,,,,,,,,,,,,,,,,,,,,,,,,,,,,,,,,,,,
,,,,,,,,,,,,,,,,,,,,,,,,,,,,,,,,,,,,,,,,,,,,,,,,,,,,,,,,,,,,,2026-04-01 16:31:54.413807+00:00,,,,,,,,,,,,,,,,,,,,,,,,,,,,,,,,,,,,,,,,,,,,,333,,,,,,,,,,,,,,,,,,,,,,,,,,,,,,,,,,,,,,,,,,,,,,,,,,,,,6013,,,,,"<string>8</string>
<string></string>
<string></string>
<string>8</string>
<string>60</string>
<string>480 Pacific Standard Time</string>
",,,,,,,,,,,,,,,,,,,,,,,,,,,,,,,,,,,,,,,,,,,,,,,,,,
,,,,,,,,,,,,,,,,,,,,,,,,,,,,,,,,,,,5,,,,,,,,,,,,,,,,,,,,,,,,,,2026-04-01 16:31:39.795916+00:00,,,,,,,,,,,,,,,0,,,,,,,,,,,,,,,,,,,,,,,,,,,,,,334,,,,,,,,,,,,,,,,,,,,,,,,,,,,,,,,,,,,,,,,,,,,5,,,,,,,,,109,,,,,,,,,,,,,,,,,,,,,,,,,,,,,,,,,,,,,,,,,,,,,,,,,,,,,,,
,,,,,,,,,,,,,,,,,,,,,,,,,,,,,,,,,,,,,,,,,,,,,,,,,,,,,,,,,,,,,2026-04-01 16:31:40.136400+00:00,279,,,,,,,,,,,,,,,,,,,,,0,,,False,,,,,,,,,,,,,,,,,,,,335,,,,,,,,,,,,,,,,,,,,,,,,,,,,,,,,,,,,,,,,,,,,,,,,,,,,,577,,,,,,,,,,,,,,,,,,,,,,,,,,,,,,,,,,,,,,,,,,,,,,,,,,,,,,,
,,,,,,,,,,,,,,,,,,,,,,,,,,,,,,,,,,,,,,,,,,,,,,,,,,,,,,,,,,,,,2026-04-01 16:31:40.225584+00:00,,,,,,,,,,,,,,,,,,,,,,,,,,,,,,,,,,,,,,,,,,,,,336,,,,,,2026-04-01 16:31:40.225582+00:00,,,,,,,,,,,,,,,,,,,,,,,,,,,,,,,,,,,,,,,,,,,,,,,13,,,,,,,,,,,,,,,,,,,,,,,,,,,,,,,,,,,,,,,,,,,,,,,,,,,,,,,
,,,,,,,,,,,,,,,,,,,,,,,,,,,2026-04-01 16:31:45.500000+00:00,,,,,,,,,,,,,,,,,,,,,,,,,,,,,,,,,,2026-04-01 16:31:45.746965+00:00,,,,,,,,,,,,,,,,,0,,,,,,,,,,,,26100,,,,,,,,,,0,,,,,,337,,,,,,,,,,,,,,,,,,,,,,,,,10,,,,,,,,,,,,,,,,,,,,,8036,,,,,,,12,,,,,,,,,,0,,,,,,,,,,,,,,,,,,,,,,,,,,,,,,,,,,,,,,,,,,,,,
,,,2026-04-01 16:31:45.500000+00:00,,,,,,,,,,,,,,,,,,,,,,,,,,,,,,,,,,,,,,,,,,,,,,,,,,,,,,,,,,2026-04-01 16:31:45.746965+00:00,,,,,,,,,,,,,,,,,,,,,,,,,,,,,,,,,,,,2026-04-01 16:31:45+00:00,,,,,,,2,,338,,,,,,,,,,,,,,,,,,,,,,,,,,,False,,,,,,,,,,,,,,,,,,,,,,,,,False,25,,,,,,,,,,,,,,,,,True,,,,,,,,,,,,,,,,,,,0,,,,,,,,,,,,,,,0,,,,
,,,,,,,,,,,,,,,,,,,,,,,,,,,,,,,,,,,,,,,,,,,,,,,,,,,,,,,,,,,,,2026-04-01 16:31:45.747084+00:00,0,,,,,,,,,,,,,,,,,0,,,,,,,,,,,,,,,,,,,,,,,,,,,339,,,,,,,,,,,,,,,,,,,,,,,,,,,,,,,,,,,,,,,,,,,,,,,,,,,,,153,,,,,,,,,,,,,,,,,,,,,,,,,,,,,,,,,,,,,,,,,0,,,,,,,,,,,,,,
,,,,,,,,,,,,,,,,,,,,,,True,,,,,,,,,,,,,,,,2,,,,,,,,,,,,,,,,,,,,,,,2026-04-01 16:31:45.747393+00:00,,,,,2,,,,,,,,,,,,,,,,,,,,,,,,,True,,,,,,,,,,,,,,,340,,,,,,,,,,,,,,,,,,,,,,,,,,,,,,,,,,,,,,,,,,,,,,,,,,,,,20,,,,,,,,,,,,,,,,,,,,,,,,,,,,,,,,,,,,,,,,,,,,,,,,,,,,,,,
,,,,,,,,,,,,,,,,,,,,,,,,,,,,,,,,,,,,,,,,,,,,,,,,,,,,,,,,,,,,,2026-04-01 16:31:45.747395+00:00,0,,,,,,,,,,,,,,,,,,,,,,,,,,,,,,,,,,,,,,,,,,,,341,,,,,,,,,,,,,,,,,,,,,,,,,,,,,,,,,,,,,,,,,,,,,,,,,,,,,247,,,,,,,,,,,,,,,,,,,,,,,,,,,,,,,,,,,,,,,,,,,,,,,,,,4,,,,,
,,,,2026-04-01 09:31:45+00:00,,,,,,,,,,,,,,,,,,,,,,,,,,,,,,,,,,,,,,,,,,,,,,,,,,,,,,,,,2026-04-01 16:31:45.747540+00:00,,,,,,,,,,,,,,,,,,,,,2047,,,,,,,,,,,,,,,,,,,,,,,,342,,,,,,,,,,,,,,,,,,,,,,,,,,,,,,,,,,,,,0,,,,,,,,,,,,,,,,238,,,,,,,,,,,,,,,,,,,,,,,,,,,,,,,,,,,,,,,,,,,,,,,,,,,,,,,
,,,,,,,,,,,,,,,,,,,,,,,,,,,,,,,,,,,,,,,,,,,,,,,,,,,,,,,,,,,,,2026-04-01 16:31:45.747540+00:00,,,,,,,,,,,,,,,,,,,,,,,,,,,,,,,,,,,,,,,,,,,,,343,,,,,,,,,,,,,,,,,,,,,,,,,,,,,,,,,,,,,,,,,,,,,,,,,,,,,25,,,,,,,,,,,,,,,,1,,,,,,,,,,,,,,,,,,,,,,,,,,,,,,,,,,,,,,,
,,,,,,,,,,,,,,,,,,,,,,,,,,,,,,,,,,0,,,,,,,,,,,,,,,,,,,,,,,,,,,2026-04-01 16:31:45.747540+00:00,,,,,,,,,,,,,,,,,,,,,,,,,,,,,,,,,,,,,,,,,,,,,344,,,,,,,,,,,,,,,,,,,,,,,,,,,,,,,,,,,,,,,,,,,,,,,,, NOEXECUTE=OPTIN  FVEBOOT=2666496,,,,27,,,,,,,,,,,,,,,,,,,,,,,,,,,,,,,,,,,,,,,,,,,,,,,,,,,,,,,
,,,,,,,,,,,,,,,,,,,,,,,,,,,,,,,,,,,,,,,,,,,,,,,,,,,,,,,,,,,,,2026-04-01 16:31:45.747545+00:00,,,,,,,,,,,,,,,,,,,,,,,,,,,,,,,,,,,,,,,,,,,,,345,,,,,,,,,,,,,,,,,,,,,,,,,,1,,,,,,,,,,,,,,,,,,,,,,,,,,,18,,,,,,,,,,,,,,,,,,,,,,,,,,,,,,,,,,,,,,,,,,,,,,,,,,,,,,,
,,,,,,,,,,,,,,,,,,,,,,,,,,,,,,,,,,,,,,,,,,,,,,,,,,,,,,,,,,,,,2026-04-01 16:31:45.747561+00:00,,,,,,,,,,,,,,,,,,,,,,,,,,,,,,,,,,,,,,,,,,,,,346,,,,,,,,,,,,,,,,,,,,,,,,,,,,,,,,,,,,,,,,,,,,,,,,,,,,,32,,,,,,,,,,,,,,,0,,,,,,,,,,,,,,,,,,,,,,,,,,,,,,,,,,,,,,,,
,True,,,,,,,,,,,,,,,,,,,,,,,,,,,,,,,,,,,,,,,,,,,,,,,,,,,,,,,,,,,,2026-04-01 16:31:45.749952+00:00,,,,,,0,,,,,,,,,,,,,,,,,,,,,0,,,,,,,,,,,,,,,,,,347,,,,,,,,,,,,,,,,,,,,,,,,,,,,,,,,,,,,,,,,,,,,,,,,,,,,,20,,,,,,,0,,,,,,,,,,,,,,,,,,,,,,,,,,,,,,,,,,,,,,,,,,,,,,,,
,,,,,,,,,,,,,,,,,,,,,,,,,,,,,,,,,,,,,,,,,,,,,,,,,,,,,,,,,,,,,2026-04-01 16:31:45.775335+00:00,,,,,,,,,,,,,,,,,,,,,,,,,,,,,,,,,,,,,,,,,,,,,348,,,,,,,,,,,,,,,,,,,,,,,,,,,,,,,,,,,,,,,,,,,,,,,,,,,,,16,,,,,,,,,,,,,,,,,,,,,,,,,,,,,,,,,,,,,,,,,,,,,,,,,,,,,,,
,,,,,,,,,,,,,,,,,,,,,,,,,,,,,,,,,,,,,,,,,,,,,,,,,,,,,,,,,,,,,2026-04-01 16:31:47.411680+00:00,,,,,,,,,,,,,,,,,,,,,,,,,,,,,,,,,,,,,,,,,,,,,349,,,,,,,,,,,,,,,,,,,,,,,,,,,,,,,,,,,,,,,,,,,,,,,,,,,,,3,,,,,"<string>VMCI: Using capabilities (0x1c).
</string>
<string></string>
",,,,,,,,,,,,,,,,,,,,,,,,,,,,,,,,,,,,,,,,,,,,,,,,,,
,,,,,,,,,,,,,,,,,,,,,,,,,,,,,,,,,,,,,,,,,,,,,,,,,,,,,,,,2093-04-01 18:29:43+00:00,,,,,2026-04-01 16:31:49.432299+00:00,,,,,,,,,,,,,,,,,,,,,,,8,,,,,,,,,,,,,,,,,,,,,,350,,,,,,,,,,,,,,,,,,,,,,,,,,,,,,,,0,,,,0x00000000,,,,,,,,,,,,,,,,,6,,,,FileInfo,,,,,,,,,,,,,,,,,,,,,,,,,,,,,,,,,,,,,,,,,,,,,,,,10,,,
,,,,,,,,,,,,,,,,,,,,,,,,,,,,,,,,,,,,,,,,,,,,,,,,,,,,,,,,2089-07-14 19:58:05+00:00,,,,,2026-04-01 16:31:49.432936+00:00,,,,,,,,,,,,,,,,,,,,,,,3,,,,,,,,,,,,,,,,,,,,,,351,,,,,,,,,,,,,,,,,,,,,,,,,,,,,,,,0,,,,0x00000000,,,,,,,,,,,,,,,,,6,,,,Wof,,,,,,,,,,,,,,,,,,,,,,,,,,,,,,,,,,,,,,,,,,,,,,,,10,,,
,,,,,,,,,,,,,,,,,,,,,,,,,,,,,,,,,,,,,,,,,,,,,,,,,,,,,,,,2028-06-06 02:57:32+00:00,,,,,2026-04-01 16:31:49.433754+00:00,,,,,,,,,,,,,,,,,,,,,,,8,,,,,,,,,,,,,,,,,,,,,,352,,,,,,,,,,,,,,,,,,,,,,,,,,,,,,,,0,,,,0x00000000,,,,,,,,,,,,,,,,,6,,,,WdFilter,,,,,,,,,,,,,,,,,,,,,,,,,,,,,,,,,,,,,,,,,,,,,,,,10,,,
,,,,,0,,,,,,,,,,,,,,,,,,,,,,,,,,,,,,,,,,,,,,,,,,,,,,,,,,,,,,,,2026-04-01 16:31:49.517229+00:00,,,,,,,,,,,,,,,,,,,,,,,,,,,,,,,,,,,,,,,,,,,,,353,,,,,,,,,,,,,,,,,,,,,,,,,,,,,,,,,,,,,,,,,,,,,,,,,,,,,98,,,,\Device\HarddiskVolume3,,,,,,,,,C:,,,,,,,,,,,,,,,,,,,,,,,,,,,,,,,,,,,,,,,,,,
,,,,,,,,,,,,,,,,,,,,,,,,,,,,,,,,,,,,,,,,,,,,,,,,,,,,,,,,2075-08-31 15:07:07+00:00,,,,,2026-04-01 16:31:49.577415+00:00,,,,,,,,,,,,,,,,,,,,,,,9,,,,,,,,,,,,,,,,,,,,,,354,,,,,,,,,,,,,,,,,,,,,,,,,,,,,,,,0,,,,0x00000000,,,,,,,,,,,,,,,,,6,,,,FileCrypt,,,,,,,,,,,,,,,,,,,,,,,,,,,,,,,,,,,,,,,,,,,,,,,,10,,,
,,,,,,,,,,,,,,,,,,,,,,,,,,,,,,,,,,,,,,,,,,,,,,,,,,,,,,,,1978-05-14 02:13:30+00:00,,,,,2026-04-01 16:31:49.697519+00:00,,,,,,,,,,,,,,,,,,,,,,,9,,,,,,,,,,,,,,,,,,,,,,355,,,,,,,,,,,,,,,,,,,,,,,,,,,,,,,,0,,,,0x00000000,,,,,,,,,,,,,,,,,6,,,,npsvctrig,,,,,,,,,,,,,,,,,,,,,,,,,,,,,,,,,,,,,,,,,,,,,,,,10,,,
,,,,,,,,,,,,,,,,2,,,,,,,,,,,,,,,,,,,,,,,,,,,,,,,,,,,,,,,,,,,,,2026-04-01 16:31:49.728268+00:00,,,,,,,,,,,,,,,,,,,,,,,,,,,,,,,,,,,,,,,,,,,,,356,,,,,,,,,,,,,,,,,,,,,,,,,,,,,,,,,,,,,,,,,,,,,,,,,,,,,172,,,,,,,,,,,,,,,,,,,,,,,,,,,,,,,,,,,6,,,,,,,,,,,,,,,,,,,,
,,,,,,,,,,,,,,,,,,\SystemRoot\System32\Config\SECURITY,,,,,,,,,,,,,,,,,,,,,102,,,,,,,,,,,,,,,,,,,,,,2026-04-01 16:31:49.753681+00:00,,,,,,,,,,,,,,,,,,,,,,,,,,,,,,,,,,,,,,,,,,,,,357,,,,,,,,,,,,,,,,,,,,,,,,,,,,,,,,,,,,,,,,,,,,,,,,,,,,,16,,,,,,,,,,,,,,,,,,,,,,,,,,,,,,,,,36,,,,,,,,,,,,,,,,,,,,4,,
,,,,,,,,,,,,,,,,,,\SystemRoot\System32\Config\SAM,,,,,,,,,,,,,,,,,,,,,70,,,,,,,,,,,,,,,,,,,,,,2026-04-01 16:31:49.762810+00:00,,,,,,,,,,,,,,,,,,,,,,,,,,,,,,,,,,,,,,,,,,,,,358,,,,,,,,,,,,,,,,,,,,,,,,,,,,,,,,,,,,,,,,,,,,,,,,,,,,,16,,,,,,,,,,,,,,,,,,,,,,,,,,,,,,,,,31,,,,,,,,,,,,,,,,,,,,6,,
,,,,,,,,,,,,,,,,,,\SystemRoot\System32\Config\DEFAULT,,,,,,,,,,,,,,,,,,,,,572,,,,,,,,,,,,,,,,,,,,,,2026-04-01 16:31:49.777128+00:00,,,,,,,,,,,,,,,,,,,,,,,,,,,,,,,,,,,,,,,,,,,,,359,,,,,,,,,,,,,,,,,,,,,,,,,,,,,,,,,,,,,,,,,,,,,,,,,,,,,16,,,,,,,,,,,,,,,,,,,,,,,,,,,,,,,,,35,,,,,,,,,,,,,,,,,,,,69,,
,,,,,,,,,,,,,1,,,,,,,,,,,,,,,,,,,,,,,,,,,,,,,,,,,,,,,,,,,,,,,,2026-04-01 16:31:49.994442+00:00,,,,,,,,,,,,,2688,,,,,,100,,,,,0,,,,,,,,,,,,,,,,,,,,,360,,,,,,,,,,,,,,,,,,,,,,,,,,,,,,,,,,,,,,100,,0,,100,,,,,,,,,,,55,,,,,,,,,,,0,,,,,,,,,,,,,,,,,,,,,,,,,,,1,,,,,,,,,,,,,,,,,
,,,,,,,,,,,,,,,,,,,,,,,,,,,,,,,,,,,,,,,,,,,,,,,,,,,,,,,,,,,,,2026-04-01 16:31:50.260996+00:00,,,,,,,,,,,,,,,,,,,,,,,,,,,,,,,,,,,,,,,,,,,,,361,,,,,,,,,,,,,,,,,,,,,,,,,,,,,,,,,,,,,,,,,,,,,,,,,,,,,32,,,,,"<string>Intel(R) 82574L Gigabit Network Connection</string>
<string></string>
",,,,,,,,,,,,,,,,,,,,,,,,,,,,,,,,,,,,,,,,,,,,,,,,,,
,,,,,,,,,,,,,,,,,,\Device\HarddiskVolume1\EFI\Microsoft\Boot\BCD,,,,,,,,,,,,,,,,,,,,,101,,,,,,,,,,,,,,,,,,,,,,2026-04-01 16:31:50.681948+00:00,,,,,,,,,,,,,,,,,,,,,,,,,,,,,,,,,,,,,,,,,,,,,362,,,,,,,,,,,,,,,,,,,,,,,,,,,,,,,,,,,,,,,,,,,,,,,,,,,,,16,,,,,,,,,,,,,,,,,,,,,,,,,,,,,,,,,46,,,,,,,,,,,,,,,,,,,,5,,
,,,,,,,,,,,,,,,,,,\Device\HarddiskVolume1\EFI\Microsoft\Boot\BCD,,,,,,,,,,,,,,,,,,,,,101,,,,,,,,,,,,,,,,,,,,,,2026-04-01 16:31:50.685530+00:00,,,,,,,,,,,,,,,,,,,,,,,,,,,,,,,,,,,,,,,,,,,,,363,,,,,,,,,,,,,,,,,,,,,,,,,,,,,,,,,,,,,,,,,,,,,,,,,,,,,16,,,,,,,,,,,,,,,,,,,,,,,,,,,,,,,,,46,,,,,,,,,,,,,,,,,,,,5,,
,,,,,0,,,,,,,,,,,,,,,,,,,,,,,,,,,,,,,,,,,,,,,,,,,,,,,,,,,,,,,,2026-04-01 16:31:50.690338+00:00,,,,,,,,,,,,,,,,,,,,,,,,,,,,,,,,,,,,,,,,,,,,,364,,,,,,,,,,,,,,,,,,,,,,,,,,,,,,,,,,,,,,,,,,,,,,,,,,,,,98,,,,\Device\HarddiskVolume4,,,,,,,,,\\?\Volume{fca9b761-f183-4070-98ba-e8e2ddff5456},,,,,,,,,,,,,,,,,,,,,,,,,,,,,,,,,,,,,,,,,,
,,,,,,,,,,,,,,,,,,\Device\HarddiskVolume1\EFI\Microsoft\Boot\BCD,,,,,,,,,,,,,,,,,,,,,101,,,,,,,,,,,,,,,,,,,,,,2026-04-01 16:31:50.695017+00:00,,,,,,,,,,,,,,,,,,,,,,,,,,,,,,,,,,,,,,,,,,,,,365,,,,,,,,,,,,,,,,,,,,,,,,,,,,,,,,,,,,,,,,,,,,,,,,,,,,,16,,,,,,,,,,,,,,,,,,,,,,,,,,,,,,,,,46,,,,,,,,,,,,,,,,,,,,5,,
,,,,,,,,,,,,,,,,,,\Device\HarddiskVolume1\EFI\Microsoft\Boot\BCD,,,,,,,,,,,,,,,,,,,,,101,,,,,,,,,,,,,,,,,,,,,,2026-04-01 16:31:50.696646+00:00,,,,,,,,,,,,,,,,,,,,,,,,,,,,,,,,,,,,,,,,,,,,,366,,,,,,,,,,,,,,,,,,,,,,,,,,,,,,,,,,,,,,,,,,,,,,,,,,,,,16,,,,,,,,,,,,,,,,,,,,,,,,,,,,,,,,,46,,,,,,,,,,,,,,,,,,,,5,,
,,,,,,,,,,,,,,,,,,\SystemRoot\System32\Config\SOFTWARE,,,,,,,,,,,,,,,,,,,,,,,,,,,,,,,,,,,,,,,,,,,2026-04-01 16:31:51.500418+00:00,,,,,,,,,76967936,,,,,,,,,,,,,,,,,,,,,,,,,,,,,,,,,,,,367,,,,,,,,,,,,,,,,,,,,,,,,,,,,,,,,,,,,,,,,,,,,,,,,,,,,,15,76578816,,,,,,,,,,,,,,,,,,,,,,,,,,,,,,,,36,,,,,,,,,,,,,,,,,,,,,,
,,,,,,,,,,,,,,,,,,\Device\HarddiskVolume1\EFI\Microsoft\Boot\BCD,,,,,,,,,,,,,,,,,,,,,101,,,,,,,,,,,,,,,,,,,,,,2026-04-01 16:31:51.519491+00:00,,,,,,,,,,,,,,,,,,,,,,,,,,,,,,,,,,,,,,,,,,,,,368,,,,,,,,,,,,,,,,,,,,,,,,,,,,,,,,,,,,,,,,,,,,,,,,,,,,,16,,,,,,,,,,,,,,,,,,,,,,,,,,,,,,,,,46,,,,,,,,,,,,,,,,,,,,5,,
,,,,,,,,,,,,2,,,,,,,,,,,,,,,,,,,,,,,,,,,,0,,,,,,,,,,,,,,,,,,,,,2026-04-01 16:31:51.645596+00:00,,,,,,,,,,,,,,,,,,,,,,,,,,,,,,,,,,,,,,,,,,,,,369,,,,,,,,,,,,,,,,,,0,,,,,,,,,,,,,,,,,,,,,0,,,,,,,,,420,,,,,24,,,,,,,,,,,,,,,,,,,,,,,,,,,,,,,,,,,,,,,,,,,,,,,,,,,,,,,
,,,,,,,,,,,,,,,,,False,,,,,,,,,,,,,,,,,,,,,,,,,,,,,,False,,,,,False,,,,,,,,,2026-04-01 16:31:52.119024+00:00,,,,,,,,,,,,,,,,,,,,,,,,,,,,,,,,,,,,,,,,,,,,,370,,,,,,,,,,,,,,,,,,,,,,,,,,,,,,,,,,,,,,,,,,,,,0,,,,,,,,19,,,,,,,,,,,,,,,,,,,,,,,,,,,,,,,,,,,,,,,,,,,,,,,False,,,,,,,,
,,,,,,,,,,,,,,,,,,,,,,,,,,,,,,,,,,,,0001-01-01 00:00:00,,,,,,,,,,,,,,,,,,,,,,,,,2026-04-01 16:31:52.119043+00:00,,,,,,,,,,,,,,,,False,,,,,,,,,,,,,,,False,,,,,,,,,,,,,,371,,,,,,,,,,,,,,,,,,,,,,,,,,,,,,,0,,,,,,,,,,,,,,0,,,,,,,,25,,,,,,,,,,,,,,,,,,,,,,,,,,,,,,,,,,,,,,,,,,,,,,,,,,,,,,,
,,,,,,,,,,,,,,,,,,,,,,,,,,,,,,,,,,,,,,,,,,,,,,,,,,,,,,,,,,,,,2026-04-01 16:31:52.119610+00:00,,,,,,,,,,,,,,,,,,,,,,,,,,,,,,,,,,,,,,,,,,,,,372,False,,,,,,,,,,,,,,,,,,,,,,,,,,,,,,,,,,,,,,,,,,,,0,,,,,,,,23,,,,,,,,,False,,,,,,,,,,,,,,,,,,,,,,,,,,,,,,,,,False,,,,,,,,,,,,,
,,,,,,,,,,,,,,,,,,,,,,,,,,,,,,,,,,,,,,,,,,,,,,,,,,,,,,,,,,,,,2026-04-01 16:31:52.244057+00:00,,,,,,,,,,,,,,,,,,,,,,,,,,,,,,,,,,,,,,,,,,,,,373,,,,0,,,,,,,0,,,,,,,,,,,,,,,,,,,,,,,,,,,,,,,,,,,,,,,,,,14,,0,,,,,,,,,,,,,,,,,,,,,,,,,,,,,,,,,,,,,,,,,,,,,,,,,,,,,
,,,,,,,,,,,,,,,,,,,,,,,,,,,,,,,,,,,,,,,,,,,,,,,,,,,,,,,,,,,,,2026-04-01 16:31:52.246416+00:00,,,,,,,,,,,,,,,,,,,,,,,,,,,,,,,,,,,,,,,,,,,,,374,,,,,,,,,,,,,,,,,,,,,,,,,,,,,,,,,,4,,,,,,,,,,,,,,,,,,,12,,,,,,,,,,,,,,,,,,,,,,,,,,,,,,,,,,,,,,,,,,,,,,,,,,,,,,,
,,,,,,,,,,,,,,,,,,,,,,,,,,,,,,,,,,,,,,,,,,,,,,,,,,,,,0,,,,,,,,2026-04-01 16:31:52.321611+00:00,,,,,,,,,,,,,,,,,,,,,,,,,,,,,,,,,,,,,,,,,,,,,375,,0,,,,,,,,,,,,,,,,,,,,,,,,,,,,,,,,,,,,,,,,,,,,,,,,,,,6156,,,,,,,,1,,,,,,,,,,,,,,,,,,,,,,,,,,,,,,,,,,,,0,0,,,,,,,,,,
,,,,,,,,,,,,,,,,,,,,,,,,,,,,,,,,,,,,,,,,,,,,,,,,,,,,,,,,,,,,,2026-04-01 16:31:52.549084+00:00,,,,,,,,,,,,,,,,,,,,,,,,,,,,,,,,,,,,,,,,,,,,,376,,,,,,,,,,,,,,,,,,,,,,,,,,,,,,,,,,,,,,,,,,,,,,,,,,,,,16962,,,,,,,,,,,,,,,,,,,,,,,,,,,,,,,,,,,,,,,,,,,,,,O:SYG:SYD:(A;;RC;;;BA),,,,,,,,,
,,,,,,,,,,,,,,,,,,,,,,,,,,,,,,,,,,,,,,,,,,,,0,,,,,,,,,,,,,,,,,2026-04-01 16:31:52.560940+00:00,,,,,,,,,,,,,,,,,,,,,,,,,,,,,,,,,,,-1,,,,,,,,,,377,,,,,,,,,,,,,,,,,,,,,,,,,,,,,,,,,,,,,,,,,,,,,,,,,,,,,16977,,,,,,,,,,,,,,,,,,,,,,,,,,,,,,,,,,,,,,,,,,,,,,,,,,,,,,,0
,,,,,,,,,,,,,,,,,,,,,,,,,,,,,,,,,,,,,,,,,,,,,,,,,,,,,,,,,,,,,2026-04-01 16:31:52.560944+00:00,,,,,,,,,,,,,,,,,,,,,,,,,,,,,,,,,,,,,,,,,,,,,378,,,,,,,,,,,,,,,,,,,,,,,,,,,,,,,,,,,,,,,,,,,,,,,,,,,,,16983,,,,,,,,,,,,,,,,,,,,,,,,,,,,,,,,,,,,,,,,,,,,,,,,,,,,,,,
,,,,,,,,,,,,,,,,,,\??\C:\WINDOWS\ServiceProfiles\NetworkService\NTUSER.DAT,,,,,,,,,,,,,,,,,,,,,620,,,,,,,,,,,,,,,,,,,,,,2026-04-01 16:31:52.868933+00:00,,,,,,,,,,,,,,,,,,,,,,,,,,,,,,,,,,,,,,,,,,,,,379,,,,,,,,,,,,,,,,,,,,,,,,,,,,,,,,,,,,,,,,,,,,,,,,,,,,,16,,,,,,,,,,,,,,,,,,,,,,,,,,,,,,,,,56,,,,,,,,,,,,,,,,,,,,34,,
,,,,,,,,,,,,,,,,,,\SystemRoot\System32\Config\BBI,,,,,,,,,,,,,,,,,,,,,62,,,,,,,,,,,,,,,,,,,,,,2026-04-01 16:31:53.287287+00:00,,,,,,,,,,,,,,,,,,,,,,,,,,,,,,,,,,,,,,,,,,,,,380,,,,,,,,,,,,,,,,,,,,,,,,,,,,,,,,,,,,,,,,,,,,,,,,,,,,,16,,,,,,,,,,,,,,,,,,,,,,,,,,,,,,,,,31,,,,,,,,,,,,,,,,,,,,14,,
,,,,,,,,,,,,,,,,,,\??\C:\WINDOWS\ServiceProfiles\LocalService\NTUSER.DAT,,,,,,,,,,,,,,,,,,,,,629,,,,,,,,,,,,,,,,,,,,,,2026-04-01 16:31:53.315088+00:00,,,,,,,,,,,,,,,,,,,,,,,,,,,,,,,,,,,,,,,,,,,,,381,,,,,,,,,,,,,,,,,,,,,,,,,,,,,,,,,,,,,,,,,,,,,,,,,,,,,16,,,,,,,,,,,,,,,,,,,,,,,,,,,,,,,,,54,,,,,,,,,,,,,,,,,,,,36,,
,,,,,,,,,,,,,,,,,,,,,,,,,,,,,,,,,,,,,,,,,,,,,,,,,,,,,,,,2086-03-20 04:03:22+00:00,,,,,2026-04-01 16:31:53.998566+00:00,,,,,,,,,,,,,,,,,,,,,,,3,,,,,,,,,,,,,,,,,,,,,,382,,,,,,,,,,,,,,,,,,,,,,,,,,,,,,,,0,,,,0x00000000,,,,,,,,,,,,,,,,,6,,,,bfs,,,,,,,,,,,,,,,,,,,,,,,,,,,,,,,,,,,,,,,,,,,,,,,,10,,,
,,,,,,,,,,,,,,,,,,,,,,,,,,,,,,,,,,,,,,,,,,,,,,,,,,,,,,,,1985-11-26 07:47:21+00:00,,,,,2026-04-01 16:31:54.033396+00:00,,,,,,,,,,,,,,,,,,,,,,,5,,,,,,,,,,,,,,,,,,,,,,383,,,,,,,,,,,,,,,,,,,,,,,,,,,,,,,,0,,,,0x00000000,,,,,,,,,,,,,,,,,6,,,,wcifs,,,,,,,,,,,,,,,,,,,,,,,,,,,,,,,,,,,,,,,,,,,,,,,,10,,,
,,,,,,,,,,,,,,,,,,,,,,,,,,,,,,,,,,,,,,,,,,,,,,,,,,,,,,,,2057-06-14 06:55:30+00:00,,,,,2026-04-01 16:31:54.036175+00:00,,,,,,,,,,,,,,,,,,,,,,,5,,,,,,,,,,,,,,,,,,,,,,384,,,,,,,,,,,,,,,,,,,,,,,,,,,,,,,,0,,,,0x00000000,,,,,,,,,,,,,,,,,6,,,,luafv,,,,,,,,,,,,,,,,,,,,,,,,,,,,,,,,,,,,,,,,,,,,,,,,10,,,
,,,,,,,,,,,,,,,,,,,,,,,,,,,,,,,,,,,,,,,,,,,,,,,,,,,,,,,,2017-11-02 22:31:51+00:00,,,,,2026-04-01 16:31:54.149220+00:00,,,,,,,,,,,,,,,,,,,,,,,7,,,,,,,,,,,,,,,,,,,,,,385,,,,,,,,,,,,,,,,,,,,,,,,,,,,,,,,0,,,,0x00000000,,,,,,,,,,,,,,,,,6,,,,UnionFS,,,,,,,,,,,,,,,,,,,,,,,,,,,,,,,,,,,,,,,,,,,,,,,,10,,,
,,,,,,,,,,,,,,,,,,,,,,,,,,,,,,,,,,,,,,,,,,,,,,,,,,,,,,,,1991-05-02 13:16:55+00:00,,,,,2026-04-01 16:31:54.157099+00:00,,,,,,,,,,,,,,,,,,,,,,,6,,,,,,,,,,,,,,,,,,,,,,386,,,,,,,,,,,,,,,,,,,,,,,,,,,,,,,,0,,,,0x00000000,,,,,,,,,,,,,,,,,6,,,,CldFlt,,,,,,,,,,,,,,,,,,,,,,,,,,,,,,,,,,,,,,,,,,,,,,,,10,,,
,,,,,,,,,,,,,,,,,,,,,,,,,,,,,,,,,,,,,,,,,,,,,,,,,,,,,,,,1991-05-02 13:16:55+00:00,,,,,2026-04-01 16:31:54.157104+00:00,,,,,,,,,,,,,,,,,,,,,,,6,,,,,,,,,,,,,,,,,,,,,,387,,,,,,,,,,,,,,,,,,,,,,,,,,,,,,,,0,,,,0x00000000,,,,,,,,,,,,,,,,,1,,,,CldFlt,,,,,,,,,,,,,,,,,,,,,,,,,,,,,,,,,,,,,,,,,,,,,,,,10,,,
,,,,,,,,,,,,,,,,,,,,,,,,,,,,,,,,,,,,,,,,,,,,,,,,,,,,,,,,1991-05-02 13:16:55+00:00,,,,,2026-04-01 16:31:54.157173+00:00,,,,,,,,,,,,,,,,,,,,,,,6,,,,,,,,,,,,,,,,,,,,,,388,,,,,,,,,,,,,,,,,,,,,,,,,,,,,,,,0,,,,0x00000000,,,,,,,,,,,,,,,,,6,,,,CldFlt,,,,,,,,,,,,,,,,,,,,,,,,,,,,,,,,,,,,,,,,,,,,,,,,10,,,
,,,,,,,,,,,,,,,,,,,,,,,,,,,,,,,,,,,,,,,,,,,,,,,,,,,,,,,,2016-04-28 15:00:23+00:00,,,,,2026-04-01 16:31:54.165731+00:00,,,,,,,,,,,,,,,,,,,,,,,10,,,,,,,,,,,,,,,,,,,,,,389,,,,,,,,,,,,,,,,,,,,,,,,,,,,,,,,0,,,,0x00000000,,,,,,,,,,,,,,,,,6,,,,storqosflt,,,,,,,,,,,,,,,,,,,,,,,,,,,,,,,,,,,,,,,,,,,,,,,,10,,,
,,,,,,,,,,,,,,,,,,,,,,,,,,,,,,,,,,,,,,,,,,,,,,,,,,,,,,,,2061-11-20 00:48:12+00:00,,,,,2026-04-01 16:31:54.172194+00:00,,,,,,,,,,,,,,,,,,,,,,,4,,,,,,,,,,,,,,,,,,,,,,390,,,,,,,,,,,,,,,,,,,,,,,,,,,,,,,,0,,,,0x00000000,,,,,,,,,,,,,,,,,6,,,,UCPD,,,,,,,,,,,,,,,,,,,,,,,,,,,,,,,,,,,,,,,,,,,,,,,,10,,,
,,,,,,,,,,,,,,,,,,,,,,,,,,,,,,,,,,,,,,,,,,,,,,,,,,,,,,,,2081-10-17 14:34:26+00:00,,,,,2026-04-01 16:31:54.194208+00:00,,,,,,,,,,,,,,,,,,,,,,,7,,,,,,,,,,,,,,,,,,,,,,391,,,,,,,,,,,,,,,,,,,,,,,,,,,,,,,,0,,,,0x00000000,,,,,,,,,,,,,,,,,6,,,,bindflt,,,,,,,,,,,,,,,,,,,,,,,,,,,,,,,,,,,,,,,,,,,,,,,,10,,,
,,,,,,,,,,,,,,,,,,,,,,,,,,,,,,,,,,,,,,,,,,,,,,,,,,,,,,,,2033-08-14 04:35:15+00:00,,,,,2026-04-01 16:31:54.249723+00:00,,,,,,,,,,,,,,,,,,,,,,,13,,,,,,,,,,,,,,,,,,,,,,392,,,,,,,,,,,,,,,,,,,,,,,,,,,,,,,,0,,,,0x00000000,,,,,,,,,,,,,,,,,6,,,,applockerfltr,,,,,,,,,,,,,,,,,,,,,,,,,,,,,,,,,,,,,,,,,,,,,,,,10,,,
,,,,,,,,,,,,,,,,,,,,,,,,,,,,,,,,,,,,,,,,,,,,,,,,,,,,,,,,,,,,,2026-04-01 16:31:55.001211+00:00,,,,,,,,,,,,,,,,,,,,,,,,,,,,,,,,,,,,,,,,,,,,,393,,,,,,,,,,,,,,,,,,,,,,,,,,,,,,,,,,,,,,,,,,,,,,,,,,,,,50036,,,,,,,,,,,,,,,,,,,,,,,,,,,,,,,,,,,,,,,,,,,,,,,,,,,,,,,
,,,,,,,,,,,,,,,,,,,,,,,,,,,,,,,,,,,,,,,,,,,,,,,,,,,,,,,,,,,,,2026-04-01 16:31:55.001776+00:00,,,,,,,,,,,,,,,,,,,,,,,,,,,,,,,,,,,,,,,,,,,,,394,,,,,,,,,,,,,,,,,,,,,,,,,,,,,,,,,,,,,,,,,,,,,,,,,,,,,50103,,,,,,,,,,,,,,,,,,,,,,,,,,,,,,,,,,,,,,,,,,,,,,,,,,,,,,,
,,,,,,,,,,,,,,,,,,,,,,,,,,,,,,,,,,,,,,,,,,,,,,,,,,,,,,,,,,,,,2026-04-01 16:31:55.005436+00:00,,,,,,,,,,,,,,,,,,,,,,,,,,,,,,,,,,,,,,,,,,,,,395,,,,,,,,,,,,,,,,,,,,,,,,,,,,,,,,,,,,,,,,,,,,,,,,,,,,,50036,,,,,,,,,,,,,,,,,,,,,,,,,,,,,,,,,,,,,,,,,,,,,,,,,,,,,,,
,,,,,,,,,,,,,,,,,,,,,,,,,,,,,,,,,,,,,,,,,,,,,,,,,,,,,,,,,,,,,2026-04-01 16:31:55.037882+00:00,,,,,,,,,,,,,,,,,,,,,,,,,,,,,,,,,,,,,,,,,,,,,396,,,,,,,,,,,,,,,,,,,,,,,,,,,,,,,,,,,,,,,,,,,,,,,,,,,,,51046,,,,,,,,,,,,,,,,,,,,,,,,,,,,,,,,,,,,,,,,,,,,,,,,,,,,,,,
,,,,,,,,,,,,,,,,,,,,,,,,,,,,,,,,,,,,,,,,,,,,,,,,,,,,,,,,,,,,,2026-04-01 16:31:55.427645+00:00,,,,,,,,,,,,,,,,,,,,,,,,,,,,,,,,,,,,,,,,,1,,,,397,,,,,,,,,,,,,,,,,,,,,,,,,,,,S-1-5-21-2352865859-2334931103-2005901029-1000,,,,,,,,,,,,,,,,,,,,,,,,,7001,,,,,,,,,,,,,,,,,,,,,,,,,,,,,,,,,,,,,,,,,,,,,,,,,,,,,,,
,,,,,,,,,,,,,,4,,,,,,,,,,,,,,,,,,,,,,,,,,,,,,,,,,,,,,,,,,,,,,,2026-04-01 16:31:55.897152+00:00,,,,,,,,,,,,,,,,,,,,,,,,,,,,,,,,,,,,,,0,,,,,,,398,,,,,,,,,,,,,,,,,,,,,,,,,,,,S-1-5-18,,,,,,,,,,,,,,,,,,,,,,,,,112,,,,,,,,,,,,,,,,,,,,,,,,,,,,,http://*:5357/,,,,,,,,,,,,,,,,,,,,,,,,,,
,,,,,,,,,,,,,,4,,,,,,,,,,,,,,,,,,,,,,,,,,,,,,,,,,,,,,,,,,,,,,,2026-04-01 16:31:55.897158+00:00,,,,,,,,,,,,,,,,,,,,,,,,,,,,,,,,,,,,,,0,,,,,,,399,,,,,,,,,,,,,,,,,,,,,,,,,,,,S-1-5-18,,,,,,,,,,,,,,,,,,,,,,,,,112,,,,,,,,,,,,,,,,,,,,,,,,,,,,,http://+:80/Temporary_Listen_Addresses/,,,,,,,,,,,,,,,,,,,,,,,,,,
,,,,,,,,,,,,,,4,,,,,,,,,,,,,,,,,,,,,,,,,,,,,,,,,,,,,,,,,,,,,,,2026-04-01 16:31:55.897163+00:00,,,,,,,,,,,,,,,,,,,,,,,,,,,,,,,,,,,,,,0,,,,,,,400,,,,,,,,,,,,,,,,,,,,,,,,,,,,S-1-5-18,,,,,,,,,,,,,,,,,,,,,,,,,112,,,,,,,,,,,,,,,,,,,,,,,,,,,,,https://*:5358/,,,,,,,,,,,,,,,,,,,,,,,,,,
,,,,,,,,,,,,,,4,,,,,,,,,,,,,,,,,,,,,,,,,,,,,,,,,,,,,,,,,,,,,,,2026-04-01 16:31:55.897167+00:00,,,,,,,,,,,,,,,,,,,,,,,,,,,,,,,,,,,,,,0,,,,,,,401,,,,,,,,,,,,,,,,,,,,,,,,,,,,S-1-5-18,,,,,,,,,,,,,,,,,,,,,,,,,112,,,,,,,,,,,,,,,,,,,,,,,,,,,,,http://*:2869/,,,,,,,,,,,,,,,,,,,,,,,,,,
,,,,,,,,,,,,,,4,,,,,,,,,,,,,,,,,,,,,,,,,,,,,,,,,,,,,,,,,,,,,,,2026-04-01 16:31:55.897173+00:00,,,,,,,,,,,,,,,,,,,,,,,,,,,,,,,,,,,,,,0,,,,,,,402,,,,,,,,,,,,,,,,,,,,,,,,,,,,S-1-5-18,,,,,,,,,,,,,,,,,,,,,,,,,112,,,,,,,,,,,,,,,,,,,,,,,,,,,,,https://+:5986/wsman/,,,,,,,,,,,,,,,,,,,,,,,,,,
,,,,,,,,,,,,,,4,,,,,,,,,,,,,,,,,,,,,,,,,,,,,,,,,,,,,,,,,,,,,,,2026-04-01 16:31:55.897182+00:00,,,,,,,,,,,,,,,,,,,,,,,,,,,,,,,,,,,,,,0,,,,,,,403,,,,,,,,,,,,,,,,,,,,,,,,,,,,S-1-5-18,,,,,,,,,,,,,,,,,,,,,,,,,112,,,,,,,,,,,,,,,,,,,,,,,,,,,,,http://+:47001/wsman/,,,,,,,,,,,,,,,,,,,,,,,,,,
,,,,,,,,,,,,,,4,,,,,,,,,,,,,,,,,,,,,,,,,,,,,,,,,,,,,,,,,,,,,,,2026-04-01 16:31:55.897186+00:00,,,,,,,,,,,,,,,,,,,,,,,,,,,,,,,,,,,,,,0,,,,,,,404,,,,,,,,,,,,,,,,,,,,,,,,,,,,S-1-5-18,,,,,,,,,,,,,,,,,,,,,,,,,112,,,,,,,,,,,,,,,,,,,,,,,,,,,,,http://+:5985/wsman/,,,,,,,,,,,,,,,,,,,,,,,,,,
,,,,,,,,,,,,,,4,,,,,,,,,,,,,,,,,,,,,,,,,,,,,,,,,,,,,,,,,,,,,,,2026-04-01 16:31:55.897190+00:00,,,,,,,,,,,,,,,,,,,,,,,,,,,,,,,,,,,,,,0,,,,,,,405,,,,,,,,,,,,,,,,,,,,,,,,,,,,S-1-5-18,,,,,,,,,,,,,,,,,,,,,,,,,112,,,,,,,,,,,,,,,,,,,,,,,,,,,,,https://+:3392/rdp/,,,,,,,,,,,,,,,,,,,,,,,,,,
,,,,,,,,,,,,,,4,,,,,,,,,,,,,,,,,,,,,,,,,,,,,,,,,,,,,,,,,,,,,,,2026-04-01 16:31:55.897198+00:00,,,,,,,,,,,,,,,,,,,,,,,,,,,,,,,,,,,,,,0,,,,,,,406,,,,,,,,,,,,,,,,,,,,,,,,,,,,S-1-5-18,,,,,,,,,,,,,,,,,,,,,,,,,112,,,,,,,,,,,,,,,,,,,,,,,,,,,,,https://+:443/sra_{BA195980-CD49-458b-9E23-C84EE0ADCD75}/,,,,,,,,,,,,,,,,,,,,,,,,,,
,,,,,,,,,,,,,,4,,,,,,,,,,,,,,,,,,,,,,,,,,,,,,,,,,,,,,,,,,,,,,,2026-04-01 16:31:55.897223+00:00,,,,,,,,,,,,,,,,,,,,,,,,,,,,,,,,,,,,,,0,,,,,,,407,,,,,,,,,,,,,,,,,,,,,,,,,,,,S-1-5-18,,,,,,,,,,,,,,,,,,,,,,,,,112,,,,,,,,,,,,,,,,,,,,,,,,,,,,,http://+:10247/apps/,,,,,,,,,,,,,,,,,,,,,,,,,,
,,,,,,,,,,,,,,4,,,,,,,,,,,,,,,,,,,,,,,,,,,,,,,,,,,,,,,,,,,,,,,2026-04-01 16:31:55.897228+00:00,,,,,,,,,,,,,,,,,,,,,,,,,,,,,,,,,,,,,,0,,,,,,,408,,,,,,,,,,,,,,,,,,,,,,,,,,,,S-1-5-18,,,,,,,,,,,,,,,,,,,,,,,,,112,,,,,,,,,,,,,,,,,,,,,,,,,,,,,https://+:10245/WMPNSSv4/,,,,,,,,,,,,,,,,,,,,,,,,,,
,,,,,,,,,,,,,,4,,,,,,,,,,,,,,,,,,,,,,,,,,,,,,,,,,,,,,,,,,,,,,,2026-04-01 16:31:55.897232+00:00,,,,,,,,,,,,,,,,,,,,,,,,,,,,,,,,,,,,,,0,,,,,,,409,,,,,,,,,,,,,,,,,,,,,,,,,,,,S-1-5-18,,,,,,,,,,,,,,,,,,,,,,,,,112,,,,,,,,,,,,,,,,,,,,,,,,,,,,,http://+:10243/WMPNSSv4/,,,,,,,,,,,,,,,,,,,,,,,,,,
,,,,,,,,,,,,,,4,,,,,,,,,,,,,,,,,,,,,,,,,,,,,,,,,,,,,,,,,,,,,,,2026-04-01 16:31:55.897236+00:00,,,,,,,,,,,,,,,,,,,,,,,,,,,,,,,,,,,,,,0,,,,,,,410,,,,,,,,,,,,,,,,,,,,,,,,,,,,S-1-5-18,,,,,,,,,,,,,,,,,,,,,,,,,112,,,,,,,,,,,,,,,,,,,,,,,,,,,,,http://+:10246/MDEServer/,,,,,,,,,,,,,,,,,,,,,,,,,,
,,,,,,,,,,,,,,,,,,,,,,,,,,,,,,,,,,,,,,,,,,,,,,,,,,,,,,,,,,,,,2026-04-01 16:31:58.666424+00:00,,,,,,,,,,,,,,,,,,,,,,,,,,,,,,,,,,,,,,,,,,,,,411,,,,,,,,,,,,,,,,,,,,,,,,,,,,,,,,,,,,,,,,,,,,,,,,,,,,,7026,,,,,,,,,,,,,,,,,,,,,,,"
dam
uiomap",,,,,,,,,,,,,,,,,,,,,,,,,,,,,,,,
,,,,,,,,,,,,,,,,,,,,,,,,,,,,,,,,,,,,,,,,,,0,,,,,,,,,,,,,,,,,,,2026-04-01 16:31:58.668571+00:00,,,,,,,,,,,,,,,,,,,,,,,,,,,,,,,,,,,,,,,,,,,,,412,,,,,,,,,,,,,,,,,,,,,,,,,,,,,,,,,,,,,,,,,,,,,,,,,,,,,18,,,,,,,,,,,,,,,,,,,,,,,,,,,,,,,,,,,,,,,0x00000014,,,,,,,,,,217,,,,,,
,,,,,,,,,,,,,,,,,,,,,,,,,,,,,,,,,,,,,,,,,,,,,,,,,,,,,,,,,,,,,2026-04-01 16:32:19.337339+00:00,,,,,,,,,,,,,,,,,,,,,,,,,,,,,,,,,,,,,,,,,,,,,413,,,,,,,,,,,,,,,,,,,,,,,,,,,,,,,,,,,,,,,,,,,,,,,,,,,,,1282,,,,,,,,,,,,,,,,,,,,,,,,,,,,,,,,,,,,,,,,,,,,,,,,,,,,,,,
,,,,,,,,,,,,,,,,,,,,,,,,,,,,,,,,,,,,,,,,,,,,,,,,,,,,,,,,,,,,,2026-04-01 16:32:21.301315+00:00,,,,,,,,,,,,,,,,,,,,,,,,,,,,,,,,,,,,,,,,,,,,,414,,,,,,,,,,,,,,,,,,,,,,,,,,,,,,,,,,,,,,,,,,,,,,,,,,,,,1025,,,,,,,,,,,,,,,,,,,,,,,,,,,,,,,,,,,,,,,,,,,,,,,,,,,,,,,
,,,,,,,,,,,,,,,,,,,,,,,,,,,,,,,,,,,,,,,,,,,,,,,,,,,,,,,,,,,,,2026-04-01 16:32:24.180843+00:00,,,,,,,,,,,,,,,,,,,,,,,,,,,,,,,,,,,,,,,,,,,,,415,,,,,,,,,,,,,,,,,,,,,,,,,,,,,,,,,,,,,,,,,,,,,,,,,,,,,1041,,,,,,,,,,,,,,,,,,,,,,,,,,,,"{""Version"":1,""HealthStatus"":""Attestable"",""Required"":[{""Field"":""TpmPresent"",""Value"":true,""DesiredValue"":true},{""Field"":""TpmMeetsMinimumVersion"",""Value"":true,""DesiredValue"":true},{""Field"":""TpmIsResponsive"",""Value"":true,""DesiredValue"":true},{""Field"":""EkCertIsAvailable"",""Value"":true,""DesiredValue"":true},{""Field"":""TcgLogFound"",""Value"":true,""DesiredValue"":true}],""Expected"":[{""Field"":""PcrsMatchTcgLog"",""Value"":true,""DesiredValue"":true}],""Informational"":[{""Field"":""SecureBootEnabled"",""ValueFromComputer"":false,""ValueFromTcgLog"":false,""DesiredValue"":true,""TcgValueIsVerifiable"":true},{""Field"":""VirtualSecureMemory"",""ValueFromComputer"":false,""ValueFromTcgLog"":false,""DesiredValue"":true,""TcgValueIsVerifiable"":true},{""Field"":""SecureCorePCCompliant"",""ValueFromComputer"":false,""ValueFromTcgLog"":false,""DesiredValue"":true,""TcgValueIsVerifiable"":true}{""Field"":""BootTcgLogFoundInFileSystem"",""Value"":true,""DesiredValue"":true},{""Field"":""CurrentTcgLogFoundInFileSystem"",""Value"":true,""DesiredValue"":true}]}",,,,,,,,,,,,,,,,,,,,,,,,,,,
,,,,,,,,,,,,,,,,,,,,,,,,,,,,,,,,,,,,,,,,,,,,,,,,,,,,,,,,,,,,,2026-04-01 16:32:24.180914+00:00,,,,,,,,,,,,,,,,,,,,,,,,,,,,,,,,,,,,,,,,,,,,,416,,,,,,,,,C:\WINDOWS\Logs\MeasuredBoot\0000000003-0000000000.json,,,,,,,,,,,,,,,,,,,,,,,,,,,,,,,,,,,,,,,,,,,,1038,,,,,,,,,,,,,,,,,,,,,,,,,,,,,,,,,,,,,,,,,,,,,,,,,,,,,,,
,,,,,,,,,,,,,,,,,,,,,,,,,,,,,,,,,,,,,,,,,,,,,,,,,,,,,,,,,,,,,2026-04-01 16:36:57.719767+00:00,,,,,,,,,,,,,,,,,,,,,,,,,,,,,,,,,,,,,,,,,,,,,417,,,,,,,,,,,,,,,,,,,,,,,,,,,,,,Under Observation - More Data Needed,,,,,,,,,,,,,,,,,"BaseBoardManufacturer:Intel Corporation;FirmwareManufacturer:VMware, Inc.;FirmwareVersion:VMW201.00V.24866131.B64.2507211911;OEMModelNumber:VMware20,1;OEMModelBaseBoard:440BX Desktop Reference Platform;OEMModelSystemFamily:;OEMManufacturerName:VMware, Inc.;OEMModelSKU:;OSArchitecture:amd64;",,,,,,1801,,,,,,,,,,,,,,,,,,3cbe19ad83f4f74828ea0bb0c21cc9af488df5d347c6969fee5ef76501b36415,,,,,,,,,,,,,,,,,,,,,,,,,,,,,,,,,,,,,
,,,,,,,,,,,,,,,,,,,,,,,,,,,,,,,,,,,,,,,,,,,,,,,,,,,-2147020471,,,,,,,,,,2026-04-01 16:36:57.723721+00:00,,,,,,,,,,,,,,,,,,,,,,,,,,,,,,,,,,,,,,,,,,,,,418,,,,,,,,,,,,,,,,,,,,,,,,,,,,,,,,,,,,,,,,,,,,,,,,,,,,,1796,,,,,,,,,,,,,,,,,,,DBX,,,,,,,,,,,,,,,,,,,,,,,,,,,,,,,,,,,,
,,,,,,,,,,,,,,,,,,,,,,,,,,,,,,,,,,,,,,,,,,,,,,,,,,,-2147020471,,,,,,,,,,2026-04-01 16:36:57.723780+00:00,,,,,,,,,,,,,,,,,,,,,,,,,,,,,,,,,,,,,,,,,,,,,419,,,,,,,,,,,,,,,,,,,,,,,,,,,,,,,,,,,,,,,,,,,,,,,,,,,,,1796,,,,,,,,,,,,,,,,,,,SBAT,,,,,,,,,,,,,,,,,,,,,,,,,,,,,,,,,,,,
,,,,,,TrustedInstaller,,,,,,,,,,,,,,,,,auto start,,,,,,,,,,,,,,,,,,,,,,,,,,,,,,,,,,,,,,2026-04-01 16:49:20.207304+00:00,,,,,,,,,,,,,,,,,,,,,,,,,,,,,,,,demand start,,,,,,,,,,,,,420,,,,,,,,,,,,,,,,,,,,,,,,,,,,,,,,,,,,,,,,,,,,,,,,,,,,,7040,,,,,,,,,,,,,,,,,,,,,,,Windows Modules Installer,,,,,,,,,,,,,,,,,,,,,,,,,,,,,,,,
,,,,,,TrustedInstaller,,,,,,,,,,,,,,,,,demand start,,,,,,,,,,,,,,,,,,,,,,,,,,,,,,,,,,,,,,2026-04-01 16:49:23.606167+00:00,,,,,,,,,,,,,,,,,,,,,,,,,,,,,,,,auto start,,,,,,,,,,,,,421,,,,,,,,,,,,,,,,,,,,,,,,,,,,,,,,,,,,,,,,,,,,,,,,,,,,,7040,,,,,,,,,,,,,,,,,,,,,,,Windows Modules Installer,,,,,,,,,,,,,,,,,,,,,,,,,,,,,,,,
,,,,,,TrustedInstaller,,,,,,,,,,,,,,,,,auto start,,,,,,,,,,,,,,,,,,,,,,,,,,,,,,,,,,,,,,2026-04-01 16:49:23.699169+00:00,,,,,,,,,,,,,,,,,,,,,,,,,,,,,,,,demand start,,,,,,,,,,,,,422,,,,,,,,,,,,,,,,,,,,,,,,,,,,,,,,,,,,,,,,,,,,,,,,,,,,,7040,,,,,,,,,,,,,,,,,,,,,,,Windows Modules Installer,,,,,,,,,,,,,,,,,,,,,,,,,,,,,,,,
,,,,,,,,,,,,,,,,,,,,,,,,,,,,,,,,,,,,,,,,,,,,,,,,,,,,,,,,,,,,,2026-04-01 16:49:24.562645+00:00,,,,,,,,,,,,,,,,,,,,,,,,,,,,,,,,,,,,,,,,,,,,,423,,,,,,,,,,,,,,,,,,,,,,,,,,,,,,,,,,,,,,,,,,,,,,,,,,,C:\Program Files (x86)\Microsoft\EdgeWebView\Application\146.0.3856.97\msedgewebview2.exe,,101,,,,,,,,,,,,,,,,,,,,,,,,,,,,,,,MicrosoftWindows.Client.WebExperience_525.31002.150.9_x64__cw5n1h2txyewy,,,,,,,,,,,,,,,,,,,,,,,5000,
,,,,,,,,,,,,,,,,,,,,,,,,,,,,,,,,,,,,,,,,,,,,,,,,,,,,,,,,,,,,,2026-04-01 16:49:24.562746+00:00,,,,,,,,,,,,,,,,,,,,,,,,,,,,,,,,,,,,,,,,,,,,,424,,,,,,,,,,,,,,,,,,,,,,,,,,,,,,,,,,,,,,,,,,,,,,,,,,,C:\Program Files (x86)\Microsoft\EdgeWebView\Application\146.0.3856.97\msedgewebview2.exe,,101,,,,,,,,,,,,,,,,,,,,,,,,,,,,,,,MicrosoftWindows.Client.WebExperience_525.31002.150.9_x64__cw5n1h2txyewy,,,,,,,,,,,,,,,,,,,,,,,5000,
,,,,,,,,,,,,,,,,,,,,,,,,,,,,,,,,,,,,,,,,,,,,,,,,,,,,,,,,,,,,,2026-04-01 16:49:25.569931+00:00,,,,,,,,,,,,,,,,,,,,,,,,,,,,,,,,,,,,,,,,,,,,,425,,,,,,,,,,,,,,,,,,,,,,,,,,,,,,,,,,,,,,,,,,,,,,,,,,,,,10010,,,,,,,,,,,,,,,,,,,,,,,Microsoft.Windows.ContentDeliveryManager_10.0.26100.1_neutral_neutral_cw5n1h2txyewy!App.AppXx4zfy1ffv3wctgdz2vypnybzjkh27jhw.mca,,,,,,,,,,,,,,,,,,,,,,,,,,,,,,,,
,,,,,,,,,,,,,,,,,,,,,,,,,,,,,,,,,,,,,,,,,,,,,,,,,,,,,,,,,,,,,2026-04-01 16:49:30.894333+00:00,,,,,,,,,,,,,,,,,,,,,,,,,,,,,,,,,,,,,,,,,1,,,,426,,,,,,,,,,,,,,,,,,,,,,,,,,,,S-1-5-21-2352865859-2334931103-2005901029-1000,,,,,,,,,,,,,,,,,,,,,,,,,7002,,,,,,,,,,,,,,,,,,,,,,,,,,,,,,,,,,,,,,,,,,,,,,,,,,,,,,,
,,,,,,,,,,,,,,,,,,,,,,,,,,,,,,,,,,,,,,,,,,,,,,,,,,,,,,,,,,,,,2026-04-01 16:49:32.091734+00:00,,,,,,,,,,,,,,,,,,,,,,,,,,,,,,,,,,,,,,,,,2,,,,427,,,,,,,,,,,,,,,,,,,,,,,,,,,,S-1-5-21-2352865859-2334931103-2005901029-1001,,,,,,,,,,,,,,,,,,,,,,,,,7001,,,,,,,,,,,,,,,,,,,,,,,,,,,,,,,,,,,,,,,,,,,,,,,,,,,,,,,
,,,,,,,,,,,,,,,,,,,,,,,,,,,,4589,,,,,,,,,,,,,,,,,1,,,1422,,,,,,,,,,,,,2026-04-01 16:49:34.248707+00:00,,,,,,,,,,,,,,,,,,,,,,,,,,,,,,,,,,,,,,,,,,,,,428,,,,,,,,,,,,,,,,,,,,,,,,,,,,,,,,,,,,,,,,,,,,,,,,,,,,,1501,,,,,,,,,,,,,,,,,,,,,,,,,,1,,,,,,,,,,,,,,,,,,,,,,,,,,,,,
,,,,,,,,,,,,,,,,,,\??\C:\Users\pizza\AppData\Local\Packages\Microsoft.Windows.CloudExperienceHost_cw5n1h2txyewy\Settings\settings.dat,,,,,,,,,,,,,,,,,,,,,3,,,,,,,,,,,,,,,,,,,,,,2026-04-01 16:49:39.245567+00:00,,,,,,,,,,,,,,,,,,,,,,,,,,,,,,,,,,,,,,,,,,,,,429,,,,,,,,,,,,,,,,,,,,,,,,,,,,,,,,,,,,,,,,,,,,,,,,,,,,,16,,,,,,,,,,,,,,,,,,,,,,,,,,,,,,,,,115,,,,,,,,,,,,,,,,,,,,1,,
,,,,,,TrustedInstaller,,,,,,,,,,,,,,,,,demand start,,,,,,,,,,,,,,,,,,,,,,,,,,,,,,,,,,,,,,2026-04-01 16:49:41.071255+00:00,,,,,,,,,,,,,,,,,,,,,,,,,,,,,,,,auto start,,,,,,,,,,,,,430,,,,,,,,,,,,,,,,,,,,,,,,,,,,,,,,,,,,,,,,,,,,,,,,,,,,,7040,,,,,,,,,,,,,,,,,,,,,,,Windows Modules Installer,,,,,,,,,,,,,,,,,,,,,,,,,,,,,,,,
,,,,,,,,,,,,,,,,,,\??\C:\Users\pizza\AppData\Local\Packages\MicrosoftWindows.Client.CBS_cw5n1h2txyewy\Settings\settings.dat,,,,,,,,,,,,,,,,,,,,,3,,,,,,,,,,,,,,,,,,,,,,2026-04-01 16:49:49.962656+00:00,,,,,,,,,,,,,,,,,,,,,,,,,,,,,,,,,,,,,,,,,,,,,431,,,,,,,,,,,,,,,,,,,,,,,,,,,,,,,,,,,,,,,,,,,,,,,,,,,,,16,,,,,,,,,,,,,,,,,,,,,,,,,,,,,,,,,105,,,,,,,,,,,,,,,,,,,,1,,
,,,,,,,,,,,,,,,,,,\??\C:\Users\pizza\AppData\Local\Packages\Microsoft.AAD.BrokerPlugin_cw5n1h2txyewy\Settings\settings.dat,,,,,,,,,,,,,,,,,,,,,3,,,,,,,,,,,,,,,,,,,,,,2026-04-01 16:49:51.284857+00:00,,,,,,,,,,,,,,,,,,,,,,,,,,,,,,,,,,,,,,,,,,,,,432,,,,,,,,,,,,,,,,,,,,,,,,,,,,,,,,,,,,,,,,,,,,,,,,,,,,,16,,,,,,,,,,,,,,,,,,,,,,,,,,,,,,,,,104,,,,,,,,,,,,,,,,,,,,1,,
,,,,,,,,,,,,,,,,,,\??\C:\Users\pizza\AppData\Local\Packages\Microsoft.Windows.ContentDeliveryManager_cw5n1h2txyewy\Settings\settings.dat,,,,,,,,,,,,,,,,,,,,,3,,,,,,,,,,,,,,,,,,,,,,2026-04-01 16:49:51.723383+00:00,,,,,,,,,,,,,,,,,,,,,,,,,,,,,,,,,,,,,,,,,,,,,433,,,,,,,,,,,,,,,,,,,,,,,,,,,,,,,,,,,,,,,,,,,,,,,,,,,,,16,,,,,,,,,,,,,,,,,,,,,,,,,,,,,,,,,118,,,,,,,,,,,,,,,,,,,,1,,
,,,,,,,,,,,,,,,,,,\??\C:\Users\pizza\AppData\Local\Packages\MicrosoftWindows.Client.OOBE_cw5n1h2txyewy\Settings\settings.dat,,,,,,,,,,,,,,,,,,,,,3,,,,,,,,,,,,,,,,,,,,,,2026-04-01 16:49:52.037157+00:00,,,,,,,,,,,,,,,,,,,,,,,,,,,,,,,,,,,,,,,,,,,,,434,,,,,,,,,,,,,,,,,,,,,,,,,,,,,,,,,,,,,,,,,,,,,,,,,,,,,16,,,,,,,,,,,,,,,,,,,,,,,,,,,,,,,,,106,,,,,,,,,,,,,,,,,,,,1,,
,,,,,,,,,,,,,,,,,,\??\C:\Users\pizza\AppData\Local\Packages\Microsoft.Windows.StartMenuExperienceHost_cw5n1h2txyewy\Settings\settings.dat,,,,,,,,,,,,,,,,,,,,,3,,,,,,,,,,,,,,,,,,,,,,2026-04-01 16:49:55.149942+00:00,,,,,,,,,,,,,,,,,,,,,,,,,,,,,,,,,,,,,,,,,,,,,435,,,,,,,,,,,,,,,,,,,,,,,,,,,,,,,,,,,,,,,,,,,,,,,,,,,,,16,,,,,,,,,,,,,,,,,,,,,,,,,,,,,,,,,119,,,,,,,,,,,,,,,,,,,,1,,
,,,,,,,,,,,,,,,,,,,,,,,,,,,2026-04-01 17:17:34.500000+00:00,,,,,,,,,,,,,,,,,,,,,,,,,,,,,,,,,,2026-04-01 17:17:34.650454+00:00,,,,,,,,,,,,,,,,,0,,,,,,,,,,,,26100,,,,,,,,,,0,,,,,,436,,,,,,,,,,,,,,,,,,,,,,,,,10,,,,,,,,,,,,,,,,,,,,,8036,,,,,,,12,,,,,,,,,,0,,,,,,,,,,,,,,,,,,,,,,,,,,,,,,,,,,,,,,,,,,,,,
,,,2026-04-01 17:17:34.500000+00:00,,,,,,,,,,,,,,,,,,,,,,,,,,,,,,,,,,,,,,,,,,,,,,,,,,,,,,,,,,2026-04-01 17:17:34.650455+00:00,,,,,,,,,,,,,,,,,,,,,,,,,,,,,,,,,,,,2026-04-01 17:17:34+00:00,,,,,,,2,,437,,,,,,,,,,,,,,,,,,,,,,,,,,,False,,,,,,,,,,,,,,,,,,,,,,,,,False,25,,,,,,,,,,,,,,,,,True,,,,,,,,,,,,,,,,,,,0,,,,,,,,,,,,,,,0,,,,
,,,,,,,,,,,,,,,,,,,,,,,,,,,,,,,,,,,,,,,,,,,,,,,,,,,,,,,,,,,,,2026-04-01 17:17:34.650578+00:00,0,,,,,,,,,,,,,,,,,0,,,,,,,,,,,,,,,,,,,,,,,,,,,438,,,,,,,,,,,,,,,,,,,,,,,,,,,,,,,,,,,,,,,,,,,,,,,,,,,,,153,,,,,,,,,,,,,,,,,,,,,,,,,,,,,,,,,,,,,,,,,0,,,,,,,,,,,,,,
,,,,,,,,,,,,,,,,,,,,,,False,,,,,,,,,,,,,,,,2,,,,,,,,,,,,,,,,,,,,,,,2026-04-01 17:17:34.650913+00:00,,,,,3,,,,,,,,,,,,,,,,,,,,,,,,,True,,,,,,,,,,,,,,,439,,,,,,,,,,,,,,,,,,,,,,,,,,,,,,,,,,,,,,,,,,,,,,,,,,,,,20,,,,,,,,,,,,,,,,,,,,,,,,,,,,,,,,,,,,,,,,,,,,,,,,,,,,,,,
,,,,,,,,,,,,,,,,,,,,,,,,,,,,,,,,,,,,,,,,,,,,,,,,,,,,,,,,,,,,,2026-04-01 17:17:34.650921+00:00,0,,,,,,,,,,,,,,,,,,,,,,,,,,,,,,,,,,,,,,,,,,,,440,,,,,,,,,,,,,,,,,,,,,,,,,,,,,,,,,,,,,,,,,,,,,,,,,,,,,247,,,,,,,,,,,,,,,,,,,,,,,,,,,,,,,,,,,,,,,,,,,,,,,,,,4,,,,,
,,,,2026-04-01 10:17:34+00:00,,,,,,,,,,,,,,,,,,,,,,,,,,,,,,,,,,,,,,,,,,,,,,,,,,,,,,,,,2026-04-01 17:17:34.651056+00:00,,,,,,,,,,,,,,,,,,,,,2047,,,,,,,,,,,,,,,,,,,,,,,,441,,,,,,,,,,,,,,,,,,,,,,,,,,,,,,,,,,,,,0,,,,,,,,,,,,,,,,238,,,,,,,,,,,,,,,,,,,,,,,,,,,,,,,,,,,,,,,,,,,,,,,,,,,,,,,
,,,,,,,,,,,,,,,,,,,,,,,,,,,,,,,,,,,,,,,,,,,,,,,,,,,,,,,,,,,,,2026-04-01 17:17:34.651056+00:00,,,,,,,,,,,,,,,,,,,,,,,,,,,,,,,,,,,,,,,,,,,,,442,,,,,,,,,,,,,,,,,,,,,,,,,,,,,,,,,,,,,,,,,,,,,,,,,,,,,25,,,,,,,,,,,,,,,,1,,,,,,,,,,,,,,,,,,,,,,,,,,,,,,,,,,,,,,,
,,,,,,,,,,,,,,,,,,,,,,,,,,,,,,,,,,0,,,,,,,,,,,,,,,,,,,,,,,,,,,2026-04-01 17:17:34.651056+00:00,,,,,,,,,,,,,,,,,,,,,,,,,,,,,,,,,,,,,,,,,,,,,443,,,,,,,,,,,,,,,,,,,,,,,,,,,,,,,,,,,,,,,,,,,,,,,,, NOEXECUTE=OPTIN  FVEBOOT=2666496,,,,27,,,,,,,,,,,,,,,,,,,,,,,,,,,,,,,,,,,,,,,,,,,,,,,,,,,,,,,
,,,,,,,,,,,,,,,,,,,,,,,,,,,,,,,,,,,,,,,,,,,,,,,,,,,,,,,,,,,,,2026-04-01 17:17:34.651062+00:00,,,,,,,,,,,,,,,,,,,,,,,,,,,,,,,,,,,,,,,,,,,,,444,,,,,,,,,,,,,,,,,,,,,,,,,,1,,,,,,,,,,,,,,,,,,,,,,,,,,,18,,,,,,,,,,,,,,,,,,,,,,,,,,,,,,,,,,,,,,,,,,,,,,,,,,,,,,,
,,,,,,,,,,,,,,,,,,,,,,,,,,,,,,,,,,,,,,,,,,,,,,,,,,,,,,,,,,,,,2026-04-01 17:17:34.651079+00:00,,,,,,,,,,,,,,,,,,,,,,,,,,,,,,,,,,,,,,,,,,,,,445,,,,,,,,,,,,,,,,,,,,,,,,,,,,,,,,,,,,,,,,,,,,,,,,,,,,,32,,,,,,,,,,,,,,,0,,,,,,,,,,,,,,,,,,,,,,,,,,,,,,,,,,,,,,,,
,True,,,,,,,,,,,,,,,,,,,,,,,,,,,,,,,,,,,,,,,,,,,,,,,,,,,,,,,,,,,,2026-04-01 17:17:34.653543+00:00,,,,,,0,,,,,,,,,,,,,,,,,,,,,0,,,,,,,,,,,,,,,,,,446,,,,,,,,,,,,,,,,,,,,,,,,,,,,,,,,,,,,,,,,,,,,,,,,,,,,,20,,,,,,,0,,,,,,,,,,,,,,,,,,,,,,,,,,,,,,,,,,,,,,,,,,,,,,,,
,,,,,,,,,,,,,,,,,,,,,,,,,,,,,,,,,,,,,,,,,,,,,,,,,,,,,,,,,,,,,2026-04-01 17:17:34.690367+00:00,,,,,,,,,,,,,,,,,,,,,,,,,,,,,,,,,,,,,,,,,,,,,447,,,,,,,,,,,,,,,,,,,,,,,,,,,,,,,,,,,,,,,,,,,,,,,,,,,,,16,,,,,,,,,,,,,,,,,,,,,,,,,,,,,,,,,,,,,,,,,,,,,,,,,,,,,,,
,,,,,,,,,,,,,,,,,,,,,,,,,,,,,,,,,,,,,,,,,,,,,,,,,,,,,,,,,,,,,2026-04-01 17:17:43.033661+00:00,,,,,,,,,,,,,,,,,,,,,,,,,,,,,,,,,,,,,,,,,,,,,448,,,,,,,,,,,,,,,,,,,,,,,,,,,,,,,,,,,,,,,,,,,,,,,,,,,,,6008,,,,,"<string>9:31:54 AM</string>
<string>‎4/‎1/‎2026</string>
<string></string>
<string></string>
<string>9</string>
<string></string>
<string></string>
",,,,,,,,,,,,,,,,,,,,,,,,,,,,,,,,,,,,,,,,,,,,,,,,,,
,,,,,,,,,,,,,,,,,,,,,,,,,,,,,,,,,,,,,,,,,,,,,,,,,,,,,,,,,,,,,2026-04-01 17:17:43.090727+00:00,,,,,,,,,,,,,,,,,,,,,,,,,,,,,,,,,,,,,,,,,,,,,449,,,,,,,,,,,,,,,,,,,,,,,,,,,,,,,,,,,,,,,,,,,,,,,,,,,,,6009,,,,,"<string>10.00.</string>
<string>26200</string>
<string></string>
<string>Multiprocessor Free</string>
<string>0</string>
",,,,,,,,,,,,,,,,,,,,,,,,,,,,,,,,,,,,,,,,,,,,,,,,,,
,,,,,,,,,,,,,,,,,,,,,,,,,,,,,,,,,,,,,,,,,,,,,,,,,,,,,,,,,,,,,2026-04-01 17:17:43.091053+00:00,,,,,,,,,,,,,,,,,,,,,,,,,,,,,,,,,,,,,,,,,,,,,450,,,,,,,,,,,,,,,,,,,,,,,,,,,,,,,,,,,,,,,,,,,,,,,,,,,,,6005,,,,,,,,,,,,,,,,,,,,,,,,,,,,,,,,,,,,,,,,,,,,,,,,,,,,,,,
,,,,,,,,,,,,,,,,,,,,,,,,,,,,,,,,,,,,,,,,,,,,,,,,,,,,,,,,,,,,,2026-04-01 17:17:43.091644+00:00,,,,,,,,,,,,,,,,,,,,,,,,,,,,,,,,,,,,,,,,,,,,,451,,,,,,,,,,,,,,,,,,,,,,,,,,,,,,,,,,,,,,,,,,,,,,,,,,,,,6013,,,,,"<string>8</string>
<string></string>
<string></string>
<string>8</string>
<string>60</string>
<string>480 Pacific Standard Time</string>
",,,,,,,,,,,,,,,,,,,,,,,,,,,,,,,,,,,,,,,,,,,,,,,,,,
,,,,,,,,,,,,,,,,,,,,,,,,,,,,,,,,,,,,,,,,,,,,,,,,,,,,,,,,,,,,,2026-04-01 17:17:36.354130+00:00,,,,,,,,,,,,,,,,,,,,,,,,,,,,,,,,,,,,,,,,,,,,,452,,,,,,,,,,,,,,,,,,,,,,,,,,,,,,,,,,,,,,,,,,,,,,,,,,,,,3,,,,,"<string>VMCI: Using capabilities (0x1c).
</string>
<string></string>
",,,,,,,,,,,,,,,,,,,,,,,,,,,,,,,,,,,,,,,,,,,,,,,,,,
,,,,,,,,,,,,,,,,,,,,,,,,,,,,,,,,,,,,,,,,,,,,,,,,,,,,,,,,2093-04-01 18:29:43+00:00,,,,,2026-04-01 17:17:38.369017+00:00,,,,,,,,,,,,,,,,,,,,,,,8,,,,,,,,,,,,,,,,,,,,,,453,,,,,,,,,,,,,,,,,,,,,,,,,,,,,,,,0,,,,0x00000000,,,,,,,,,,,,,,,,,6,,,,FileInfo,,,,,,,,,,,,,,,,,,,,,,,,,,,,,,,,,,,,,,,,,,,,,,,,10,,,
,,,,,,,,,,,,,,,,,,,,,,,,,,,,,,,,,,,,,,,,,,,,,,,,,,,,,,,,2089-07-14 19:58:05+00:00,,,,,2026-04-01 17:17:38.369730+00:00,,,,,,,,,,,,,,,,,,,,,,,3,,,,,,,,,,,,,,,,,,,,,,454,,,,,,,,,,,,,,,,,,,,,,,,,,,,,,,,0,,,,0x00000000,,,,,,,,,,,,,,,,,6,,,,Wof,,,,,,,,,,,,,,,,,,,,,,,,,,,,,,,,,,,,,,,,,,,,,,,,10,,,
,,,,,,,,,,,,,,,,,,,,,,,,,,,,,,,,,,,,,,,,,,,,,,,,,,,,,,,,2028-06-06 02:57:32+00:00,,,,,2026-04-01 17:17:38.370670+00:00,,,,,,,,,,,,,,,,,,,,,,,8,,,,,,,,,,,,,,,,,,,,,,455,,,,,,,,,,,,,,,,,,,,,,,,,,,,,,,,0,,,,0x00000000,,,,,,,,,,,,,,,,,6,,,,WdFilter,,,,,,,,,,,,,,,,,,,,,,,,,,,,,,,,,,,,,,,,,,,,,,,,10,,,
,,,,,0,,,,,,,,,,,,,,,,,,,,,,,,,,,,,,,,,,,,,,,,,,,,,,,,,,,,,,,,2026-04-01 17:17:38.936409+00:00,,,,,,,,,,,,,,,,,,,,,,,,,,,,,,,,,,,,,,,,,,,,,456,,,,,,,,,,,,,,,,,,,,,,,,,,,,,,,,,,,,,,,,,,,,,,,,,,,,,98,,,,\Device\HarddiskVolume3,,,,,,,,,C:,,,,,,,,,,,,,,,,,,,,,,,,,,,,,,,,,,,,,,,,,,
,,,,,,,,,,,,,,,,,,,,,,,,,,,,,,,,,,,,,,,,,,,,,,,,,,,,,,,,2075-08-31 15:07:07+00:00,,,,,2026-04-01 17:17:39.043884+00:00,,,,,,,,,,,,,,,,,,,,,,,9,,,,,,,,,,,,,,,,,,,,,,457,,,,,,,,,,,,,,,,,,,,,,,,,,,,,,,,0,,,,0x00000000,,,,,,,,,,,,,,,,,6,,,,FileCrypt,,,,,,,,,,,,,,,,,,,,,,,,,,,,,,,,,,,,,,,,,,,,,,,,10,,,
,,,,,,,,,,,,,,,,,,,,,,,,,,,,,,,,,,,,,,,,,,,,,,,,,,,,,,,,1978-05-14 02:13:30+00:00,,,,,2026-04-01 17:17:39.149109+00:00,,,,,,,,,,,,,,,,,,,,,,,9,,,,,,,,,,,,,,,,,,,,,,458,,,,,,,,,,,,,,,,,,,,,,,,,,,,,,,,0,,,,0x00000000,,,,,,,,,,,,,,,,,6,,,,npsvctrig,,,,,,,,,,,,,,,,,,,,,,,,,,,,,,,,,,,,,,,,,,,,,,,,10,,,
,,,,,,,False,,,,0,,,,,,,,,,,,,0,,,,,,,0,0,,,,,False,,,,,,,,,,,,,,,,,3,,,,,,,2026-04-01 17:17:39.178144+00:00,,,,,,,0,,,,0,,,,,,,,,,,,,,,,,,,,,,0x0000000000000000,,,,,,,,,0x0000000000000000,,,459,,,,,0,,,,,,,0,,0,,,,,0x0000000000000000,,0x0000000000000000,,False,,,,,,,,,,0,,,,,,,,,,,,,,,,,,,,41,,,,,,,,,,,,False,,0,,,,,,,0,,,,,,,,,,,,,,,,,,,,,,,,,,,,,,,,,,
,,,,,,,,,,,,,,,,2,,,,,,,,,,,,,,,,,,,,,,,,,,,,,,,,,,,,,,,,,,,,,2026-04-01 17:17:39.192188+00:00,,,,,,,,,,,,,,,,,,,,,,,,,,,,,,,,,,,,,,,,,,,,,460,,,,,,,,,,,,,,,,,,,,,,,,,,,,,,,,,,,,,,,,,,,,,,,,,,,,,172,,,,,,,,,,,,,,,,,,,,,,,,,,,,,,,,,,,6,,,,,,,,,,,,,,,,,,,,
,,,,,,,,,,,,,1,,,,,,,,,,,,,,,,,,,,,,,,,,,,,,,,,,,,,,,,,,,,,,,,2026-04-01 17:17:39.403511+00:00,,,,,,,,,,,,,2688,,,,,,100,,,,,0,,,,,,,,,,,,,,,,,,,,,461,,,,,,,,,,,,,,,,,,,,,,,,,,,,,,,,,,,,,,100,,0,,100,,,,,,,,,,,55,,,,,,,,,,,0,,,,,,,,,,,,,,,,,,,,,,,,,,,1,,,,,,,,,,,,,,,,,
,,,,,,,,,,,,,,,,,,,,,,,,,,,,,,,,,,,,,,,,,,,,,,,,,,,,,,,,,,,,,2026-04-01 17:17:39.681103+00:00,,,,,,,,,,,,,,,,,,,,,,,,,,,,,,,,,,,,,,,,,,,,,462,,,,,,,,,,,,,,,,,,,,,,,,,,,,,,,,,,,,,,,,,,,,,,,,,,,,,32,,,,,"<string>Intel(R) 82574L Gigabit Network Connection</string>
<string></string>
",,,,,,,,,,,,,,,,,,,,,,,,,,,,,,,,,,,,,,,,,,,,,,,,,,
,,,,,0,,,,,,,,,,,,,,,,,,,,,,,,,,,,,,,,,,,,,,,,,,,,,,,,,,,,,,,,2026-04-01 17:17:40.191269+00:00,,,,,,,,,,,,,,,,,,,,,,,,,,,,,,,,,,,,,,,,,,,,,463,,,,,,,,,,,,,,,,,,,,,,,,,,,,,,,,,,,,,,,,,,,,,,,,,,,,,98,,,,\Device\HarddiskVolume4,,,,,,,,,\\?\Volume{fca9b761-f183-4070-98ba-e8e2ddff5456},,,,,,,,,,,,,,,,,,,,,,,,,,,,,,,,,,,,,,,,,,
,,,,,,,,,,,,2,,,,,,,,,,,,,,,,,,,,,,,,,,,,0,,,,,,,,,,,,,,,,,,,,,2026-04-01 17:17:40.282434+00:00,,,,,,,,,,,,,,,,,,,,,,,,,,,,,,,,,,,,,,,,,,,,,464,,,,,,,,,,,,,,,,,,0,,,,,,,,,,,,,,,,,,,,,0,,,,,,,,,420,,,,,24,,,,,,,,,,,,,,,,,,,,,,,,,,,,,,,,,,,,,,,,,,,,,,,,,,,,,,,
,,,,,,,,,,,,,,,,,False,,,,,,,,,,,,,,,,,,,,,,,,,,,,,,False,,,,,False,,,,,,,,,2026-04-01 17:17:40.588276+00:00,,,,,,,,,,,,,,,,,,,,,,,,,,,,,,,,,,,,,,,,,,,,,465,,,,,,,,,,,,,,,,,,,,,,,,,,,,,,,,,,,,,,,,,,,,,0,,,,,,,,19,,,,,,,,,,,,,,,,,,,,,,,,,,,,,,,,,,,,,,,,,,,,,,,False,,,,,,,,
,,,,,,,,,,,,,,,,,,,,,,,,,,,,,,,,,,,,0001-01-01 00:00:00,,,,,,,,,,,,,,,,,,,,,,,,,2026-04-01 17:17:40.588295+00:00,,,,,,,,,,,,,,,,False,,,,,,,,,,,,,,,False,,,,,,,,,,,,,,466,,,,,,,,,,,,,,,,,,,,,,,,,,,,,,,0,,,,,,,,,,,,,,0,,,,,,,,25,,,,,,,,,,,,,,,,,,,,,,,,,,,,,,,,,,,,,,,,,,,,,,,,,,,,,,,
,,,,,,,,,,,,,,,,,,,,,,,,,,,,,,,,,,,,,,,,,,,,,,,,,,,,,,,,,,,,,2026-04-01 17:17:40.588879+00:00,,,,,,,,,,,,,,,,,,,,,,,,,,,,,,,,,,,,,,,,,,,,,467,False,,,,,,,,,,,,,,,,,,,,,,,,,,,,,,,,,,,,,,,,,,,,0,,,,,,,,23,,,,,,,,,False,,,,,,,,,,,,,,,,,,,,,,,,,,,,,,,,,False,,,,,,,,,,,,,
,,,,,,,,,,,,,,,,,,,,,,,,,,,,,,,,,,,,,,,,,,,,,,,,,,,,,,,,,,,,,2026-04-01 17:17:40.717939+00:00,,,,,,,,,,,,,,,,,,,,,,,,,,,,,,,,,,,,,,,,,,,,,468,,,,0,,,,,,,0,,,,,,,,,,,,,,,,,,,,,,,,,,,,,,,,,,,,,,,,,,14,,0,,,,,,,,,,,,,,,,,,,,,,,,,,,,,,,,,,,,,,,,,,,,,,,,,,,,,
,,,,,,,,,,,,,,,,,,,,,,,,,,,,,,,,,,,,,,,,,,,,,,,,,,,,,,,,,,,,,2026-04-01 17:17:40.720018+00:00,,,,,,,,,,,,,,,,,,,,,,,,,,,,,,,,,,,,,,,,,,,,,469,,,,,,,,,,,,,,,,,,,,,,,,,,,,,,,,,,4,,,,,,,,,,,,,,,,,,,12,,,,,,,,,,,,,,,,,,,,,,,,,,,,,,,,,,,,,,,,,,,,,,,,,,,,,,,
,,,,,,,,,,,,,,,,,,,,,,,,,,,,,,,,,,,,,,,,,,,,,,,,,,,,,0,,,,,,,,2026-04-01 17:17:40.791609+00:00,,,,,,,,,,,,,,,,,,,,,,,,,,,,,,,,,,,,,,,,,,,,,470,,0,,,,,,,,,,,,,,,,,,,,,,,,,,,,,,,,,,,,,,,,,,,,,,,,,,,6156,,,,,,,,1,,,,,,,,,,,,,,,,,,,,,,,,,,,,,,,,,,,,0,0,,,,,,,,,,
,,,,,,,,,,,,,,,,,,,,,,,,,,,,,,,,,,,,,,,,,,,,,,,,,,,,,,,,,,,,,2026-04-01 17:17:40.994728+00:00,,,,,,,,,,,,,,,,,,,,,,,,,,,,,,,,,,,,,,,,,,,,,471,,,,,,,,,,,,,,,,,,,,,,,,,,,,,,,,,,,,,,,,,,,,,,,,,,,,,16962,,,,,,,,,,,,,,,,,,,,,,,,,,,,,,,,,,,,,,,,,,,,,,O:SYG:SYD:(A;;RC;;;BA),,,,,,,,,
,,,,,,,,,,,,,,,,,,,,,,,,,,,,,,,,,,,,,,,,,,,,0,,,,,,,,,,,,,,,,,2026-04-01 17:17:41.006733+00:00,,,,,,,,,,,,,,,,,,,,,,,,,,,,,,,,,,,-1,,,,,,,,,,472,,,,,,,,,,,,,,,,,,,,,,,,,,,,,,,,,,,,,,,,,,,,,,,,,,,,,16977,,,,,,,,,,,,,,,,,,,,,,,,,,,,,,,,,,,,,,,,,,,,,,,,,,,,,,,0
,,,,,,,,,,,,,,,,,,,,,,,,,,,,,,,,,,,,,,,,,,,,,,,,,,,,,,,,,,,,,2026-04-01 17:17:41.006735+00:00,,,,,,,,,,,,,,,,,,,,,,,,,,,,,,,,,,,,,,,,,,,,,473,,,,,,,,,,,,,,,,,,,,,,,,,,,,,,,,,,,,,,,,,,,,,,,,,,,,,16983,,,,,,,,,,,,,,,,,,,,,,,,,,,,,,,,,,,,,,,,,,,,,,,,,,,,,,,
,,,,,,,,,,,,,,,,,,,,,,,,,,,,,,,,,,,,,,,,,,,,,,,,,,,,,,,,2033-08-14 04:35:15+00:00,,,,,2026-04-01 17:17:42.225492+00:00,,,,,,,,,,,,,,,,,,,,,,,13,,,,,,,,,,,,,,,,,,,,,,474,,,,,,,,,,,,,,,,,,,,,,,,,,,,,,,,0,,,,0x00000000,,,,,,,,,,,,,,,,,6,,,,applockerfltr,,,,,,,,,,,,,,,,,,,,,,,,,,,,,,,,,,,,,,,,,,,,,,,,10,,,
,,,,,,,,,,,,,,,,,,,,,,,,,,,,,,,,,,,,,,,,,,,,,,,,,,,,,,,,2086-03-20 04:03:22+00:00,,,,,2026-04-01 17:17:42.426247+00:00,,,,,,,,,,,,,,,,,,,,,,,3,,,,,,,,,,,,,,,,,,,,,,475,,,,,,,,,,,,,,,,,,,,,,,,,,,,,,,,0,,,,0x00000000,,,,,,,,,,,,,,,,,6,,,,bfs,,,,,,,,,,,,,,,,,,,,,,,,,,,,,,,,,,,,,,,,,,,,,,,,10,,,
,,,,,,,,,,,,,,,,,,,,,,,,,,,,,,,,,,,,,,,,,,,,,,,,,,,,,,,,2057-06-14 06:55:30+00:00,,,,,2026-04-01 17:17:42.452627+00:00,,,,,,,,,,,,,,,,,,,,,,,5,,,,,,,,,,,,,,,,,,,,,,476,,,,,,,,,,,,,,,,,,,,,,,,,,,,,,,,0,,,,0x00000000,,,,,,,,,,,,,,,,,6,,,,luafv,,,,,,,,,,,,,,,,,,,,,,,,,,,,,,,,,,,,,,,,,,,,,,,,10,,,
,,,,,,,,,,,,,,,,,,,,,,,,,,,,,,,,,,,,,,,,,,,,,,,,,,,,,,,,1985-11-26 07:47:21+00:00,,,,,2026-04-01 17:17:42.464659+00:00,,,,,,,,,,,,,,,,,,,,,,,5,,,,,,,,,,,,,,,,,,,,,,477,,,,,,,,,,,,,,,,,,,,,,,,,,,,,,,,0,,,,0x00000000,,,,,,,,,,,,,,,,,6,,,,wcifs,,,,,,,,,,,,,,,,,,,,,,,,,,,,,,,,,,,,,,,,,,,,,,,,10,,,
,,,,,,,,,,,,,,,,,,,,,,,,,,,,,,,,,,,,,,,,,,,,,,,,,,,,,,,,1991-05-02 13:16:55+00:00,,,,,2026-04-01 17:17:42.491241+00:00,,,,,,,,,,,,,,,,,,,,,,,6,,,,,,,,,,,,,,,,,,,,,,478,,,,,,,,,,,,,,,,,,,,,,,,,,,,,,,,0,,,,0x00000000,,,,,,,,,,,,,,,,,6,,,,CldFlt,,,,,,,,,,,,,,,,,,,,,,,,,,,,,,,,,,,,,,,,,,,,,,,,10,,,
,,,,,,,,,,,,,,,,,,,,,,,,,,,,,,,,,,,,,,,,,,,,,,,,,,,,,,,,1991-05-02 13:16:55+00:00,,,,,2026-04-01 17:17:42.491247+00:00,,,,,,,,,,,,,,,,,,,,,,,6,,,,,,,,,,,,,,,,,,,,,,479,,,,,,,,,,,,,,,,,,,,,,,,,,,,,,,,0,,,,0x00000000,,,,,,,,,,,,,,,,,1,,,,CldFlt,,,,,,,,,,,,,,,,,,,,,,,,,,,,,,,,,,,,,,,,,,,,,,,,10,,,
,,,,,,,,,,,,,,,,,,,,,,,,,,,,,,,,,,,,,,,,,,,,,,,,,,,,,,,,1991-05-02 13:16:55+00:00,,,,,2026-04-01 17:17:42.491556+00:00,,,,,,,,,,,,,,,,,,,,,,,6,,,,,,,,,,,,,,,,,,,,,,480,,,,,,,,,,,,,,,,,,,,,,,,,,,,,,,,0,,,,0x00000000,,,,,,,,,,,,,,,,,6,,,,CldFlt,,,,,,,,,,,,,,,,,,,,,,,,,,,,,,,,,,,,,,,,,,,,,,,,10,,,
,,,,,,,,,,,,,,,,,,,,,,,,,,,,,,,,,,,,,,,,,,,,,,,,,,,,,,,,2017-11-02 22:31:51+00:00,,,,,2026-04-01 17:17:42.498066+00:00,,,,,,,,,,,,,,,,,,,,,,,7,,,,,,,,,,,,,,,,,,,,,,481,,,,,,,,,,,,,,,,,,,,,,,,,,,,,,,,0,,,,0x00000000,,,,,,,,,,,,,,,,,6,,,,UnionFS,,,,,,,,,,,,,,,,,,,,,,,,,,,,,,,,,,,,,,,,,,,,,,,,10,,,
,,,,,,,,,,,,,,,,,,,,,,,,,,,,,,,,,,,,,,,,,,,,,,,,,,,,,,,,2016-04-28 15:00:23+00:00,,,,,2026-04-01 17:17:42.581861+00:00,,,,,,,,,,,,,,,,,,,,,,,10,,,,,,,,,,,,,,,,,,,,,,482,,,,,,,,,,,,,,,,,,,,,,,,,,,,,,,,0,,,,0x00000000,,,,,,,,,,,,,,,,,6,,,,storqosflt,,,,,,,,,,,,,,,,,,,,,,,,,,,,,,,,,,,,,,,,,,,,,,,,10,,,
,,,,,,,,,,,,,,,,,,,,,,,,,,,,,,,,,,,,,,,,,,,,,,,,,,,,,,,,2061-11-20 00:48:12+00:00,,,,,2026-04-01 17:17:42.649258+00:00,,,,,,,,,,,,,,,,,,,,,,,4,,,,,,,,,,,,,,,,,,,,,,483,,,,,,,,,,,,,,,,,,,,,,,,,,,,,,,,0,,,,0x00000000,,,,,,,,,,,,,,,,,6,,,,UCPD,,,,,,,,,,,,,,,,,,,,,,,,,,,,,,,,,,,,,,,,,,,,,,,,10,,,
,,,,,,,,,,,,,,,,,,,,,,,,,,,,,,,,,,,,,,,,,,,,,,,,,,,,,,,,2081-10-17 14:34:26+00:00,,,,,2026-04-01 17:17:42.664972+00:00,,,,,,,,,,,,,,,,,,,,,,,7,,,,,,,,,,,,,,,,,,,,,,484,,,,,,,,,,,,,,,,,,,,,,,,,,,,,,,,0,,,,0x00000000,,,,,,,,,,,,,,,,,6,,,,bindflt,,,,,,,,,,,,,,,,,,,,,,,,,,,,,,,,,,,,,,,,,,,,,,,,10,,,
,,,,,,,,,,,,,,,,,,,,,,,,,,,,,,,,,,,,,,,,,,,,,,,,,,,,,,,,,,,,,2026-04-01 17:17:44.158909+00:00,,,,,,,,,,,,,,,,,,,,,,,,,,,,,,,,,,,,,,,,,,,,,485,,,,,,,,,,,,,,,,,,,,,,,,,,,,,,,,,,,,,,,,,,,,,,,,,,,,,50036,,,,,,,,,,,,,,,,,,,,,,,,,,,,,,,,,,,,,,,,,,,,,,,,,,,,,,,
,,,,,,,,,,,,,,,,,,,,,,,,,,,,,,,,,,,,,,,,,,,,,,,,,,,,,,,,,,,,,2026-04-01 17:17:44.159544+00:00,,,,,,,,,,,,,,,,,,,,,,,,,,,,,,,,,,,,,,,,,,,,,486,,,,,,,,,,,,,,,,,,,,,,,,,,,,,,,,,,,,,,,,,,,,,,,,,,,,,50103,,,,,,,,,,,,,,,,,,,,,,,,,,,,,,,,,,,,,,,,,,,,,,,,,,,,,,,
,,,,,,,,,,,,,,,,,,,,,,,,,,,,,,,,,,,,,,,,,,,,,,,,,,,,,,,,,,,,,2026-04-01 17:17:44.159630+00:00,,,,,,,,,,,,,,,,,,,,,,,,,,,,,,,,,,,,,,,,,,,,,487,,,,,,,,,,,,,,,,,,,,,,,,,,,,,,,,,,,,,,,,,,,,,,,,,,,,,50036,,,,,,,,,,,,,,,,,,,,,,,,,,,,,,,,,,,,,,,,,,,,,,,,,,,,,,,
,,,,,,,,,,,,,,,,,,,,,,,,,,,,,,,,,,,,,,,,,,,,,,,,,,,,,,,,,,,,,2026-04-01 17:17:44.364109+00:00,,,,,,,,,,,,,,,,,,,,,,,,,,,,,,,,,,,,,,,,,,,,,488,,,,,,,,,,,,,,,,,,,,,,,,,,,,,,,,,,,,,,,,,,,,,,,,,,,,,51046,,,,,,,,,,,,,,,,,,,,,,,,,,,,,,,,,,,,,,,,,,,,,,,,,,,,,,,
,,,,,,,,,,,,,,4,,,,,,,,,,,,,,,,,,,,,,,,,,,,,,,,,,,,,,,,,,,,,,,2026-04-01 17:17:45.890150+00:00,,,,,,,,,,,,,,,,,,,,,,,,,,,,,,,,,,,,,,0,,,,,,,489,,,,,,,,,,,,,,,,,,,,,,,,,,,,S-1-5-18,,,,,,,,,,,,,,,,,,,,,,,,,112,,,,,,,,,,,,,,,,,,,,,,,,,,,,,http://*:5357/,,,,,,,,,,,,,,,,,,,,,,,,,,
,,,,,,,,,,,,,,4,,,,,,,,,,,,,,,,,,,,,,,,,,,,,,,,,,,,,,,,,,,,,,,2026-04-01 17:17:45.890158+00:00,,,,,,,,,,,,,,,,,,,,,,,,,,,,,,,,,,,,,,0,,,,,,,490,,,,,,,,,,,,,,,,,,,,,,,,,,,,S-1-5-18,,,,,,,,,,,,,,,,,,,,,,,,,112,,,,,,,,,,,,,,,,,,,,,,,,,,,,,http://+:80/Temporary_Listen_Addresses/,,,,,,,,,,,,,,,,,,,,,,,,,,
,,,,,,,,,,,,,,4,,,,,,,,,,,,,,,,,,,,,,,,,,,,,,,,,,,,,,,,,,,,,,,2026-04-01 17:17:45.890173+00:00,,,,,,,,,,,,,,,,,,,,,,,,,,,,,,,,,,,,,,0,,,,,,,491,,,,,,,,,,,,,,,,,,,,,,,,,,,,S-1-5-18,,,,,,,,,,,,,,,,,,,,,,,,,112,,,,,,,,,,,,,,,,,,,,,,,,,,,,,https://*:5358/,,,,,,,,,,,,,,,,,,,,,,,,,,
,,,,,,,,,,,,,,4,,,,,,,,,,,,,,,,,,,,,,,,,,,,,,,,,,,,,,,,,,,,,,,2026-04-01 17:17:45.890175+00:00,,,,,,,,,,,,,,,,,,,,,,,,,,,,,,,,,,,,,,0,,,,,,,492,,,,,,,,,,,,,,,,,,,,,,,,,,,,S-1-5-18,,,,,,,,,,,,,,,,,,,,,,,,,112,,,,,,,,,,,,,,,,,,,,,,,,,,,,,http://*:2869/,,,,,,,,,,,,,,,,,,,,,,,,,,
,,,,,,,,,,,,,,4,,,,,,,,,,,,,,,,,,,,,,,,,,,,,,,,,,,,,,,,,,,,,,,2026-04-01 17:17:45.890182+00:00,,,,,,,,,,,,,,,,,,,,,,,,,,,,,,,,,,,,,,0,,,,,,,493,,,,,,,,,,,,,,,,,,,,,,,,,,,,S-1-5-18,,,,,,,,,,,,,,,,,,,,,,,,,112,,,,,,,,,,,,,,,,,,,,,,,,,,,,,https://+:5986/wsman/,,,,,,,,,,,,,,,,,,,,,,,,,,
,,,,,,,,,,,,,,4,,,,,,,,,,,,,,,,,,,,,,,,,,,,,,,,,,,,,,,,,,,,,,,2026-04-01 17:17:45.890190+00:00,,,,,,,,,,,,,,,,,,,,,,,,,,,,,,,,,,,,,,0,,,,,,,494,,,,,,,,,,,,,,,,,,,,,,,,,,,,S-1-5-18,,,,,,,,,,,,,,,,,,,,,,,,,112,,,,,,,,,,,,,,,,,,,,,,,,,,,,,http://+:47001/wsman/,,,,,,,,,,,,,,,,,,,,,,,,,,
,,,,,,,,,,,,,,4,,,,,,,,,,,,,,,,,,,,,,,,,,,,,,,,,,,,,,,,,,,,,,,2026-04-01 17:17:45.890194+00:00,,,,,,,,,,,,,,,,,,,,,,,,,,,,,,,,,,,,,,0,,,,,,,495,,,,,,,,,,,,,,,,,,,,,,,,,,,,S-1-5-18,,,,,,,,,,,,,,,,,,,,,,,,,112,,,,,,,,,,,,,,,,,,,,,,,,,,,,,http://+:5985/wsman/,,,,,,,,,,,,,,,,,,,,,,,,,,
,,,,,,,,,,,,,,4,,,,,,,,,,,,,,,,,,,,,,,,,,,,,,,,,,,,,,,,,,,,,,,2026-04-01 17:17:45.890198+00:00,,,,,,,,,,,,,,,,,,,,,,,,,,,,,,,,,,,,,,0,,,,,,,496,,,,,,,,,,,,,,,,,,,,,,,,,,,,S-1-5-18,,,,,,,,,,,,,,,,,,,,,,,,,112,,,,,,,,,,,,,,,,,,,,,,,,,,,,,https://+:3392/rdp/,,,,,,,,,,,,,,,,,,,,,,,,,,
,,,,,,,,,,,,,,4,,,,,,,,,,,,,,,,,,,,,,,,,,,,,,,,,,,,,,,,,,,,,,,2026-04-01 17:17:45.890203+00:00,,,,,,,,,,,,,,,,,,,,,,,,,,,,,,,,,,,,,,0,,,,,,,497,,,,,,,,,,,,,,,,,,,,,,,,,,,,S-1-5-18,,,,,,,,,,,,,,,,,,,,,,,,,112,,,,,,,,,,,,,,,,,,,,,,,,,,,,,https://+:443/sra_{BA195980-CD49-458b-9E23-C84EE0ADCD75}/,,,,,,,,,,,,,,,,,,,,,,,,,,
,,,,,,,,,,,,,,4,,,,,,,,,,,,,,,,,,,,,,,,,,,,,,,,,,,,,,,,,,,,,,,2026-04-01 17:17:45.890211+00:00,,,,,,,,,,,,,,,,,,,,,,,,,,,,,,,,,,,,,,0,,,,,,,498,,,,,,,,,,,,,,,,,,,,,,,,,,,,S-1-5-18,,,,,,,,,,,,,,,,,,,,,,,,,112,,,,,,,,,,,,,,,,,,,,,,,,,,,,,http://+:10247/apps/,,,,,,,,,,,,,,,,,,,,,,,,,,
,,,,,,,,,,,,,,4,,,,,,,,,,,,,,,,,,,,,,,,,,,,,,,,,,,,,,,,,,,,,,,2026-04-01 17:17:45.890215+00:00,,,,,,,,,,,,,,,,,,,,,,,,,,,,,,,,,,,,,,0,,,,,,,499,,,,,,,,,,,,,,,,,,,,,,,,,,,,S-1-5-18,,,,,,,,,,,,,,,,,,,,,,,,,112,,,,,,,,,,,,,,,,,,,,,,,,,,,,,https://+:10245/WMPNSSv4/,,,,,,,,,,,,,,,,,,,,,,,,,,
,,,,,,,,,,,,,,4,,,,,,,,,,,,,,,,,,,,,,,,,,,,,,,,,,,,,,,,,,,,,,,2026-04-01 17:17:45.890219+00:00,,,,,,,,,,,,,,,,,,,,,,,,,,,,,,,,,,,,,,0,,,,,,,500,,,,,,,,,,,,,,,,,,,,,,,,,,,,S-1-5-18,,,,,,,,,,,,,,,,,,,,,,,,,112,,,,,,,,,,,,,,,,,,,,,,,,,,,,,http://+:10243/WMPNSSv4/,,,,,,,,,,,,,,,,,,,,,,,,,,
,,,,,,,,,,,,,,4,,,,,,,,,,,,,,,,,,,,,,,,,,,,,,,,,,,,,,,,,,,,,,,2026-04-01 17:17:45.890223+00:00,,,,,,,,,,,,,,,,,,,,,,,,,,,,,,,,,,,,,,0,,,,,,,501,,,,,,,,,,,,,,,,,,,,,,,,,,,,S-1-5-18,,,,,,,,,,,,,,,,,,,,,,,,,112,,,,,,,,,,,,,,,,,,,,,,,,,,,,,http://+:10246/MDEServer/,,,,,,,,,,,,,,,,,,,,,,,,,,
,,,,,,,,,,,,,,,,,,,,,,,,,,,,,,,,,,,,,,,,,,,,,,,,,,,,,,,,,,,,,2026-04-01 17:17:48.185780+00:00,,,,,,,,,,,,,,,,,,,,,,,,,,,,,,,,,,,,,,,,,,,,,502,,,,,,,,,,,,,,,,,,,,,,,,,,,,,,,,,,,,,,,,,,,,,,,,,,,,,7026,,,,,,,,,,,,,,,,,,,,,,,"
dam
uiomap",,,,,,,,,,,,,,,,,,,,,,,,,,,,,,,,
,,,,,,,,,,,,,,,,,,,,,,,,,,,,,,,,,,,,,,,,,,0,,,,,,,,,,,,,,,,,,,2026-04-01 17:17:48.188131+00:00,,,,,,,,,,,,,,,,,,,,,,,,,,,,,,,,,,,,,,,,,,,,,503,,,,,,,,,,,,,,,,,,,,,,,,,,,,,,,,,,,,,,,,,,,,,,,,,,,,,18,,,,,,,,,,,,,,,,,,,,,,,,,,,,,,,,,,,,,,,0x00000014,,,,,,,,,,217,,,,,,
,,,,,,,,,,,,,,,,,,,,,,,,,,,,,,,,,,,,,,,,,,,,,,,,,,,,,,,,,,,,,2026-04-01 17:17:51.015635+00:00,,,,,,,,,,,,,,,,,,,,,,,,,,,,,,,,,,,,,,,,,1,,,,504,,,,,,,,,,,,,,,,,,,,,,,,,,,,S-1-5-21-2352865859-2334931103-2005901029-1001,,,,,,,,,,,,,,,,,,,,,,,,,7001,,,,,,,,,,,,,,,,,,,,,,,,,,,,,,,,,,,,,,,,,,,,,,,,,,,,,,,
,,,,,,,,,,,,,,,,,,\??\C:\Users\pizza\AppData\Local\Packages\Microsoft.MicrosoftEdge.Stable_8wekyb3d8bbwe\Settings\settings.dat,,,,,,,,,,,,,,,,,,,,,3,,,,,,,,,,,,,,,,,,,,,,2026-04-01 17:17:59.012085+00:00,,,,,,,,,,,,,,,,,,,,,,,,,,,,,,,,,,,,,,,,,,,,,505,,,,,,,,,,,,,,,,,,,,,,,,,,,,,,,,,,,,,,,,,,,,,,,,,,,,,16,,,,,,,,,,,,,,,,,,,,,,,,,,,,,,,,,108,,,,,,,,,,,,,,,,,,,,1,,
,,,,,,,,,,,,,,,,,,\??\C:\Users\pizza\AppData\Local\Packages\MicrosoftWindows.Client.WebExperience_cw5n1h2txyewy\Settings\settings.dat,,,,,,,,,,,,,,,,,,,,,3,,,,,,,,,,,,,,,,,,,,,,2026-04-01 17:18:00.319967+00:00,,,,,,,,,,,,,,,,,,,,,,,,,,,,,,,,,,,,,,,,,,,,,506,,,,,,,,,,,,,,,,,,,,,,,,,,,,,,,,,,,,,,,,,,,,,,,,,,,,,16,,,,,,,,,,,,,,,,,,,,,,,,,,,,,,,,,115,,,,,,,,,,,,,,,,,,,,1,,
,,,,,,,,,,,,,,,,,,,,,,,,,,,,,,,,,,,,,,,,,,,,,,,,,,,,,,,,,,,,,2026-04-01 17:18:08.526323+00:00,,,,,,,,,,,,,,,,,,,,,,,,,,,,,,,,,,,,,,,,,,,,,507,,,,,,,,,,,,,,,,,,,,,,,,,,,,,,,,,,,,,,,,,,,,,,,,,,,,,10010,,,,,,,,,,,,,,,,,,,,,,,{A7451292-7906-414C-BB7B-DFD32C749E5C},,,,,,,,,,,,,,,,,,,,,,,,,,,,,,,,
,,,,,,,,,,,,,,,,,,,,,,,,,,,,,,,,,,,,,,,,,,,,,,,,,,,,,,,,,,,,,2026-04-01 17:18:45.932163+00:00,,,,,,,,,,,,,,,,,,,,,,,,,,,,,,,,,,,,,,,,,,,,,508,,,,,,,,,,,,,,,,,,,,,,,,,,,,,,,,,,,,,,,,,,,,,,,,,,,,,1041,,,,,,,,,,,,,,,,,,,,,,,,,,,,"{""Version"":1,""HealthStatus"":""Attestable"",""Required"":[{""Field"":""TpmPresent"",""Value"":true,""DesiredValue"":true},{""Field"":""TpmMeetsMinimumVersion"",""Value"":true,""DesiredValue"":true},{""Field"":""TpmIsResponsive"",""Value"":true,""DesiredValue"":true},{""Field"":""EkCertIsAvailable"",""Value"":true,""DesiredValue"":true},{""Field"":""TcgLogFound"",""Value"":true,""DesiredValue"":true}],""Expected"":[{""Field"":""PcrsMatchTcgLog"",""Value"":true,""DesiredValue"":true}],""Informational"":[{""Field"":""SecureBootEnabled"",""ValueFromComputer"":false,""ValueFromTcgLog"":false,""DesiredValue"":true,""TcgValueIsVerifiable"":true},{""Field"":""VirtualSecureMemory"",""ValueFromComputer"":false,""ValueFromTcgLog"":false,""DesiredValue"":true,""TcgValueIsVerifiable"":true},{""Field"":""SecureCorePCCompliant"",""ValueFromComputer"":false,""ValueFromTcgLog"":false,""DesiredValue"":true,""TcgValueIsVerifiable"":true}{""Field"":""BootTcgLogFoundInFileSystem"",""Value"":true,""DesiredValue"":true},{""Field"":""CurrentTcgLogFoundInFileSystem"",""Value"":true,""DesiredValue"":true}]}",,,,,,,,,,,,,,,,,,,,,,,,,,,
,,,,,,,,,,,,,,,,,,,,,,,,,,,,,,,,,,,,,,,,,,,,,,,,,,,,,,,,,,,,,2026-04-01 17:18:45.932226+00:00,,,,,,,,,,,,,,,,,,,,,,,,,,,,,,,,,,,,,,,,,,,,,509,,,,,,,,,C:\WINDOWS\Logs\MeasuredBoot\0000000004-0000000000.json,,,,,,,,,,,,,,,,,,,,,,,,,,,,,,,,,,,,,,,,,,,,1038,,,,,,,,,,,,,,,,,,,,,,,,,,,,,,,,,,,,,,,,,,,,,,,,,,,,,,,
,,,,,,,,,,,,,,,,,,,,,,,,,,,,,,,,,,,,,,,,,,,,,,,,,,,,,,,,,,,,,2026-04-01 17:18:58.077324+00:00,,,,,,,,,,,,,,,,,,,,,,,,,,,,,,,,,,,,,,,,,,,,,510,,,,,,,,,,,,,,,,,,,,,,,,,,,,,,,,,,,,,,,,,,,,,,,,,,,,,1282,,,,,,,,,,,,,,,,,,,,,,,,,,,,,,,,,,,,,,,,,,,,,,,,,,,,,,,
,,,,,,BITS,,,,,,,,,,,,,,,,,auto start,,,,,,,,,,,,,,,,,,,,,,,,,,,,,,,,,,,,,,2026-04-01 17:19:14.291241+00:00,,,,,,,,,,,,,,,,,,,,,,,,,,,,,,,,demand start,,,,,,,,,,,,,511,,,,,,,,,,,,,,,,,,,,,,,,,,,,,,,,,,,,,,,,,,,,,,,,,,,,,7040,,,,,,,,,,,,,,,,,,,,,,,Background Intelligent Transfer Service,,,,,,,,,,,,,,,,,,,,,,,,,,,,,,,,
,,,,,,,,,,,,,,,,,,,,,,,,,,,,,,,,,,,,,,,,,,,,,,,,,,,,,,,,,,,,,2026-04-01 17:19:16.117834+00:00,,,,,,,,,,,,,,,,,,,,,,,,,,,,,,,,,,,,,,,,,,,,,512,,,,,,,,,,,,,,,,,,,,,,,,,,,,,,,,,,,,,,,,,,,,,,,,,,,,,1025,,,,,,,,,,,,,,,,,,,,,,,,,,,,,,,,,,,,,,,,,,,,,,,,,,,,,,,
,,,,,,TrustedInstaller,,,,,,,,,,,,,,,,,auto start,,,,,,,,,,,,,,,,,,,,,,,,,,,,,,,,,,,,,,2026-04-01 17:20:01.612328+00:00,,,,,,,,,,,,,,,,,,,,,,,,,,,,,,,,demand start,,,,,,,,,,,,,513,,,,,,,,,,,,,,,,,,,,,,,,,,,,,,,,,,,,,,,,,,,,,,,,,,,,,7040,,,,,,,,,,,,,,,,,,,,,,,Windows Modules Installer,,,,,,,,,,,,,,,,,,,,,,,,,,,,,,,,
,,,,,,Windows.SecurityCenter.WscBrokerManager,,LocalHost (Using LRPC),,,,,,,,,,,,,,,Launch,,,,,,,,,,,,,,,,,,Unavailable,,,,,,,,,,,,,,,,,,,,2026-04-01 17:20:16.270975+00:00,,SYSTEM,,,,,,,,,,Unavailable,,,,,,,,NT AUTHORITY,,,,,,,,,,,,Local,,,,,,,,,,,,,514,,,,,,,,,,,,,,,,,,,,,,,,,,,,,,,,,,,,,,,,,,,,,,,,,,,,,10016,,,,,,S-1-5-18,,,,,,,,,,,,,,,,,application-specific,,,,,,,,,,,Unavailable,,,,,,,,,,,,,,,,,,,,,
,,,,,,Windows.SecurityCenter.SecurityAppBroker,,LocalHost (Using LRPC),,,,,,,,,,,,,,,Launch,,,,,,,,,,,,,,,,,,Unavailable,,,,,,,,,,,,,,,,,,,,2026-04-01 17:20:16.270975+00:00,,SYSTEM,,,,,,,,,,Unavailable,,,,,,,,NT AUTHORITY,,,,,,,,,,,,Local,,,,,,,,,,,,,515,,,,,,,,,,,,,,,,,,,,,,,,,,,,,,,,,,,,,,,,,,,,,,,,,,,,,10016,,,,,,S-1-5-18,,,,,,,,,,,,,,,,,application-specific,,,,,,,,,,,Unavailable,,,,,,,,,,,,,,,,,,,,,
,,,,,,Windows.SecurityCenter.WscDataProtection,,LocalHost (Using LRPC),,,,,,,,,,,,,,,Launch,,,,,,,,,,,,,,,,,,Unavailable,,,,,,,,,,,,,,,,,,,,2026-04-01 17:20:16.273317+00:00,,SYSTEM,,,,,,,,,,Unavailable,,,,,,,,NT AUTHORITY,,,,,,,,,,,,Local,,,,,,,,,,,,,516,,,,,,,,,,,,,,,,,,,,,,,,,,,,,,,,,,,,,,,,,,,,,,,,,,,,,10016,,,,,,S-1-5-18,,,,,,,,,,,,,,,,,application-specific,,,,,,,,,,,Unavailable,,,,,,,,,,,,,,,,,,,,,
,,,,,,TrustedInstaller,,,,,,,,,,,,,,,,,demand start,,,,,,,,,,,,,,,,,,,,,,,,,,,,,,,,,,,,,,2026-04-01 17:20:16.757633+00:00,,,,,,,,,,,,,,,,,,,,,,,,,,,,,,,,auto start,,,,,,,,,,,,,517,,,,,,,,,,,,,,,,,,,,,,,,,,,,,,,,,,,,,,,,,,,,,,,,,,,,,7040,,,,,,,,,,,,,,,,,,,,,,,Windows Modules Installer,,,,,,,,,,,,,,,,,,,,,,,,,,,,,,,,
,,,,,,,,,,,,,,,,,,\??\C:\Users\pizza\AppData\Local\Packages\Microsoft.WindowsStore_8wekyb3d8bbwe\Settings\settings.dat,,,,,,,,,,,,,,,,,,,,,3,,,,,,,,,,,,,,,,,,,,,,2026-04-01 17:20:26.179558+00:00,,,,,,,,,,,,,,,,,,,,,,,,,,,,,,,,,,,,,,,,,,,,,518,,,,,,,,,,,,,,,,,,,,,,,,,,,,,,,,,,,,,,,,,,,,,,,,,,,,,16,,,,,,,,,,,,,,,,,,,,,,,,,,,,,,,,,100,,,,,,,,,,,,,,,,,,,,1,,
,,,,,,,,,,Security Intelligence Update for Microsoft Defender Antivirus - KB2267602 (Version 1.447.121.0) - Current Channel (Broad),,,,,,,,,,200,,,,,,,,,,,,,,,,,,,,,,,,,,,,,,,,,,,,,,{ad781dab-8591-49c0-abbd-626cfe66b532},,,2026-04-01 17:20:28.375563+00:00,,,,,,,,,,,,,,,,,,,,,,,,,,,,,,,,,,,,,,,,,,,,,519,,,,,,,,,,,,,,,,,,,,,,,,,,,,,,,,,,,,,,,,,,,,,,,,,,,,,44,,,,,,,,,,,,,,,,,,,,,,,,,,,,,,,,,,,,,,,,,,,,,,,,,,,,,,,
,,,,,,PcaSvc,,,,,,,,,,,,,,,,,auto start,,,,,,,,,,,,,,,,,,,,,,,,,,,,,,,,,,,,,,2026-04-01 17:20:30.888678+00:00,,,,,,,,,,,,,,,,,,,,,,,,,,,,,,,,demand start,,,,,,,,,,,,,520,,,,,,,,,,,,,,,,,,,,,,,,,,,,,,,,,,,,,,,,,,,,,,,,,,,,,7040,,,,,,,,,,,,,,,,,,,,,,,Program Compatibility Assistant Service,,,,,,,,,,,,,,,,,,,,,,,,,,,,,,,,
,,,,,,,,,,,,,,,,,,\??\C:\Users\pizza\AppData\Local\Packages\Microsoft.DesktopAppInstaller_8wekyb3d8bbwe\Settings\settings.dat,,,,,,,,,,,,,,,,,,,,,3,,,,,,,,,,,,,,,,,,,,,,2026-04-01 17:21:09.799793+00:00,,,,,,,,,,,,,,,,,,,,,,,,,,,,,,,,,,,,,,,,,,,,,521,,,,,,,,,,,,,,,,,,,,,,,,,,,,,,,,,,,,,,,,,,,,,,,,,,,,,16,,,,,,,,,,,,,,,,,,,,,,,,,,,,,,,,,107,,,,,,,,,,,,,,,,,,,,1,,
,,,,,,,,,,Security Intelligence Update for Microsoft Defender Antivirus - KB2267602 (Version 1.447.121.0) - Current Channel (Broad),,,,,,,,,,200,,,,,,,,,,,,,,,,,,,,,,,,,,,,,,,,,,,,,,{ad781dab-8591-49c0-abbd-626cfe66b532},,,2026-04-01 17:22:09.416048+00:00,,,,,,,,,,,,,,,,,,,,,,,,,,,,,,,,,,,,,,,,,,,,,522,,,,,,,,,,,,,,,,,,,,,,,,,,,,,,,,,,,,,,,,,,,,,,,,,,,,,43,,,,,,,,,,,,,,,,,,,,,,,,,,,,,,,,,,,,,,,,,,,,,,,,,,,,,,,
,,,,,,,,,,Security Intelligence Update for Microsoft Defender Antivirus - KB2267602 (Version 1.447.121.0) - Current Channel (Broad),,,,,,,,,,200,,,,,,,,,,{9482f4b4-e343-43b6-b170-9a65bc822c77},,,,,,,,,,,,,,,,,,,,,,,,,,,,{ad781dab-8591-49c0-abbd-626cfe66b532},,,2026-04-01 17:22:24.660515+00:00,,,,,,,,,,,,,,,,,,,,,,,,,,,,,,,,,,,,,,,,,,,,,523,,,,,,,,,,,,,,,,,,,,,,,,,,,,,,,,,,,,,,,,,,,,,,,,,,,,,19,,,,,,,,,,,,,,,,,,,,,,,,,,,,,,,,,,,,,,,,,,,,,,,,,,,,,,,
,,,,,,,,,,,,,,,,,,,,,,,,,,,,,,,,,,,,,,,,,,,,,,,,,,,,,,,,,,,,,2026-04-01 17:22:44.004755+00:00,,,,,,,,,,,,,,,,,,,,,,,,,,,,,,,,,,,,,,,,,,,,,524,,,,,,,,,,,,,,,,,,,,,,,,,,,,,,Under Observation - More Data Needed,,,,,,,,,,,,,,,,,"BaseBoardManufacturer:Intel Corporation;FirmwareManufacturer:VMware, Inc.;FirmwareVersion:VMW201.00V.24866131.B64.2507211911;OEMModelNumber:VMware20,1;OEMModelBaseBoard:440BX Desktop Reference Platform;OEMModelSystemFamily:;OEMManufacturerName:VMware, Inc.;OEMModelSKU:;OSArchitecture:amd64;",,,,,,1801,,,,,,,,,,,,,,,,,,3cbe19ad83f4f74828ea0bb0c21cc9af488df5d347c6969fee5ef76501b36415,,,,,,,,,,,,,,,,,,,,,,,,,,,,,,,,,,,,,
,,,,,,,,,,,,,,,,,,,,,,,,,,,,,,,,,,,,,,,,,,,,,,,,,,,-2147020471,,,,,,,,,,2026-04-01 17:22:44.008730+00:00,,,,,,,,,,,,,,,,,,,,,,,,,,,,,,,,,,,,,,,,,,,,,525,,,,,,,,,,,,,,,,,,,,,,,,,,,,,,,,,,,,,,,,,,,,,,,,,,,,,1796,,,,,,,,,,,,,,,,,,,DBX,,,,,,,,,,,,,,,,,,,,,,,,,,,,,,,,,,,,
,,,,,,,,,,,,,,,,,,,,,,,,,,,,,,,,,,,,,,,,,,,,,,,,,,,-2147020471,,,,,,,,,,2026-04-01 17:22:44.008778+00:00,,,,,,,,,,,,,,,,,,,,,,,,,,,,,,,,,,,,,,,,,,,,,526,,,,,,,,,,,,,,,,,,,,,,,,,,,,,,,,,,,,,,,,,,,,,,,,,,,,,1796,,,,,,,,,,,,,,,,,,,SBAT,,,,,,,,,,,,,,,,,,,,,,,,,,,,,,,,,,,,
,,,,,,,,,,,,,,,,,,\??\C:\ProgramData\Microsoft\Windows\AppRepository\Packages\Microsoft.OutlookForWindows_1.2026.317.100_x64__8wekyb3d8bbwe\ActivationStore.dat,,,,,,,,,,,,,,,,,,,,,0,,,,,,,,,,,,,,,,,,,,,,2026-04-01 17:23:10.323868+00:00,,,,,,,,,,,,,,,,,,,,,,,,,,,,,,,,,,,,,,,,,,,,,527,,,,,,,,,,,,,,,,,,,,,,,,,,,,,,,,,,,,,,,,,,,,,,,,,,,,,16,,,,,,,,,,,,,,,,,,,,,,,,,,,,,,,,,141,,,,,,,,,,,,,,,,,,,,0,,
,,,,,,,,,,,,,,,,,,\??\C:\Users\pizza\AppData\Local\Packages\Microsoft.OutlookForWindows_8wekyb3d8bbwe\Settings\settings.dat,,,,,,,,,,,,,,,,,,,,,3,,,,,,,,,,,,,,,,,,,,,,2026-04-01 17:23:40.716877+00:00,,,,,,,,,,,,,,,,,,,,,,,,,,,,,,,,,,,,,,,,,,,,,528,,,,,,,,,,,,,,,,,,,,,,,,,,,,,,,,,,,,,,,,,,,,,,,,,,,,,16,,,,,,,,,,,,,,,,,,,,,,,,,,,,,,,,,105,,,,,,,,,,,,,,,,,,,,1,,
,,,,,,,,,,9NBLGGH3FRZM-Microsoft.VCLibs.140.00,,,,,,,,,,1,,,,,,,,,,,,,,,,,,,,,,,,,,,,,,,,,,,,,,{7c4b0956-b3f1-40ac-a633-668abc5d6af2},,,2026-04-01 17:23:55.119383+00:00,,,,,,,,,,,,,,,,,,,,,,,,,,,,,,,,,,,,,,,,,,,,,529,,,,,,,,,,,,,,,,,,,,,,,,,,,,,,,,,,,,,,,,,,,,,,,,,,,,,44,,,,,,,,,,,,,,,,,,,,,,,,,,,,,,,,,,,,,,,,,,,,,,,,,,,,,,,
,,,,,,,,,,9MSSGKG348SP-MicrosoftWindows.Client.WebExperience,,,,,,,,,,1,,,,,,,,,,,,,,,,,,,,,,,,,,,,,,,,,,,,,,{01a475a9-32b1-432c-82e7-b4ca942ea17d},,,2026-04-01 17:23:55.119383+00:00,,,,,,,,,,,,,,,,,,,,,,,,,,,,,,,,,,,,,,,,,,,,,530,,,,,,,,,,,,,,,,,,,,,,,,,,,,,,,,,,,,,,,,,,,,,,,,,,,,,44,,,,,,,,,,,,,,,,,,,,,,,,,,,,,,,,,,,,,,,,,,,,,,,,,,,,,,,
,,,,,,,,,,9NBLGGH4RV3K-Microsoft.VCLibs.140.00.UWPDesktop,,,,,,,,,,1,,,,,,,,,,,,,,,,,,,,,,,,,,,,,,,,,,,,,,{fcdd3b59-f41c-4595-b36b-245bacb749e8},,,2026-04-01 17:23:55.119385+00:00,,,,,,,,,,,,,,,,,,,,,,,,,,,,,,,,,,,,,,,,,,,,,531,,,,,,,,,,,,,,,,,,,,,,,,,,,,,,,,,,,,,,,,,,,,,,,,,,,,,44,,,,,,,,,,,,,,,,,,,,,,,,,,,,,,,,,,,,,,,,,,,,,,,,,,,,,,,
,,,,,,,,,,9MSSGKG348SP-MicrosoftWindows.Client.WebExperience,,,,,,,,,,1,,,,,,,,,,,,,,,,,,,,,,,,,,,,,,,,,,,,,,{01a475a9-32b1-432c-82e7-b4ca942ea17d},,,2026-04-01 17:23:55.119385+00:00,,,,,,,,,,,,,,,,,,,,,,,,,,,,,,,,,,,,,,,,,,,,,532,,,,,,,,,,,,,,,,,,,,,,,,,,,,,,,,,,,,,,,,,,,,,,,,,,,,,44,,,,,,,,,,,,,,,,,,,,,,,,,,,,,,,,,,,,,,,,,,,,,,,,,,,,,,,
,,,,,,,,,,9MSSGKG348SP-MicrosoftWindows.Client.WebExperience,,,,,,,,,,1,,,,,,,,,,,,,,,,,,,,,,,,,,,,,,,,,,,,,,{01a475a9-32b1-432c-82e7-b4ca942ea17d},,,2026-04-01 17:25:24.597933+00:00,,,,,,,,,,,,,,,,,,,,,,,,,,,,,,,,,,,,,,,,,,,,,533,,,,,,,,,,,,,,,,,,,,,,,,,,,,,,,,,,,,,,,,,,,,,,,,,,,,,44,,,,,,,,,,,,,,,,,,,,,,,,,,,,,,,,,,,,,,,,,,,,,,,,,,,,,,,
,,,,,,,,,,9P2VP41KK7LF-Microsoft.WindowsAppRuntime.1.6,,,,,,,,,,1,,,,,,,,,,,,,,,,,,,,,,,,,,,,,,,,,,,,,,{ad8b81e0-a360-4504-85c1-51615bc3c4f0},,,2026-04-01 17:25:24.597933+00:00,,,,,,,,,,,,,,,,,,,,,,,,,,,,,,,,,,,,,,,,,,,,,534,,,,,,,,,,,,,,,,,,,,,,,,,,,,,,,,,,,,,,,,,,,,,,,,,,,,,44,,,,,,,,,,,,,,,,,,,,,,,,,,,,,,,,,,,,,,,,,,,,,,,,,,,,,,,
,,,,,,,,,,9MSSGKG348SP-MicrosoftWindows.Client.WebExperience,,,,,,,,,,1,,,,,,,,,,,,,,,,,,,,,,,,,,,,,,,,,,,,,,{01a475a9-32b1-432c-82e7-b4ca942ea17d},,,2026-04-01 17:25:24.597935+00:00,,,,,,,,,,,,,,,,,,,,,,,,,,,,,,,,,,,,,,,,,,,,,535,,,,,,,,,,,,,,,,,,,,,,,,,,,,,,,,,,,,,,,,,,,,,,,,,,,,,44,,,,,,,,,,,,,,,,,,,,,,,,,,,,,,,,,,,,,,,,,,,,,,,,,,,,,,,
,,,,,,,,,,9PCFS5B6T72H-Microsoft.Paint,,,,,,,,,,1,,,,,,,,,,,,,,,,,,,,,,,,,,,,,,,,,,,,,,{c04da703-424e-41f7-b582-a42e54545a72},,,2026-04-01 17:25:24.597935+00:00,,,,,,,,,,,,,,,,,,,,,,,,,,,,,,,,,,,,,,,,,,,,,536,,,,,,,,,,,,,,,,,,,,,,,,,,,,,,,,,,,,,,,,,,,,,,,,,,,,,44,,,,,,,,,,,,,,,,,,,,,,,,,,,,,,,,,,,,,,,,,,,,,,,,,,,,,,,
,,,,,,,,,,9N7V66BG7XT8-Microsoft.WindowsAppRuntime.1.7,,,,,,,,,,1,,,,,,,,,,,,,,,,,,,,,,,,,,,,,,,,,,,,,,{b877c20f-fe45-45bc-b939-b704119ac501},,,2026-04-01 17:25:24.598104+00:00,,,,,,,,,,,,,,,,,,,,,,,,,,,,,,,,,,,,,,,,,,,,,537,,,,,,,,,,,,,,,,,,,,,,,,,,,,,,,,,,,,,,,,,,,,,,,,,,,,,44,,,,,,,,,,,,,,,,,,,,,,,,,,,,,,,,,,,,,,,,,,,,,,,,,,,,,,,
,,,,,,,,,,9MSMLRH6LZF3-Microsoft.WindowsNotepad,,,,,,,,,,1,,,,,,,,,,,,,,,,,,,,,,,,,,,,,,,,,,,,,,{c3823d30-b8c3-4de4-93d9-3c73c51fb44e},,,2026-04-01 17:25:24.598104+00:00,,,,,,,,,,,,,,,,,,,,,,,,,,,,,,,,,,,,,,,,,,,,,538,,,,,,,,,,,,,,,,,,,,,,,,,,,,,,,,,,,,,,,,,,,,,,,,,,,,,44,,,,,,,,,,,,,,,,,,,,,,,,,,,,,,,,,,,,,,,,,,,,,,,,,,,,,,,
,,,,,,,,,,9MSMLRH6LZF3-Microsoft.WindowsNotepad,,,,,,,,,,1,,,,,,,,,,,,,,,,,,,,,,,,,,,,,,,,,,,,,,{c3823d30-b8c3-4de4-93d9-3c73c51fb44e},,,2026-04-01 17:25:24.598104+00:00,,,,,,,,,,,,,,,,,,,,,,,,,,,,,,,,,,,,,,,,,,,,,539,,,,,,,,,,,,,,,,,,,,,,,,,,,,,,,,,,,,,,,,,,,,,,,,,,,,,44,,,,,,,,,,,,,,,,,,,,,,,,,,,,,,,,,,,,,,,,,,,,,,,,,,,,,,,
,,,,,,,,,,9PCFS5B6T72H-Microsoft.Paint,,,,,,,,,,1,,,,,,,,,,,,,,,,,,,,,,,,,,,,,,,,,,,,,,{c04da703-424e-41f7-b582-a42e54545a72},,,2026-04-01 17:25:28.592781+00:00,,,,,,,,,,,,,,,,,,,,,,,,,,,,,,,,,,,,,,,,,,,,,540,,,,,,,,,,,,,,,,,,,,,,,,,,,,,,,,,,,,,,,,,,,,,,,,,,,,,44,,,,,,,,,,,,,,,,,,,,,,,,,,,,,,,,,,,,,,,,,,,,,,,,,,,,,,,
,,,,,,,,,,9MSMLRH6LZF3-Microsoft.WindowsNotepad,,,,,,,,,,1,,,,,,,,,,,,,,,,,,,,,,,,,,,,,,,,,,,,,,{c3823d30-b8c3-4de4-93d9-3c73c51fb44e},,,2026-04-01 17:25:28.592781+00:00,,,,,,,,,,,,,,,,,,,,,,,,,,,,,,,,,,,,,,,,,,,,,541,,,,,,,,,,,,,,,,,,,,,,,,,,,,,,,,,,,,,,,,,,,,,,,,,,,,,44,,,,,,,,,,,,,,,,,,,,,,,,,,,,,,,,,,,,,,,,,,,,,,,,,,,,,,,
,,,,,,,,,,9NBLGGH3FRZM-Microsoft.VCLibs.140.00,,,,,,,,,,1,,,,,,,,,,,,,,,,,,,,,,,,,,,,,,,,,,,,,,{7c4b0956-b3f1-40ac-a633-668abc5d6af2},,,2026-04-01 17:25:28.592781+00:00,,,,,,,,,,,,,,,,,,,,,,,,,,,,,,,,,,,,,,,,,,,,,542,,,,,,,,,,,,,,,,,,,,,,,,,,,,,,,,,,,,,,,,,,,,,,,,,,,,,44,,,,,,,,,,,,,,,,,,,,,,,,,,,,,,,,,,,,,,,,,,,,,,,,,,,,,,,
,,,,,,,,,,9MSSGKG348SP-MicrosoftWindows.Client.WebExperience,,,,,,,,,,1,,,,,,,,,,,,,,,,,,,,,,,,,,,,,,,,,,,,,,{01a475a9-32b1-432c-82e7-b4ca942ea17d},,,2026-04-01 17:25:28.592781+00:00,,,,,,,,,,,,,,,,,,,,,,,,,,,,,,,,,,,,,,,,,,,,,543,,,,,,,,,,,,,,,,,,,,,,,,,,,,,,,,,,,,,,,,,,,,,,,,,,,,,44,,,,,,,,,,,,,,,,,,,,,,,,,,,,,,,,,,,,,,,,,,,,,,,,,,,,,,,
,,,,,,,,,,9PCFS5B6T72H-Microsoft.Paint,,,,,,,,,,1,,,,,,,,,,,,,,,,,,,,,,,,,,,,,,,,,,,,,,{c04da703-424e-41f7-b582-a42e54545a72},,,2026-04-01 17:25:35.932596+00:00,,,,,,,,,,,,,,,,,,,,,,,,,,,,,,,,,,,,,,,,,,,,,544,,,,,,,,,,,,,,,,,,,,,,,,,,,,,,,,,,,,,,,,,,,,,,,,,,,,,44,,,,,,,,,,,,,,,,,,,,,,,,,,,,,,,,,,,,,,,,,,,,,,,,,,,,,,,
,,,,,,,,,,9MSMLRH6LZF3-Microsoft.WindowsNotepad,,,,,,,,,,1,,,,,,,,,,,,,,,,,,,,,,,,,,,,,,,,,,,,,,{c3823d30-b8c3-4de4-93d9-3c73c51fb44e},,,2026-04-01 17:25:35.932598+00:00,,,,,,,,,,,,,,,,,,,,,,,,,,,,,,,,,,,,,,,,,,,,,545,,,,,,,,,,,,,,,,,,,,,,,,,,,,,,,,,,,,,,,,,,,,,,,,,,,,,44,,,,,,,,,,,,,,,,,,,,,,,,,,,,,,,,,,,,,,,,,,,,,,,,,,,,,,,
,,,,,,,,,,9NBLGGH4RV3K-Microsoft.VCLibs.140.00.UWPDesktop,,,,,,,,,,1,,,,,,,,,,,,,,,,,,,,,,,,,,,,,,,,,,,,,,{fcdd3b59-f41c-4595-b36b-245bacb749e8},,,2026-04-01 17:25:35.932598+00:00,,,,,,,,,,,,,,,,,,,,,,,,,,,,,,,,,,,,,,,,,,,,,546,,,,,,,,,,,,,,,,,,,,,,,,,,,,,,,,,,,,,,,,,,,,,,,,,,,,,44,,,,,,,,,,,,,,,,,,,,,,,,,,,,,,,,,,,,,,,,,,,,,,,,,,,,,,,
,,,,,,,,,,9MSSGKG348SP-MicrosoftWindows.Client.WebExperience,,,,,,,,,,1,,,,,,,,,,,,,,,,,,,,,,,,,,,,,,,,,,,,,,{01a475a9-32b1-432c-82e7-b4ca942ea17d},,,2026-04-01 17:25:35.932598+00:00,,,,,,,,,,,,,,,,,,,,,,,,,,,,,,,,,,,,,,,,,,,,,547,,,,,,,,,,,,,,,,,,,,,,,,,,,,,,,,,,,,,,,,,,,,,,,,,,,,,44,,,,,,,,,,,,,,,,,,,,,,,,,,,,,,,,,,,,,,,,,,,,,,,,,,,,,,,
,,,,,,,,,,,,,,,,,,\??\C:\ProgramData\Microsoft\Windows\AppRepository\Packages\Microsoft.WindowsNotepad_11.2512.26.0_x64__8wekyb3d8bbwe\ActivationStore.dat,,,,,,,,,,,,,,,,,,,,,0,,,,,,,,,,,,,,,,,,,,,,2026-04-01 17:25:46.648872+00:00,,,,,,,,,,,,,,,,,,,,,,,,,,,,,,,,,,,,,,,,,,,,,548,,,,,,,,,,,,,,,,,,,,,,,,,,,,,,,,,,,,,,,,,,,,,,,,,,,,,16,,,,,,,,,,,,,,,,,,,,,,,,,,,,,,,,,136,,,,,,,,,,,,,,,,,,,,0,,
,,,,,,,,,,9PCFS5B6T72H-Microsoft.Paint,,,,,,,,,,1,,,,,,,,,,,,,,,,,,,,,,,,,,,,,,,,,,,,,,{c04da703-424e-41f7-b582-a42e54545a72},,,2026-04-01 17:25:52.573051+00:00,,,,,,,,,,,,,,,,,,,,,,,,,,,,,,,,,,,,,,,,,,,,,549,,,,,,,,,,,,,,,,,,,,,,,,,,,,,,,,,,,,,,,,,,,,,,,,,,,,,44,,,,,,,,,,,,,,,,,,,,,,,,,,,,,,,,,,,,,,,,,,,,,,,,,,,,,,,
,,,,,,,,,,9NBLGGH3FRZM-Microsoft.VCLibs.140.00,,,,,,,,,,1,,,,,,,,,,,,,,,,,,,,,,,,,,,,,,,,,,,,,,{7c4b0956-b3f1-40ac-a633-668abc5d6af2},,,2026-04-01 17:25:52.573051+00:00,,,,,,,,,,,,,,,,,,,,,,,,,,,,,,,,,,,,,,,,,,,,,550,,,,,,,,,,,,,,,,,,,,,,,,,,,,,,,,,,,,,,,,,,,,,,,,,,,,,44,,,,,,,,,,,,,,,,,,,,,,,,,,,,,,,,,,,,,,,,,,,,,,,,,,,,,,,
,,,,,,,,,,9MSSGKG348SP-MicrosoftWindows.Client.WebExperience,,,,,,,,,,1,,,,,,,,,,,,,,,,,,,,,,,,,,,,,,,,,,,,,,{01a475a9-32b1-432c-82e7-b4ca942ea17d},,,2026-04-01 17:25:52.573051+00:00,,,,,,,,,,,,,,,,,,,,,,,,,,,,,,,,,,,,,,,,,,,,,551,,,,,,,,,,,,,,,,,,,,,,,,,,,,,,,,,,,,,,,,,,,,,,,,,,,,,44,,,,,,,,,,,,,,,,,,,,,,,,,,,,,,,,,,,,,,,,,,,,,,,,,,,,,,,
,,,,,,,,,,,,,,,,,,\??\C:\ProgramData\Microsoft\Windows\AppRepository\Packages\MicrosoftWindows.Client.WebExperience_526.1202.40.0_x64__cw5n1h2txyewy\ActivationStore.dat,,,,,,,,,,,,,,,,,,,,,0,,,,,,,,,,,,,,,,,,,,,,2026-04-01 17:25:53.682283+00:00,,,,,,,,,,,,,,,,,,,,,,,,,,,,,,,,,,,,,,,,,,,,,552,,,,,,,,,,,,,,,,,,,,,,,,,,,,,,,,,,,,,,,,,,,,,,,,,,,,,16,,,,,,,,,,,,,,,,,,,,,,,,,,,,,,,,,150,,,,,,,,,,,,,,,,,,,,0,,
,,,,,,,,,,9PCFS5B6T72H-Microsoft.Paint,,,,,,,,,,1,,,,,,,,,,,,,,,,,,,,,,,,,,,,,,,,,,,,,,{c04da703-424e-41f7-b582-a42e54545a72},,,2026-04-01 17:25:54.627562+00:00,,,,,,,,,,,,,,,,,,,,,,,,,,,,,,,,,,,,,,,,,,,,,553,,,,,,,,,,,,,,,,,,,,,,,,,,,,,,,,,,,,,,,,,,,,,,,,,,,,,44,,,,,,,,,,,,,,,,,,,,,,,,,,,,,,,,,,,,,,,,,,,,,,,,,,,,,,,
,,,,,,,,,,9NBLGGH4RV3K-Microsoft.VCLibs.140.00.UWPDesktop,,,,,,,,,,1,,,,,,,,,,,,,,,,,,,,,,,,,,,,,,,,,,,,,,{fcdd3b59-f41c-4595-b36b-245bacb749e8},,,2026-04-01 17:25:54.627563+00:00,,,,,,,,,,,,,,,,,,,,,,,,,,,,,,,,,,,,,,,,,,,,,554,,,,,,,,,,,,,,,,,,,,,,,,,,,,,,,,,,,,,,,,,,,,,,,,,,,,,44,,,,,,,,,,,,,,,,,,,,,,,,,,,,,,,,,,,,,,,,,,,,,,,,,,,,,,,
,,,,,,,,,,9MSSGKG348SP-MicrosoftWindows.Client.WebExperience,,,,,,,,,,1,,,,,,,,,,,,,,,,,,,,,,,,,,,,,,,,,,,,,,{01a475a9-32b1-432c-82e7-b4ca942ea17d},,,2026-04-01 17:25:54.627563+00:00,,,,,,,,,,,,,,,,,,,,,,,,,,,,,,,,,,,,,,,,,,,,,555,,,,,,,,,,,,,,,,,,,,,,,,,,,,,,,,,,,,,,,,,,,,,,,,,,,,,44,,,,,,,,,,,,,,,,,,,,,,,,,,,,,,,,,,,,,,,,,,,,,,,,,,,,,,,
,,,,,,,,,,,,,,,,,,\??\C:\ProgramData\Microsoft\Windows\AppRepository\Packages\Microsoft.Paint_11.2601.401.0_x64__8wekyb3d8bbwe\ActivationStore.dat,,,,,,,,,,,,,,,,,,,,,0,,,,,,,,,,,,,,,,,,,,,,2026-04-01 17:26:21.764887+00:00,,,,,,,,,,,,,,,,,,,,,,,,,,,,,,,,,,,,,,,,,,,,,556,,,,,,,,,,,,,,,,,,,,,,,,,,,,,,,,,,,,,,,,,,,,,,,,,,,,,16,,,,,,,,,,,,,,,,,,,,,,,,,,,,,,,,,128,,,,,,,,,,,,,,,,,,,,0,,
,,,,,,,,,,9NBLGGH3FRZM-Microsoft.VCLibs.140.00,,,,,,,,,,1,,,,,,,,,,,,,,,,,,,,,,,,,,,,,,,,,,,,,,{7c4b0956-b3f1-40ac-a633-668abc5d6af2},,,2026-04-01 17:26:25.350702+00:00,,,,,,,,,,,,,,,,,,,,,,,,,,,,,,,,,,,,,,,,,,,,,557,,,,,,,,,,,,,,,,,,,,,,,,,,,,,,,,,,,,,,,,,,,,,,,,,,,,,43,,,,,,,,,,,,,,,,,,,,,,,,,,,,,,,,,,,,,,,,,,,,,,,,,,,,,,,
,,,,,,,,,,,,,,,,,,\??\C:\ProgramData\Microsoft\Windows\AppRepository\Packages\Microsoft.WindowsAppRuntime.1.6_6000.519.329.0_x64__8wekyb3d8bbwe\ActivationStore.dat,,,,,,,,,,,,,,,,,,,,,0,,,,,,,,,,,,,,,,,,,,,,2026-04-01 17:26:26.039972+00:00,,,,,,,,,,,,,,,,,,,,,,,,,,,,,,,,,,,,,,,,,,,,,558,,,,,,,,,,,,,,,,,,,,,,,,,,,,,,,,,,,,,,,,,,,,,,,,,,,,,16,,,,,,,,,,,,,,,,,,,,,,,,,,,,,,,,,145,,,,,,,,,,,,,,,,,,,,0,,
,,,,,,,,,,,,,,,,,,\??\C:\ProgramData\Microsoft\Windows\AppRepository\Packages\Microsoft.WindowsAppRuntime.1.6_6000.519.329.0_x86__8wekyb3d8bbwe\ActivationStore.dat,,,,,,,,,,,,,,,,,,,,,0,,,,,,,,,,,,,,,,,,,,,,2026-04-01 17:26:29.739365+00:00,,,,,,,,,,,,,,,,,,,,,,,,,,,,,,,,,,,,,,,,,,,,,559,,,,,,,,,,,,,,,,,,,,,,,,,,,,,,,,,,,,,,,,,,,,,,,,,,,,,16,,,,,,,,,,,,,,,,,,,,,,,,,,,,,,,,,145,,,,,,,,,,,,,,,,,,,,0,,
,,,,,,,,,,9NBLGGH3FRZM-Microsoft.VCLibs.140.00,,,,,,,,,,1,,,,,,,,,,{855e8a7c-ecb4-4ca3-b045-1dfa50104289},,,,,,,,,,,,,,,,,,,,,,,,,,,,{7c4b0956-b3f1-40ac-a633-668abc5d6af2},,,2026-04-01 17:26:33.581482+00:00,,,,,,,,,,,,,,,,,,,,,,,,,,,,,,,,,,,,,,,,,,,,,560,,,,,,,,,,0x80240016,,,,,,,,,,,,,,,,,,,,,,,,,,,,,,,,,,,,,,,,,,,20,,,,,,,,,,,,,,,,,,,,,,,,,,,,,,,,,,,,,,,,,,,,,,,,,,,,,,,
,,,,,,,,,,9NBLGGH4RV3K-Microsoft.VCLibs.140.00.UWPDesktop,,,,,,,,,,1,,,,,,,,,,,,,,,,,,,,,,,,,,,,,,,,,,,,,,{fcdd3b59-f41c-4595-b36b-245bacb749e8},,,2026-04-01 17:26:33.601290+00:00,,,,,,,,,,,,,,,,,,,,,,,,,,,,,,,,,,,,,,,,,,,,,561,,,,,,,,,,,,,,,,,,,,,,,,,,,,,,,,,,,,,,,,,,,,,,,,,,,,,43,,,,,,,,,,,,,,,,,,,,,,,,,,,,,,,,,,,,,,,,,,,,,,,,,,,,,,,
,,,,,,,,,,,,,,,,,,\??\C:\ProgramData\Microsoft\Windows\AppRepository\Packages\Microsoft.WindowsAppRuntime.1.7_7000.785.2325.0_x64__8wekyb3d8bbwe\ActivationStore.dat,,,,,,,,,,,,,,,,,,,,,0,,,,,,,,,,,,,,,,,,,,,,2026-04-01 17:26:33.873764+00:00,,,,,,,,,,,,,,,,,,,,,,,,,,,,,,,,,,,,,,,,,,,,,562,,,,,,,,,,,,,,,,,,,,,,,,,,,,,,,,,,,,,,,,,,,,,,,,,,,,,16,,,,,,,,,,,,,,,,,,,,,,,,,,,,,,,,,146,,,,,,,,,,,,,,,,,,,,0,,
,,,,,,,,,,,,,,,,,,\??\C:\ProgramData\Microsoft\Windows\AppRepository\Packages\Microsoft.WindowsAppRuntime.1.7_7000.785.2325.0_x86__8wekyb3d8bbwe\ActivationStore.dat,,,,,,,,,,,,,,,,,,,,,0,,,,,,,,,,,,,,,,,,,,,,2026-04-01 17:26:36.839029+00:00,,,,,,,,,,,,,,,,,,,,,,,,,,,,,,,,,,,,,,,,,,,,,563,,,,,,,,,,,,,,,,,,,,,,,,,,,,,,,,,,,,,,,,,,,,,,,,,,,,,16,,,,,,,,,,,,,,,,,,,,,,,,,,,,,,,,,146,,,,,,,,,,,,,,,,,,,,0,,
,,,,,,,,,,9NBLGGH3FRZM-Microsoft.VCLibs.140.00,,,,,,,,,,1,,,,,,,,,,{855e8a7c-ecb4-4ca3-b045-1dfa50104289},,,,,,,,,,,,,,,,,,,,,,,,,,,,{7c4b0956-b3f1-40ac-a633-668abc5d6af2},,,2026-04-01 17:26:37.308903+00:00,,,,,,,,,,,,,,,,,,,,,,,,,,,,,,,,,,,,,,,,,,,,,564,,,,,,,,,,,,,,,,,,,,,,,,,,,,,,,,,,,,,,,,,,,,,,,,,,,,,19,,,,,,,,,,,,,,,,,,,,,,,,,,,,,,,,,,,,,,,,,,,,,,,,,,,,,,,
,,,,,,,,,,9NBLGGH4RV3K-Microsoft.VCLibs.140.00.UWPDesktop,,,,,,,,,,1,,,,,,,,,,{855e8a7c-ecb4-4ca3-b045-1dfa50104289},,,,,,,,,,,,,,,,,,,,,,,,,,,,{fcdd3b59-f41c-4595-b36b-245bacb749e8},,,2026-04-01 17:26:37.336992+00:00,,,,,,,,,,,,,,,,,,,,,,,,,,,,,,,,,,,,,,,,,,,,,565,,,,,,,,,,0x80240016,,,,,,,,,,,,,,,,,,,,,,,,,,,,,,,,,,,,,,,,,,,20,,,,,,,,,,,,,,,,,,,,,,,,,,,,,,,,,,,,,,,,,,,,,,,,,,,,,,,
,,,,,,,,,,9PCFS5B6T72H-Microsoft.Paint,,,,,,,,,,1,,,,,,,,,,,,,,,,,,,,,,,,,,,,,,,,,,,,,,{c04da703-424e-41f7-b582-a42e54545a72},,,2026-04-01 17:26:37.394026+00:00,,,,,,,,,,,,,,,,,,,,,,,,,,,,,,,,,,,,,,,,,,,,,566,,,,,,,,,,,,,,,,,,,,,,,,,,,,,,,,,,,,,,,,,,,,,,,,,,,,,43,,,,,,,,,,,,,,,,,,,,,,,,,,,,,,,,,,,,,,,,,,,,,,,,,,,,,,,
,,,,,,,,,,9NBLGGH4RV3K-Microsoft.VCLibs.140.00.UWPDesktop,,,,,,,,,,1,,,,,,,,,,{855e8a7c-ecb4-4ca3-b045-1dfa50104289},,,,,,,,,,,,,,,,,,,,,,,,,,,,{fcdd3b59-f41c-4595-b36b-245bacb749e8},,,2026-04-01 17:26:37.594440+00:00,,,,,,,,,,,,,,,,,,,,,,,,,,,,,,,,,,,,,,,,,,,,,567,,,,,,,,,,,,,,,,,,,,,,,,,,,,,,,,,,,,,,,,,,,,,,,,,,,,,19,,,,,,,,,,,,,,,,,,,,,,,,,,,,,,,,,,,,,,,,,,,,,,,,,,,,,,,
,,,,,,,,,,9P2VP41KK7LF-Microsoft.WindowsAppRuntime.1.6,,,,,,,,,,1,,,,,,,,,,,,,,,,,,,,,,,,,,,,,,,,,,,,,,{ad8b81e0-a360-4504-85c1-51615bc3c4f0},,,2026-04-01 17:26:37.761837+00:00,,,,,,,,,,,,,,,,,,,,,,,,,,,,,,,,,,,,,,,,,,,,,568,,,,,,,,,,,,,,,,,,,,,,,,,,,,,,,,,,,,,,,,,,,,,,,,,,,,,43,,,,,,,,,,,,,,,,,,,,,,,,,,,,,,,,,,,,,,,,,,,,,,,,,,,,,,,
,,,,,,,,,,,,,,,,,,\??\C:\Users\pizza\AppData\Local\Packages\Microsoft.Paint_8wekyb3d8bbwe\Settings\settings.dat,,,,,,,,,,,,,,,,,,,,,3,,,,,,,,,,,,,,,,,,,,,,2026-04-01 17:26:37.861750+00:00,,,,,,,,,,,,,,,,,,,,,,,,,,,,,,,,,,,,,,,,,,,,,569,,,,,,,,,,,,,,,,,,,,,,,,,,,,,,,,,,,,,,,,,,,,,,,,,,,,,16,,,,,,,,,,,,,,,,,,,,,,,,,,,,,,,,,93,,,,,,,,,,,,,,,,,,,,1,,
,,,,,,,,,,9PCFS5B6T72H-Microsoft.Paint,,,,,,,,,,1,,,,,,,,,,{855e8a7c-ecb4-4ca3-b045-1dfa50104289},,,,,,,,,,,,,,,,,,,,,,,,,,,,{c04da703-424e-41f7-b582-a42e54545a72},,,2026-04-01 17:26:39.094185+00:00,,,,,,,,,,,,,,,,,,,,,,,,,,,,,,,,,,,,,,,,,,,,,570,,,,,,,,,,,,,,,,,,,,,,,,,,,,,,,,,,,,,,,,,,,,,,,,,,,,,19,,,,,,,,,,,,,,,,,,,,,,,,,,,,,,,,,,,,,,,,,,,,,,,,,,,,,,,
,,,,,,,,,,9P2VP41KK7LF-Microsoft.WindowsAppRuntime.1.6,,,,,,,,,,1,,,,,,,,,,{855e8a7c-ecb4-4ca3-b045-1dfa50104289},,,,,,,,,,,,,,,,,,,,,,,,,,,,{ad8b81e0-a360-4504-85c1-51615bc3c4f0},,,2026-04-01 17:26:39.633551+00:00,,,,,,,,,,,,,,,,,,,,,,,,,,,,,,,,,,,,,,,,,,,,,571,,,,,,,,,,,,,,,,,,,,,,,,,,,,,,,,,,,,,,,,,,,,,,,,,,,,,19,,,,,,,,,,,,,,,,,,,,,,,,,,,,,,,,,,,,,,,,,,,,,,,,,,,,,,,
,,,,,,,,,,9MSSGKG348SP-MicrosoftWindows.Client.WebExperience,,,,,,,,,,1,,,,,,,,,,,,,,,,,,,,,,,,,,,,,,,,,,,,,,{01a475a9-32b1-432c-82e7-b4ca942ea17d},,,2026-04-01 17:26:39.660748+00:00,,,,,,,,,,,,,,,,,,,,,,,,,,,,,,,,,,,,,,,,,,,,,572,,,,,,,,,,,,,,,,,,,,,,,,,,,,,,,,,,,,,,,,,,,,,,,,,,,,,43,,,,,,,,,,,,,,,,,,,,,,,,,,,,,,,,,,,,,,,,,,,,,,,,,,,,,,,
,,,,,,,,,,9MSSGKG348SP-MicrosoftWindows.Client.WebExperience,,,,,,,,,,1,,,,,,,,,,{855e8a7c-ecb4-4ca3-b045-1dfa50104289},,,,,,,,,,,,,,,,,,,,,,,,,,,,{01a475a9-32b1-432c-82e7-b4ca942ea17d},,,2026-04-01 17:26:39.931782+00:00,,,,,,,,,,,,,,,,,,,,,,,,,,,,,,,,,,,,,,,,,,,,,573,,,,,,,,,,0x80073d02,,,,,,,,,,,,,,,,,,,,,,,,,,,,,,,,,,,,,,,,,,,20,,,,,,,,,,,,,,,,,,,,,,,,,,,,,,,,,,,,,,,,,,,,,,,,,,,,,,,
,,,,,,,,,,9N7V66BG7XT8-Microsoft.WindowsAppRuntime.1.7,,,,,,,,,,1,,,,,,,,,,,,,,,,,,,,,,,,,,,,,,,,,,,,,,{b877c20f-fe45-45bc-b939-b704119ac501},,,2026-04-01 17:26:40.261639+00:00,,,,,,,,,,,,,,,,,,,,,,,,,,,,,,,,,,,,,,,,,,,,,574,,,,,,,,,,,,,,,,,,,,,,,,,,,,,,,,,,,,,,,,,,,,,,,,,,,,,43,,,,,,,,,,,,,,,,,,,,,,,,,,,,,,,,,,,,,,,,,,,,,,,,,,,,,,,
,,,,,,,,,,9N7V66BG7XT8-Microsoft.WindowsAppRuntime.1.7,,,,,,,,,,1,,,,,,,,,,{855e8a7c-ecb4-4ca3-b045-1dfa50104289},,,,,,,,,,,,,,,,,,,,,,,,,,,,{b877c20f-fe45-45bc-b939-b704119ac501},,,2026-04-01 17:26:40.714006+00:00,,,,,,,,,,,,,,,,,,,,,,,,,,,,,,,,,,,,,,,,,,,,,575,,,,,,,,,,,,,,,,,,,,,,,,,,,,,,,,,,,,,,,,,,,,,,,,,,,,,19,,,,,,,,,,,,,,,,,,,,,,,,,,,,,,,,,,,,,,,,,,,,,,,,,,,,,,,
,,,,,,,,,,9MSMLRH6LZF3-Microsoft.WindowsNotepad,,,,,,,,,,1,,,,,,,,,,,,,,,,,,,,,,,,,,,,,,,,,,,,,,{c3823d30-b8c3-4de4-93d9-3c73c51fb44e},,,2026-04-01 17:26:40.727861+00:00,,,,,,,,,,,,,,,,,,,,,,,,,,,,,,,,,,,,,,,,,,,,,576,,,,,,,,,,,,,,,,,,,,,,,,,,,,,,,,,,,,,,,,,,,,,,,,,,,,,43,,,,,,,,,,,,,,,,,,,,,,,,,,,,,,,,,,,,,,,,,,,,,,,,,,,,,,,
,,,,,,,,,,,,,,,,,,\??\C:\Users\pizza\AppData\Local\Packages\Microsoft.WindowsNotepad_8wekyb3d8bbwe\Settings\settings.dat,,,,,,,,,,,,,,,,,,,,,3,,,,,,,,,,,,,,,,,,,,,,2026-04-01 17:26:41.254923+00:00,,,,,,,,,,,,,,,,,,,,,,,,,,,,,,,,,,,,,,,,,,,,,577,,,,,,,,,,,,,,,,,,,,,,,,,,,,,,,,,,,,,,,,,,,,,,,,,,,,,16,,,,,,,,,,,,,,,,,,,,,,,,,,,,,,,,,102,,,,,,,,,,,,,,,,,,,,1,,
,,,,,,,,,,9MSMLRH6LZF3-Microsoft.WindowsNotepad,,,,,,,,,,1,,,,,,,,,,{855e8a7c-ecb4-4ca3-b045-1dfa50104289},,,,,,,,,,,,,,,,,,,,,,,,,,,,{c3823d30-b8c3-4de4-93d9-3c73c51fb44e},,,2026-04-01 17:26:42.672884+00:00,,,,,,,,,,,,,,,,,,,,,,,,,,,,,,,,,,,,,,,,,,,,,578,,,,,,,,,,,,,,,,,,,,,,,,,,,,,,,,,,,,,,,,,,,,,,,,,,,,,19,,,,,,,,,,,,,,,,,,,,,,,,,,,,,,,,,,,,,,,,,,,,,,,,,,,,,,,
,,,,,,,,,,9MZ95KL8MR0L-Microsoft.ScreenSketch,,,,,,,,,,1,,,,,,,,,,,,,,,,,,,,,,,,,,,,,,,,,,,,,,{dd5713b4-96a7-4762-b507-a64c4bc9208e},,,2026-04-01 17:26:43.694786+00:00,,,,,,,,,,,,,,,,,,,,,,,,,,,,,,,,,,,,,,,,,,,,,579,,,,,,,,,,,,,,,,,,,,,,,,,,,,,,,,,,,,,,,,,,,,,,,,,,,,,44,,,,,,,,,,,,,,,,,,,,,,,,,,,,,,,,,,,,,,,,,,,,,,,,,,,,,,,
,,,,,,,,,,9NSTH9KHZDLQ-Microsoft.UI.Xaml.2.8,,,,,,,,,,1,,,,,,,,,,,,,,,,,,,,,,,,,,,,,,,,,,,,,,{6b5369f2-d415-4daf-a500-1b864dc84dec},,,2026-04-01 17:26:43.694786+00:00,,,,,,,,,,,,,,,,,,,,,,,,,,,,,,,,,,,,,,,,,,,,,580,,,,,,,,,,,,,,,,,,,,,,,,,,,,,,,,,,,,,,,,,,,,,,,,,,,,,44,,,,,,,,,,,,,,,,,,,,,,,,,,,,,,,,,,,,,,,,,,,,,,,,,,,,,,,
,,,,,,,,,,9MZ95KL8MR0L-Microsoft.ScreenSketch,,,,,,,,,,1,,,,,,,,,,,,,,,,,,,,,,,,,,,,,,,,,,,,,,{dd5713b4-96a7-4762-b507-a64c4bc9208e},,,2026-04-01 17:26:43.694786+00:00,,,,,,,,,,,,,,,,,,,,,,,,,,,,,,,,,,,,,,,,,,,,,581,,,,,,,,,,,,,,,,,,,,,,,,,,,,,,,,,,,,,,,,,,,,,,,,,,,,,44,,,,,,,,,,,,,,,,,,,,,,,,,,,,,,,,,,,,,,,,,,,,,,,,,,,,,,,
,,,,,,,,,,9NBLGGH3FRZM-Microsoft.VCLibs.140.00,,,,,,,,,,1,,,,,,,,,,,,,,,,,,,,,,,,,,,,,,,,,,,,,,{7c4b0956-b3f1-40ac-a633-668abc5d6af2},,,2026-04-01 17:26:43.694788+00:00,,,,,,,,,,,,,,,,,,,,,,,,,,,,,,,,,,,,,,,,,,,,,582,,,,,,,,,,,,,,,,,,,,,,,,,,,,,,,,,,,,,,,,,,,,,,,,,,,,,44,,,,,,,,,,,,,,,,,,,,,,,,,,,,,,,,,,,,,,,,,,,,,,,,,,,,,,,
,,,,,,,,,,9MZ95KL8MR0L-Microsoft.ScreenSketch,,,,,,,,,,1,,,,,,,,,,,,,,,,,,,,,,,,,,,,,,,,,,,,,,{dd5713b4-96a7-4762-b507-a64c4bc9208e},,,2026-04-01 17:26:43.694788+00:00,,,,,,,,,,,,,,,,,,,,,,,,,,,,,,,,,,,,,,,,,,,,,583,,,,,,,,,,,,,,,,,,,,,,,,,,,,,,,,,,,,,,,,,,,,,,,,,,,,,44,,,,,,,,,,,,,,,,,,,,,,,,,,,,,,,,,,,,,,,,,,,,,,,,,,,,,,,
,,,,,,,,,,9NBLGGH4RV3K-Microsoft.VCLibs.140.00.UWPDesktop,,,,,,,,,,1,,,,,,,,,,,,,,,,,,,,,,,,,,,,,,,,,,,,,,{fcdd3b59-f41c-4595-b36b-245bacb749e8},,,2026-04-01 17:26:45.083775+00:00,,,,,,,,,,,,,,,,,,,,,,,,,,,,,,,,,,,,,,,,,,,,,584,,,,,,,,,,,,,,,,,,,,,,,,,,,,,,,,,,,,,,,,,,,,,,,,,,,,,44,,,,,,,,,,,,,,,,,,,,,,,,,,,,,,,,,,,,,,,,,,,,,,,,,,,,,,,
,,,,,,,,,,9MZ95KL8MR0L-Microsoft.ScreenSketch,,,,,,,,,,1,,,,,,,,,,,,,,,,,,,,,,,,,,,,,,,,,,,,,,{dd5713b4-96a7-4762-b507-a64c4bc9208e},,,2026-04-01 17:26:45.083775+00:00,,,,,,,,,,,,,,,,,,,,,,,,,,,,,,,,,,,,,,,,,,,,,585,,,,,,,,,,,,,,,,,,,,,,,,,,,,,,,,,,,,,,,,,,,,,,,,,,,,,44,,,,,,,,,,,,,,,,,,,,,,,,,,,,,,,,,,,,,,,,,,,,,,,,,,,,,,,
,,,,,,,,,,9WZDNCRFJBMP-MICROSOFT.WINDOWSSTORE,,,,,,,,,,1,,,,,,,,,,,,,,,,,,,,,,,,,,,,,,,,,,,,,,{8837d284-b658-4730-b2b3-d6cb4633f7a5},,,2026-04-01 17:26:45.083775+00:00,,,,,,,,,,,,,,,,,,,,,,,,,,,,,,,,,,,,,,,,,,,,,586,,,,,,,,,,,,,,,,,,,,,,,,,,,,,,,,,,,,,,,,,,,,,,,,,,,,,44,,,,,,,,,,,,,,,,,,,,,,,,,,,,,,,,,,,,,,,,,,,,,,,,,,,,,,,
,,,,,,,,,,,,,,,,,,\??\C:\ProgramData\Microsoft\Windows\AppRepository\Packages\Microsoft.UI.Xaml.2.8_8.2501.31001.0_x86__8wekyb3d8bbwe\ActivationStore.dat,,,,,,,,,,,,,,,,,,,,,0,,,,,,,,,,,,,,,,,,,,,,2026-04-01 17:26:45.412991+00:00,,,,,,,,,,,,,,,,,,,,,,,,,,,,,,,,,,,,,,,,,,,,,587,,,,,,,,,,,,,,,,,,,,,,,,,,,,,,,,,,,,,,,,,,,,,,,,,,,,,16,,,,,,,,,,,,,,,,,,,,,,,,,,,,,,,,,135,,,,,,,,,,,,,,,,,,,,0,,
,,,,,,,,,,9NBLGGH3FRZM-Microsoft.VCLibs.140.00,,,,,,,,,,1,,,,,,,,,,,,,,,,,,,,,,,,,,,,,,,,,,,,,,{7c4b0956-b3f1-40ac-a633-668abc5d6af2},,,2026-04-01 17:26:45.650333+00:00,,,,,,,,,,,,,,,,,,,,,,,,,,,,,,,,,,,,,,,,,,,,,588,,,,,,,,,,,,,,,,,,,,,,,,,,,,,,,,,,,,,,,,,,,,,,,,,,,,,44,,,,,,,,,,,,,,,,,,,,,,,,,,,,,,,,,,,,,,,,,,,,,,,,,,,,,,,
,,,,,,,,,,9WZDNCRFJBMP-MICROSOFT.WINDOWSSTORE,,,,,,,,,,1,,,,,,,,,,,,,,,,,,,,,,,,,,,,,,,,,,,,,,{8837d284-b658-4730-b2b3-d6cb4633f7a5},,,2026-04-01 17:26:45.650333+00:00,,,,,,,,,,,,,,,,,,,,,,,,,,,,,,,,,,,,,,,,,,,,,589,,,,,,,,,,,,,,,,,,,,,,,,,,,,,,,,,,,,,,,,,,,,,,,,,,,,,44,,,,,,,,,,,,,,,,,,,,,,,,,,,,,,,,,,,,,,,,,,,,,,,,,,,,,,,
,,,,,,,,,,9MZ95KL8MR0L-Microsoft.ScreenSketch,,,,,,,,,,1,,,,,,,,,,,,,,,,,,,,,,,,,,,,,,,,,,,,,,{dd5713b4-96a7-4762-b507-a64c4bc9208e},,,2026-04-01 17:26:45.650335+00:00,,,,,,,,,,,,,,,,,,,,,,,,,,,,,,,,,,,,,,,,,,,,,590,,,,,,,,,,,,,,,,,,,,,,,,,,,,,,,,,,,,,,,,,,,,,,,,,,,,,44,,,,,,,,,,,,,,,,,,,,,,,,,,,,,,,,,,,,,,,,,,,,,,,,,,,,,,,
,,,,,,,,,,9WZDNCRFJBMP-MICROSOFT.WINDOWSSTORE,,,,,,,,,,1,,,,,,,,,,,,,,,,,,,,,,,,,,,,,,,,,,,,,,{8837d284-b658-4730-b2b3-d6cb4633f7a5},,,2026-04-01 17:26:45.812895+00:00,,,,,,,,,,,,,,,,,,,,,,,,,,,,,,,,,,,,,,,,,,,,,591,,,,,,,,,,,,,,,,,,,,,,,,,,,,,,,,,,,,,,,,,,,,,,,,,,,,,44,,,,,,,,,,,,,,,,,,,,,,,,,,,,,,,,,,,,,,,,,,,,,,,,,,,,,,,
,,,,,,,,,,9MZ95KL8MR0L-Microsoft.ScreenSketch,,,,,,,,,,1,,,,,,,,,,,,,,,,,,,,,,,,,,,,,,,,,,,,,,{dd5713b4-96a7-4762-b507-a64c4bc9208e},,,2026-04-01 17:26:45.812895+00:00,,,,,,,,,,,,,,,,,,,,,,,,,,,,,,,,,,,,,,,,,,,,,592,,,,,,,,,,,,,,,,,,,,,,,,,,,,,,,,,,,,,,,,,,,,,,,,,,,,,44,,,,,,,,,,,,,,,,,,,,,,,,,,,,,,,,,,,,,,,,,,,,,,,,,,,,,,,
,,,,,,,,,,9NSTH9KHZDLQ-Microsoft.UI.Xaml.2.8,,,,,,,,,,1,,,,,,,,,,,,,,,,,,,,,,,,,,,,,,,,,,,,,,{6b5369f2-d415-4daf-a500-1b864dc84dec},,,2026-04-01 17:26:45.812895+00:00,,,,,,,,,,,,,,,,,,,,,,,,,,,,,,,,,,,,,,,,,,,,,593,,,,,,,,,,,,,,,,,,,,,,,,,,,,,,,,,,,,,,,,,,,,,,,,,,,,,44,,,,,,,,,,,,,,,,,,,,,,,,,,,,,,,,,,,,,,,,,,,,,,,,,,,,,,,
,,,,,,,,,,,,,,,,,,\??\C:\ProgramData\Microsoft\Windows\AppRepository\Packages\Microsoft.WindowsStore_22602.1401.4.0_x64__8wekyb3d8bbwe\ActivationStore.dat,,,,,,,,,,,,,,,,,,,,,0,,,,,,,,,,,,,,,,,,,,,,2026-04-01 17:26:56.263485+00:00,,,,,,,,,,,,,,,,,,,,,,,,,,,,,,,,,,,,,,,,,,,,,594,,,,,,,,,,,,,,,,,,,,,,,,,,,,,,,,,,,,,,,,,,,,,,,,,,,,,16,,,,,,,,,,,,,,,,,,,,,,,,,,,,,,,,,136,,,,,,,,,,,,,,,,,,,,0,,
,,,,,,,,,,9NSTH9KHZDLQ-Microsoft.UI.Xaml.2.8,,,,,,,,,,1,,,,,,,,,,,,,,,,,,,,,,,,,,,,,,,,,,,,,,{6b5369f2-d415-4daf-a500-1b864dc84dec},,,2026-04-01 17:27:03.041248+00:00,,,,,,,,,,,,,,,,,,,,,,,,,,,,,,,,,,,,,,,,,,,,,595,,,,,,,,,,,,,,,,,,,,,,,,,,,,,,,,,,,,,,,,,,,,,,,,,,,,,43,,,,,,,,,,,,,,,,,,,,,,,,,,,,,,,,,,,,,,,,,,,,,,,,,,,,,,,
,,,,,,,,,,9NSTH9KHZDLQ-Microsoft.UI.Xaml.2.8,,,,,,,,,,1,,,,,,,,,,{855e8a7c-ecb4-4ca3-b045-1dfa50104289},,,,,,,,,,,,,,,,,,,,,,,,,,,,{6b5369f2-d415-4daf-a500-1b864dc84dec},,,2026-04-01 17:27:03.237530+00:00,,,,,,,,,,,,,,,,,,,,,,,,,,,,,,,,,,,,,,,,,,,,,596,,,,,,,,,,,,,,,,,,,,,,,,,,,,,,,,,,,,,,,,,,,,,,,,,,,,,19,,,,,,,,,,,,,,,,,,,,,,,,,,,,,,,,,,,,,,,,,,,,,,,,,,,,,,,
,,,,,,,,,,9WZDNCRFJBMP-MICROSOFT.WINDOWSSTORE,,,,,,,,,,1,,,,,,,,,,,,,,,,,,,,,,,,,,,,,,,,,,,,,,{8837d284-b658-4730-b2b3-d6cb4633f7a5},,,2026-04-01 17:27:03.395123+00:00,,,,,,,,,,,,,,,,,,,,,,,,,,,,,,,,,,,,,,,,,,,,,597,,,,,,,,,,,,,,,,,,,,,,,,,,,,,,,,,,,,,,,,,,,,,,,,,,,,,43,,,,,,,,,,,,,,,,,,,,,,,,,,,,,,,,,,,,,,,,,,,,,,,,,,,,,,,
,,,,,,,,,,9WZDNCRFJBMP-MICROSOFT.WINDOWSSTORE,,,,,,,,,,1,,,,,,,,,,{855e8a7c-ecb4-4ca3-b045-1dfa50104289},,,,,,,,,,,,,,,,,,,,,,,,,,,,{8837d284-b658-4730-b2b3-d6cb4633f7a5},,,2026-04-01 17:27:06.135376+00:00,,,,,,,,,,,,,,,,,,,,,,,,,,,,,,,,,,,,,,,,,,,,,598,,,,,,,,,,,,,,,,,,,,,,,,,,,,,,,,,,,,,,,,,,,,,,,,,,,,,19,,,,,,,,,,,,,,,,,,,,,,,,,,,,,,,,,,,,,,,,,,,,,,,,,,,,,,,
,,,,,,,,,,,,,,,,,,\??\C:\ProgramData\Microsoft\Windows\AppRepository\Packages\Microsoft.ScreenSketch_11.2601.2.0_x64__8wekyb3d8bbwe\ActivationStore.dat,,,,,,,,,,,,,,,,,,,,,0,,,,,,,,,,,,,,,,,,,,,,2026-04-01 17:27:06.565357+00:00,,,,,,,,,,,,,,,,,,,,,,,,,,,,,,,,,,,,,,,,,,,,,599,,,,,,,,,,,,,,,,,,,,,,,,,,,,,,,,,,,,,,,,,,,,,,,,,,,,,16,,,,,,,,,,,,,,,,,,,,,,,,,,,,,,,,,133,,,,,,,,,,,,,,,,,,,,0,,
,,,,,,,,,,9MZ95KL8MR0L-Microsoft.ScreenSketch,,,,,,,,,,1,,,,,,,,,,,,,,,,,,,,,,,,,,,,,,,,,,,,,,{dd5713b4-96a7-4762-b507-a64c4bc9208e},,,2026-04-01 17:27:08.346563+00:00,,,,,,,,,,,,,,,,,,,,,,,,,,,,,,,,,,,,,,,,,,,,,600,,,,,,,,,,,,,,,,,,,,,,,,,,,,,,,,,,,,,,,,,,,,,,,,,,,,,43,,,,,,,,,,,,,,,,,,,,,,,,,,,,,,,,,,,,,,,,,,,,,,,,,,,,,,,
,,,,,,,,,,,,,,,,,,\??\C:\Users\pizza\AppData\Local\Packages\Microsoft.ScreenSketch_8wekyb3d8bbwe\Settings\settings.dat,,,,,,,,,,,,,,,,,,,,,3,,,,,,,,,,,,,,,,,,,,,,2026-04-01 17:27:08.537094+00:00,,,,,,,,,,,,,,,,,,,,,,,,,,,,,,,,,,,,,,,,,,,,,601,,,,,,,,,,,,,,,,,,,,,,,,,,,,,,,,,,,,,,,,,,,,,,,,,,,,,16,,,,,,,,,,,,,,,,,,,,,,,,,,,,,,,,,100,,,,,,,,,,,,,,,,,,,,1,,
,,,,,,,,,,9MZ95KL8MR0L-Microsoft.ScreenSketch,,,,,,,,,,1,,,,,,,,,,{855e8a7c-ecb4-4ca3-b045-1dfa50104289},,,,,,,,,,,,,,,,,,,,,,,,,,,,{dd5713b4-96a7-4762-b507-a64c4bc9208e},,,2026-04-01 17:27:09.067383+00:00,,,,,,,,,,,,,,,,,,,,,,,,,,,,,,,,,,,,,,,,,,,,,602,,,,,,,,,,,,,,,,,,,,,,,,,,,,,,,,,,,,,,,,,,,,,,,,,,,,,19,,,,,,,,,,,,,,,,,,,,,,,,,,,,,,,,,,,,,,,,,,,,,,,,,,,,,,,
,,,,,,,,,,,,,,,,,,,,,,,,,,,,,,,,,,,,,,,,,,,,,,,,,,,,,,,,,,,,,2026-04-01 18:09:12.532793+00:00,,,,,,,,,,,,,,,,,,,,,,,,,,,,,,,,,,,,,,,,,,,,,603,,,,,,,,,,,,,,,,,,,,,,,,,,,,,,,,,,,,,,,,,,,,,,,,,,,,,6008,,,,,"<string>10:17:43 AM</string>
<string>‎4/‎1/‎2026</string>
<string></string>
<string></string>
<string>8</string>
<string></string>
<string></string>
",,,,,,,,,,,,,,,,,,,,,,,,,,,,,,,,,,,,,,,,,,,,,,,,,,
,,,,,,,,,,,,,,,,,,,,,,,,,,,,,,,,,,,,,,,,,,,,,,,,,,,,,,,,,,,,,2026-04-01 18:09:12.535488+00:00,,,,,,,,,,,,,,,,,,,,,,,,,,,,,,,,,,,,,,,,,,,,,604,,,,,,,,,,,,,,,,,,,,,,,,,,,,,,,,,,,,,,,,,,,,,,,,,,,,,6009,,,,,"<string>10.00.</string>
<string>26200</string>
<string></string>
<string>Multiprocessor Free</string>
<string>0</string>
",,,,,,,,,,,,,,,,,,,,,,,,,,,,,,,,,,,,,,,,,,,,,,,,,,
,,,,,,,,,,,,,,,,,,,,,,,,,,,,,,,,,,,,,,,,,,,,,,,,,,,,,,,,,,,,,2026-04-01 18:09:12.535528+00:00,,,,,,,,,,,,,,,,,,,,,,,,,,,,,,,,,,,,,,,,,,,,,605,,,,,,,,,,,,,,,,,,,,,,,,,,,,,,,,,,,,,,,,,,,,,,,,,,,,,6005,,,,,,,,,,,,,,,,,,,,,,,,,,,,,,,,,,,,,,,,,,,,,,,,,,,,,,,
,,,,,,,,,,,,,,,,,,,,,,,,,,,,,,,,,,,,,,,,,,,,,,,,,,,,,,,,,,,,,2026-04-01 18:09:12.535961+00:00,,,,,,,,,,,,,,,,,,,,,,,,,,,,,,,,,,,,,,,,,,,,,606,,,,,,,,,,,,,,,,,,,,,,,,,,,,,,,,,,,,,,,,,,,,,,,,,,,,,6013,,,,,"<string>11</string>
<string></string>
<string>11</string>
<string>60</string>
<string>480 Pacific Standard Time</string>
",,,,,,,,,,,,,,,,,,,,,,,,,,,,,,,,,,,,,,,,,,,,,,,,,,
,,,,,,,,,,,,,,,,,,,,,,,,,,,2026-04-01 18:09:01.500000+00:00,,,,,,,,,,,,,,,,,,,,,,,,,,,,,,,,,,2026-04-01 18:09:01.667221+00:00,,,,,,,,,,,,,,,,,0,,,,,,,,,,,,26100,,,,,,,,,,0,,,,,,607,,,,,,,,,,,,,,,,,,,,,,,,,10,,,,,,,,,,,,,,,,,,,,,8036,,,,,,,12,,,,,,,,,,0,,,,,,,,,,,,,,,,,,,,,,,,,,,,,,,,,,,,,,,,,,,,,
,,,2026-04-01 18:09:01.500000+00:00,,,,,,,,,,,,,,,,,,,,,,,,,,,,,,,,,,,,,,,,,,,,,,,,,,,,,,,,,,2026-04-01 18:09:01.667223+00:00,,,,,,,,,,,,,,,,,,,,,,,,,,,,,,,,,,,,2026-04-01 18:09:01+00:00,,,,,,,2,,608,,,,,,,,,,,,,,,,,,,,,,,,,,,False,,,,,,,,,,,,,,,,,,,,,,,,,False,25,,,,,,,,,,,,,,,,,True,,,,,,,,,,,,,,,,,,,0,,,,,,,,,,,,,,,0,,,,
,,,,,,,,,,,,,,,,,,,,,,,,,,,,,,,,,,,,,,,,,,,,,,,,,,,,,,,,,,,,,2026-04-01 18:09:01.667355+00:00,0,,,,,,,,,,,,,,,,,0,,,,,,,,,,,,,,,,,,,,,,,,,,,609,,,,,,,,,,,,,,,,,,,,,,,,,,,,,,,,,,,,,,,,,,,,,,,,,,,,,153,,,,,,,,,,,,,,,,,,,,,,,,,,,,,,,,,,,,,,,,,0,,,,,,,,,,,,,,
,,,,,,,,,,,,,,,,,,,,,,False,,,,,,,,,,,,,,,,2,,,,,,,,,,,,,,,,,,,,,,,2026-04-01 18:09:01.667871+00:00,,,,,4,,,,,,,,,,,,,,,,,,,,,,,,,True,,,,,,,,,,,,,,,610,,,,,,,,,,,,,,,,,,,,,,,,,,,,,,,,,,,,,,,,,,,,,,,,,,,,,20,,,,,,,,,,,,,,,,,,,,,,,,,,,,,,,,,,,,,,,,,,,,,,,,,,,,,,,
,,,,,,,,,,,,,,,,,,,,,,,,,,,,,,,,,,,,,,,,,,,,,,,,,,,,,,,,,,,,,2026-04-01 18:09:01.667883+00:00,0,,,,,,,,,,,,,,,,,,,,,,,,,,,,,,,,,,,,,,,,,,,,611,,,,,,,,,,,,,,,,,,,,,,,,,,,,,,,,,,,,,,,,,,,,,,,,,,,,,247,,,,,,,,,,,,,,,,,,,,,,,,,,,,,,,,,,,,,,,,,,,,,,,,,,4,,,,,
,,,,2026-04-01 11:09:01+00:00,,,,,,,,,,,,,,,,,,,,,,,,,,,,,,,,,,,,,,,,,,,,,,,,,,,,,,,,,2026-04-01 18:09:01.668198+00:00,,,,,,,,,,,,,,,,,,,,,2047,,,,,,,,,,,,,,,,,,,,,,,,612,,,,,,,,,,,,,,,,,,,,,,,,,,,,,,,,,,,,,0,,,,,,,,,,,,,,,,238,,,,,,,,,,,,,,,,,,,,,,,,,,,,,,,,,,,,,,,,,,,,,,,,,,,,,,,
,,,,,,,,,,,,,,,,,,,,,,,,,,,,,,,,,,,,,,,,,,,,,,,,,,,,,,,,,,,,,2026-04-01 18:09:01.668198+00:00,,,,,,,,,,,,,,,,,,,,,,,,,,,,,,,,,,,,,,,,,,,,,613,,,,,,,,,,,,,,,,,,,,,,,,,,,,,,,,,,,,,,,,,,,,,,,,,,,,,25,,,,,,,,,,,,,,,,1,,,,,,,,,,,,,,,,,,,,,,,,,,,,,,,,,,,,,,,
,,,,,,,,,,,,,,,,,,,,,,,,,,,,,,,,,,0,,,,,,,,,,,,,,,,,,,,,,,,,,,2026-04-01 18:09:01.668198+00:00,,,,,,,,,,,,,,,,,,,,,,,,,,,,,,,,,,,,,,,,,,,,,614,,,,,,,,,,,,,,,,,,,,,,,,,,,,,,,,,,,,,,,,,,,,,,,,, NOEXECUTE=OPTIN  FVEBOOT=2666496,,,,27,,,,,,,,,,,,,,,,,,,,,,,,,,,,,,,,,,,,,,,,,,,,,,,,,,,,,,,
,,,,,,,,,,,,,,,,,,,,,,,,,,,,,,,,,,,,,,,,,,,,,,,,,,,,,,,,,,,,,2026-04-01 18:09:01.668205+00:00,,,,,,,,,,,,,,,,,,,,,,,,,,,,,,,,,,,,,,,,,,,,,615,,,,,,,,,,,,,,,,,,,,,,,,,,1,,,,,,,,,,,,,,,,,,,,,,,,,,,18,,,,,,,,,,,,,,,,,,,,,,,,,,,,,,,,,,,,,,,,,,,,,,,,,,,,,,,
,,,,,,,,,,,,,,,,,,,,,,,,,,,,,,,,,,,,,,,,,,,,,,,,,,,,,,,,,,,,,2026-04-01 18:09:01.668228+00:00,,,,,,,,,,,,,,,,,,,,,,,,,,,,,,,,,,,,,,,,,,,,,616,,,,,,,,,,,,,,,,,,,,,,,,,,,,,,,,,,,,,,,,,,,,,,,,,,,,,32,,,,,,,,,,,,,,,0,,,,,,,,,,,,,,,,,,,,,,,,,,,,,,,,,,,,,,,,
,True,,,,,,,,,,,,,,,,,,,,,,,,,,,,,,,,,,,,,,,,,,,,,,,,,,,,,,,,,,,,2026-04-01 18:09:01.671072+00:00,,,,,,0,,,,,,,,,,,,,,,,,,,,,0,,,,,,,,,,,,,,,,,,617,,,,,,,,,,,,,,,,,,,,,,,,,,,,,,,,,,,,,,,,,,,,,,,,,,,,,20,,,,,,,0,,,,,,,,,,,,,,,,,,,,,,,,,,,,,,,,,,,,,,,,,,,,,,,,
,,,,,,,,,,,,,,,,,,,,,,,,,,,,,,,,,,,,,,,,,,,,,,,,,,,,,,,,,,,,,2026-04-01 18:09:01.702372+00:00,,,,,,,,,,,,,,,,,,,,,,,,,,,,,,,,,,,,,,,,,,,,,618,,,,,,,,,,,,,,,,,,,,,,,,,,,,,,,,,,,,,,,,,,,,,,,,,,,,,16,,,,,,,,,,,,,,,,,,,,,,,,,,,,,,,,,,,,,,,,,,,,,,,,,,,,,,,
,,,,,,,,,,,,,,,,,,,,,,,,,,,,,,,,,,,,,,,,,,,,,,,,,,,,,,,,,,,,,2026-04-01 18:09:03.640261+00:00,,,,,,,,,,,,,,,,,,,,,,,,,,,,,,,,,,,,,,,,,,,,,619,,,,,,,,,,,,,,,,,,,,,,,,,,,,,,,,,,,,,,,,,,,,,,,,,,,,,3,,,,,"<string>VMCI: Using capabilities (0x1c).
</string>
<string></string>
",,,,,,,,,,,,,,,,,,,,,,,,,,,,,,,,,,,,,,,,,,,,,,,,,,
,,,,,,,,,,,,,,,,,,,,,,,,,,,,,,,,,,,,,,,,,,,,,,,,,,,,,,,,2093-04-01 18:29:43+00:00,,,,,2026-04-01 18:09:05.751099+00:00,,,,,,,,,,,,,,,,,,,,,,,8,,,,,,,,,,,,,,,,,,,,,,620,,,,,,,,,,,,,,,,,,,,,,,,,,,,,,,,0,,,,0x00000000,,,,,,,,,,,,,,,,,6,,,,FileInfo,,,,,,,,,,,,,,,,,,,,,,,,,,,,,,,,,,,,,,,,,,,,,,,,10,,,
,,,,,,,,,,,,,,,,,,,,,,,,,,,,,,,,,,,,,,,,,,,,,,,,,,,,,,,,2089-07-14 19:58:05+00:00,,,,,2026-04-01 18:09:05.751930+00:00,,,,,,,,,,,,,,,,,,,,,,,3,,,,,,,,,,,,,,,,,,,,,,621,,,,,,,,,,,,,,,,,,,,,,,,,,,,,,,,0,,,,0x00000000,,,,,,,,,,,,,,,,,6,,,,Wof,,,,,,,,,,,,,,,,,,,,,,,,,,,,,,,,,,,,,,,,,,,,,,,,10,,,
,,,,,,,,,,,,,,,,,,,,,,,,,,,,,,,,,,,,,,,,,,,,,,,,,,,,,,,,2028-06-06 02:57:32+00:00,,,,,2026-04-01 18:09:05.753075+00:00,,,,,,,,,,,,,,,,,,,,,,,8,,,,,,,,,,,,,,,,,,,,,,622,,,,,,,,,,,,,,,,,,,,,,,,,,,,,,,,0,,,,0x00000000,,,,,,,,,,,,,,,,,6,,,,WdFilter,,,,,,,,,,,,,,,,,,,,,,,,,,,,,,,,,,,,,,,,,,,,,,,,10,,,
,,,,,0,,,,,,,,,,,,,,,,,,,,,,,,,,,,,,,,,,,,,,,,,,,,,,,,,,,,,,,,2026-04-01 18:09:06.427952+00:00,,,,,,,,,,,,,,,,,,,,,,,,,,,,,,,,,,,,,,,,,,,,,623,,,,,,,,,,,,,,,,,,,,,,,,,,,,,,,,,,,,,,,,,,,,,,,,,,,,,98,,,,\Device\HarddiskVolume3,,,,,,,,,C:,,,,,,,,,,,,,,,,,,,,,,,,,,,,,,,,,,,,,,,,,,
,,,,,,,,,,,,,1,,,,,,,,,,,,,,,,,,,,,,,,,,,,,,,,,,,,,,,,,,,,,,,,2026-04-01 18:09:06.778984+00:00,,,,,,,,,,,,,2688,,,,,,100,,,,,0,,,,,,,,,,,,,,,,,,,,,624,,,,,,,,,,,,,,,,,,,,,,,,,,,,,,,,,,,,,,100,,0,,100,,,,,,,,,,,55,,,,,,,,,,,0,,,,,,,,,,,,,,,,,,,,,,,,,,,1,,,,,,,,,,,,,,,,,
,,,,,,,,,,,,,,,,,,,,,,,,,,,,,,,,,,,,,,,,,,,,,,,,,,,,,,,,,,,,,2026-04-01 18:09:07.068121+00:00,,,,,,,,,,,,,,,,,,,,,,,,,,,,,,,,,,,,,,,,,,,,,625,,,,,,,,,,,,,,,,,,,,,,,,,,,,,,,,,,,,,,,,,,,,,,,,,,,,,32,,,,,"<string>Intel(R) 82574L Gigabit Network Connection</string>
<string></string>
",,,,,,,,,,,,,,,,,,,,,,,,,,,,,,,,,,,,,,,,,,,,,,,,,,
,,,,,,,,,,,,,,,,,,,,,,,,,,,,,,,,,,,,,,,,,,,,,,,,,,,,,,,,2075-08-31 15:07:07+00:00,,,,,2026-04-01 18:09:07.081739+00:00,,,,,,,,,,,,,,,,,,,,,,,9,,,,,,,,,,,,,,,,,,,,,,626,,,,,,,,,,,,,,,,,,,,,,,,,,,,,,,,0,,,,0x00000000,,,,,,,,,,,,,,,,,6,,,,FileCrypt,,,,,,,,,,,,,,,,,,,,,,,,,,,,,,,,,,,,,,,,,,,,,,,,10,,,
,,,,,,,,,,,,,,,,,,,,,,,,,,,,,,,,,,,,,,,,,,,,,,,,,,,,,,,,1978-05-14 02:13:30+00:00,,,,,2026-04-01 18:09:07.204714+00:00,,,,,,,,,,,,,,,,,,,,,,,9,,,,,,,,,,,,,,,,,,,,,,627,,,,,,,,,,,,,,,,,,,,,,,,,,,,,,,,0,,,,0x00000000,,,,,,,,,,,,,,,,,6,,,,npsvctrig,,,,,,,,,,,,,,,,,,,,,,,,,,,,,,,,,,,,,,,,,,,,,,,,10,,,
,,,,,,,False,,,,0,,,,,,,,,,,,,0,,,,,,,0,0,,,,,False,,,,,,,,,,,,,,,,,3,,,,,,,2026-04-01 18:09:07.241959+00:00,,,,,,,0,,,,0,,,,,,,,,,,,,,,,,,,,,,0x0000000000000000,,,,,,,,,0x0000000000000000,,,628,,,,,0,,,,,,,0,,0,,,,,0x0000000000000000,,0x0000000000000000,,False,,,,,,,,,,0,,,,,,,,,,,,,,,,,,,,41,,,,,,,,,,,,False,,0,,,,,,,0,,,,,,,,,,,,,,,,,,,,,,,,,,,,,,,,,,
,,,,,,,,,,,,,,,,2,,,,,,,,,,,,,,,,,,,,,,,,,,,,,,,,,,,,,,,,,,,,,2026-04-01 18:09:07.244740+00:00,,,,,,,,,,,,,,,,,,,,,,,,,,,,,,,,,,,,,,,,,,,,,629,,,,,,,,,,,,,,,,,,,,,,,,,,,,,,,,,,,,,,,,,,,,,,,,,,,,,172,,,,,,,,,,,,,,,,,,,,,,,,,,,,,,,,,,,6,,,,,,,,,,,,,,,,,,,,
,,,,,0,,,,,,,,,,,,,,,,,,,,,,,,,,,,,,,,,,,,,,,,,,,,,,,,,,,,,,,,2026-04-01 18:09:08.109402+00:00,,,,,,,,,,,,,,,,,,,,,,,,,,,,,,,,,,,,,,,,,,,,,630,,,,,,,,,,,,,,,,,,,,,,,,,,,,,,,,,,,,,,,,,,,,,,,,,,,,,98,,,,\Device\HarddiskVolume4,,,,,,,,,\\?\Volume{fca9b761-f183-4070-98ba-e8e2ddff5456},,,,,,,,,,,,,,,,,,,,,,,,,,,,,,,,,,,,,,,,,,
,,,,,,,,,,,,2,,,,,,,,,,,,,,,,,,,,,,,,,,,,0,,,,,,,,,,,,,,,,,,,,,2026-04-01 18:09:08.356510+00:00,,,,,,,,,,,,,,,,,,,,,,,,,,,,,,,,,,,,,,,,,,,,,631,,,,,,,,,,,,,,,,,,0,,,,,,,,,,,,,,,,,,,,,0,,,,,,,,,420,,,,,24,,,,,,,,,,,,,,,,,,,,,,,,,,,,,,,,,,,,,,,,,,,,,,,,,,,,,,,
,,,,,,,,,,,,,,,,,False,,,,,,,,,,,,,,,,,,,,,,,,,,,,,,False,,,,,False,,,,,,,,,2026-04-01 18:09:08.755114+00:00,,,,,,,,,,,,,,,,,,,,,,,,,,,,,,,,,,,,,,,,,,,,,632,,,,,,,,,,,,,,,,,,,,,,,,,,,,,,,,,,,,,,,,,,,,,0,,,,,,,,19,,,,,,,,,,,,,,,,,,,,,,,,,,,,,,,,,,,,,,,,,,,,,,,False,,,,,,,,
,,,,,,,,,,,,,,,,,,,,,,,,,,,,,,,,,,,,0001-01-01 00:00:00,,,,,,,,,,,,,,,,,,,,,,,,,2026-04-01 18:09:08.755142+00:00,,,,,,,,,,,,,,,,False,,,,,,,,,,,,,,,False,,,,,,,,,,,,,,633,,,,,,,,,,,,,,,,,,,,,,,,,,,,,,,0,,,,,,,,,,,,,,0,,,,,,,,25,,,,,,,,,,,,,,,,,,,,,,,,,,,,,,,,,,,,,,,,,,,,,,,,,,,,,,,
,,,,,,,,,,,,,,,,,,,,,,,,,,,,,,,,,,,,,,,,,,,,,,,,,,,,,,,,,,,,,2026-04-01 18:09:08.756359+00:00,,,,,,,,,,,,,,,,,,,,,,,,,,,,,,,,,,,,,,,,,,,,,634,False,,,,,,,,,,,,,,,,,,,,,,,,,,,,,,,,,,,,,,,,,,,,0,,,,,,,,23,,,,,,,,,False,,,,,,,,,,,,,,,,,,,,,,,,,,,,,,,,,False,,,,,,,,,,,,,
,,,,,,,,,,,,,,,,,,,,,,,,,,,,,,,,,,,,,,,,,,,,,,,,,,,,,,,,,,,,,2026-04-01 18:09:08.923510+00:00,,,,,,,,,,,,,,,,,,,,,,,,,,,,,,,,,,,,,,,,,,,,,635,,,,0,,,,,,,0,,,,,,,,,,,,,,,,,,,,,,,,,,,,,,,,,,,,,,,,,,14,,0,,,,,,,,,,,,,,,,,,,,,,,,,,,,,,,,,,,,,,,,,,,,,,,,,,,,,
,,,,,,,,,,,,,,,,,,,,,,,,,,,,,,,,,,,,,,,,,,,,,,,,,,,,,,,,,,,,,2026-04-01 18:09:08.926786+00:00,,,,,,,,,,,,,,,,,,,,,,,,,,,,,,,,,,,,,,,,,,,,,636,,,,,,,,,,,,,,,,,,,,,,,,,,,,,,,,,,4,,,,,,,,,,,,,,,,,,,12,,,,,,,,,,,,,,,,,,,,,,,,,,,,,,,,,,,,,,,,,,,,,,,,,,,,,,,
,,,,,,,,,,,,,,,,,,,,,,,,,,,,,,,,,,,,,,,,,,,,,,,,,,,,,0,,,,,,,,2026-04-01 18:09:09.060200+00:00,,,,,,,,,,,,,,,,,,,,,,,,,,,,,,,,,,,,,,,,,,,,,637,,0,,,,,,,,,,,,,,,,,,,,,,,,,,,,,,,,,,,,,,,,,,,,,,,,,,,6156,,,,,,,,1,,,,,,,,,,,,,,,,,,,,,,,,,,,,,,,,,,,,0,0,,,,,,,,,,
,,,,,,,,,,,,,,,,,,,,,,,,,,,,,,,,,,,,,,,,,,,,,,,,,,,,,,,,,,,,,2026-04-01 18:09:09.406574+00:00,,,,,,,,,,,,,,,,,,,,,,,,,,,,,,,,,,,,,,,,,,,,,638,,,,,,,,,,,,,,,,,,,,,,,,,,,,,,,,,,,,,,,,,,,,,,,,,,,,,16962,,,,,,,,,,,,,,,,,,,,,,,,,,,,,,,,,,,,,,,,,,,,,,O:SYG:SYD:(A;;RC;;;BA),,,,,,,,,
,,,,,,,,,,,,,,,,,,,,,,,,,,,,,,,,,,,,,,,,,,,,0,,,,,,,,,,,,,,,,,2026-04-01 18:09:09.423288+00:00,,,,,,,,,,,,,,,,,,,,,,,,,,,,,,,,,,,-1,,,,,,,,,,639,,,,,,,,,,,,,,,,,,,,,,,,,,,,,,,,,,,,,,,,,,,,,,,,,,,,,16977,,,,,,,,,,,,,,,,,,,,,,,,,,,,,,,,,,,,,,,,,,,,,,,,,,,,,,,0
,,,,,,,,,,,,,,,,,,,,,,,,,,,,,,,,,,,,,,,,,,,,,,,,,,,,,,,,,,,,,2026-04-01 18:09:09.423292+00:00,,,,,,,,,,,,,,,,,,,,,,,,,,,,,,,,,,,,,,,,,,,,,640,,,,,,,,,,,,,,,,,,,,,,,,,,,,,,,,,,,,,,,,,,,,,,,,,,,,,16983,,,,,,,,,,,,,,,,,,,,,,,,,,,,,,,,,,,,,,,,,,,,,,,,,,,,,,,
,,,,,,,,,,,,,,,,,,,,,,,,,,,,,,,,,,,,,,,,,,,,,,,,,,,,,,,,2033-08-14 04:35:15+00:00,,,,,2026-04-01 18:09:11.005453+00:00,,,,,,,,,,,,,,,,,,,,,,,13,,,,,,,,,,,,,,,,,,,,,,641,,,,,,,,,,,,,,,,,,,,,,,,,,,,,,,,0,,,,0x00000000,,,,,,,,,,,,,,,,,6,,,,applockerfltr,,,,,,,,,,,,,,,,,,,,,,,,,,,,,,,,,,,,,,,,,,,,,,,,10,,,
,,,,,,,,,,,,,,,,,,,,,,,,,,,,,,,,,,,,,,,,,,,,,,,,,,,,,,,,2086-03-20 04:03:22+00:00,,,,,2026-04-01 18:09:11.495928+00:00,,,,,,,,,,,,,,,,,,,,,,,3,,,,,,,,,,,,,,,,,,,,,,642,,,,,,,,,,,,,,,,,,,,,,,,,,,,,,,,0,,,,0x00000000,,,,,,,,,,,,,,,,,6,,,,bfs,,,,,,,,,,,,,,,,,,,,,,,,,,,,,,,,,,,,,,,,,,,,,,,,10,,,
,,,,,,,,,,,,,,,,,,,,,,,,,,,,,,,,,,,,,,,,,,,,,,,,,,,,,,,,1985-11-26 07:47:21+00:00,,,,,2026-04-01 18:09:11.529503+00:00,,,,,,,,,,,,,,,,,,,,,,,5,,,,,,,,,,,,,,,,,,,,,,643,,,,,,,,,,,,,,,,,,,,,,,,,,,,,,,,0,,,,0x00000000,,,,,,,,,,,,,,,,,6,,,,wcifs,,,,,,,,,,,,,,,,,,,,,,,,,,,,,,,,,,,,,,,,,,,,,,,,10,,,
,,,,,,,,,,,,,,,,,,,,,,,,,,,,,,,,,,,,,,,,,,,,,,,,,,,,,,,,2057-06-14 06:55:30+00:00,,,,,2026-04-01 18:09:11.539293+00:00,,,,,,,,,,,,,,,,,,,,,,,5,,,,,,,,,,,,,,,,,,,,,,644,,,,,,,,,,,,,,,,,,,,,,,,,,,,,,,,0,,,,0x00000000,,,,,,,,,,,,,,,,,6,,,,luafv,,,,,,,,,,,,,,,,,,,,,,,,,,,,,,,,,,,,,,,,,,,,,,,,10,,,
,,,,,,,,,,,,,,,,,,,,,,,,,,,,,,,,,,,,,,,,,,,,,,,,,,,,,,,,1991-05-02 13:16:55+00:00,,,,,2026-04-01 18:09:11.669022+00:00,,,,,,,,,,,,,,,,,,,,,,,6,,,,,,,,,,,,,,,,,,,,,,645,,,,,,,,,,,,,,,,,,,,,,,,,,,,,,,,0,,,,0x00000000,,,,,,,,,,,,,,,,,6,,,,CldFlt,,,,,,,,,,,,,,,,,,,,,,,,,,,,,,,,,,,,,,,,,,,,,,,,10,,,
,,,,,,,,,,,,,,,,,,,,,,,,,,,,,,,,,,,,,,,,,,,,,,,,,,,,,,,,1991-05-02 13:16:55+00:00,,,,,2026-04-01 18:09:11.669256+00:00,,,,,,,,,,,,,,,,,,,,,,,6,,,,,,,,,,,,,,,,,,,,,,646,,,,,,,,,,,,,,,,,,,,,,,,,,,,,,,,0,,,,0x00000000,,,,,,,,,,,,,,,,,1,,,,CldFlt,,,,,,,,,,,,,,,,,,,,,,,,,,,,,,,,,,,,,,,,,,,,,,,,10,,,
,,,,,,,,,,,,,,,,,,,,,,,,,,,,,,,,,,,,,,,,,,,,,,,,,,,,,,,,1991-05-02 13:16:55+00:00,,,,,2026-04-01 18:09:11.669394+00:00,,,,,,,,,,,,,,,,,,,,,,,6,,,,,,,,,,,,,,,,,,,,,,647,,,,,,,,,,,,,,,,,,,,,,,,,,,,,,,,0,,,,0x00000000,,,,,,,,,,,,,,,,,6,,,,CldFlt,,,,,,,,,,,,,,,,,,,,,,,,,,,,,,,,,,,,,,,,,,,,,,,,10,,,
,,,,,,,,,,,,,,,,,,,,,,,,,,,,,,,,,,,,,,,,,,,,,,,,,,,,,,,,2017-11-02 22:31:51+00:00,,,,,2026-04-01 18:09:11.683615+00:00,,,,,,,,,,,,,,,,,,,,,,,7,,,,,,,,,,,,,,,,,,,,,,648,,,,,,,,,,,,,,,,,,,,,,,,,,,,,,,,0,,,,0x00000000,,,,,,,,,,,,,,,,,6,,,,UnionFS,,,,,,,,,,,,,,,,,,,,,,,,,,,,,,,,,,,,,,,,,,,,,,,,10,,,
,,,,,,,,,,,,,,,,,,,,,,,,,,,,,,,,,,,,,,,,,,,,,,,,,,,,,,,,2016-04-28 15:00:23+00:00,,,,,2026-04-01 18:09:11.724548+00:00,,,,,,,,,,,,,,,,,,,,,,,10,,,,,,,,,,,,,,,,,,,,,,649,,,,,,,,,,,,,,,,,,,,,,,,,,,,,,,,0,,,,0x00000000,,,,,,,,,,,,,,,,,6,,,,storqosflt,,,,,,,,,,,,,,,,,,,,,,,,,,,,,,,,,,,,,,,,,,,,,,,,10,,,
,,,,,,,,,,,,,,,,,,,,,,,,,,,,,,,,,,,,,,,,,,,,,,,,,,,,,,,,2061-11-20 00:48:12+00:00,,,,,2026-04-01 18:09:11.743134+00:00,,,,,,,,,,,,,,,,,,,,,,,4,,,,,,,,,,,,,,,,,,,,,,650,,,,,,,,,,,,,,,,,,,,,,,,,,,,,,,,0,,,,0x00000000,,,,,,,,,,,,,,,,,6,,,,UCPD,,,,,,,,,,,,,,,,,,,,,,,,,,,,,,,,,,,,,,,,,,,,,,,,10,,,
,,,,,,,,,,,,,,,,,,,,,,,,,,,,,,,,,,,,,,,,,,,,,,,,,,,,,,,,2081-10-17 14:34:26+00:00,,,,,2026-04-01 18:09:11.751541+00:00,,,,,,,,,,,,,,,,,,,,,,,7,,,,,,,,,,,,,,,,,,,,,,651,,,,,,,,,,,,,,,,,,,,,,,,,,,,,,,,0,,,,0x00000000,,,,,,,,,,,,,,,,,6,,,,bindflt,,,,,,,,,,,,,,,,,,,,,,,,,,,,,,,,,,,,,,,,,,,,,,,,10,,,
,,,,,,,,,,,,,,,,,,,,,,,,,,,,,,,,,,,,,,,,,,,,,,,,,,,,,,,,,,,,,2026-04-01 18:09:13.097099+00:00,,,,,,,,,,,,,,,,,,,,,,,,,,,,,,,,,,,,,,,,,,,,,652,,,,,,,,,,,,,,,,,,,,,,,,,,,,,,,,,,,,,,,,,,,,,,,,,,,,,50036,,,,,,,,,,,,,,,,,,,,,,,,,,,,,,,,,,,,,,,,,,,,,,,,,,,,,,,
,,,,,,,,,,,,,,,,,,,,,,,,,,,,,,,,,,,,,,,,,,,,,,,,,,,,,,,,,,,,,2026-04-01 18:09:13.098303+00:00,,,,,,,,,,,,,,,,,,,,,,,,,,,,,,,,,,,,,,,,,,,,,653,,,,,,,,,,,,,,,,,,,,,,,,,,,,,,,,,,,,,,,,,,,,,,,,,,,,,50103,,,,,,,,,,,,,,,,,,,,,,,,,,,,,,,,,,,,,,,,,,,,,,,,,,,,,,,
,,,,,,,,,,,,,,,,,,,,,,,,,,,,,,,,,,,,,,,,,,,,,,,,,,,,,,,,,,,,,2026-04-01 18:09:13.102962+00:00,,,,,,,,,,,,,,,,,,,,,,,,,,,,,,,,,,,,,,,,,,,,,654,,,,,,,,,,,,,,,,,,,,,,,,,,,,,,,,,,,,,,,,,,,,,,,,,,,,,50036,,,,,,,,,,,,,,,,,,,,,,,,,,,,,,,,,,,,,,,,,,,,,,,,,,,,,,,
,,,,,,,,,,,,,,,,,,,,,,,,,,,,,,,,,,,,,,,,,,,,,,,,,,,,,,,,,,,,,2026-04-01 18:09:13.204859+00:00,,,,,,,,,,,,,,,,,,,,,,,,,,,,,,,,,,,,,,,,,,,,,655,,,,,,,,,,,,,,,,,,,,,,,,,,,,,,,,,,,,,,,,,,,,,,,,,,,,,51046,,,,,,,,,,,,,,,,,,,,,,,,,,,,,,,,,,,,,,,,,,,,,,,,,,,,,,,
,,,,,,,,,,,,,,4,,,,,,,,,,,,,,,,,,,,,,,,,,,,,,,,,,,,,,,,,,,,,,,2026-04-01 18:09:13.674330+00:00,,,,,,,,,,,,,,,,,,,,,,,,,,,,,,,,,,,,,,0,,,,,,,656,,,,,,,,,,,,,,,,,,,,,,,,,,,,S-1-5-18,,,,,,,,,,,,,,,,,,,,,,,,,112,,,,,,,,,,,,,,,,,,,,,,,,,,,,,http://*:5357/,,,,,,,,,,,,,,,,,,,,,,,,,,
,,,,,,,,,,,,,,4,,,,,,,,,,,,,,,,,,,,,,,,,,,,,,,,,,,,,,,,,,,,,,,2026-04-01 18:09:13.674335+00:00,,,,,,,,,,,,,,,,,,,,,,,,,,,,,,,,,,,,,,0,,,,,,,657,,,,,,,,,,,,,,,,,,,,,,,,,,,,S-1-5-18,,,,,,,,,,,,,,,,,,,,,,,,,112,,,,,,,,,,,,,,,,,,,,,,,,,,,,,http://+:80/Temporary_Listen_Addresses/,,,,,,,,,,,,,,,,,,,,,,,,,,
,,,,,,,,,,,,,,4,,,,,,,,,,,,,,,,,,,,,,,,,,,,,,,,,,,,,,,,,,,,,,,2026-04-01 18:09:13.674339+00:00,,,,,,,,,,,,,,,,,,,,,,,,,,,,,,,,,,,,,,0,,,,,,,658,,,,,,,,,,,,,,,,,,,,,,,,,,,,S-1-5-18,,,,,,,,,,,,,,,,,,,,,,,,,112,,,,,,,,,,,,,,,,,,,,,,,,,,,,,https://*:5358/,,,,,,,,,,,,,,,,,,,,,,,,,,
,,,,,,,,,,,,,,4,,,,,,,,,,,,,,,,,,,,,,,,,,,,,,,,,,,,,,,,,,,,,,,2026-04-01 18:09:13.674345+00:00,,,,,,,,,,,,,,,,,,,,,,,,,,,,,,,,,,,,,,0,,,,,,,659,,,,,,,,,,,,,,,,,,,,,,,,,,,,S-1-5-18,,,,,,,,,,,,,,,,,,,,,,,,,112,,,,,,,,,,,,,,,,,,,,,,,,,,,,,http://*:2869/,,,,,,,,,,,,,,,,,,,,,,,,,,
,,,,,,,,,,,,,,4,,,,,,,,,,,,,,,,,,,,,,,,,,,,,,,,,,,,,,,,,,,,,,,2026-04-01 18:09:13.674351+00:00,,,,,,,,,,,,,,,,,,,,,,,,,,,,,,,,,,,,,,0,,,,,,,660,,,,,,,,,,,,,,,,,,,,,,,,,,,,S-1-5-18,,,,,,,,,,,,,,,,,,,,,,,,,112,,,,,,,,,,,,,,,,,,,,,,,,,,,,,https://+:5986/wsman/,,,,,,,,,,,,,,,,,,,,,,,,,,
,,,,,,,,,,,,,,4,,,,,,,,,,,,,,,,,,,,,,,,,,,,,,,,,,,,,,,,,,,,,,,2026-04-01 18:09:13.674356+00:00,,,,,,,,,,,,,,,,,,,,,,,,,,,,,,,,,,,,,,0,,,,,,,661,,,,,,,,,,,,,,,,,,,,,,,,,,,,S-1-5-18,,,,,,,,,,,,,,,,,,,,,,,,,112,,,,,,,,,,,,,,,,,,,,,,,,,,,,,http://+:47001/wsman/,,,,,,,,,,,,,,,,,,,,,,,,,,
,,,,,,,,,,,,,,4,,,,,,,,,,,,,,,,,,,,,,,,,,,,,,,,,,,,,,,,,,,,,,,2026-04-01 18:09:13.674360+00:00,,,,,,,,,,,,,,,,,,,,,,,,,,,,,,,,,,,,,,0,,,,,,,662,,,,,,,,,,,,,,,,,,,,,,,,,,,,S-1-5-18,,,,,,,,,,,,,,,,,,,,,,,,,112,,,,,,,,,,,,,,,,,,,,,,,,,,,,,http://+:5985/wsman/,,,,,,,,,,,,,,,,,,,,,,,,,,
,,,,,,,,,,,,,,4,,,,,,,,,,,,,,,,,,,,,,,,,,,,,,,,,,,,,,,,,,,,,,,2026-04-01 18:09:13.674364+00:00,,,,,,,,,,,,,,,,,,,,,,,,,,,,,,,,,,,,,,0,,,,,,,663,,,,,,,,,,,,,,,,,,,,,,,,,,,,S-1-5-18,,,,,,,,,,,,,,,,,,,,,,,,,112,,,,,,,,,,,,,,,,,,,,,,,,,,,,,https://+:3392/rdp/,,,,,,,,,,,,,,,,,,,,,,,,,,
,,,,,,,,,,,,,,4,,,,,,,,,,,,,,,,,,,,,,,,,,,,,,,,,,,,,,,,,,,,,,,2026-04-01 18:09:13.674370+00:00,,,,,,,,,,,,,,,,,,,,,,,,,,,,,,,,,,,,,,0,,,,,,,664,,,,,,,,,,,,,,,,,,,,,,,,,,,,S-1-5-18,,,,,,,,,,,,,,,,,,,,,,,,,112,,,,,,,,,,,,,,,,,,,,,,,,,,,,,https://+:443/sra_{BA195980-CD49-458b-9E23-C84EE0ADCD75}/,,,,,,,,,,,,,,,,,,,,,,,,,,
,,,,,,,,,,,,,,4,,,,,,,,,,,,,,,,,,,,,,,,,,,,,,,,,,,,,,,,,,,,,,,2026-04-01 18:09:13.674377+00:00,,,,,,,,,,,,,,,,,,,,,,,,,,,,,,,,,,,,,,0,,,,,,,665,,,,,,,,,,,,,,,,,,,,,,,,,,,,S-1-5-18,,,,,,,,,,,,,,,,,,,,,,,,,112,,,,,,,,,,,,,,,,,,,,,,,,,,,,,http://+:10247/apps/,,,,,,,,,,,,,,,,,,,,,,,,,,
,,,,,,,,,,,,,,4,,,,,,,,,,,,,,,,,,,,,,,,,,,,,,,,,,,,,,,,,,,,,,,2026-04-01 18:09:13.674379+00:00,,,,,,,,,,,,,,,,,,,,,,,,,,,,,,,,,,,,,,0,,,,,,,666,,,,,,,,,,,,,,,,,,,,,,,,,,,,S-1-5-18,,,,,,,,,,,,,,,,,,,,,,,,,112,,,,,,,,,,,,,,,,,,,,,,,,,,,,,https://+:10245/WMPNSSv4/,,,,,,,,,,,,,,,,,,,,,,,,,,
,,,,,,,,,,,,,,4,,,,,,,,,,,,,,,,,,,,,,,,,,,,,,,,,,,,,,,,,,,,,,,2026-04-01 18:09:13.674385+00:00,,,,,,,,,,,,,,,,,,,,,,,,,,,,,,,,,,,,,,0,,,,,,,667,,,,,,,,,,,,,,,,,,,,,,,,,,,,S-1-5-18,,,,,,,,,,,,,,,,,,,,,,,,,112,,,,,,,,,,,,,,,,,,,,,,,,,,,,,http://+:10243/WMPNSSv4/,,,,,,,,,,,,,,,,,,,,,,,,,,
,,,,,,,,,,,,,,4,,,,,,,,,,,,,,,,,,,,,,,,,,,,,,,,,,,,,,,,,,,,,,,2026-04-01 18:09:13.674389+00:00,,,,,,,,,,,,,,,,,,,,,,,,,,,,,,,,,,,,,,0,,,,,,,668,,,,,,,,,,,,,,,,,,,,,,,,,,,,S-1-5-18,,,,,,,,,,,,,,,,,,,,,,,,,112,,,,,,,,,,,,,,,,,,,,,,,,,,,,,http://+:10246/MDEServer/,,,,,,,,,,,,,,,,,,,,,,,,,,
,,,,,,,,,,,,,,,,,,,,,,,,,,,,,,,,,,,,,,,,,,,,,,,,,,,,,,,,,,,,,2026-04-01 18:09:16.421251+00:00,,,,,,,,,,,,,,,,,,,,,,,,,,,,,,,,,,,,,,,,,,,,,669,,,,,,,,,,,,,,,,,,,,,,,,,,,,,,,,,,,,,,,,,,,,,,,,,,,,,7026,,,,,,,,,,,,,,,,,,,,,,,"
dam
uiomap",,,,,,,,,,,,,,,,,,,,,,,,,,,,,,,,
,,,,,,,,,,,,,,,,,,,,,,,,,,,,,,,,,,,,,,,,,,0,,,,,,,,,,,,,,,,,,,2026-04-01 18:09:16.431797+00:00,,,,,,,,,,,,,,,,,,,,,,,,,,,,,,,,,,,,,,,,,,,,,670,,,,,,,,,,,,,,,,,,,,,,,,,,,,,,,,,,,,,,,,,,,,,,,,,,,,,18,,,,,,,,,,,,,,,,,,,,,,,,,,,,,,,,,,,,,,,0x00000014,,,,,,,,,,217,,,,,,
,,,,,,,,,,,,,,,,,,,,,,,,,,,,,,,,,,,,,,,,,,,,,,,,,,,,,,,,,,,,,2026-04-01 18:09:27.444397+00:00,,,,,,,,,,,,,,,,,,,,,,,,,,,,,,,,,,,,,,,,,,,,,671,,,,,,,,,,,,,,,,,,,,,,,,,,,,,,,,,,,,,,,,,,,,,,,,,,,,,1041,,,,,,,,,,,,,,,,,,,,,,,,,,,,"{""Version"":1,""HealthStatus"":""Attestable"",""Required"":[{""Field"":""TpmPresent"",""Value"":true,""DesiredValue"":true},{""Field"":""TpmMeetsMinimumVersion"",""Value"":true,""DesiredValue"":true},{""Field"":""TpmIsResponsive"",""Value"":true,""DesiredValue"":true},{""Field"":""EkCertIsAvailable"",""Value"":true,""DesiredValue"":true},{""Field"":""TcgLogFound"",""Value"":true,""DesiredValue"":true}],""Expected"":[{""Field"":""PcrsMatchTcgLog"",""Value"":true,""DesiredValue"":true}],""Informational"":[{""Field"":""SecureBootEnabled"",""ValueFromComputer"":false,""ValueFromTcgLog"":false,""DesiredValue"":true,""TcgValueIsVerifiable"":true},{""Field"":""VirtualSecureMemory"",""ValueFromComputer"":false,""ValueFromTcgLog"":false,""DesiredValue"":true,""TcgValueIsVerifiable"":true},{""Field"":""SecureCorePCCompliant"",""ValueFromComputer"":false,""ValueFromTcgLog"":false,""DesiredValue"":true,""TcgValueIsVerifiable"":true}{""Field"":""BootTcgLogFoundInFileSystem"",""Value"":true,""DesiredValue"":true},{""Field"":""CurrentTcgLogFoundInFileSystem"",""Value"":true,""DesiredValue"":true}]}",,,,,,,,,,,,,,,,,,,,,,,,,,,
,,,,,,,,,,,,,,,,,,,,,,,,,,,,,,,,,,,,,,,,,,,,,,,,,,,,,,,,,,,,,2026-04-01 18:09:27.444462+00:00,,,,,,,,,,,,,,,,,,,,,,,,,,,,,,,,,,,,,,,,,,,,,672,,,,,,,,,C:\WINDOWS\Logs\MeasuredBoot\0000000005-0000000000.json,,,,,,,,,,,,,,,,,,,,,,,,,,,,,,,,,,,,,,,,,,,,1038,,,,,,,,,,,,,,,,,,,,,,,,,,,,,,,,,,,,,,,,,,,,,,,,,,,,,,,
,,,,,,,,,,,,,,,,,,,,,,,,,,,,,,,,,,,,,,,,,,,,,,,,,,,,,,,,,,,,,2026-04-01 18:09:32.133284+00:00,,,,,,,,,,,,,,,,,,,,,,,,,,,,,,,,,,,,,,,,,,,,,673,,,,,,,,,,,,,,,,,,,,,,,,,,,,,,,,,,,,,,,,,,,,,,,,,,,,,1282,,,,,,,,,,,,,,,,,,,,,,,,,,,,,,,,,,,,,,,,,,,,,,,,,,,,,,,
,,,,,,,,,,,,,,,,,,,,,,,,,,,,,,,,,,,,,,,,,,,,,,,,,,,,,,,,,,,,,2026-04-01 18:09:32.593077+00:00,,,,,,,,,,,,,,,,,,,,,,,,,,,,,,,,,,,,,,,,,,,,,674,,,,,,,,,,,,,,,,,,,,,,,,,,,,,,,,,,,,,,,,,,,,,,,,,,,,,1025,,,,,,,,,,,,,,,,,,,,,,,,,,,,,,,,,,,,,,,,,,,,,,,,,,,,,,,
,,,,,,Windows.SecurityCenter.WscDataProtection,,LocalHost (Using LRPC),,,,,,,,,,,,,,,Launch,,,,,,,,,,,,,,,,,,Unavailable,,,,,,,,,,,,,,,,,,,,2026-04-01 18:11:24.873846+00:00,,SYSTEM,,,,,,,,,,Unavailable,,,,,,,,NT AUTHORITY,,,,,,,,,,,,Local,,,,,,,,,,,,,675,,,,,,,,,,,,,,,,,,,,,,,,,,,,,,,,,,,,,,,,,,,,,,,,,,,,,10016,,,,,,S-1-5-18,,,,,,,,,,,,,,,,,application-specific,,,,,,,,,,,Unavailable,,,,,,,,,,,,,,,,,,,,,
,,,,,,,,,,9MSSGKG348SP-MicrosoftWindows.Client.WebExperience,,,,,,,,,,1,,,,,,,,,,,,,,,,,,,,,,,,,,,,,,,,,,,,,,{01a475a9-32b1-432c-82e7-b4ca942ea17d},,,2026-04-01 18:11:37.760500+00:00,,,,,,,,,,,,,,,,,,,,,,,,,,,,,,,,,,,,,,,,,,,,,676,,,,,,,,,,,,,,,,,,,,,,,,,,,,,,,,,,,,,,,,,,,,,,,,,,,,,44,,,,,,,,,,,,,,,,,,,,,,,,,,,,,,,,,,,,,,,,,,,,,,,,,,,,,,,
,,,,,,,,,,,,,,,,,,,,,,,,,,,,,,,,,,,,,,,,,,,,,,,,,,,,,,,,,,,,,2026-04-01 18:12:32.414026+00:00,,,,,,,,,,,,,,,,,,,,,,,,,,,,,,,,,,,,,,,,,1,,,,677,,,,,,,,,,,,,,,,,,,,,,,,,,,,S-1-5-21-2352865859-2334931103-2005901029-1001,,,,,,,,,,,,,,,,,,,,,,,,,7001,,,,,,,,,,,,,,,,,,,,,,,,,,,,,,,,,,,,,,,,,,,,,,,,,,,,,,,
,,,,,,,,,,,,,,,,,,,,,,,,,,,,,,,,,,,,,,,,,,,,,,,,,,,,,,,,,,,,,2026-04-01 18:12:44.509911+00:00,,,,,,,,,,,,,,,,,,,,,,,,,,,,,,,,,,,,,,,,,,,,,678,,,,,,,,,,,,,,,,,,,,,,,,,,,,,,,,,,,,,,,,,,,,,,,,,,,,,10010,,,,,,,,,,,,,,,,,,,,,,,{A7451292-7906-414C-BB7B-DFD32C749E5C},,,,,,,,,,,,,,,,,,,,,,,,,,,,,,,,
,,,,,,,,,,,,,,,,,,\??\C:\Users\pizza\AppData\Local\Packages\Microsoft.XboxGamingOverlay_8wekyb3d8bbwe\Settings\settings.dat,,,,,,,,,,,,,,,,,,,,,3,,,,,,,,,,,,,,,,,,,,,,2026-04-01 18:12:49.467171+00:00,,,,,,,,,,,,,,,,,,,,,,,,,,,,,,,,,,,,,,,,,,,,,679,,,,,,,,,,,,,,,,,,,,,,,,,,,,,,,,,,,,,,,,,,,,,,,,,,,,,16,,,,,,,,,,,,,,,,,,,,,,,,,,,,,,,,,105,,,,,,,,,,,,,,,,,,,,1,,
,,,,,,,,,,,,,,,,,,\??\C:\Users\pizza\AppData\Local\Packages\Microsoft.OneDriveSync_8wekyb3d8bbwe\Settings\settings.dat,,,,,,,,,,,,,,,,,,,,,3,,,,,,,,,,,,,,,,,,,,,,2026-04-01 18:13:09.034544+00:00,,,,,,,,,,,,,,,,,,,,,,,,,,,,,,,,,,,,,,,,,,,,,680,,,,,,,,,,,,,,,,,,,,,,,,,,,,,,,,,,,,,,,,,,,,,,,,,,,,,16,,,,,,,,,,,,,,,,,,,,,,,,,,,,,,,,,100,,,,,,,,,,,,,,,,,,,,1,,
,,,,,,,,,,,,,,,,,,,,,,,,,,,,,,,,,,,,,,,,,,,,,,,,,,,,,,,,,,,,,2026-04-01 18:14:14.797094+00:00,,,,,,,,,,,,,,,,,,,,,,,,,,,,,,,,,,,,,,,,,,,,,681,,,,,,,,,,,,,,,,,,,,,,,,,,,,,,Under Observation - More Data Needed,,,,,,,,,,,,,,,,,"BaseBoardManufacturer:Intel Corporation;FirmwareManufacturer:VMware, Inc.;FirmwareVersion:VMW201.00V.24866131.B64.2507211911;OEMModelNumber:VMware20,1;OEMModelBaseBoard:440BX Desktop Reference Platform;OEMModelSystemFamily:;OEMManufacturerName:VMware, Inc.;OEMModelSKU:;OSArchitecture:amd64;",,,,,,1801,,,,,,,,,,,,,,,,,,3cbe19ad83f4f74828ea0bb0c21cc9af488df5d347c6969fee5ef76501b36415,,,,,,,,,,,,,,,,,,,,,,,,,,,,,,,,,,,,,
,,,,,,,,,,,,,,,,,,,,,,,,,,,,,,,,,,,,,,,,,,,,,,,,,,,-2147020471,,,,,,,,,,2026-04-01 18:14:14.802286+00:00,,,,,,,,,,,,,,,,,,,,,,,,,,,,,,,,,,,,,,,,,,,,,682,,,,,,,,,,,,,,,,,,,,,,,,,,,,,,,,,,,,,,,,,,,,,,,,,,,,,1796,,,,,,,,,,,,,,,,,,,DBX,,,,,,,,,,,,,,,,,,,,,,,,,,,,,,,,,,,,
,,,,,,,,,,,,,,,,,,,,,,,,,,,,,,,,,,,,,,,,,,,,,,,,,,,-2147020471,,,,,,,,,,2026-04-01 18:14:14.802328+00:00,,,,,,,,,,,,,,,,,,,,,,,,,,,,,,,,,,,,,,,,,,,,,683,,,,,,,,,,,,,,,,,,,,,,,,,,,,,,,,,,,,,,,,,,,,,,,,,,,,,1796,,,,,,,,,,,,,,,,,,,SBAT,,,,,,,,,,,,,,,,,,,,,,,,,,,,,,,,,,,,
,,,,,,,,,,,,,,,,,,\??\C:\ProgramData\Microsoft\Windows\AppRepository\Packages\Microsoft.StartExperiencesApp_1.151.0.0_x64__8wekyb3d8bbwe\ActivationStore.dat,,,,,,,,,,,,,,,,,,,,,0,,,,,,,,,,,,,,,,,,,,,,2026-04-01 18:17:51.824104+00:00,,,,,,,,,,,,,,,,,,,,,,,,,,,,,,,,,,,,,,,,,,,,,684,,,,,,,,,,,,,,,,,,,,,,,,,,,,,,,,,,,,,,,,,,,,,,,,,,,,,16,,,,,,,,,,,,,,,,,,,,,,,,,,,,,,,,,138,,,,,,,,,,,,,,,,,,,,0,,
,,,,,,,,,,,,,,,,,,,,,,,,,,,,,,,,,,,,,,,,,,,,,,,,,,,,,,,,,,,,,2026-04-08 15:32:48.293049+00:00,,,,,,,,,,,,,,,,,,,,,,,,,,,,,,,,,,,,,,,,,,,,,685,,,,,,,,,,,,,,,,,,,,,,,,,,,,,,,,,,,,,,,,,,,,,,,,,,,,,6008,,,,,"<string>11:09:12 AM</string>
<string>‎4/‎1/‎2026</string>
<string></string>
<string></string>
<string>11</string>
<string></string>
<string></string>
",,,,,,,,,,,,,,,,,,,,,,,,,,,,,,,,,,,,,,,,,,,,,,,,,,
,,,,,,,,,,,,,,,,,,,,,,,,,,,,,,,,,,,,,,,,,,,,,,,,,,,,,,,,,,,,,2026-04-08 15:32:48.294418+00:00,,,,,,,,,,,,,,,,,,,,,,,,,,,,,,,,,,,,,,,,,,,,,686,,,,,,,,,,,,,,,,,,,,,,,,,,,,,,,,,,,,,,,,,,,,,,,,,,,,,6009,,,,,"<string>10.00.</string>
<string>26200</string>
<string></string>
<string>Multiprocessor Free</string>
<string>0</string>
",,,,,,,,,,,,,,,,,,,,,,,,,,,,,,,,,,,,,,,,,,,,,,,,,,
,,,,,,,,,,,,,,,,,,,,,,,,,,,,,,,,,,,,,,,,,,,,,,,,,,,,,,,,,,,,,2026-04-08 15:32:48.294462+00:00,,,,,,,,,,,,,,,,,,,,,,,,,,,,,,,,,,,,,,,,,,,,,687,,,,,,,,,,,,,,,,,,,,,,,,,,,,,,,,,,,,,,,,,,,,,,,,,,,,,6005,,,,,,,,,,,,,,,,,,,,,,,,,,,,,,,,,,,,,,,,,,,,,,,,,,,,,,,
,,,,,,,,,,,,,,,,,,,,,,,,,,,,,,,,,,,,,,,,,,,,,,,,,,,,,,,,,,,,,2026-04-08 15:32:48.312365+00:00,,,,,,,,,,,,,,,,,,,,,,,,,,,,,,,,,,,,,,,,,,,,,688,,,,,,,,,,,,,,,,,,,,,,,,,,,,,,,,,,,,,,,,,,,,,,,,,,,,,6013,,,,,"<string>9</string>
<string></string>
<string></string>
<string>9</string>
<string>60</string>
<string>480 Pacific Standard Time</string>
",,,,,,,,,,,,,,,,,,,,,,,,,,,,,,,,,,,,,,,,,,,,,,,,,,
,,,,,,,,,,,,,,,,,,,,,,,,,,,2026-04-08 15:32:38.500000+00:00,,,,,,,,,,,,,,,,,,,,,,,,,,,,,,,,,,2026-04-08 15:32:38.646688+00:00,,,,,,,,,,,,,,,,,0,,,,,,,,,,,,26100,,,,,,,,,,0,,,,,,689,,,,,,,,,,,,,,,,,,,,,,,,,10,,,,,,,,,,,,,,,,,,,,,8036,,,,,,,12,,,,,,,,,,0,,,,,,,,,,,,,,,,,,,,,,,,,,,,,,,,,,,,,,,,,,,,,
,,,2026-04-08 15:32:38.500000+00:00,,,,,,,,,,,,,,,,,,,,,,,,,,,,,,,,,,,,,,,,,,,,,,,,,,,,,,,,,,2026-04-08 15:32:38.646690+00:00,,,,,,,,,,,,,,,,,,,,,,,,,,,,,,,,,,,,2026-04-08 15:32:38+00:00,,,,,,,2,,690,,,,,,,,,,,,,,,,,,,,,,,,,,,False,,,,,,,,,,,,,,,,,,,,,,,,,False,25,,,,,,,,,,,,,,,,,True,,,,,,,,,,,,,,,,,,,0,,,,,,,,,,,,,,,0,,,,
,,,,,,,,,,,,,,,,,,,,,,,,,,,,,,,,,,,,,,,,,,,,,,,,,,,,,,,,,,,,,2026-04-08 15:32:38.646845+00:00,0,,,,,,,,,,,,,,,,,0,,,,,,,,,,,,,,,,,,,,,,,,,,,691,,,,,,,,,,,,,,,,,,,,,,,,,,,,,,,,,,,,,,,,,,,,,,,,,,,,,153,,,,,,,,,,,,,,,,,,,,,,,,,,,,,,,,,,,,,,,,,0,,,,,,,,,,,,,,
,,,,,,,,,,,,,,,,,,,,,,False,,,,,,,,,,,,,,,,2,,,,,,,,,,,,,,,,,,,,,,,2026-04-08 15:32:38.647154+00:00,,,,,5,,,,,,,,,,,,,,,,,,,,,,,,,True,,,,,,,,,,,,,,,692,,,,,,,,,,,,,,,,,,,,,,,,,,,,,,,,,,,,,,,,,,,,,,,,,,,,,20,,,,,,,,,,,,,,,,,,,,,,,,,,,,,,,,,,,,,,,,,,,,,,,,,,,,,,,
,,,,,,,,,,,,,,,,,,,,,,,,,,,,,,,,,,,,,,,,,,,,,,,,,,,,,,,,,,,,,2026-04-08 15:32:38.647163+00:00,0,,,,,,,,,,,,,,,,,,,,,,,,,,,,,,,,,,,,,,,,,,,,693,,,,,,,,,,,,,,,,,,,,,,,,,,,,,,,,,,,,,,,,,,,,,,,,,,,,,247,,,,,,,,,,,,,,,,,,,,,,,,,,,,,,,,,,,,,,,,,,,,,,,,,,4,,,,,
,,,,2026-04-08 08:32:38+00:00,,,,,,,,,,,,,,,,,,,,,,,,,,,,,,,,,,,,,,,,,,,,,,,,,,,,,,,,,2026-04-08 15:32:38.647293+00:00,,,,,,,,,,,,,,,,,,,,,2047,,,,,,,,,,,,,,,,,,,,,,,,694,,,,,,,,,,,,,,,,,,,,,,,,,,,,,,,,,,,,,0,,,,,,,,,,,,,,,,238,,,,,,,,,,,,,,,,,,,,,,,,,,,,,,,,,,,,,,,,,,,,,,,,,,,,,,,
,,,,,,,,,,,,,,,,,,,,,,,,,,,,,,,,,,,,,,,,,,,,,,,,,,,,,,,,,,,,,2026-04-08 15:32:38.647293+00:00,,,,,,,,,,,,,,,,,,,,,,,,,,,,,,,,,,,,,,,,,,,,,695,,,,,,,,,,,,,,,,,,,,,,,,,,,,,,,,,,,,,,,,,,,,,,,,,,,,,25,,,,,,,,,,,,,,,,1,,,,,,,,,,,,,,,,,,,,,,,,,,,,,,,,,,,,,,,
,,,,,,,,,,,,,,,,,,,,,,,,,,,,,,,,,,0,,,,,,,,,,,,,,,,,,,,,,,,,,,2026-04-08 15:32:38.647293+00:00,,,,,,,,,,,,,,,,,,,,,,,,,,,,,,,,,,,,,,,,,,,,,696,,,,,,,,,,,,,,,,,,,,,,,,,,,,,,,,,,,,,,,,,,,,,,,,, NOEXECUTE=OPTIN  FVEBOOT=2666496,,,,27,,,,,,,,,,,,,,,,,,,,,,,,,,,,,,,,,,,,,,,,,,,,,,,,,,,,,,,
,,,,,,,,,,,,,,,,,,,,,,,,,,,,,,,,,,,,,,,,,,,,,,,,,,,,,,,,,,,,,2026-04-08 15:32:38.647299+00:00,,,,,,,,,,,,,,,,,,,,,,,,,,,,,,,,,,,,,,,,,,,,,697,,,,,,,,,,,,,,,,,,,,,,,,,,1,,,,,,,,,,,,,,,,,,,,,,,,,,,18,,,,,,,,,,,,,,,,,,,,,,,,,,,,,,,,,,,,,,,,,,,,,,,,,,,,,,,
,,,,,,,,,,,,,,,,,,,,,,,,,,,,,,,,,,,,,,,,,,,,,,,,,,,,,,,,,,,,,2026-04-08 15:32:38.647316+00:00,,,,,,,,,,,,,,,,,,,,,,,,,,,,,,,,,,,,,,,,,,,,,698,,,,,,,,,,,,,,,,,,,,,,,,,,,,,,,,,,,,,,,,,,,,,,,,,,,,,32,,,,,,,,,,,,,,,0,,,,,,,,,,,,,,,,,,,,,,,,,,,,,,,,,,,,,,,,
,True,,,,,,,,,,,,,,,,,,,,,,,,,,,,,,,,,,,,,,,,,,,,,,,,,,,,,,,,,,,,2026-04-08 15:32:38.649982+00:00,,,,,,0,,,,,,,,,,,,,,,,,,,,,0,,,,,,,,,,,,,,,,,,699,,,,,,,,,,,,,,,,,,,,,,,,,,,,,,,,,,,,,,,,,,,,,,,,,,,,,20,,,,,,,0,,,,,,,,,,,,,,,,,,,,,,,,,,,,,,,,,,,,,,,,,,,,,,,,
,,,,,,,,,,,,,,,,,,,,,,,,,,,,,,,,,,,,,,,,,,,,,,,,,,,,,,,,,,,,,2026-04-08 15:32:38.684671+00:00,,,,,,,,,,,,,,,,,,,,,,,,,,,,,,,,,,,,,,,,,,,,,700,,,,,,,,,,,,,,,,,,,,,,,,,,,,,,,,,,,,,,,,,,,,,,,,,,,,,16,,,,,,,,,,,,,,,,,,,,,,,,,,,,,,,,,,,,,,,,,,,,,,,,,,,,,,,
,,,,,,,,,,,,,,,,,,,,,,,,,,,,,,,,,,,,,,,,,,,,,,,,,,,,,,,,,,,,,2026-04-08 15:32:40.385571+00:00,,,,,,,,,,,,,,,,,,,,,,,,,,,,,,,,,,,,,,,,,,,,,701,,,,,,,,,,,,,,,,,,,,,,,,,,,,,,,,,,,,,,,,,,,,,,,,,,,,,3,,,,,"<string>VMCI: Using capabilities (0x1c).
</string>
<string></string>
",,,,,,,,,,,,,,,,,,,,,,,,,,,,,,,,,,,,,,,,,,,,,,,,,,
,,,,,,,,,,,,,,,,,,,,,,,,,,,,,,,,,,,,,,,,,,,,,,,,,,,,,,,,2093-04-01 18:29:43+00:00,,,,,2026-04-08 15:32:42.395830+00:00,,,,,,,,,,,,,,,,,,,,,,,8,,,,,,,,,,,,,,,,,,,,,,702,,,,,,,,,,,,,,,,,,,,,,,,,,,,,,,,0,,,,0x00000000,,,,,,,,,,,,,,,,,6,,,,FileInfo,,,,,,,,,,,,,,,,,,,,,,,,,,,,,,,,,,,,,,,,,,,,,,,,10,,,
,,,,,,,,,,,,,,,,,,,,,,,,,,,,,,,,,,,,,,,,,,,,,,,,,,,,,,,,2089-07-14 19:58:05+00:00,,,,,2026-04-08 15:32:42.396473+00:00,,,,,,,,,,,,,,,,,,,,,,,3,,,,,,,,,,,,,,,,,,,,,,703,,,,,,,,,,,,,,,,,,,,,,,,,,,,,,,,0,,,,0x00000000,,,,,,,,,,,,,,,,,6,,,,Wof,,,,,,,,,,,,,,,,,,,,,,,,,,,,,,,,,,,,,,,,,,,,,,,,10,,,
,,,,,,,,,,,,,,,,,,,,,,,,,,,,,,,,,,,,,,,,,,,,,,,,,,,,,,,,2028-06-06 02:57:32+00:00,,,,,2026-04-08 15:32:42.397375+00:00,,,,,,,,,,,,,,,,,,,,,,,8,,,,,,,,,,,,,,,,,,,,,,704,,,,,,,,,,,,,,,,,,,,,,,,,,,,,,,,0,,,,0x00000000,,,,,,,,,,,,,,,,,6,,,,WdFilter,,,,,,,,,,,,,,,,,,,,,,,,,,,,,,,,,,,,,,,,,,,,,,,,10,,,
,,,,,0,,,,,,,,,,,,,,,,,,,,,,,,,,,,,,,,,,,,,,,,,,,,,,,,,,,,,,,,2026-04-08 15:32:42.806618+00:00,,,,,,,,,,,,,,,,,,,,,,,,,,,,,,,,,,,,,,,,,,,,,705,,,,,,,,,,,,,,,,,,,,,,,,,,,,,,,,,,,,,,,,,,,,,,,,,,,,,98,,,,\Device\HarddiskVolume3,,,,,,,,,C:,,,,,,,,,,,,,,,,,,,,,,,,,,,,,,,,,,,,,,,,,,
,,,,,,,,,,,,,,,,,,,,,,,,,,,,,,,,,,,,,,,,,,,,,,,,,,,,,,,,2075-08-31 15:07:07+00:00,,,,,2026-04-08 15:32:42.894083+00:00,,,,,,,,,,,,,,,,,,,,,,,9,,,,,,,,,,,,,,,,,,,,,,706,,,,,,,,,,,,,,,,,,,,,,,,,,,,,,,,0,,,,0x00000000,,,,,,,,,,,,,,,,,6,,,,FileCrypt,,,,,,,,,,,,,,,,,,,,,,,,,,,,,,,,,,,,,,,,,,,,,,,,10,,,
,,,,,,,,,,,,,,,,,,,,,,,,,,,,,,,,,,,,,,,,,,,,,,,,,,,,,,,,2061-11-20 00:48:12+00:00,,,,,2026-04-08 15:32:42.899183+00:00,,,,,,,,,,,,,,,,,,,,,,,4,,,,,,,,,,,,,,,,,,,,,,707,,,,,,,,,,,,,,,,,,,,,,,,,,,,,,,,0,,,,0x00000000,,,,,,,,,,,,,,,,,6,,,,UCPD,,,,,,,,,,,,,,,,,,,,,,,,,,,,,,,,,,,,,,,,,,,,,,,,10,,,
,,,,,,,,,,,,,,,,,,,,,,,,,,,,,,,,,,,,,,,,,,,,,,,,,,,,,,,,1978-05-14 02:13:30+00:00,,,,,2026-04-08 15:32:43.026922+00:00,,,,,,,,,,,,,,,,,,,,,,,9,,,,,,,,,,,,,,,,,,,,,,708,,,,,,,,,,,,,,,,,,,,,,,,,,,,,,,,0,,,,0x00000000,,,,,,,,,,,,,,,,,6,,,,npsvctrig,,,,,,,,,,,,,,,,,,,,,,,,,,,,,,,,,,,,,,,,,,,,,,,,10,,,
,,,,,,,False,,,,0,,,,,,,,,,,,,0,,,,,,,0,0,,,,,False,,,,,,,,,,,,,,,,,3,,,,,,,2026-04-08 15:32:43.064974+00:00,,,,,,,0,,,,0,,,,,,,,,,,,,,,,,,,,,,0x0000000000000000,,,,,,,,,0x0000000000000000,,,709,,,,,0,,,,,,,0,,0,,,,,0x0000000000000000,,0x0000000000000000,,False,,,,,,,,,,0,,,,,,,,,,,,,,,,,,,,41,,,,,,,,,,,,False,,0,,,,,,,0,,,,,,,,,,,,,,,,,,,,,,,,,,,,,,,,,,
,,,,,,,,,,,,,,,,2,,,,,,,,,,,,,,,,,,,,,,,,,,,,,,,,,,,,,,,,,,,,,2026-04-08 15:32:43.072535+00:00,,,,,,,,,,,,,,,,,,,,,,,,,,,,,,,,,,,,,,,,,,,,,710,,,,,,,,,,,,,,,,,,,,,,,,,,,,,,,,,,,,,,,,,,,,,,,,,,,,,172,,,,,,,,,,,,,,,,,,,,,,,,,,,,,,,,,,,6,,,,,,,,,,,,,,,,,,,,
,,,,,,,,,,,,,1,,,,,,,,,,,,,,,,,,,,,,,,,,,,,,,,,,,,,,,,,,,,,,,,2026-04-08 15:32:43.294523+00:00,,,,,,,,,,,,,2688,,,,,,100,,,,,0,,,,,,,,,,,,,,,,,,,,,711,,,,,,,,,,,,,,,,,,,,,,,,,,,,,,,,,,,,,,100,,0,,100,,,,,,,,,,,55,,,,,,,,,,,0,,,,,,,,,,,,,,,,,,,,,,,,,,,1,,,,,,,,,,,,,,,,,
,,,,,,,,,,,,,,,,,,,,,,,,,,,,,,,,,,,,,,,,,,,,,,,,,,,,,,,,,,,,,2026-04-08 15:32:43.559895+00:00,,,,,,,,,,,,,,,,,,,,,,,,,,,,,,,,,,,,,,,,,,,,,712,,,,,,,,,,,,,,,,,,,,,,,,,,,,,,,,,,,,,,,,,,,,,,,,,,,,,32,,,,,"<string>Intel(R) 82574L Gigabit Network Connection</string>
<string></string>
",,,,,,,,,,,,,,,,,,,,,,,,,,,,,,,,,,,,,,,,,,,,,,,,,,
,,,,,0,,,,,,,,,,,,,,,,,,,,,,,,,,,,,,,,,,,,,,,,,,,,,,,,,,,,,,,,2026-04-08 15:32:44.145329+00:00,,,,,,,,,,,,,,,,,,,,,,,,,,,,,,,,,,,,,,,,,,,,,713,,,,,,,,,,,,,,,,,,,,,,,,,,,,,,,,,,,,,,,,,,,,,,,,,,,,,98,,,,\Device\HarddiskVolume4,,,,,,,,,\\?\Volume{fca9b761-f183-4070-98ba-e8e2ddff5456},,,,,,,,,,,,,,,,,,,,,,,,,,,,,,,,,,,,,,,,,,
,,,,,,,,,,,,2,,,,,,,,,,,,,,,,,,,,,,,,,,,,0,,,,,,,,,,,,,,,,,,,,,2026-04-08 15:32:44.334846+00:00,,,,,,,,,,,,,,,,,,,,,,,,,,,,,,,,,,,,,,,,,,,,,714,,,,,,,,,,,,,,,,,,0,,,,,,,,,,,,,,,,,,,,,0,,,,,,,,,420,,,,,24,,,,,,,,,,,,,,,,,,,,,,,,,,,,,,,,,,,,,,,,,,,,,,,,,,,,,,,
,,,,,,,,,,,,,,,,,False,,,,,,,,,,,,,,,,,,,,,,,,,,,,,,False,,,,,False,,,,,,,,,2026-04-08 15:32:44.717136+00:00,,,,,,,,,,,,,,,,,,,,,,,,,,,,,,,,,,,,,,,,,,,,,715,,,,,,,,,,,,,,,,,,,,,,,,,,,,,,,,,,,,,,,,,,,,,0,,,,,,,,19,,,,,,,,,,,,,,,,,,,,,,,,,,,,,,,,,,,,,,,,,,,,,,,False,,,,,,,,
,,,,,,,,,,,,,,,,,,,,,,,,,,,,,,,,,,,,0001-01-01 00:00:00,,,,,,,,,,,,,,,,,,,,,,,,,2026-04-08 15:32:44.717159+00:00,,,,,,,,,,,,,,,,False,,,,,,,,,,,,,,,False,,,,,,,,,,,,,,716,,,,,,,,,,,,,,,,,,,,,,,,,,,,,,,0,,,,,,,,,,,,,,0,,,,,,,,25,,,,,,,,,,,,,,,,,,,,,,,,,,,,,,,,,,,,,,,,,,,,,,,,,,,,,,,
,,,,,,,,,,,,,,,,,,,,,,,,,,,,,,,,,,,,,,,,,,,,,,,,,,,,,,,,,,,,,2026-04-08 15:32:44.717737+00:00,,,,,,,,,,,,,,,,,,,,,,,,,,,,,,,,,,,,,,,,,,,,,717,False,,,,,,,,,,,,,,,,,,,,,,,,,,,,,,,,,,,,,,,,,,,,0,,,,,,,,23,,,,,,,,,False,,,,,,,,,,,,,,,,,,,,,,,,,,,,,,,,,False,,,,,,,,,,,,,
,,,,,,,,,,,,,,,,,,,,,,,,,,,,,,,,,,,,,,,,,,,,,,,,,,,,,,,,,,,,,2026-04-08 15:32:44.855787+00:00,,,,,,,,,,,,,,,,,,,,,,,,,,,,,,,,,,,,,,,,,,,,,718,,,,0,,,,,,,0,,,,,,,,,,,,,,,,,,,,,,,,,,,,,,,,,,,,,,,,,,14,,0,,,,,,,,,,,,,,,,,,,,,,,,,,,,,,,,,,,,,,,,,,,,,,,,,,,,,
,,,,,,,,,,,,,,,,,,,,,,,,,,,,,,,,,,,,,,,,,,,,,,,,,,,,,,,,,,,,,2026-04-08 15:32:44.858315+00:00,,,,,,,,,,,,,,,,,,,,,,,,,,,,,,,,,,,,,,,,,,,,,719,,,,,,,,,,,,,,,,,,,,,,,,,,,,,,,,,,4,,,,,,,,,,,,,,,,,,,12,,,,,,,,,,,,,,,,,,,,,,,,,,,,,,,,,,,,,,,,,,,,,,,,,,,,,,,
,,,,,,,,,,,,,,,,,,,,,,,,,,,,,,,,,,,,,,,,,,,,,,,,,,,,,0,,,,,,,,2026-04-08 15:32:44.946751+00:00,,,,,,,,,,,,,,,,,,,,,,,,,,,,,,,,,,,,,,,,,,,,,720,,0,,,,,,,,,,,,,,,,,,,,,,,,,,,,,,,,,,,,,,,,,,,,,,,,,,,6156,,,,,,,,1,,,,,,,,,,,,,,,,,,,,,,,,,,,,,,,,,,,,0,0,,,,,,,,,,
,,,,,,,,,,,,,,,,,,,,,,,,,,,,,,,,,,,,,,,,,,,,,,,,,,,,,,,,,,,,,2026-04-08 15:32:45.246347+00:00,,,,,,,,,,,,,,,,,,,,,,,,,,,,,,,,,,,,,,,,,,,,,721,,,,,,,,,,,,,,,,,,,,,,,,,,,,,,,,,,,,,,,,,,,,,,,,,,,,,16962,,,,,,,,,,,,,,,,,,,,,,,,,,,,,,,,,,,,,,,,,,,,,,O:SYG:SYD:(A;;RC;;;BA),,,,,,,,,
,,,,,,,,,,,,,,,,,,,,,,,,,,,,,,,,,,,,,,,,,,,,0,,,,,,,,,,,,,,,,,2026-04-08 15:32:45.263409+00:00,,,,,,,,,,,,,,,,,,,,,,,,,,,,,,,,,,,-1,,,,,,,,,,722,,,,,,,,,,,,,,,,,,,,,,,,,,,,,,,,,,,,,,,,,,,,,,,,,,,,,16977,,,,,,,,,,,,,,,,,,,,,,,,,,,,,,,,,,,,,,,,,,,,,,,,,,,,,,,0
,,,,,,,,,,,,,,,,,,,,,,,,,,,,,,,,,,,,,,,,,,,,,,,,,,,,,,,,,,,,,2026-04-08 15:32:45.263412+00:00,,,,,,,,,,,,,,,,,,,,,,,,,,,,,,,,,,,,,,,,,,,,,723,,,,,,,,,,,,,,,,,,,,,,,,,,,,,,,,,,,,,,,,,,,,,,,,,,,,,16983,,,,,,,,,,,,,,,,,,,,,,,,,,,,,,,,,,,,,,,,,,,,,,,,,,,,,,,
,,,,,,,,,,,,,,,,,,,,,,,,,,,,,,,,,,,,,,,,,,,,,,,,,,,,,,,,2033-08-14 04:35:15+00:00,,,,,2026-04-08 15:32:46.752100+00:00,,,,,,,,,,,,,,,,,,,,,,,13,,,,,,,,,,,,,,,,,,,,,,724,,,,,,,,,,,,,,,,,,,,,,,,,,,,,,,,0,,,,0x00000000,,,,,,,,,,,,,,,,,6,,,,applockerfltr,,,,,,,,,,,,,,,,,,,,,,,,,,,,,,,,,,,,,,,,,,,,,,,,10,,,
,,,,,,,,,,,,,,,,,,,,,,,,,,,,,,,,,,,,,,,,,,,,,,,,,,,,,,,,2086-03-20 04:03:22+00:00,,,,,2026-04-08 15:32:47.529142+00:00,,,,,,,,,,,,,,,,,,,,,,,3,,,,,,,,,,,,,,,,,,,,,,725,,,,,,,,,,,,,,,,,,,,,,,,,,,,,,,,0,,,,0x00000000,,,,,,,,,,,,,,,,,6,,,,bfs,,,,,,,,,,,,,,,,,,,,,,,,,,,,,,,,,,,,,,,,,,,,,,,,10,,,
,,,,,,,,,,,,,,,,,,,,,,,,,,,,,,,,,,,,,,,,,,,,,,,,,,,,,,,,1985-11-26 07:47:21+00:00,,,,,2026-04-08 15:32:47.554792+00:00,,,,,,,,,,,,,,,,,,,,,,,5,,,,,,,,,,,,,,,,,,,,,,726,,,,,,,,,,,,,,,,,,,,,,,,,,,,,,,,0,,,,0x00000000,,,,,,,,,,,,,,,,,6,,,,wcifs,,,,,,,,,,,,,,,,,,,,,,,,,,,,,,,,,,,,,,,,,,,,,,,,10,,,
,,,,,,,,,,,,,,,,,,,,,,,,,,,,,,,,,,,,,,,,,,,,,,,,,,,,,,,,2057-06-14 06:55:30+00:00,,,,,2026-04-08 15:32:47.569576+00:00,,,,,,,,,,,,,,,,,,,,,,,5,,,,,,,,,,,,,,,,,,,,,,727,,,,,,,,,,,,,,,,,,,,,,,,,,,,,,,,0,,,,0x00000000,,,,,,,,,,,,,,,,,6,,,,luafv,,,,,,,,,,,,,,,,,,,,,,,,,,,,,,,,,,,,,,,,,,,,,,,,10,,,
,,,,,,,,,,,,,,,,,,,,,,,,,,,,,,,,,,,,,,,,,,,,,,,,,,,,,,,,2017-11-02 22:31:51+00:00,,,,,2026-04-08 15:32:47.627283+00:00,,,,,,,,,,,,,,,,,,,,,,,7,,,,,,,,,,,,,,,,,,,,,,728,,,,,,,,,,,,,,,,,,,,,,,,,,,,,,,,0,,,,0x00000000,,,,,,,,,,,,,,,,,6,,,,UnionFS,,,,,,,,,,,,,,,,,,,,,,,,,,,,,,,,,,,,,,,,,,,,,,,,10,,,
,,,,,,,,,,,,,,,,,,,,,,,,,,,,,,,,,,,,,,,,,,,,,,,,,,,,,,,,1991-05-02 13:16:55+00:00,,,,,2026-04-08 15:32:47.628719+00:00,,,,,,,,,,,,,,,,,,,,,,,6,,,,,,,,,,,,,,,,,,,,,,729,,,,,,,,,,,,,,,,,,,,,,,,,,,,,,,,0,,,,0x00000000,,,,,,,,,,,,,,,,,6,,,,CldFlt,,,,,,,,,,,,,,,,,,,,,,,,,,,,,,,,,,,,,,,,,,,,,,,,10,,,
,,,,,,,,,,,,,,,,,,,,,,,,,,,,,,,,,,,,,,,,,,,,,,,,,,,,,,,,1991-05-02 13:16:55+00:00,,,,,2026-04-08 15:32:47.628725+00:00,,,,,,,,,,,,,,,,,,,,,,,6,,,,,,,,,,,,,,,,,,,,,,730,,,,,,,,,,,,,,,,,,,,,,,,,,,,,,,,0,,,,0x00000000,,,,,,,,,,,,,,,,,1,,,,CldFlt,,,,,,,,,,,,,,,,,,,,,,,,,,,,,,,,,,,,,,,,,,,,,,,,10,,,
,,,,,,,,,,,,,,,,,,,,,,,,,,,,,,,,,,,,,,,,,,,,,,,,,,,,,,,,1991-05-02 13:16:55+00:00,,,,,2026-04-08 15:32:47.628798+00:00,,,,,,,,,,,,,,,,,,,,,,,6,,,,,,,,,,,,,,,,,,,,,,731,,,,,,,,,,,,,,,,,,,,,,,,,,,,,,,,0,,,,0x00000000,,,,,,,,,,,,,,,,,6,,,,CldFlt,,,,,,,,,,,,,,,,,,,,,,,,,,,,,,,,,,,,,,,,,,,,,,,,10,,,
,,,,,,,,,,,,,,,,,,,,,,,,,,,,,,,,,,,,,,,,,,,,,,,,,,,,,,,,2016-04-28 15:00:23+00:00,,,,,2026-04-08 15:32:47.642132+00:00,,,,,,,,,,,,,,,,,,,,,,,10,,,,,,,,,,,,,,,,,,,,,,732,,,,,,,,,,,,,,,,,,,,,,,,,,,,,,,,0,,,,0x00000000,,,,,,,,,,,,,,,,,6,,,,storqosflt,,,,,,,,,,,,,,,,,,,,,,,,,,,,,,,,,,,,,,,,,,,,,,,,10,,,
,,,,,,,,,,,,,,,,,,,,,,,,,,,,,,,,,,,,,,,,,,,,,,,,,,,,,,,,2081-10-17 14:34:26+00:00,,,,,2026-04-08 15:32:47.653284+00:00,,,,,,,,,,,,,,,,,,,,,,,7,,,,,,,,,,,,,,,,,,,,,,733,,,,,,,,,,,,,,,,,,,,,,,,,,,,,,,,0,,,,0x00000000,,,,,,,,,,,,,,,,,6,,,,bindflt,,,,,,,,,,,,,,,,,,,,,,,,,,,,,,,,,,,,,,,,,,,,,,,,10,,,
,,,,,,,,,,,,,,,,,,,,,,,,,,,,,,,,,,,,,,,,,,,,,,,,,,,,,,,,,,,,,2026-04-08 15:32:48.684641+00:00,,,,,,,,,,,,,,,,,,,,,,,,,,,,,,,,,,,,,,,,,,,,,734,,,,,,,,,,,,,,,,,,,,,,,,,,,,,,,,,,,,,,,,,,,,,,,,,,,,,50036,,,,,,,,,,,,,,,,,,,,,,,,,,,,,,,,,,,,,,,,,,,,,,,,,,,,,,,
,,,,,,,,,,,,,,,,,,,,,,,,,,,,,,,,,,,,,,,,,,,,,,,,,,,,,,,,,,,,,2026-04-08 15:32:48.685562+00:00,,,,,,,,,,,,,,,,,,,,,,,,,,,,,,,,,,,,,,,,,,,,,735,,,,,,,,,,,,,,,,,,,,,,,,,,,,,,,,,,,,,,,,,,,,,,,,,,,,,50103,,,,,,,,,,,,,,,,,,,,,,,,,,,,,,,,,,,,,,,,,,,,,,,,,,,,,,,
,,,,,,,,,,,,,,,,,,,,,,,,,,,,,,,,,,,,,,,,,,,,,,,,,,,,,,,,,,,,,2026-04-08 15:32:48.685951+00:00,,,,,,,,,,,,,,,,,,,,,,,,,,,,,,,,,,,,,,,,,,,,,736,,,,,,,,,,,,,,,,,,,,,,,,,,,,,,,,,,,,,,,,,,,,,,,,,,,,,50036,,,,,,,,,,,,,,,,,,,,,,,,,,,,,,,,,,,,,,,,,,,,,,,,,,,,,,,
,,,,,,,,,,,,,,,,,,,,,,,,,,,,,,,,,,,,,,,,,,,,,,,,,,,,,,,,,,,,,2026-04-08 15:32:48.777119+00:00,,,,,,,,,,,,,,,,,,,,,,,,,,,,,,,,,,,,,,,,,,,,,737,,,,,,,,,,,,,,,,,,,,,,,,,,,,,,,,,,,,,,,,,,,,,,,,,,,,,51046,,,,,,,,,,,,,,,,,,,,,,,,,,,,,,,,,,,,,,,,,,,,,,,,,,,,,,,
,,,,,,,,,,,,,,4,,,,,,,,,,,,,,,,,,,,,,,,,,,,,,,,,,,,,,,,,,,,,,,2026-04-08 15:32:50.197615+00:00,,,,,,,,,,,,,,,,,,,,,,,,,,,,,,,,,,,,,,0,,,,,,,738,,,,,,,,,,,,,,,,,,,,,,,,,,,,S-1-5-18,,,,,,,,,,,,,,,,,,,,,,,,,112,,,,,,,,,,,,,,,,,,,,,,,,,,,,,http://*:5357/,,,,,,,,,,,,,,,,,,,,,,,,,,
,,,,,,,,,,,,,,4,,,,,,,,,,,,,,,,,,,,,,,,,,,,,,,,,,,,,,,,,,,,,,,2026-04-08 15:32:50.197620+00:00,,,,,,,,,,,,,,,,,,,,,,,,,,,,,,,,,,,,,,0,,,,,,,739,,,,,,,,,,,,,,,,,,,,,,,,,,,,S-1-5-18,,,,,,,,,,,,,,,,,,,,,,,,,112,,,,,,,,,,,,,,,,,,,,,,,,,,,,,http://+:80/Temporary_Listen_Addresses/,,,,,,,,,,,,,,,,,,,,,,,,,,
,,,,,,,,,,,,,,4,,,,,,,,,,,,,,,,,,,,,,,,,,,,,,,,,,,,,,,,,,,,,,,2026-04-08 15:32:50.197624+00:00,,,,,,,,,,,,,,,,,,,,,,,,,,,,,,,,,,,,,,0,,,,,,,740,,,,,,,,,,,,,,,,,,,,,,,,,,,,S-1-5-18,,,,,,,,,,,,,,,,,,,,,,,,,112,,,,,,,,,,,,,,,,,,,,,,,,,,,,,https://*:5358/,,,,,,,,,,,,,,,,,,,,,,,,,,
,,,,,,,,,,,,,,4,,,,,,,,,,,,,,,,,,,,,,,,,,,,,,,,,,,,,,,,,,,,,,,2026-04-08 15:32:50.197628+00:00,,,,,,,,,,,,,,,,,,,,,,,,,,,,,,,,,,,,,,0,,,,,,,741,,,,,,,,,,,,,,,,,,,,,,,,,,,,S-1-5-18,,,,,,,,,,,,,,,,,,,,,,,,,112,,,,,,,,,,,,,,,,,,,,,,,,,,,,,http://*:2869/,,,,,,,,,,,,,,,,,,,,,,,,,,
,,,,,,,,,,,,,,4,,,,,,,,,,,,,,,,,,,,,,,,,,,,,,,,,,,,,,,,,,,,,,,2026-04-08 15:32:50.197634+00:00,,,,,,,,,,,,,,,,,,,,,,,,,,,,,,,,,,,,,,0,,,,,,,742,,,,,,,,,,,,,,,,,,,,,,,,,,,,S-1-5-18,,,,,,,,,,,,,,,,,,,,,,,,,112,,,,,,,,,,,,,,,,,,,,,,,,,,,,,https://+:5986/wsman/,,,,,,,,,,,,,,,,,,,,,,,,,,
,,,,,,,,,,,,,,4,,,,,,,,,,,,,,,,,,,,,,,,,,,,,,,,,,,,,,,,,,,,,,,2026-04-08 15:32:50.197639+00:00,,,,,,,,,,,,,,,,,,,,,,,,,,,,,,,,,,,,,,0,,,,,,,743,,,,,,,,,,,,,,,,,,,,,,,,,,,,S-1-5-18,,,,,,,,,,,,,,,,,,,,,,,,,112,,,,,,,,,,,,,,,,,,,,,,,,,,,,,http://+:47001/wsman/,,,,,,,,,,,,,,,,,,,,,,,,,,
,,,,,,,,,,,,,,4,,,,,,,,,,,,,,,,,,,,,,,,,,,,,,,,,,,,,,,,,,,,,,,2026-04-08 15:32:50.197643+00:00,,,,,,,,,,,,,,,,,,,,,,,,,,,,,,,,,,,,,,0,,,,,,,744,,,,,,,,,,,,,,,,,,,,,,,,,,,,S-1-5-18,,,,,,,,,,,,,,,,,,,,,,,,,112,,,,,,,,,,,,,,,,,,,,,,,,,,,,,http://+:5985/wsman/,,,,,,,,,,,,,,,,,,,,,,,,,,
,,,,,,,,,,,,,,4,,,,,,,,,,,,,,,,,,,,,,,,,,,,,,,,,,,,,,,,,,,,,,,2026-04-08 15:32:50.197647+00:00,,,,,,,,,,,,,,,,,,,,,,,,,,,,,,,,,,,,,,0,,,,,,,745,,,,,,,,,,,,,,,,,,,,,,,,,,,,S-1-5-18,,,,,,,,,,,,,,,,,,,,,,,,,112,,,,,,,,,,,,,,,,,,,,,,,,,,,,,https://+:3392/rdp/,,,,,,,,,,,,,,,,,,,,,,,,,,
,,,,,,,,,,,,,,4,,,,,,,,,,,,,,,,,,,,,,,,,,,,,,,,,,,,,,,,,,,,,,,2026-04-08 15:32:50.197655+00:00,,,,,,,,,,,,,,,,,,,,,,,,,,,,,,,,,,,,,,0,,,,,,,746,,,,,,,,,,,,,,,,,,,,,,,,,,,,S-1-5-18,,,,,,,,,,,,,,,,,,,,,,,,,112,,,,,,,,,,,,,,,,,,,,,,,,,,,,,https://+:443/sra_{BA195980-CD49-458b-9E23-C84EE0ADCD75}/,,,,,,,,,,,,,,,,,,,,,,,,,,
,,,,,,,,,,,,,,4,,,,,,,,,,,,,,,,,,,,,,,,,,,,,,,,,,,,,,,,,,,,,,,2026-04-08 15:32:50.197659+00:00,,,,,,,,,,,,,,,,,,,,,,,,,,,,,,,,,,,,,,0,,,,,,,747,,,,,,,,,,,,,,,,,,,,,,,,,,,,S-1-5-18,,,,,,,,,,,,,,,,,,,,,,,,,112,,,,,,,,,,,,,,,,,,,,,,,,,,,,,http://+:10247/apps/,,,,,,,,,,,,,,,,,,,,,,,,,,
,,,,,,,,,,,,,,4,,,,,,,,,,,,,,,,,,,,,,,,,,,,,,,,,,,,,,,,,,,,,,,2026-04-08 15:32:50.197666+00:00,,,,,,,,,,,,,,,,,,,,,,,,,,,,,,,,,,,,,,0,,,,,,,748,,,,,,,,,,,,,,,,,,,,,,,,,,,,S-1-5-18,,,,,,,,,,,,,,,,,,,,,,,,,112,,,,,,,,,,,,,,,,,,,,,,,,,,,,,https://+:10245/WMPNSSv4/,,,,,,,,,,,,,,,,,,,,,,,,,,
,,,,,,,,,,,,,,4,,,,,,,,,,,,,,,,,,,,,,,,,,,,,,,,,,,,,,,,,,,,,,,2026-04-08 15:32:50.197670+00:00,,,,,,,,,,,,,,,,,,,,,,,,,,,,,,,,,,,,,,0,,,,,,,749,,,,,,,,,,,,,,,,,,,,,,,,,,,,S-1-5-18,,,,,,,,,,,,,,,,,,,,,,,,,112,,,,,,,,,,,,,,,,,,,,,,,,,,,,,http://+:10243/WMPNSSv4/,,,,,,,,,,,,,,,,,,,,,,,,,,
,,,,,,,,,,,,,,4,,,,,,,,,,,,,,,,,,,,,,,,,,,,,,,,,,,,,,,,,,,,,,,2026-04-08 15:32:50.197674+00:00,,,,,,,,,,,,,,,,,,,,,,,,,,,,,,,,,,,,,,0,,,,,,,750,,,,,,,,,,,,,,,,,,,,,,,,,,,,S-1-5-18,,,,,,,,,,,,,,,,,,,,,,,,,112,,,,,,,,,,,,,,,,,,,,,,,,,,,,,http://+:10246/MDEServer/,,,,,,,,,,,,,,,,,,,,,,,,,,
,,,,,,,,,,,,,,,,,,,,,,,,,,,,,,,,,,,,,,,,,,,,,,,,,,,,,,,,,,,,,2026-04-08 15:32:55.819851+00:00,,,,,,,,,,,,,,,,,,,,,,,,,,,,,,,,,,,,,,,,,,,,,751,,,,,,,,,,,,,,,,,,,,,,,,,,,,,,,,,,,,,,,,,,,,,,,,,,,,,7026,,,,,,,,,,,,,,,,,,,,,,,"
dam
uiomap",,,,,,,,,,,,,,,,,,,,,,,,,,,,,,,,
,,,,,,,,,,,,,,,,,,,,,,,,,,,,,,,,,,,,,,,,,,0,,,,,,,,,,,,,,,,,,,2026-04-08 15:32:55.822142+00:00,,,,,,,,,,,,,,,,,,,,,,,,,,,,,,,,,,,,,,,,,,,,,752,,,,,,,,,,,,,,,,,,,,,,,,,,,,,,,,,,,,,,,,,,,,,,,,,,,,,18,,,,,,,,,,,,,,,,,,,,,,,,,,,,,,,,,,,,,,,0x00000014,,,,,,,,,,217,,,,,,
,,,,,,,,,,,,,,,,,,,,,,,,,,,,,,,,,,,,,,,,,,0,,,,,,,,,,,,,,,,,,,2026-04-08 15:32:59.668480+00:00,,,,,,,,,,,,,,,,,,,,,,,,,,,,,,,,,,,,,,,,,,,,,753,,,,,,,,,,,,,,,,,,,,,,,,,,,,,,,,,,,,,,,,,,,,,,,,,,,,,20,,,,,,,,,,,,,,,,,,,,,,,,,,,,,,,,,,,,,,,0x0000001c,,,,,,,,,,2017,,,,,,
,,,,,,,,,,,,,,,,,,,,,,,,,,,,,,,,,,,,,,,,,,,,,,,,,,,,,,,,,,,,,2026-04-08 15:32:59.821350+00:00,,,,,,,,,,,,,,,,,,,,,,,,,,,,,,,,,,,,,,,,,1,,,,754,,,,,,,,,,,,,,,,,,,,,,,,,,,,S-1-5-21-2352865859-2334931103-2005901029-1001,,,,,,,,,,,,,,,,,,,,,,,,,7001,,,,,,,,,,,,,,,,,,,,,,,,,,,,,,,,,,,,,,,,,,,,,,,,,,,,,,,
,,,,,,,,,,,,,,,,,,,,,,,,,,,,,,,,,,,,,,,,,,,,,,,,,,,,,,,,,,,,,2026-04-08 15:33:16.254761+00:00,,,,,,,,,,,,,,,,,,,,,,,,,,,,,,,,,,,,,,,,,,,,,755,,,,,,,,,,,,,,,,,,,,,,,,,,,,,,,,,,,,,,,,,,,,,,,,,,,,,10010,,,,,,,,,,,,,,,,,,,,,,,{A7451292-7906-414C-BB7B-DFD32C749E5C},,,,,,,,,,,,,,,,,,,,,,,,,,,,,,,,
,,,,,,TrustedInstaller,,,,,,,,,,,,,,,,,auto start,,,,,,,,,,,,,,,,,,,,,,,,,,,,,,,,,,,,,,2026-04-08 15:33:37.817272+00:00,,,,,,,,,,,,,,,,,,,,,,,,,,,,,,,,demand start,,,,,,,,,,,,,756,,,,,,,,,,,,,,,,,,,,,,,,,,,,,,,,,,,,,,,,,,,,,,,,,,,,,7040,,,,,,,,,,,,,,,,,,,,,,,Windows Modules Installer,,,,,,,,,,,,,,,,,,,,,,,,,,,,,,,,
,,,,,,TrustedInstaller,,,,,,,,,,,,,,,,,demand start,,,,,,,,,,,,,,,,,,,,,,,,,,,,,,,,,,,,,,2026-04-08 15:33:42.548351+00:00,,,,,,,,,,,,,,,,,,,,,,,,,,,,,,,,auto start,,,,,,,,,,,,,757,,,,,,,,,,,,,,,,,,,,,,,,,,,,,,,,,,,,,,,,,,,,,,,,,,,,,7040,,,,,,,,,,,,,,,,,,,,,,,Windows Modules Installer,,,,,,,,,,,,,,,,,,,,,,,,,,,,,,,,
,,,,,,,,,,,,,,,,,,,,,,,,,,,,,,,,,,,,,,,,,,,,,,,,,,,,,,,,,,,,,2026-04-08 15:33:43.265921+00:00,,,,,,,,,,,,,,,,,,,,,,,,,,,,,,,,,,,,,,,,,,,,,758,,,,,,,,,,,,,,,,,,,,,,,,,,,,,,,,,,,,,,,,,,,,,,,,,,,,,1041,,,,,,,,,,,,,,,,,,,,,,,,,,,,"{""Version"":1,""HealthStatus"":""Attestable"",""Required"":[{""Field"":""TpmPresent"",""Value"":true,""DesiredValue"":true},{""Field"":""TpmMeetsMinimumVersion"",""Value"":true,""DesiredValue"":true},{""Field"":""TpmIsResponsive"",""Value"":true,""DesiredValue"":true},{""Field"":""EkCertIsAvailable"",""Value"":true,""DesiredValue"":true},{""Field"":""TcgLogFound"",""Value"":true,""DesiredValue"":true}],""Expected"":[{""Field"":""PcrsMatchTcgLog"",""Value"":true,""DesiredValue"":true}],""Informational"":[{""Field"":""SecureBootEnabled"",""ValueFromComputer"":false,""ValueFromTcgLog"":false,""DesiredValue"":true,""TcgValueIsVerifiable"":true},{""Field"":""VirtualSecureMemory"",""ValueFromComputer"":false,""ValueFromTcgLog"":false,""DesiredValue"":true,""TcgValueIsVerifiable"":true},{""Field"":""SecureCorePCCompliant"",""ValueFromComputer"":false,""ValueFromTcgLog"":false,""DesiredValue"":true,""TcgValueIsVerifiable"":true}{""Field"":""BootTcgLogFoundInFileSystem"",""Value"":true,""DesiredValue"":true},{""Field"":""CurrentTcgLogFoundInFileSystem"",""Value"":true,""DesiredValue"":true}]}",,,,,,,,,,,,,,,,,,,,,,,,,,,
,,,,,,,,,,,,,,,,,,,,,,,,,,,,,,,,,,,,,,,,,,,,,,,,,,,,,,,,,,,,,2026-04-08 15:33:43.266010+00:00,,,,,,,,,,,,,,,,,,,,,,,,,,,,,,,,,,,,,,,,,,,,,759,,,,,,,,,C:\WINDOWS\Logs\MeasuredBoot\0000000006-0000000000.json,,,,,,,,,,,,,,,,,,,,,,,,,,,,,,,,,,,,,,,,,,,,1038,,,,,,,,,,,,,,,,,,,,,,,,,,,,,,,,,,,,,,,,,,,,,,,,,,,,,,,
,,,,,,,,,,,,,,,,,,,,,,,,,,,,,,,,,,,,,,,,,,,,,,,,,,,,,,,,,,,,,2026-04-08 15:33:51.433323+00:00,,,,,,,,,,,,,,,,,,,,,,,,,,,,,,,,,,,,,,,,,,,,,760,,,,,,,,,,,,,,,,,,,,,,,,,,,,,,,,,,,,,,,,,,,,,,,,,,,,,1282,,,,,,,,,,,,,,,,,,,,,,,,,,,,,,,,,,,,,,,,,,,,,,,,,,,,,,,
,,,,,,,,,,,,,,,,,,,,,,,,,,,,,,,,,,,,,,,,,,,,,,,,,,,,,,,,,,,,,2026-04-08 15:34:01.278645+00:00,,,,,,,,,,,,,,,,,,,,,,,,,,,,,,,,,,,,,,,,,,,,,761,,,,,,,,,,,,,,,,,,,,,,,,,,,,,,,,,,,,,,,,,,,,,,,,,,,,,1025,,,,,,,,,,,,,,,,,,,,,,,,,,,,,,,,,,,,,,,,,,,,,,,,,,,,,,,
,,,,,,,,,,,,,,,,,,,,,,,,,,,,,,,,,,,,,,,,,,,{81ee8a1b-2dff-11f1-a9df-000c29be682a},,,,,,,,,,,,,,,,,,2026-04-08 15:34:23.068884+00:00,0xc0000022,,,,,,,,,,,,,,,,,,,,,,,,,,,,,,,,,,,,,,,,,,,{81ee8a1a-2dff-11f1-a9df-000c29be682a},762,,,,,,,,\SystemRoot\System32\AppLocker\AppCache.dat,,,,,,,,,,,,,,,,,,,,,,,,,,,,,,,,,,,,,,,,,,,,,11,,,43,,,,,,,,,,,,,,,,,,,,,,,,,,,,,,,,,,,,,,,,0,,,,,,,,,,,,
,,,,,,,,,,,,,,,,,,,,,,,,,,,,,,,,,,,,,,,,,,,{2e6cd3d0-3360-11f1-a9e4-000c297f88c6},,,,,,,,,,,,,,,,,,2026-04-08 15:34:23.069044+00:00,0xc0000022,,,,,,,,,,,,,,,,,,,,,,,,,,,,,,,,,,,,,,,,,,,{2e6cd3cf-3360-11f1-a9e4-000c297f88c6},763,,,,,,,,\SystemRoot\System32\AppLocker\AppCache.dat,,,,,,,,,,,,,,,,,,,,,,,,,,,,,,,,,,,,,,,,,,,,,11,,,43,,,,,,,,,,,,,,,,,,,,,,,,,,,,,,,,,,,,,,,,7,,,,,,,,,,,,
,,,,,,BITS,,,,,,,,,,,,,,,,,auto start,,,,,,,,,,,,,,,,,,,,,,,,,,,,,,,,,,,,,,2026-04-08 15:34:24.186737+00:00,,,,,,,,,,,,,,,,,,,,,,,,,,,,,,,,demand start,,,,,,,,,,,,,764,,,,,,,,,,,,,,,,,,,,,,,,,,,,,,,,,,,,,,,,,,,,,,,,,,,,,7040,,,,,,,,,,,,,,,,,,,,,,,Background Intelligent Transfer Service,,,,,,,,,,,,,,,,,,,,,,,,,,,,,,,,
,,,,,,Windows.SecurityCenter.WscCloudBackupProvider,,LocalHost (Using LRPC),,,,,,,,,,,,,,,Launch,,,,,,,,,,,,,,,,,,Unavailable,,,,,,,,,,,,,,,,,,,,2026-04-08 15:34:27.814009+00:00,,pizza,,,,,,,,,,Unavailable,,,,,,,,NormalVM,,,,,,,,,,,,Local,,,,,,,,,,,,,765,,,,,,,,,,,,,,,,,,,,,,,,,,,,,,,,,,,,,,,,,,,,,,,,,,,,,10016,,,,,,S-1-5-21-2352865859-2334931103-2005901029-1001,,,,,,,,,,,,,,,,,application-specific,,,,,,,,,,,Unavailable,,,,,,,,,,,,,,,,,,,,,
,,,,,,Windows.SecurityCenter.WscCloudBackupProvider,,LocalHost (Using LRPC),,,,,,,,,,,,,,,Launch,,,,,,,,,,,,,,,,,,Unavailable,,,,,,,,,,,,,,,,,,,,2026-04-08 15:34:28.999758+00:00,,pizza,,,,,,,,,,Unavailable,,,,,,,,NormalVM,,,,,,,,,,,,Local,,,,,,,,,,,,,766,,,,,,,,,,,,,,,,,,,,,,,,,,,,,,,,,,,,,,,,,,,,,,,,,,,,,10016,,,,,,S-1-5-21-2352865859-2334931103-2005901029-1001,,,,,,,,,,,,,,,,,application-specific,,,,,,,,,,,Unavailable,,,,,,,,,,,,,,,,,,,,,
,,,,,,Windows.SecurityCenter.WscCloudBackupProvider,,LocalHost (Using LRPC),,,,,,,,,,,,,,,Launch,,,,,,,,,,,,,,,,,,Unavailable,,,,,,,,,,,,,,,,,,,,2026-04-08 15:34:32.382229+00:00,,pizza,,,,,,,,,,Unavailable,,,,,,,,NormalVM,,,,,,,,,,,,Local,,,,,,,,,,,,,767,,,,,,,,,,,,,,,,,,,,,,,,,,,,,,,,,,,,,,,,,,,,,,,,,,,,,10016,,,,,,S-1-5-21-2352865859-2334931103-2005901029-1001,,,,,,,,,,,,,,,,,application-specific,,,,,,,,,,,Unavailable,,,,,,,,,,,,,,,,,,,,,
,,,,,,Windows.SecurityCenter.WscDataProtection,,LocalHost (Using LRPC),,,,,,,,,,,,,,,Launch,,,,,,,,,,,,,,,,,,Unavailable,,,,,,,,,,,,,,,,,,,,2026-04-08 15:35:03.206865+00:00,,SYSTEM,,,,,,,,,,Unavailable,,,,,,,,NT AUTHORITY,,,,,,,,,,,,Local,,,,,,,,,,,,,768,,,,,,,,,,,,,,,,,,,,,,,,,,,,,,,,,,,,,,,,,,,,,,,,,,,,,10016,,,,,,S-1-5-18,,,,,,,,,,,,,,,,,application-specific,,,,,,,,,,,Unavailable,,,,,,,,,,,,,,,,,,,,,
,,,,,,Windows.SecurityCenter.WscBrokerManager,,LocalHost (Using LRPC),,,,,,,,,,,,,,,Launch,,,,,,,,,,,,,,,,,,Unavailable,,,,,,,,,,,,,,,,,,,,2026-04-08 15:35:03.206865+00:00,,SYSTEM,,,,,,,,,,Unavailable,,,,,,,,NT AUTHORITY,,,,,,,,,,,,Local,,,,,,,,,,,,,769,,,,,,,,,,,,,,,,,,,,,,,,,,,,,,,,,,,,,,,,,,,,,,,,,,,,,10016,,,,,,S-1-5-18,,,,,,,,,,,,,,,,,application-specific,,,,,,,,,,,Unavailable,,,,,,,,,,,,,,,,,,,,,
,,,,,,Windows.SecurityCenter.SecurityAppBroker,,LocalHost (Using LRPC),,,,,,,,,,,,,,,Launch,,,,,,,,,,,,,,,,,,Unavailable,,,,,,,,,,,,,,,,,,,,2026-04-08 15:35:03.209446+00:00,,SYSTEM,,,,,,,,,,Unavailable,,,,,,,,NT AUTHORITY,,,,,,,,,,,,Local,,,,,,,,,,,,,770,,,,,,,,,,,,,,,,,,,,,,,,,,,,,,,,,,,,,,,,,,,,,,,,,,,,,10016,,,,,,S-1-5-18,,,,,,,,,,,,,,,,,application-specific,,,,,,,,,,,Unavailable,,,,,,,,,,,,,,,,,,,,,
,,,,,,,,,,Update for Microsoft Defender Antivirus antimalware platform - KB4052623 (Version 4.18.26020.6) - Current Channel (Broad),,,,,,,,,,200,,,,,,,,,,,,,,,,,,,,,,,,,,,,,,,,,,,,,,{4bcd7f44-6dc3-450b-ab93-5144f16efa06},,,2026-04-08 15:35:09.144648+00:00,,,,,,,,,,,,,,,,,,,,,,,,,,,,,,,,,,,,,,,,,,,,,771,,,,,,,,,,,,,,,,,,,,,,,,,,,,,,,,,,,,,,,,,,,,,,,,,,,,,44,,,,,,,,,,,,,,,,,,,,,,,,,,,,,,,,,,,,,,,,,,,,,,,,,,,,,,,
,,,,,,,,,,Security Intelligence Update for Microsoft Defender Antivirus - KB2267602 (Version 1.447.231.0) - Current Channel (Broad),,,,,,,,,,200,,,,,,,,,,,,,,,,,,,,,,,,,,,,,,,,,,,,,,{8005a82d-7d7b-4d64-9d5b-31205f9007ce},,,2026-04-08 15:36:27.786278+00:00,,,,,,,,,,,,,,,,,,,,,,,,,,,,,,,,,,,,,,,,,,,,,772,,,,,,,,,,,,,,,,,,,,,,,,,,,,,,,,,,,,,,,,,,,,,,,,,,,,,44,,,,,,,,,,,,,,,,,,,,,,,,,,,,,,,,,,,,,,,,,,,,,,,,,,,,,,,
,,,,,,,,,,Update for Microsoft Defender Antivirus antimalware platform - KB4052623 (Version 4.18.26020.6) - Current Channel (Broad),,,,,,,,,,200,,,,,,,,,,,,,,,,,,,,,,,,,,,,,,,,,,,,,,{4bcd7f44-6dc3-450b-ab93-5144f16efa06},,,2026-04-08 15:36:28.552219+00:00,,,,,,,,,,,,,,,,,,,,,,,,,,,,,,,,,,,,,,,,,,,,,773,,,,,,,,,,,,,,,,,,,,,,,,,,,,,,,,,,,,,,,,,,,,,,,,,,,,,43,,,,,,,,,,,,,,,,,,,,,,,,,,,,,,,,,,,,,,,,,,,,,,,,,,,,,,,
,,,,,,BITS,,,,,,,,,,,,,,,,,demand start,,,,,,,,,,,,,,,,,,,,,,,,,,,,,,,,,,,,,,2026-04-08 15:36:36.344606+00:00,,,,,,,,,,,,,,,,,,,,,,,,,,,,,,,,auto start,,,,,,,,,,,,,774,,,,,,,,,,,,,,,,,,,,,,,,,,,,,,,,,,,,,,,,,,,,,,,,,,,,,7040,,,,,,,,,,,,,,,,,,,,,,,Background Intelligent Transfer Service,,,,,,,,,,,,,,,,,,,,,,,,,,,,,,,,
,,,,,,,,,,,,,,,,,,,,,,,,,,,,,,,,,,,,,,,,,,,,,,,,,,,,,,,,2028-06-06 02:57:32+00:00,,,,,2026-04-08 15:36:51.122482+00:00,,,,,,,,,,,,,,,,,,,,,,,8,,,,,,,,,,,,,,,,,,,,,,775,,,,,,,,,,,,,,,,,,,,,,,,,,,,,,,,0,,,,0x00000000,,,,,,,,,,,,,,,,,1,,,,WdFilter,,,,,,,,,,,,,,,,,,,,,,,,,,,,,,,,,,,,,,,,,,,,,,,,10,,,
,,,,,,,,,,,,,,,,,,,"""C:\ProgramData\Microsoft\Windows Defender\Platform\4.18.26020.6-0\MpDefenderCoreService.exe""",,,,,,,,,,,,,,,,,,,,,,,,,,,,,,,,,,,,,,auto start,,,,2026-04-08 15:36:55.515686+00:00,,,,LocalSystem,,,,,,,,,,,,,,,,,,,,,,,,,,,,,,,,,,,,,,,,,776,,,,,,,,,,,,,,,,,Microsoft Defender Core Service,,,,,,,,,,,,,,,,,,,,,,,,,,,,,,,,,,,,7045,,,,,,,,,,,,,,,,,,,,,,,,,,,,,,,,user mode service,,,,,,,,,,,,,,,,,,,,,,,
,,,,,,,,,,,,,,,,,,,,,,,,,,,,,,,,,,,,,,,,,,,,,,,,,,,,,,,,2052-04-01 03:08:29+00:00,,,,,2026-04-08 15:36:58.319630+00:00,,,,,,,,,,,,,,,,,,,,,,,8,,,,,,,,,,,,,,,,,,,,,,777,,,,,,,,,,,,,,,,,,,,,,,,,,,,,,,,0,,,,0x00000000,,,,,,,,,,,,,,,,,6,,,,WdFilter,,,,,,,,,,,,,,,,,,,,,,,,,,,,,,,,,,,,,,,,,,,,,,,,10,,,
,,,,,,,,,,,,,,,,,,,system32\drivers\KslD.sys,,,,,,,,,,,,,,,,,,,,,,,,,,,,,,,,,,,,,,demand start,,,,2026-04-08 15:36:58.428854+00:00,,,,,,,,,,,,,,,,,,,,,,,,,,,,,,,,,,,,,,,,,,,,,778,,,,,,,,,,,,,,,,,KslD,,,,,,,,,,,,,,,,,,,,,,,,,,,,,,,,,,,,7045,,,,,,,,,,,,,,,,,,,,,,,,,,,,,,,,kernel mode driver,,,,,,,,,,,,,,,,,,,,,,,
,,,,,,,,,,Update for Microsoft Defender Antivirus antimalware platform - KB4052623 (Version 4.18.26020.6) - Current Channel (Broad),,,,,,,,,,200,,,,,,,,,,{9482f4b4-e343-43b6-b170-9a65bc822c77},,,,,,,,,,,,,,,,,,,,,,,,,,,,{4bcd7f44-6dc3-450b-ab93-5144f16efa06},,,2026-04-08 15:37:13.416636+00:00,,,,,,,,,,,,,,,,,,,,,,,,,,,,,,,,,,,,,,,,,,,,,779,,,,,,,,,,,,,,,,,,,,,,,,,,,,,,,,,,,,,,,,,,,,,,,,,,,,,19,,,,,,,,,,,,,,,,,,,,,,,,,,,,,,,,,,,,,,,,,,,,,,,,,,,,,,,
,,,,,,,,,,,,,,,,,,\??\C:\ProgramData\Microsoft\Windows\AppRepository\Packages\Microsoft.Edge.GameAssist_1.0.3590.0_x64__8wekyb3d8bbwe\ActivationStore.dat,,,,,,,,,,,,,,,,,,,,,0,,,,,,,,,,,,,,,,,,,,,,2026-04-08 15:37:22.926342+00:00,,,,,,,,,,,,,,,,,,,,,,,,,,,,,,,,,,,,,,,,,,,,,780,,,,,,,,,,,,,,,,,,,,,,,,,,,,,,,,,,,,,,,,,,,,,,,,,,,,,16,,,,,,,,,,,,,,,,,,,,,,,,,,,,,,,,,135,,,,,,,,,,,,,,,,,,,,0,,
,,,,,,,,,,9PLJQ12FQ3CV-MicrosoftCorporationII.WinAppRuntime.Main.1.8,,,,,,,,,,1,,,,,,,,,,,,,,,,,,,,,,,,,,,,,,,,,,,,,,{a26d2c8a-940f-4b35-9f04-bb1bdbf2726c},,,2026-04-08 15:37:44.257366+00:00,,,,,,,,,,,,,,,,,,,,,,,,,,,,,,,,,,,,,,,,,,,,,781,,,,,,,,,,,,,,,,,,,,,,,,,,,,,,,,,,,,,,,,,,,,,,,,,,,,,44,,,,,,,,,,,,,,,,,,,,,,,,,,,,,,,,,,,,,,,,,,,,,,,,,,,,,,,
,,,,,,BITS,,,,,,,,,,,,,,,,,auto start,,,,,,,,,,,,,,,,,,,,,,,,,,,,,,,,,,,,,,2026-04-08 15:37:50.775459+00:00,,,,,,,,,,,,,,,,,,,,,,,,,,,,,,,,demand start,,,,,,,,,,,,,782,,,,,,,,,,,,,,,,,,,,,,,,,,,,,,,,,,,,,,,,,,,,,,,,,,,,,7040,,,,,,,,,,,,,,,,,,,,,,,Background Intelligent Transfer Service,,,,,,,,,,,,,,,,,,,,,,,,,,,,,,,,
,,,,,,,,,,9PLJQ12FQ3CV-MicrosoftCorporationII.WinAppRuntime.Main.1.8,,,,,,,,,,1,,,,,,,,,,,,,,,,,,,,,,,,,,,,,,,,,,,,,,{a26d2c8a-940f-4b35-9f04-bb1bdbf2726c},,,2026-04-08 15:37:56.344604+00:00,,,,,,,,,,,,,,,,,,,,,,,,,,,,,,,,,,,,,,,,,,,,,783,,,,,,,,,,,,,,,,,,,,,,,,,,,,,,,,,,,,,,,,,,,,,,,,,,,,,43,,,,,,,,,,,,,,,,,,,,,,,,,,,,,,,,,,,,,,,,,,,,,,,,,,,,,,,
,,,,,,,,,,9PLJQ12FQ3CV-MicrosoftCorporationII.WinAppRuntime.Main.1.8,,,,,,,,,,1,,,,,,,,,,{855e8a7c-ecb4-4ca3-b045-1dfa50104289},,,,,,,,,,,,,,,,,,,,,,,,,,,,{a26d2c8a-940f-4b35-9f04-bb1bdbf2726c},,,2026-04-08 15:37:56.527006+00:00,,,,,,,,,,,,,,,,,,,,,,,,,,,,,,,,,,,,,,,,,,,,,784,,,,,,,,,,,,,,,,,,,,,,,,,,,,,,,,,,,,,,,,,,,,,,,,,,,,,19,,,,,,,,,,,,,,,,,,,,,,,,,,,,,,,,,,,,,,,,,,,,,,,,,,,,,,,
,,,,,,,,,,,,,,,,,,,,,,,,,,,,,,,,,,,,,,,,,,,,,,,,,,,,,,,,,,,,,2026-04-08 15:38:13.183491+00:00,,,,,,,,,,,,,,,,,,,,,,,,,,,,,,,,,,,,,,,,,,,,,785,,,,,,,,,,,,,,,,,,,,,,,,,,,,,,Under Observation - More Data Needed,,,,,,,,,,,,,,,,,"BaseBoardManufacturer:Intel Corporation;FirmwareManufacturer:VMware, Inc.;FirmwareVersion:VMW201.00V.24866131.B64.2507211911;OEMModelNumber:VMware20,1;OEMModelBaseBoard:440BX Desktop Reference Platform;OEMModelSystemFamily:;OEMManufacturerName:VMware, Inc.;OEMModelSKU:;OSArchitecture:amd64;",,,,,,1801,,,,,,,,,,,,,,,,,,3cbe19ad83f4f74828ea0bb0c21cc9af488df5d347c6969fee5ef76501b36415,,,,,,,,,,,,,,,,,,,,,,,,,,,,,,,,,,,,,
,,,,,,,,,,,,,,,,,,,,,,,,,,,,,,,,,,,,,,,,,,,,,,,,,,,-2147020471,,,,,,,,,,2026-04-08 15:38:13.240871+00:00,,,,,,,,,,,,,,,,,,,,,,,,,,,,,,,,,,,,,,,,,,,,,786,,,,,,,,,,,,,,,,,,,,,,,,,,,,,,,,,,,,,,,,,,,,,,,,,,,,,1796,,,,,,,,,,,,,,,,,,,DBX,,,,,,,,,,,,,,,,,,,,,,,,,,,,,,,,,,,,
,,,,,,,,,,,,,,,,,,,,,,,,,,,,,,,,,,,,,,,,,,,,,,,,,,,-2147020471,,,,,,,,,,2026-04-08 15:38:13.240921+00:00,,,,,,,,,,,,,,,,,,,,,,,,,,,,,,,,,,,,,,,,,,,,,787,,,,,,,,,,,,,,,,,,,,,,,,,,,,,,,,,,,,,,,,,,,,,,,,,,,,,1796,,,,,,,,,,,,,,,,,,,SBAT,,,,,,,,,,,,,,,,,,,,,,,,,,,,,,,,,,,,
,,,,,,wanarp,,,,,,,,,,,,,,,,,auto start,,,,,,,,,,,,,,,,,,,,,,,,,,,,,,,,,,,,,,2026-04-08 15:38:34.669542+00:00,,,,,,,,,,,,,,,,,,,,,,,,,,,,,,,,demand start,,,,,,,,,,,,,788,,,,,,,,,,,,,,,,,,,,,,,,,,,,,,,,,,,,,,,,,,,,,,,,,,,,,7040,,,,,,,,,,,,,,,,,,,,,,,Remote Access IP ARP Driver,,,,,,,,,,,,,,,,,,,,,,,,,,,,,,,,
,,,,,,,,,,9PLJQ12FQ3CV-MicrosoftCorporationII.WinAppRuntime.Main.1.8,,,,,,,,,,1,,,,,,,,,,,,,,,,,,,,,,,,,,,,,,,,,,,,,,{a26d2c8a-940f-4b35-9f04-bb1bdbf2726c},,,2026-04-08 15:38:42.971931+00:00,,,,,,,,,,,,,,,,,,,,,,,,,,,,,,,,,,,,,,,,,,,,,789,,,,,,,,,,,,,,,,,,,,,,,,,,,,,,,,,,,,,,,,,,,,,,,,,,,,,44,,,,,,,,,,,,,,,,,,,,,,,,,,,,,,,,,,,,,,,,,,,,,,,,,,,,,,,
,,,,,,,,,,9PLJQ12FQ3CV-MicrosoftCorporationII.WinAppRuntime.Main.1.8,,,,,,,,,,1,,,,,,,,,,,,,,,,,,,,,,,,,,,,,,,,,,,,,,{a26d2c8a-940f-4b35-9f04-bb1bdbf2726c},,,2026-04-08 15:38:42.971931+00:00,,,,,,,,,,,,,,,,,,,,,,,,,,,,,,,,,,,,,,,,,,,,,790,,,,,,,,,,,,,,,,,,,,,,,,,,,,,,,,,,,,,,,,,,,,,,,,,,,,,44,,,,,,,,,,,,,,,,,,,,,,,,,,,,,,,,,,,,,,,,,,,,,,,,,,,,,,,
,,,,,,,,,,9PLJQ12FQ3CV-MicrosoftCorporationII.WinAppRuntime.Main.1.8,,,,,,,,,,1,,,,,,,,,,,,,,,,,,,,,,,,,,,,,,,,,,,,,,{a26d2c8a-940f-4b35-9f04-bb1bdbf2726c},,,2026-04-08 15:38:43.087721+00:00,,,,,,,,,,,,,,,,,,,,,,,,,,,,,,,,,,,,,,,,,,,,,791,,,,,,,,,,,,,,,,,,,,,,,,,,,,,,,,,,,,,,,,,,,,,,,,,,,,,43,,,,,,,,,,,,,,,,,,,,,,,,,,,,,,,,,,,,,,,,,,,,,,,,,,,,,,,
,,,,,,,,,,9PLJQ12FQ3CV-MicrosoftCorporationII.WinAppRuntime.Main.1.8,,,,,,,,,,1,,,,,,,,,,{855e8a7c-ecb4-4ca3-b045-1dfa50104289},,,,,,,,,,,,,,,,,,,,,,,,,,,,{a26d2c8a-940f-4b35-9f04-bb1bdbf2726c},,,2026-04-08 15:38:43.144279+00:00,,,,,,,,,,,,,,,,,,,,,,,,,,,,,,,,,,,,,,,,,,,,,792,,,,,,,,,,,,,,,,,,,,,,,,,,,,,,,,,,,,,,,,,,,,,,,,,,,,,19,,,,,,,,,,,,,,,,,,,,,,,,,,,,,,,,,,,,,,,,,,,,,,,,,,,,,,,
,,,,,,BITS,,,,,,,,,,,,,,,,,demand start,,,,,,,,,,,,,,,,,,,,,,,,,,,,,,,,,,,,,,2026-04-08 15:40:24.144791+00:00,,,,,,,,,,,,,,,,,,,,,,,,,,,,,,,,auto start,,,,,,,,,,,,,793,,,,,,,,,,,,,,,,,,,,,,,,,,,,,,,,,,,,,,,,,,,,,,,,,,,,,7040,,,,,,,,,,,,,,,,,,,,,,,Background Intelligent Transfer Service,,,,,,,,,,,,,,,,,,,,,,,,,,,,,,,,
,,,,,,BITS,,,,,,,,,,,,,,,,,auto start,,,,,,,,,,,,,,,,,,,,,,,,,,,,,,,,,,,,,,2026-04-08 15:41:17.281771+00:00,,,,,,,,,,,,,,,,,,,,,,,,,,,,,,,,demand start,,,,,,,,,,,,,794,,,,,,,,,,,,,,,,,,,,,,,,,,,,,,,,,,,,,,,,,,,,,,,,,,,,,7040,,,,,,,,,,,,,,,,,,,,,,,Background Intelligent Transfer Service,,,,,,,,,,,,,,,,,,,,,,,,,,,,,,,,
,,,,,,BITS,,,,,,,,,,,,,,,,,demand start,,,,,,,,,,,,,,,,,,,,,,,,,,,,,,,,,,,,,,2026-04-08 15:45:32.854181+00:00,,,,,,,,,,,,,,,,,,,,,,,,,,,,,,,,auto start,,,,,,,,,,,,,795,,,,,,,,,,,,,,,,,,,,,,,,,,,,,,,,,,,,,,,,,,,,,,,,,,,,,7040,,,,,,,,,,,,,,,,,,,,,,,Background Intelligent Transfer Service,,,,,,,,,,,,,,,,,,,,,,,,,,,,,,,,
,,,,,,,,,,,,,,,,,,,,,,,,,,,,,,,,,,,,,,,,,,,,,,,,,,,,,,,,,,,,,2026-04-08 22:19:43.433840+00:00,,,,,,,,,,,,,,,,,,,,,,,,,,,,,,,,,,,,,,,,,,,,,796,,,,,,,,,,,,,,,,,,,,,,,,,,,,,,,,,,,,,,,,,,,,,,,,,,,,,6008,,,,,"<string>8:32:48 AM</string>
<string>‎4/‎8/‎2026</string>
<string></string>
<string></string>
<string>10</string>
<string></string>
<string></string>
",,,,,,,,,,,,,,,,,,,,,,,,,,,,,,,,,,,,,,,,,,,,,,,,,,
,,,,,,,,,,,,,,,,,,,,,,,,,,,,,,,,,,,,,,,,,,,,,,,,,,,,,,,,,,,,,2026-04-08 22:19:43.434477+00:00,,,,,,,,,,,,,,,,,,,,,,,,,,,,,,,,,,,,,,,,,,,,,797,,,,,,,,,,,,,,,,,,,,,,,,,,,,,,,,,,,,,,,,,,,,,,,,,,,,,6009,,,,,"<string>10.00.</string>
<string>26200</string>
<string></string>
<string>Multiprocessor Free</string>
<string>0</string>
",,,,,,,,,,,,,,,,,,,,,,,,,,,,,,,,,,,,,,,,,,,,,,,,,,
,,,,,,,,,,,,,,,,,,,,,,,,,,,,,,,,,,,,,,,,,,,,,,,,,,,,,,,,,,,,,2026-04-08 22:19:43.434515+00:00,,,,,,,,,,,,,,,,,,,,,,,,,,,,,,,,,,,,,,,,,,,,,798,,,,,,,,,,,,,,,,,,,,,,,,,,,,,,,,,,,,,,,,,,,,,,,,,,,,,6005,,,,,,,,,,,,,,,,,,,,,,,,,,,,,,,,,,,,,,,,,,,,,,,,,,,,,,,
,,,,,,,,,,,,,,,,,,,,,,,,,,,,,,,,,,,,,,,,,,,,,,,,,,,,,,,,,,,,,2026-04-08 22:19:43.434900+00:00,,,,,,,,,,,,,,,,,,,,,,,,,,,,,,,,,,,,,,,,,,,,,799,,,,,,,,,,,,,,,,,,,,,,,,,,,,,,,,,,,,,,,,,,,,,,,,,,,,,6013,,,,,"<string>10</string>
<string></string>
<string>10</string>
<string>60</string>
<string>480 Pacific Standard Time</string>
",,,,,,,,,,,,,,,,,,,,,,,,,,,,,,,,,,,,,,,,,,,,,,,,,,
,,,,,,,,,,,,,,,,,,,,,,,,,,,2026-04-08 22:19:32.500000+00:00,,,,,,,,,,,,,,,,,,,,,,,,,,,,,,,,,,2026-04-08 22:19:32.756138+00:00,,,,,,,,,,,,,,,,,0,,,,,,,,,,,,26100,,,,,,,,,,0,,,,,,800,,,,,,,,,,,,,,,,,,,,,,,,,10,,,,,,,,,,,,,,,,,,,,,8036,,,,,,,12,,,,,,,,,,0,,,,,,,,,,,,,,,,,,,,,,,,,,,,,,,,,,,,,,,,,,,,,
,,,2026-04-08 22:19:32.500000+00:00,,,,,,,,,,,,,,,,,,,,,,,,,,,,,,,,,,,,,,,,,,,,,,,,,,,,,,,,,,2026-04-08 22:19:32.756138+00:00,,,,,,,,,,,,,,,,,,,,,,,,,,,,,,,,,,,,2026-04-08 22:19:32+00:00,,,,,,,2,,801,,,,,,,,,,,,,,,,,,,,,,,,,,,False,,,,,,,,,,,,,,,,,,,,,,,,,False,25,,,,,,,,,,,,,,,,,True,,,,,,,,,,,,,,,,,,,0,,,,,,,,,,,,,,,0,,,,
,,,,,,,,,,,,,,,,,,,,,,,,,,,,,,,,,,,,,,,,,,,,,,,,,,,,,,,,,,,,,2026-04-08 22:19:32.756287+00:00,0,,,,,,,,,,,,,,,,,0,,,,,,,,,,,,,,,,,,,,,,,,,,,802,,,,,,,,,,,,,,,,,,,,,,,,,,,,,,,,,,,,,,,,,,,,,,,,,,,,,153,,,,,,,,,,,,,,,,,,,,,,,,,,,,,,,,,,,,,,,,,0,,,,,,,,,,,,,,
,,,,,,,,,,,,,,,,,,,,,,False,,,,,,,,,,,,,,,,2,,,,,,,,,,,,,,,,,,,,,,,2026-04-08 22:19:32.756763+00:00,,,,,6,,,,,,,,,,,,,,,,,,,,,,,,,True,,,,,,,,,,,,,,,803,,,,,,,,,,,,,,,,,,,,,,,,,,,,,,,,,,,,,,,,,,,,,,,,,,,,,20,,,,,,,,,,,,,,,,,,,,,,,,,,,,,,,,,,,,,,,,,,,,,,,,,,,,,,,
,,,,,,,,,,,,,,,,,,,,,,,,,,,,,,,,,,,,,,,,,,,,,,,,,,,,,,,,,,,,,2026-04-08 22:19:32.756777+00:00,0,,,,,,,,,,,,,,,,,,,,,,,,,,,,,,,,,,,,,,,,,,,,804,,,,,,,,,,,,,,,,,,,,,,,,,,,,,,,,,,,,,,,,,,,,,,,,,,,,,247,,,,,,,,,,,,,,,,,,,,,,,,,,,,,,,,,,,,,,,,,,,,,,,,,,4,,,,,
,,,,2026-04-08 15:19:32+00:00,,,,,,,,,,,,,,,,,,,,,,,,,,,,,,,,,,,,,,,,,,,,,,,,,,,,,,,,,2026-04-08 22:19:32.757113+00:00,,,,,,,,,,,,,,,,,,,,,2047,,,,,,,,,,,,,,,,,,,,,,,,805,,,,,,,,,,,,,,,,,,,,,,,,,,,,,,,,,,,,,0,,,,,,,,,,,,,,,,238,,,,,,,,,,,,,,,,,,,,,,,,,,,,,,,,,,,,,,,,,,,,,,,,,,,,,,,
,,,,,,,,,,,,,,,,,,,,,,,,,,,,,,,,,,,,,,,,,,,,,,,,,,,,,,,,,,,,,2026-04-08 22:19:32.757113+00:00,,,,,,,,,,,,,,,,,,,,,,,,,,,,,,,,,,,,,,,,,,,,,806,,,,,,,,,,,,,,,,,,,,,,,,,,,,,,,,,,,,,,,,,,,,,,,,,,,,,25,,,,,,,,,,,,,,,,1,,,,,,,,,,,,,,,,,,,,,,,,,,,,,,,,,,,,,,,
,,,,,,,,,,,,,,,,,,,,,,,,,,,,,,,,,,0,,,,,,,,,,,,,,,,,,,,,,,,,,,2026-04-08 22:19:32.757113+00:00,,,,,,,,,,,,,,,,,,,,,,,,,,,,,,,,,,,,,,,,,,,,,807,,,,,,,,,,,,,,,,,,,,,,,,,,,,,,,,,,,,,,,,,,,,,,,,, NOEXECUTE=OPTIN  FVEBOOT=2666496,,,,27,,,,,,,,,,,,,,,,,,,,,,,,,,,,,,,,,,,,,,,,,,,,,,,,,,,,,,,
,,,,,,,,,,,,,,,,,,,,,,,,,,,,,,,,,,,,,,,,,,,,,,,,,,,,,,,,,,,,,2026-04-08 22:19:32.757168+00:00,,,,,,,,,,,,,,,,,,,,,,,,,,,,,,,,,,,,,,,,,,,,,808,,,,,,,,,,,,,,,,,,,,,,,,,,1,,,,,,,,,,,,,,,,,,,,,,,,,,,18,,,,,,,,,,,,,,,,,,,,,,,,,,,,,,,,,,,,,,,,,,,,,,,,,,,,,,,
,,,,,,,,,,,,,,,,,,,,,,,,,,,,,,,,,,,,,,,,,,,,,,,,,,,,,,,,,,,,,2026-04-08 22:19:32.757193+00:00,,,,,,,,,,,,,,,,,,,,,,,,,,,,,,,,,,,,,,,,,,,,,809,,,,,,,,,,,,,,,,,,,,,,,,,,,,,,,,,,,,,,,,,,,,,,,,,,,,,32,,,,,,,,,,,,,,,0,,,,,,,,,,,,,,,,,,,,,,,,,,,,,,,,,,,,,,,,
,True,,,,,,,,,,,,,,,,,,,,,,,,,,,,,,,,,,,,,,,,,,,,,,,,,,,,,,,,,,,,2026-04-08 22:19:32.760246+00:00,,,,,,0,,,,,,,,,,,,,,,,,,,,,0,,,,,,,,,,,,,,,,,,810,,,,,,,,,,,,,,,,,,,,,,,,,,,,,,,,,,,,,,,,,,,,,,,,,,,,,20,,,,,,,0,,,,,,,,,,,,,,,,,,,,,,,,,,,,,,,,,,,,,,,,,,,,,,,,
,,,,,,,,,,,,,,,,,,,,,,,,,,,,,,,,,,,,,,,,,,,,,,,,,,,,,,,,,,,,,2026-04-08 22:19:32.792326+00:00,,,,,,,,,,,,,,,,,,,,,,,,,,,,,,,,,,,,,,,,,,,,,811,,,,,,,,,,,,,,,,,,,,,,,,,,,,,,,,,,,,,,,,,,,,,,,,,,,,,16,,,,,,,,,,,,,,,,,,,,,,,,,,,,,,,,,,,,,,,,,,,,,,,,,,,,,,,
,,,,,,,,,,,,,,,,,,,,,,,,,,,,,,,,,,,,,,,,,,,,,,,,,,,,,,,,,,,,,2026-04-08 22:19:34.478964+00:00,,,,,,,,,,,,,,,,,,,,,,,,,,,,,,,,,,,,,,,,,,,,,812,,,,,,,,,,,,,,,,,,,,,,,,,,,,,,,,,,,,,,,,,,,,,,,,,,,,,3,,,,,"<string>VMCI: Using capabilities (0x1c).
</string>
<string></string>
",,,,,,,,,,,,,,,,,,,,,,,,,,,,,,,,,,,,,,,,,,,,,,,,,,
,,,,,,,,,,,,,,,,,,,,,,,,,,,,,,,,,,,,,,,,,,,,,,,,,,,,,,,,2093-04-01 18:29:43+00:00,,,,,2026-04-08 22:19:36.490082+00:00,,,,,,,,,,,,,,,,,,,,,,,8,,,,,,,,,,,,,,,,,,,,,,813,,,,,,,,,,,,,,,,,,,,,,,,,,,,,,,,0,,,,0x00000000,,,,,,,,,,,,,,,,,6,,,,FileInfo,,,,,,,,,,,,,,,,,,,,,,,,,,,,,,,,,,,,,,,,,,,,,,,,10,,,
,,,,,,,,,,,,,,,,,,,,,,,,,,,,,,,,,,,,,,,,,,,,,,,,,,,,,,,,2089-07-14 19:58:05+00:00,,,,,2026-04-08 22:19:36.490774+00:00,,,,,,,,,,,,,,,,,,,,,,,3,,,,,,,,,,,,,,,,,,,,,,814,,,,,,,,,,,,,,,,,,,,,,,,,,,,,,,,0,,,,0x00000000,,,,,,,,,,,,,,,,,6,,,,Wof,,,,,,,,,,,,,,,,,,,,,,,,,,,,,,,,,,,,,,,,,,,,,,,,10,,,
,,,,,,,,,,,,,,,,,,,,,,,,,,,,,,,,,,,,,,,,,,,,,,,,,,,,,,,,2052-04-01 03:08:29+00:00,,,,,2026-04-08 22:19:36.491730+00:00,,,,,,,,,,,,,,,,,,,,,,,8,,,,,,,,,,,,,,,,,,,,,,815,,,,,,,,,,,,,,,,,,,,,,,,,,,,,,,,0,,,,0x00000000,,,,,,,,,,,,,,,,,6,,,,WdFilter,,,,,,,,,,,,,,,,,,,,,,,,,,,,,,,,,,,,,,,,,,,,,,,,10,,,
,,,,,0,,,,,,,,,,,,,,,,,,,,,,,,,,,,,,,,,,,,,,,,,,,,,,,,,,,,,,,,2026-04-08 22:19:37.048834+00:00,,,,,,,,,,,,,,,,,,,,,,,,,,,,,,,,,,,,,,,,,,,,,816,,,,,,,,,,,,,,,,,,,,,,,,,,,,,,,,,,,,,,,,,,,,,,,,,,,,,98,,,,\Device\HarddiskVolume3,,,,,,,,,C:,,,,,,,,,,,,,,,,,,,,,,,,,,,,,,,,,,,,,,,,,,
,,,,,,,,,,,,,,,,,,,,,,,,,,,,,,,,,,,,,,,,,,,,,,,,,,,,,,,,2075-08-31 15:07:07+00:00,,,,,2026-04-08 22:19:37.149162+00:00,,,,,,,,,,,,,,,,,,,,,,,9,,,,,,,,,,,,,,,,,,,,,,817,,,,,,,,,,,,,,,,,,,,,,,,,,,,,,,,0,,,,0x00000000,,,,,,,,,,,,,,,,,6,,,,FileCrypt,,,,,,,,,,,,,,,,,,,,,,,,,,,,,,,,,,,,,,,,,,,,,,,,10,,,
,,,,,,,,,,,,,,,,,,,,,,,,,,,,,,,,,,,,,,,,,,,,,,,,,,,,,,,,2061-11-20 00:48:12+00:00,,,,,2026-04-08 22:19:37.154091+00:00,,,,,,,,,,,,,,,,,,,,,,,4,,,,,,,,,,,,,,,,,,,,,,818,,,,,,,,,,,,,,,,,,,,,,,,,,,,,,,,0,,,,0x00000000,,,,,,,,,,,,,,,,,6,,,,UCPD,,,,,,,,,,,,,,,,,,,,,,,,,,,,,,,,,,,,,,,,,,,,,,,,10,,,
,,,,,,,,,,,,,,,,,,,,,,,,,,,,,,,,,,,,,,,,,,,,,,,,,,,,,,,,1978-05-14 02:13:30+00:00,,,,,2026-04-08 22:19:37.287409+00:00,,,,,,,,,,,,,,,,,,,,,,,9,,,,,,,,,,,,,,,,,,,,,,819,,,,,,,,,,,,,,,,,,,,,,,,,,,,,,,,0,,,,0x00000000,,,,,,,,,,,,,,,,,6,,,,npsvctrig,,,,,,,,,,,,,,,,,,,,,,,,,,,,,,,,,,,,,,,,,,,,,,,,10,,,
,,,,,,,False,,,,0,,,,,,,,,,,,,0,,,,,,,0,0,,,,,False,,,,,,,,,,,,,,,,,3,,,,,,,2026-04-08 22:19:37.330980+00:00,,,,,,,0,,,,0,,,,,,,,,,,,,,,,,,,,,,0x0000000000000000,,,,,,,,,0x0000000000000000,,,820,,,,,0,,,,,,,0,,0,,,,,0x0000000000000000,,0x0000000000000000,,False,,,,,,,,,,0,,,,,,,,,,,,,,,,,,,,41,,,,,,,,,,,,False,,0,,,,,,,0,,,,,,,,,,,,,,,,,,,,,,,,,,,,,,,,,,
,,,,,,,,,,,,,,,,2,,,,,,,,,,,,,,,,,,,,,,,,,,,,,,,,,,,,,,,,,,,,,2026-04-08 22:19:37.348822+00:00,,,,,,,,,,,,,,,,,,,,,,,,,,,,,,,,,,,,,,,,,,,,,821,,,,,,,,,,,,,,,,,,,,,,,,,,,,,,,,,,,,,,,,,,,,,,,,,,,,,172,,,,,,,,,,,,,,,,,,,,,,,,,,,,,,,,,,,6,,,,,,,,,,,,,,,,,,,,
,,,,,,,,,,,,,,,,,,\SystemRoot\System32\Config\SAM,,,,,,,,,,,,,,,,,,,,,62,,,,,,,,,,,,,,,,,,,,,,2026-04-08 22:19:37.366800+00:00,,,,,,,,,,,,,,,,,,,,,,,,,,,,,,,,,,,,,,,,,,,,,822,,,,,,,,,,,,,,,,,,,,,,,,,,,,,,,,,,,,,,,,,,,,,,,,,,,,,16,,,,,,,,,,,,,,,,,,,,,,,,,,,,,,,,,31,,,,,,,,,,,,,,,,,,,,6,,
,,,,,,,,,,,,,,,,,,\SystemRoot\System32\Config\DEFAULT,,,,,,,,,,,,,,,,,,,,,595,,,,,,,,,,,,,,,,,,,,,,2026-04-08 22:19:37.479992+00:00,,,,,,,,,,,,,,,,,,,,,,,,,,,,,,,,,,,,,,,,,,,,,823,,,,,,,,,,,,,,,,,,,,,,,,,,,,,,,,,,,,,,,,,,,,,,,,,,,,,16,,,,,,,,,,,,,,,,,,,,,,,,,,,,,,,,,35,,,,,,,,,,,,,,,,,,,,78,,
,,,,,,,,,,,,,,,,,,\SystemRoot\System32\Config\SECURITY,,,,,,,,,,,,,,,,,,,,,85,,,,,,,,,,,,,,,,,,,,,,2026-04-08 22:19:37.486662+00:00,,,,,,,,,,,,,,,,,,,,,,,,,,,,,,,,,,,,,,,,,,,,,824,,,,,,,,,,,,,,,,,,,,,,,,,,,,,,,,,,,,,,,,,,,,,,,,,,,,,16,,,,,,,,,,,,,,,,,,,,,,,,,,,,,,,,,36,,,,,,,,,,,,,,,,,,,,4,,
,,,,,,,,,,,,,1,,,,,,,,,,,,,,,,,,,,,,,,,,,,,,,,,,,,,,,,,,,,,,,,2026-04-08 22:19:37.578751+00:00,,,,,,,,,,,,,2688,,,,,,100,,,,,0,,,,,,,,,,,,,,,,,,,,,825,,,,,,,,,,,,,,,,,,,,,,,,,,,,,,,,,,,,,,100,,0,,100,,,,,,,,,,,55,,,,,,,,,,,0,,,,,,,,,,,,,,,,,,,,,,,,,,,1,,,,,,,,,,,,,,,,,
,,,,,,,,,,,,,,,,,,,,,,,,,,,,,,,,,,,,,,,,,,,,,,,,,,,,,,,,,,,,,2026-04-08 22:19:37.850946+00:00,,,,,,,,,,,,,,,,,,,,,,,,,,,,,,,,,,,,,,,,,,,,,826,,,,,,,,,,,,,,,,,,,,,,,,,,,,,,,,,,,,,,,,,,,,,,,,,,,,,32,,,,,"<string>Intel(R) 82574L Gigabit Network Connection</string>
<string></string>
",,,,,,,,,,,,,,,,,,,,,,,,,,,,,,,,,,,,,,,,,,,,,,,,,,
,,,,,,,,,,,,,,,,,,\Device\HarddiskVolume1\EFI\Microsoft\Boot\BCD,,,,,,,,,,,,,,,,,,,,,65,,,,,,,,,,,,,,,,,,,,,,2026-04-08 22:19:38.421116+00:00,,,,,,,,,,,,,,,,,,,,,,,,,,,,,,,,,,,,,,,,,,,,,827,,,,,,,,,,,,,,,,,,,,,,,,,,,,,,,,,,,,,,,,,,,,,,,,,,,,,16,,,,,,,,,,,,,,,,,,,,,,,,,,,,,,,,,46,,,,,,,,,,,,,,,,,,,,4,,
,,,,,,,,,,,,,,,,,,\Device\HarddiskVolume1\EFI\Microsoft\Boot\BCD,,,,,,,,,,,,,,,,,,,,,65,,,,,,,,,,,,,,,,,,,,,,2026-04-08 22:19:38.424978+00:00,,,,,,,,,,,,,,,,,,,,,,,,,,,,,,,,,,,,,,,,,,,,,828,,,,,,,,,,,,,,,,,,,,,,,,,,,,,,,,,,,,,,,,,,,,,,,,,,,,,16,,,,,,,,,,,,,,,,,,,,,,,,,,,,,,,,,46,,,,,,,,,,,,,,,,,,,,4,,
,,,,,0,,,,,,,,,,,,,,,,,,,,,,,,,,,,,,,,,,,,,,,,,,,,,,,,,,,,,,,,2026-04-08 22:19:38.436470+00:00,,,,,,,,,,,,,,,,,,,,,,,,,,,,,,,,,,,,,,,,,,,,,829,,,,,,,,,,,,,,,,,,,,,,,,,,,,,,,,,,,,,,,,,,,,,,,,,,,,,98,,,,\Device\HarddiskVolume4,,,,,,,,,\\?\Volume{fca9b761-f183-4070-98ba-e8e2ddff5456},,,,,,,,,,,,,,,,,,,,,,,,,,,,,,,,,,,,,,,,,,
,,,,,,,,,,,,,,,,,,\Device\HarddiskVolume1\EFI\Microsoft\Boot\BCD,,,,,,,,,,,,,,,,,,,,,65,,,,,,,,,,,,,,,,,,,,,,2026-04-08 22:19:38.443577+00:00,,,,,,,,,,,,,,,,,,,,,,,,,,,,,,,,,,,,,,,,,,,,,830,,,,,,,,,,,,,,,,,,,,,,,,,,,,,,,,,,,,,,,,,,,,,,,,,,,,,16,,,,,,,,,,,,,,,,,,,,,,,,,,,,,,,,,46,,,,,,,,,,,,,,,,,,,,4,,
,,,,,,,,,,,,,,,,,,\Device\HarddiskVolume1\EFI\Microsoft\Boot\BCD,,,,,,,,,,,,,,,,,,,,,65,,,,,,,,,,,,,,,,,,,,,,2026-04-08 22:19:38.445208+00:00,,,,,,,,,,,,,,,,,,,,,,,,,,,,,,,,,,,,,,,,,,,,,831,,,,,,,,,,,,,,,,,,,,,,,,,,,,,,,,,,,,,,,,,,,,,,,,,,,,,16,,,,,,,,,,,,,,,,,,,,,,,,,,,,,,,,,46,,,,,,,,,,,,,,,,,,,,4,,
,,,,,,,,,,,,,,,,,,\SystemRoot\System32\Config\SOFTWARE,,,,,,,,,,,,,,,,,,,,,,,,,,,,,,,,,,,,,,,,,,,2026-04-08 22:19:39.547121+00:00,,,,,,,,,77115392,,,,,,,,,,,,,,,,,,,,,,,,,,,,,,,,,,,,832,,,,,,,,,,,,,,,,,,,,,,,,,,,,,,,,,,,,,,,,,,,,,,,,,,,,,15,76582912,,,,,,,,,,,,,,,,,,,,,,,,,,,,,,,,36,,,,,,,,,,,,,,,,,,,,,,
,,,,,,,,,,,,2,,,,,,,,,,,,,,,,,,,,,,,,,,,,0,,,,,,,,,,,,,,,,,,,,,2026-04-08 22:19:39.576408+00:00,,,,,,,,,,,,,,,,,,,,,,,,,,,,,,,,,,,,,,,,,,,,,833,,,,,,,,,,,,,,,,,,0,,,,,,,,,,,,,,,,,,,,,0,,,,,,,,,420,,,,,24,,,,,,,,,,,,,,,,,,,,,,,,,,,,,,,,,,,,,,,,,,,,,,,,,,,,,,,
,,,,,,,,,,,,,,,,,,\Device\HarddiskVolume1\EFI\Microsoft\Boot\BCD,,,,,,,,,,,,,,,,,,,,,65,,,,,,,,,,,,,,,,,,,,,,2026-04-08 22:19:39.580935+00:00,,,,,,,,,,,,,,,,,,,,,,,,,,,,,,,,,,,,,,,,,,,,,834,,,,,,,,,,,,,,,,,,,,,,,,,,,,,,,,,,,,,,,,,,,,,,,,,,,,,16,,,,,,,,,,,,,,,,,,,,,,,,,,,,,,,,,46,,,,,,,,,,,,,,,,,,,,4,,
,,,,,,,,,,,,,,,,,False,,,,,,,,,,,,,,,,,,,,,,,,,,,,,,False,,,,,False,,,,,,,,,2026-04-08 22:19:40.628355+00:00,,,,,,,,,,,,,,,,,,,,,,,,,,,,,,,,,,,,,,,,,,,,,835,,,,,,,,,,,,,,,,,,,,,,,,,,,,,,,,,,,,,,,,,,,,,0,,,,,,,,19,,,,,,,,,,,,,,,,,,,,,,,,,,,,,,,,,,,,,,,,,,,,,,,False,,,,,,,,
,,,,,,,,,,,,,,,,,,,,,,,,,,,,,,,,,,,,0001-01-01 00:00:00,,,,,,,,,,,,,,,,,,,,,,,,,2026-04-08 22:19:40.628376+00:00,,,,,,,,,,,,,,,,False,,,,,,,,,,,,,,,False,,,,,,,,,,,,,,836,,,,,,,,,,,,,,,,,,,,,,,,,,,,,,,0,,,,,,,,,,,,,,0,,,,,,,,25,,,,,,,,,,,,,,,,,,,,,,,,,,,,,,,,,,,,,,,,,,,,,,,,,,,,,,,
,,,,,,,,,,,,,,,,,,,,,,,,,,,,,,,,,,,,,,,,,,,,,,,,,,,,,,,,,,,,,2026-04-08 22:19:40.629101+00:00,,,,,,,,,,,,,,,,,,,,,,,,,,,,,,,,,,,,,,,,,,,,,837,False,,,,,,,,,,,,,,,,,,,,,,,,,,,,,,,,,,,,,,,,,,,,0,,,,,,,,23,,,,,,,,,False,,,,,,,,,,,,,,,,,,,,,,,,,,,,,,,,,False,,,,,,,,,,,,,
,,,,,,,,,,,,,,,,,,,,,,,,,,,,,,,,,,,,,,,,,,,,,,,,,,,,,,,,,,,,,2026-04-08 22:19:40.762388+00:00,,,,,,,,,,,,,,,,,,,,,,,,,,,,,,,,,,,,,,,,,,,,,838,,,,0,,,,,,,0,,,,,,,,,,,,,,,,,,,,,,,,,,,,,,,,,,,,,,,,,,14,,0,,,,,,,,,,,,,,,,,,,,,,,,,,,,,,,,,,,,,,,,,,,,,,,,,,,,,
,,,,,,,,,,,,,,,,,,,,,,,,,,,,,,,,,,,,,,,,,,,,,,,,,,,,,,,,,,,,,2026-04-08 22:19:40.764736+00:00,,,,,,,,,,,,,,,,,,,,,,,,,,,,,,,,,,,,,,,,,,,,,839,,,,,,,,,,,,,,,,,,,,,,,,,,,,,,,,,,4,,,,,,,,,,,,,,,,,,,12,,,,,,,,,,,,,,,,,,,,,,,,,,,,,,,,,,,,,,,,,,,,,,,,,,,,,,,
,,,,,,,,,,,,,,,,,,,,,,,,,,,,,,,,,,,,,,,,,,,,,,,,,,,,,0,,,,,,,,2026-04-08 22:19:40.852064+00:00,,,,,,,,,,,,,,,,,,,,,,,,,,,,,,,,,,,,,,,,,,,,,840,,0,,,,,,,,,,,,,,,,,,,,,,,,,,,,,,,,,,,,,,,,,,,,,,,,,,,6156,,,,,,,,1,,,,,,,,,,,,,,,,,,,,,,,,,,,,,,,,,,,,0,0,,,,,,,,,,
,,,,,,,,,,,,,,,,,,,,,,,,,,,,,,,,,,,,,,,,,,,,,,,,,,,,,,,,,,,,,2026-04-08 22:19:41.075254+00:00,,,,,,,,,,,,,,,,,,,,,,,,,,,,,,,,,,,,,,,,,,,,,841,,,,,,,,,,,,,,,,,,,,,,,,,,,,,,,,,,,,,,,,,,,,,,,,,,,,,16962,,,,,,,,,,,,,,,,,,,,,,,,,,,,,,,,,,,,,,,,,,,,,,O:SYG:SYD:(A;;RC;;;BA),,,,,,,,,
,,,,,,,,,,,,,,,,,,,,,,,,,,,,,,,,,,,,,,,,,,,,0,,,,,,,,,,,,,,,,,2026-04-08 22:19:41.087103+00:00,,,,,,,,,,,,,,,,,,,,,,,,,,,,,,,,,,,-1,,,,,,,,,,842,,,,,,,,,,,,,,,,,,,,,,,,,,,,,,,,,,,,,,,,,,,,,,,,,,,,,16977,,,,,,,,,,,,,,,,,,,,,,,,,,,,,,,,,,,,,,,,,,,,,,,,,,,,,,,0
,,,,,,,,,,,,,,,,,,,,,,,,,,,,,,,,,,,,,,,,,,,,,,,,,,,,,,,,,,,,,2026-04-08 22:19:41.087107+00:00,,,,,,,,,,,,,,,,,,,,,,,,,,,,,,,,,,,,,,,,,,,,,843,,,,,,,,,,,,,,,,,,,,,,,,,,,,,,,,,,,,,,,,,,,,,,,,,,,,,16983,,,,,,,,,,,,,,,,,,,,,,,,,,,,,,,,,,,,,,,,,,,,,,,,,,,,,,,
,,,,,,,,,,,,,,,,,,\??\C:\WINDOWS\ServiceProfiles\NetworkService\NTUSER.DAT,,,,,,,,,,,,,,,,,,,,,97,,,,,,,,,,,,,,,,,,,,,,2026-04-08 22:19:41.532892+00:00,,,,,,,,,,,,,,,,,,,,,,,,,,,,,,,,,,,,,,,,,,,,,844,,,,,,,,,,,,,,,,,,,,,,,,,,,,,,,,,,,,,,,,,,,,,,,,,,,,,16,,,,,,,,,,,,,,,,,,,,,,,,,,,,,,,,,56,,,,,,,,,,,,,,,,,,,,15,,
,,,,,,,,,,,,,,,,,,\SystemRoot\System32\Config\BBI,,,,,,,,,,,,,,,,,,,,,240,,,,,,,,,,,,,,,,,,,,,,2026-04-08 22:19:41.963568+00:00,,,,,,,,,,,,,,,,,,,,,,,,,,,,,,,,,,,,,,,,,,,,,845,,,,,,,,,,,,,,,,,,,,,,,,,,,,,,,,,,,,,,,,,,,,,,,,,,,,,16,,,,,,,,,,,,,,,,,,,,,,,,,,,,,,,,,31,,,,,,,,,,,,,,,,,,,,53,,
,,,,,,,,,,,,,,,,,,\??\C:\WINDOWS\ServiceProfiles\LocalService\NTUSER.DAT,,,,,,,,,,,,,,,,,,,,,98,,,,,,,,,,,,,,,,,,,,,,2026-04-08 22:19:42.007990+00:00,,,,,,,,,,,,,,,,,,,,,,,,,,,,,,,,,,,,,,,,,,,,,846,,,,,,,,,,,,,,,,,,,,,,,,,,,,,,,,,,,,,,,,,,,,,,,,,,,,,16,,,,,,,,,,,,,,,,,,,,,,,,,,,,,,,,,54,,,,,,,,,,,,,,,,,,,,16,,
,,,,,,,,,,,,,,,,,,,,,,,,,,,,,,,,,,,,,,,,,,,,,,,,,,,,,,,,2086-03-20 04:03:22+00:00,,,,,2026-04-08 22:19:42.511396+00:00,,,,,,,,,,,,,,,,,,,,,,,3,,,,,,,,,,,,,,,,,,,,,,847,,,,,,,,,,,,,,,,,,,,,,,,,,,,,,,,0,,,,0x00000000,,,,,,,,,,,,,,,,,6,,,,bfs,,,,,,,,,,,,,,,,,,,,,,,,,,,,,,,,,,,,,,,,,,,,,,,,10,,,
,,,,,,,,,,,,,,,,,,,,,,,,,,,,,,,,,,,,,,,,,,,,,,,,,,,,,,,,1985-11-26 07:47:21+00:00,,,,,2026-04-08 22:19:42.544800+00:00,,,,,,,,,,,,,,,,,,,,,,,5,,,,,,,,,,,,,,,,,,,,,,848,,,,,,,,,,,,,,,,,,,,,,,,,,,,,,,,0,,,,0x00000000,,,,,,,,,,,,,,,,,6,,,,wcifs,,,,,,,,,,,,,,,,,,,,,,,,,,,,,,,,,,,,,,,,,,,,,,,,10,,,
,,,,,,,,,,,,,,,,,,,,,,,,,,,,,,,,,,,,,,,,,,,,,,,,,,,,,,,,2057-06-14 06:55:30+00:00,,,,,2026-04-08 22:19:42.552601+00:00,,,,,,,,,,,,,,,,,,,,,,,5,,,,,,,,,,,,,,,,,,,,,,849,,,,,,,,,,,,,,,,,,,,,,,,,,,,,,,,0,,,,0x00000000,,,,,,,,,,,,,,,,,6,,,,luafv,,,,,,,,,,,,,,,,,,,,,,,,,,,,,,,,,,,,,,,,,,,,,,,,10,,,
,,,,,,,,,,,,,,,,,,,,,,,,,,,,,,,,,,,,,,,,,,,,,,,,,,,,,,,,1991-05-02 13:16:55+00:00,,,,,2026-04-08 22:19:42.655699+00:00,,,,,,,,,,,,,,,,,,,,,,,6,,,,,,,,,,,,,,,,,,,,,,850,,,,,,,,,,,,,,,,,,,,,,,,,,,,,,,,0,,,,0x00000000,,,,,,,,,,,,,,,,,6,,,,CldFlt,,,,,,,,,,,,,,,,,,,,,,,,,,,,,,,,,,,,,,,,,,,,,,,,10,,,
,,,,,,,,,,,,,,,,,,,,,,,,,,,,,,,,,,,,,,,,,,,,,,,,,,,,,,,,1991-05-02 13:16:55+00:00,,,,,2026-04-08 22:19:42.655708+00:00,,,,,,,,,,,,,,,,,,,,,,,6,,,,,,,,,,,,,,,,,,,,,,851,,,,,,,,,,,,,,,,,,,,,,,,,,,,,,,,0,,,,0x00000000,,,,,,,,,,,,,,,,,1,,,,CldFlt,,,,,,,,,,,,,,,,,,,,,,,,,,,,,,,,,,,,,,,,,,,,,,,,10,,,
,,,,,,,,,,,,,,,,,,,,,,,,,,,,,,,,,,,,,,,,,,,,,,,,,,,,,,,,1991-05-02 13:16:55+00:00,,,,,2026-04-08 22:19:42.655840+00:00,,,,,,,,,,,,,,,,,,,,,,,6,,,,,,,,,,,,,,,,,,,,,,852,,,,,,,,,,,,,,,,,,,,,,,,,,,,,,,,0,,,,0x00000000,,,,,,,,,,,,,,,,,6,,,,CldFlt,,,,,,,,,,,,,,,,,,,,,,,,,,,,,,,,,,,,,,,,,,,,,,,,10,,,
,,,,,,,,,,,,,,,,,,,,,,,,,,,,,,,,,,,,,,,,,,,,,,,,,,,,,,,,2017-11-02 22:31:51+00:00,,,,,2026-04-08 22:19:42.702568+00:00,,,,,,,,,,,,,,,,,,,,,,,7,,,,,,,,,,,,,,,,,,,,,,853,,,,,,,,,,,,,,,,,,,,,,,,,,,,,,,,0,,,,0x00000000,,,,,,,,,,,,,,,,,6,,,,UnionFS,,,,,,,,,,,,,,,,,,,,,,,,,,,,,,,,,,,,,,,,,,,,,,,,10,,,
,,,,,,,,,,,,,,,,,,,,,,,,,,,,,,,,,,,,,,,,,,,,,,,,,,,,,,,,2016-04-28 15:00:23+00:00,,,,,2026-04-08 22:19:42.773699+00:00,,,,,,,,,,,,,,,,,,,,,,,10,,,,,,,,,,,,,,,,,,,,,,854,,,,,,,,,,,,,,,,,,,,,,,,,,,,,,,,0,,,,0x00000000,,,,,,,,,,,,,,,,,6,,,,storqosflt,,,,,,,,,,,,,,,,,,,,,,,,,,,,,,,,,,,,,,,,,,,,,,,,10,,,
,,,,,,,,,,,,,,,,,,,,,,,,,,,,,,,,,,,,,,,,,,,,,,,,,,,,,,,,2081-10-17 14:34:26+00:00,,,,,2026-04-08 22:19:42.812054+00:00,,,,,,,,,,,,,,,,,,,,,,,7,,,,,,,,,,,,,,,,,,,,,,855,,,,,,,,,,,,,,,,,,,,,,,,,,,,,,,,0,,,,0x00000000,,,,,,,,,,,,,,,,,6,,,,bindflt,,,,,,,,,,,,,,,,,,,,,,,,,,,,,,,,,,,,,,,,,,,,,,,,10,,,
,,,,,,,,,,,,,,,,,,\SystemRoot\System32\config\DRIVERS,,,,,,,,,,,,,,,,,,,,,24042,,,,,,,,,,,,,,,,,,,,,,2026-04-08 22:19:44.201580+00:00,,,,,,,,,,,,,,,,,,,,,,,,,,,,,,,,,,,,,,,,,,,,,856,,,,,,,,,,,,,,,,,,,,,,,,,,,,,,,,,,,,,,,,,,,,,,,,,,,,,16,,,,,,,,,,,,,,,,,,,,,,,,,,,,,,,,,35,,,,,,,,,,,,,,,,,,,,1068,,
,,,,,,,,,,,,,,,,,,,,,,,,,,,,,,,,,,,,,,,,,,,,,,,,,,,,,,,,,,,,,2026-04-08 22:19:44.283461+00:00,,,,,,,,,,,,,,,,,,,,,,,,,,,,,,,,,,,,,,,,,,,,,857,,,,,,,,,,,,,,,,,,,,,,,,,,,,,,,,,,,,,,,,,,,,,,,,,,,,,50036,,,,,,,,,,,,,,,,,,,,,,,,,,,,,,,,,,,,,,,,,,,,,,,,,,,,,,,
,,,,,,,,,,,,,,,,,,,,,,,,,,,,,,,,,,,,,,,,,,,,,,,,,,,,,,,,,,,,,2026-04-08 22:19:44.286392+00:00,,,,,,,,,,,,,,,,,,,,,,,,,,,,,,,,,,,,,,,,,,,,,858,,,,,,,,,,,,,,,,,,,,,,,,,,,,,,,,,,,,,,,,,,,,,,,,,,,,,50103,,,,,,,,,,,,,,,,,,,,,,,,,,,,,,,,,,,,,,,,,,,,,,,,,,,,,,,
,,,,,,,,,,,,,,,,,,,,,,,,,,,,,,,,,,,,,,,,,,,,,,,,,,,,,,,,,,,,,2026-04-08 22:19:44.286444+00:00,,,,,,,,,,,,,,,,,,,,,,,,,,,,,,,,,,,,,,,,,,,,,859,,,,,,,,,,,,,,,,,,,,,,,,,,,,,,,,,,,,,,,,,,,,,,,,,,,,,50036,,,,,,,,,,,,,,,,,,,,,,,,,,,,,,,,,,,,,,,,,,,,,,,,,,,,,,,
,,,,,,,,,,,,,,,,,,,,,,,,,,,,,,,,,,,,,,,,,,,,,,,,,,,,,,,,,,,,,2026-04-08 22:19:44.676708+00:00,,,,,,,,,,,,,,,,,,,,,,,,,,,,,,,,,,,,,,,,,,,,,860,,,,,,,,,,,,,,,,,,,,,,,,,,,,,,,,,,,,,,,,,,,,,,,,,,,,,51046,,,,,,,,,,,,,,,,,,,,,,,,,,,,,,,,,,,,,,,,,,,,,,,,,,,,,,,
,,,,,,,,,,,,,,4,,,,,,,,,,,,,,,,,,,,,,,,,,,,,,,,,,,,,,,,,,,,,,,2026-04-08 22:19:45.389380+00:00,,,,,,,,,,,,,,,,,,,,,,,,,,,,,,,,,,,,,,0,,,,,,,861,,,,,,,,,,,,,,,,,,,,,,,,,,,,S-1-5-18,,,,,,,,,,,,,,,,,,,,,,,,,112,,,,,,,,,,,,,,,,,,,,,,,,,,,,,http://*:5357/,,,,,,,,,,,,,,,,,,,,,,,,,,
,,,,,,,,,,,,,,4,,,,,,,,,,,,,,,,,,,,,,,,,,,,,,,,,,,,,,,,,,,,,,,2026-04-08 22:19:45.389385+00:00,,,,,,,,,,,,,,,,,,,,,,,,,,,,,,,,,,,,,,0,,,,,,,862,,,,,,,,,,,,,,,,,,,,,,,,,,,,S-1-5-18,,,,,,,,,,,,,,,,,,,,,,,,,112,,,,,,,,,,,,,,,,,,,,,,,,,,,,,http://+:80/Temporary_Listen_Addresses/,,,,,,,,,,,,,,,,,,,,,,,,,,
,,,,,,,,,,,,,,4,,,,,,,,,,,,,,,,,,,,,,,,,,,,,,,,,,,,,,,,,,,,,,,2026-04-08 22:19:45.389397+00:00,,,,,,,,,,,,,,,,,,,,,,,,,,,,,,,,,,,,,,0,,,,,,,863,,,,,,,,,,,,,,,,,,,,,,,,,,,,S-1-5-18,,,,,,,,,,,,,,,,,,,,,,,,,112,,,,,,,,,,,,,,,,,,,,,,,,,,,,,https://*:5358/,,,,,,,,,,,,,,,,,,,,,,,,,,
,,,,,,,,,,,,,,4,,,,,,,,,,,,,,,,,,,,,,,,,,,,,,,,,,,,,,,,,,,,,,,2026-04-08 22:19:45.389400+00:00,,,,,,,,,,,,,,,,,,,,,,,,,,,,,,,,,,,,,,0,,,,,,,864,,,,,,,,,,,,,,,,,,,,,,,,,,,,S-1-5-18,,,,,,,,,,,,,,,,,,,,,,,,,112,,,,,,,,,,,,,,,,,,,,,,,,,,,,,http://*:2869/,,,,,,,,,,,,,,,,,,,,,,,,,,
,,,,,,,,,,,,,,4,,,,,,,,,,,,,,,,,,,,,,,,,,,,,,,,,,,,,,,,,,,,,,,2026-04-08 22:19:45.389408+00:00,,,,,,,,,,,,,,,,,,,,,,,,,,,,,,,,,,,,,,0,,,,,,,865,,,,,,,,,,,,,,,,,,,,,,,,,,,,S-1-5-18,,,,,,,,,,,,,,,,,,,,,,,,,112,,,,,,,,,,,,,,,,,,,,,,,,,,,,,https://+:5986/wsman/,,,,,,,,,,,,,,,,,,,,,,,,,,
,,,,,,,,,,,,,,4,,,,,,,,,,,,,,,,,,,,,,,,,,,,,,,,,,,,,,,,,,,,,,,2026-04-08 22:19:45.389412+00:00,,,,,,,,,,,,,,,,,,,,,,,,,,,,,,,,,,,,,,0,,,,,,,866,,,,,,,,,,,,,,,,,,,,,,,,,,,,S-1-5-18,,,,,,,,,,,,,,,,,,,,,,,,,112,,,,,,,,,,,,,,,,,,,,,,,,,,,,,http://+:47001/wsman/,,,,,,,,,,,,,,,,,,,,,,,,,,
,,,,,,,,,,,,,,4,,,,,,,,,,,,,,,,,,,,,,,,,,,,,,,,,,,,,,,,,,,,,,,2026-04-08 22:19:45.389416+00:00,,,,,,,,,,,,,,,,,,,,,,,,,,,,,,,,,,,,,,0,,,,,,,867,,,,,,,,,,,,,,,,,,,,,,,,,,,,S-1-5-18,,,,,,,,,,,,,,,,,,,,,,,,,112,,,,,,,,,,,,,,,,,,,,,,,,,,,,,http://+:5985/wsman/,,,,,,,,,,,,,,,,,,,,,,,,,,
,,,,,,,,,,,,,,4,,,,,,,,,,,,,,,,,,,,,,,,,,,,,,,,,,,,,,,,,,,,,,,2026-04-08 22:19:45.389418+00:00,,,,,,,,,,,,,,,,,,,,,,,,,,,,,,,,,,,,,,0,,,,,,,868,,,,,,,,,,,,,,,,,,,,,,,,,,,,S-1-5-18,,,,,,,,,,,,,,,,,,,,,,,,,112,,,,,,,,,,,,,,,,,,,,,,,,,,,,,https://+:3392/rdp/,,,,,,,,,,,,,,,,,,,,,,,,,,
,,,,,,,,,,,,,,4,,,,,,,,,,,,,,,,,,,,,,,,,,,,,,,,,,,,,,,,,,,,,,,2026-04-08 22:19:45.389429+00:00,,,,,,,,,,,,,,,,,,,,,,,,,,,,,,,,,,,,,,0,,,,,,,869,,,,,,,,,,,,,,,,,,,,,,,,,,,,S-1-5-18,,,,,,,,,,,,,,,,,,,,,,,,,112,,,,,,,,,,,,,,,,,,,,,,,,,,,,,https://+:443/sra_{BA195980-CD49-458b-9E23-C84EE0ADCD75}/,,,,,,,,,,,,,,,,,,,,,,,,,,
,,,,,,,,,,,,,,4,,,,,,,,,,,,,,,,,,,,,,,,,,,,,,,,,,,,,,,,,,,,,,,2026-04-08 22:19:45.389433+00:00,,,,,,,,,,,,,,,,,,,,,,,,,,,,,,,,,,,,,,0,,,,,,,870,,,,,,,,,,,,,,,,,,,,,,,,,,,,S-1-5-18,,,,,,,,,,,,,,,,,,,,,,,,,112,,,,,,,,,,,,,,,,,,,,,,,,,,,,,http://+:10247/apps/,,,,,,,,,,,,,,,,,,,,,,,,,,
,,,,,,,,,,,,,,4,,,,,,,,,,,,,,,,,,,,,,,,,,,,,,,,,,,,,,,,,,,,,,,2026-04-08 22:19:45.389439+00:00,,,,,,,,,,,,,,,,,,,,,,,,,,,,,,,,,,,,,,0,,,,,,,871,,,,,,,,,,,,,,,,,,,,,,,,,,,,S-1-5-18,,,,,,,,,,,,,,,,,,,,,,,,,112,,,,,,,,,,,,,,,,,,,,,,,,,,,,,https://+:10245/WMPNSSv4/,,,,,,,,,,,,,,,,,,,,,,,,,,
,,,,,,,,,,,,,,4,,,,,,,,,,,,,,,,,,,,,,,,,,,,,,,,,,,,,,,,,,,,,,,2026-04-08 22:19:45.389441+00:00,,,,,,,,,,,,,,,,,,,,,,,,,,,,,,,,,,,,,,0,,,,,,,872,,,,,,,,,,,,,,,,,,,,,,,,,,,,S-1-5-18,,,,,,,,,,,,,,,,,,,,,,,,,112,,,,,,,,,,,,,,,,,,,,,,,,,,,,,http://+:10243/WMPNSSv4/,,,,,,,,,,,,,,,,,,,,,,,,,,
,,,,,,,,,,,,,,4,,,,,,,,,,,,,,,,,,,,,,,,,,,,,,,,,,,,,,,,,,,,,,,2026-04-08 22:19:45.389444+00:00,,,,,,,,,,,,,,,,,,,,,,,,,,,,,,,,,,,,,,0,,,,,,,873,,,,,,,,,,,,,,,,,,,,,,,,,,,,S-1-5-18,,,,,,,,,,,,,,,,,,,,,,,,,112,,,,,,,,,,,,,,,,,,,,,,,,,,,,,http://+:10246/MDEServer/,,,,,,,,,,,,,,,,,,,,,,,,,,
,,,,,,,,,,,,,,,,,,,,,,,,,,,,,,,,,,,,,,,,,,,,,,,,,,,,,,,,,,,,,2026-04-08 22:19:49.386332+00:00,,,,,,,,,,,,,,,,,,,,,,,,,,,,,,,,,,,,,,,,,,,,,874,,,,,,,,,,,,,,,,,,,,,,,,,,,,,,,,,,,,,,,,,,,,,,,,,,,,,7026,,,,,,,,,,,,,,,,,,,,,,,"
dam
uiomap",,,,,,,,,,,,,,,,,,,,,,,,,,,,,,,,
,,,,,,,,,,,,,,,,,,,,,,,,,,,,,,,,,,,,,,,,,,0,,,,,,,,,,,,,,,,,,,2026-04-08 22:19:49.393501+00:00,,,,,,,,,,,,,,,,,,,,,,,,,,,,,,,,,,,,,,,,,,,,,875,,,,,,,,,,,,,,,,,,,,,,,,,,,,,,,,,,,,,,,,,,,,,,,,,,,,,18,,,,,,,,,,,,,,,,,,,,,,,,,,,,,,,,,,,,,,,0x00000014,,,,,,,,,,217,,,,,,
,,,,,,,,,,,,,,,,,,\??\C:\WINDOWS\AppCompat\Programs\Amcache.hve,,,,,,,,,,,,,,,,,,,,,214,,,,,,,,,,,,,,,,,,,,,,2026-04-08 22:19:50.967463+00:00,,,,,,,,,,,,,,,,,,,,,,,,,,,,,,,,,,,,,,,,,,,,,876,,,,,,,,,,,,,,,,,,,,,,,,,,,,,,,,,,,,,,,,,,,,,,,,,,,,,16,,,,,,,,,,,,,,,,,,,,,,,,,,,,,,,,,45,,,,,,,,,,,,,,,,,,,,69,,
,,,,,,,,,,,,,,,,,,,,,,,,,,,,,,,,,,,,,,,,,,,,,,,,,,,,,,,,,,,,,2026-04-08 22:19:59.703682+00:00,,,,,,,,,,,,,,,,,,,,,,,,,,,,,,,,,,,,,,,,,,,,,877,,,,,,,,,,,,,,,,,,,,,,,,,,,,,,,,,,,,,,,,,,,,,,,,,,,,,1041,,,,,,,,,,,,,,,,,,,,,,,,,,,,"{""Version"":1,""HealthStatus"":""Attestable"",""Required"":[{""Field"":""TpmPresent"",""Value"":true,""DesiredValue"":true},{""Field"":""TpmMeetsMinimumVersion"",""Value"":true,""DesiredValue"":true},{""Field"":""TpmIsResponsive"",""Value"":true,""DesiredValue"":true},{""Field"":""EkCertIsAvailable"",""Value"":true,""DesiredValue"":true},{""Field"":""TcgLogFound"",""Value"":true,""DesiredValue"":true}],""Expected"":[{""Field"":""PcrsMatchTcgLog"",""Value"":true,""DesiredValue"":true}],""Informational"":[{""Field"":""SecureBootEnabled"",""ValueFromComputer"":false,""ValueFromTcgLog"":false,""DesiredValue"":true,""TcgValueIsVerifiable"":true},{""Field"":""VirtualSecureMemory"",""ValueFromComputer"":false,""ValueFromTcgLog"":false,""DesiredValue"":true,""TcgValueIsVerifiable"":true},{""Field"":""SecureCorePCCompliant"",""ValueFromComputer"":false,""ValueFromTcgLog"":false,""DesiredValue"":true,""TcgValueIsVerifiable"":true}{""Field"":""BootTcgLogFoundInFileSystem"",""Value"":true,""DesiredValue"":true},{""Field"":""CurrentTcgLogFoundInFileSystem"",""Value"":true,""DesiredValue"":true}]}",,,,,,,,,,,,,,,,,,,,,,,,,,,
,,,,,,,,,,,,,,,,,,,,,,,,,,,,,,,,,,,,,,,,,,,,,,,,,,,,,,,,,,,,,2026-04-08 22:19:59.703747+00:00,,,,,,,,,,,,,,,,,,,,,,,,,,,,,,,,,,,,,,,,,,,,,878,,,,,,,,,C:\WINDOWS\Logs\MeasuredBoot\0000000007-0000000000.json,,,,,,,,,,,,,,,,,,,,,,,,,,,,,,,,,,,,,,,,,,,,1038,,,,,,,,,,,,,,,,,,,,,,,,,,,,,,,,,,,,,,,,,,,,,,,,,,,,,,,
,,,,,,,,,,,,,,,,,,\??\C:\WINDOWS\ServiceProfiles\NetworkService\AppData\Local\Microsoft\Windows\DeliveryOptimization\State\dosvcState.dat,,,,,,,,,,,,,,,,,,,,,34,,,,,,,,,,,,,,,,,,,,,,2026-04-08 22:20:03.510859+00:00,,,,,,,,,,,,,,,,,,,,,,,,,,,,,,,,,,,,,,,,,,,,,879,,,,,,,,,,,,,,,,,,,,,,,,,,,,,,,,,,,,,,,,,,,,,,,,,,,,,16,,,,,,,,,,,,,,,,,,,,,,,,,,,,,,,,,119,,,,,,,,,,,,,,,,,,,,8,,
,,,,,,,,,,,,,,,,,,,,,,,,,,,,,,,,,,,,,,,,,,,,,,,,,,,,,,,,,,,,,2026-04-08 22:20:04.063946+00:00,,,,,,,,,,,,,,,,,,,,,,,,,,,,,,,,,,,,,,,,,,,,,880,,,,,,,,,,,,,,,,,,,,,,,,,,,,,,,,,,,,,,,,,,,,,,,,,,,,,1282,,,,,,,,,,,,,,,,,,,,,,,,,,,,,,,,,,,,,,,,,,,,,,,,,,,,,,,
,,,,,,,,,,,,,,,,,,,,,,,,,,,,,,,,,,,,,,,,,,,,,,,,,,,,,,,,,,,,,2026-04-08 22:20:04.559422+00:00,,,,,,,,,,,,,,,,,,,,,,,,,,,,,,,,,,,,,,,,,,,,,881,,,,,,,,,,,,,,,,,,,,,,,,,,,,,,,,,,,,,,,,,,,,,,,,,,,,,1025,,,,,,,,,,,,,,,,,,,,,,,,,,,,,,,,,,,,,,,,,,,,,,,,,,,,,,,
,,,,,,,,,,,,,,,,,,,,,,,,,,,,,,,,,,,,,,,,,,,,,,,,,,,,,,,,,,,,,2026-04-08 22:20:40.457439+00:00,,,,,,,,,,,,,,,,,,,,,,,,,,,,,,,,,,,,,,,,,1,,,,882,,,,,,,,,,,,,,,,,,,,,,,,,,,,S-1-5-21-2352865859-2334931103-2005901029-1001,,,,,,,,,,,,,,,,,,,,,,,,,7001,,,,,,,,,,,,,,,,,,,,,,,,,,,,,,,,,,,,,,,,,,,,,,,,,,,,,,,
,,,,,,,,,,,,,,,,,,\??\C:\Users\pizza\ntuser.dat,,,,,,,,,,,,,,,,,,,,,3498,,,,,,,,,,,,,,,,,,,,,,2026-04-08 22:20:40.534895+00:00,,,,,,,,,,,,,,,,,,,,,,,,,,,,,,,,,,,,,,,,,,,,,883,,,,,,,,,,,,,,,,,,,,,,,,,,,,,,,,,,,,,,,,,,,,,,,,,,,,,16,,,,,,,,,,,,,,,,,,,,,,,,,,,,,,,,,29,,,,,,,,,,,,,,,,,,,,249,,
,,,,,,,,,,,,,,,,,,\??\C:\Users\pizza\AppData\Local\Microsoft\Windows\UsrClass.dat,,,,,,,,,,,,,,,,,,,,,4385,,,,,,,,,,,,,,,,,,,,,,2026-04-08 22:20:40.594027+00:00,,,,,,,,,,,,,,,,,,,,,,,,,,,,,,,,,,,,,,,,,,,,,884,,,,,,,,,,,,,,,,,,,,,,,,,,,,,,,,,,,,,,,,,,,,,,,,,,,,,16,,,,,,,,,,,,,,,,,,,,,,,,,,,,,,,,,63,,,,,,,,,,,,,,,,,,,,405,,
,,,,,,,,,,,,,,,,,,\??\C:\ProgramData\Packages\MicrosoftWindows.Client.CBS_cw5n1h2txyewy\S-1-5-21-2352865859-2334931103-2005901029-1001\SystemAppData\Helium\Cache\99fd2a7b1019b09c_COM15.dat,,,,,,,,,,,,,,,,,,,,,1,,,,,,,,,,,,,,,,,,,,,,2026-04-08 22:20:46.115166+00:00,,,,,,,,,,,,,,,,,,,,,,,,,,,,,,,,,,,,,,,,,,,,,885,,,,,,,,,,,,,,,,,,,,,,,,,,,,,,,,,,,,,,,,,,,,,,,,,,,,,16,,,,,,,,,,,,,,,,,,,,,,,,,,,,,,,,,170,,,,,,,,,,,,,,,,,,,,1,,
,,,,,,,,,,,,,,,,,,\??\C:\Users\pizza\AppData\Local\Packages\MicrosoftWindows.Client.CBS_cw5n1h2txyewy\Settings\settings.dat,,,,,,,,,,,,,,,,,,,,,90,,,,,,,,,,,,,,,,,,,,,,2026-04-08 22:20:47.951220+00:00,,,,,,,,,,,,,,,,,,,,,,,,,,,,,,,,,,,,,,,,,,,,,886,,,,,,,,,,,,,,,,,,,,,,,,,,,,,,,,,,,,,,,,,,,,,,,,,,,,,16,,,,,,,,,,,,,,,,,,,,,,,,,,,,,,,,,105,,,,,,,,,,,,,,,,,,,,10,,
,,,,,,,,,,,,,,,,,,\??\C:\Users\pizza\AppData\Local\Packages\MicrosoftWindows.Client.WebExperience_cw5n1h2txyewy\SystemAppData\Helium\User.dat,,,,,,,,,,,,,,,,,,,,,25,,,,,,,,,,,,,,,,,,,,,,2026-04-08 22:20:49.551256+00:00,,,,,,,,,,,,,,,,,,,,,,,,,,,,,,,,,,,,,,,,,,,,,887,,,,,,,,,,,,,,,,,,,,,,,,,,,,,,,,,,,,,,,,,,,,,,,,,,,,,16,,,,,,,,,,,,,,,,,,,,,,,,,,,,,,,,,123,,,,,,,,,,,,,,,,,,,,3,,
,,,,,,,,,,,,,,,,,,\??\C:\Users\pizza\AppData\Local\Packages\MicrosoftWindows.Client.WebExperience_cw5n1h2txyewy\SystemAppData\Helium\UserClasses.dat,,,,,,,,,,,,,,,,,,,,,12,,,,,,,,,,,,,,,,,,,,,,2026-04-08 22:20:49.553471+00:00,,,,,,,,,,,,,,,,,,,,,,,,,,,,,,,,,,,,,,,,,,,,,888,,,,,,,,,,,,,,,,,,,,,,,,,,,,,,,,,,,,,,,,,,,,,,,,,,,,,16,,,,,,,,,,,,,,,,,,,,,,,,,,,,,,,,,130,,,,,,,,,,,,,,,,,,,,1,,
,,,,,,,,,,,,,,,,,,\??\C:\ProgramData\Packages\MicrosoftWindows.Client.WebExperience_cw5n1h2txyewy\S-1-5-21-2352865859-2334931103-2005901029-1001\SystemAppData\Helium\Cache\bdb1dbbc8d58d1af_COM15.dat,,,,,,,,,,,,,,,,,,,,,1,,,,,,,,,,,,,,,,,,,,,,2026-04-08 22:20:49.555653+00:00,,,,,,,,,,,,,,,,,,,,,,,,,,,,,,,,,,,,,,,,,,,,,889,,,,,,,,,,,,,,,,,,,,,,,,,,,,,,,,,,,,,,,,,,,,,,,,,,,,,16,,,,,,,,,,,,,,,,,,,,,,,,,,,,,,,,,180,,,,,,,,,,,,,,,,,,,,1,,
,,,,,,,,,,,,,,,,,,\??\C:\Users\pizza\AppData\Local\Packages\Microsoft.Windows.StartMenuExperienceHost_cw5n1h2txyewy\Settings\settings.dat,,,,,,,,,,,,,,,,,,,,,9,,,,,,,,,,,,,,,,,,,,,,2026-04-08 22:20:49.984842+00:00,,,,,,,,,,,,,,,,,,,,,,,,,,,,,,,,,,,,,,,,,,,,,890,,,,,,,,,,,,,,,,,,,,,,,,,,,,,,,,,,,,,,,,,,,,,,,,,,,,,16,,,,,,,,,,,,,,,,,,,,,,,,,,,,,,,,,119,,,,,,,,,,,,,,,,,,,,1,,
,,,,,,,,,,,,,,,,,,\??\C:\Users\pizza\AppData\Local\Packages\Microsoft.AAD.BrokerPlugin_cw5n1h2txyewy\Settings\settings.dat,,,,,,,,,,,,,,,,,,,,,5,,,,,,,,,,,,,,,,,,,,,,2026-04-08 22:20:54.135015+00:00,,,,,,,,,,,,,,,,,,,,,,,,,,,,,,,,,,,,,,,,,,,,,891,,,,,,,,,,,,,,,,,,,,,,,,,,,,,,,,,,,,,,,,,,,,,,,,,,,,,16,,,,,,,,,,,,,,,,,,,,,,,,,,,,,,,,,104,,,,,,,,,,,,,,,,,,,,1,,
,,,,,,,,,,,,,,,,,,\??\C:\Users\pizza\AppData\Local\Packages\Microsoft.WidgetsPlatformRuntime_8wekyb3d8bbwe\SystemAppData\Helium\User.dat,,,,,,,,,,,,,,,,,,,,,1,,,,,,,,,,,,,,,,,,,,,,2026-04-08 22:20:57.220032+00:00,,,,,,,,,,,,,,,,,,,,,,,,,,,,,,,,,,,,,,,,,,,,,892,,,,,,,,,,,,,,,,,,,,,,,,,,,,,,,,,,,,,,,,,,,,,,,,,,,,,16,,,,,,,,,,,,,,,,,,,,,,,,,,,,,,,,,118,,,,,,,,,,,,,,,,,,,,1,,
,,,,,,,,,,,,,,,,,,\??\C:\Users\pizza\AppData\Local\Packages\Microsoft.WidgetsPlatformRuntime_8wekyb3d8bbwe\SystemAppData\Helium\UserClasses.dat,,,,,,,,,,,,,,,,,,,,,12,,,,,,,,,,,,,,,,,,,,,,2026-04-08 22:20:57.244272+00:00,,,,,,,,,,,,,,,,,,,,,,,,,,,,,,,,,,,,,,,,,,,,,893,,,,,,,,,,,,,,,,,,,,,,,,,,,,,,,,,,,,,,,,,,,,,,,,,,,,,16,,,,,,,,,,,,,,,,,,,,,,,,,,,,,,,,,125,,,,,,,,,,,,,,,,,,,,2,,
,,,,,,,,,,,,,,,,,,\??\C:\ProgramData\Packages\Microsoft.WidgetsPlatformRuntime_8wekyb3d8bbwe\S-1-5-21-2352865859-2334931103-2005901029-1001\SystemAppData\Helium\Cache\81d060ca2aba6fa4_COM15.dat,,,,,,,,,,,,,,,,,,,,,1,,,,,,,,,,,,,,,,,,,,,,2026-04-08 22:20:57.246584+00:00,,,,,,,,,,,,,,,,,,,,,,,,,,,,,,,,,,,,,,,,,,,,,894,,,,,,,,,,,,,,,,,,,,,,,,,,,,,,,,,,,,,,,,,,,,,,,,,,,,,16,,,,,,,,,,,,,,,,,,,,,,,,,,,,,,,,,175,,,,,,,,,,,,,,,,,,,,1,,
,,,,,,,,,,,,,,,,,,\??\C:\Users\pizza\AppData\Local\Packages\MicrosoftWindows.Client.WebExperience_cw5n1h2txyewy\Settings\settings.dat,,,,,,,,,,,,,,,,,,,,,6,,,,,,,,,,,,,,,,,,,,,,2026-04-08 22:20:59.829046+00:00,,,,,,,,,,,,,,,,,,,,,,,,,,,,,,,,,,,,,,,,,,,,,895,,,,,,,,,,,,,,,,,,,,,,,,,,,,,,,,,,,,,,,,,,,,,,,,,,,,,16,,,,,,,,,,,,,,,,,,,,,,,,,,,,,,,,,115,,,,,,,,,,,,,,,,,,,,1,,
,,,,,,{C2CF3110-460E-4FC1-B9D0-8A1C0C9CC4BD},,LocalHost (Using LRPC),,,,,,,,,,,,,,,Activation,,,,,,,,,,,,,,,,,,{8B30085D-A3E3-44E3-AE7F-B03A1340EBED},,,,,,,,,,,,,,,,,,,,2026-04-08 22:21:31.708897+00:00,,pizza,,,,,,,,,,MicrosoftWindows.Client.CBS_1000.26100.300.0_x64__cw5n1h2txyewy,,,,,,,,NormalVM,,,,,,,,,,,,Local,,,,,,,,,,,,,896,,,,,,,,,,,,,,,,,,,,,,,,,,,,,,,,,,,,,,,,,,,,,,,,,,,,,10016,,,,,,S-1-5-21-2352865859-2334931103-2005901029-1001,,,,,,,,,,,,,,,,,machine-default,,,,,,,,,,,S-1-15-2-283421221-3183566570-1718213290-751554359-3541592344-2312209569-3374928651,,,,,,,,,,,,,,,,,,,,,
,,,,,,BITS,,,,,,,,,,,,,,,,,auto start,,,,,,,,,,,,,,,,,,,,,,,,,,,,,,,,,,,,,,2026-04-08 22:21:32.731361+00:00,,,,,,,,,,,,,,,,,,,,,,,,,,,,,,,,demand start,,,,,,,,,,,,,897,,,,,,,,,,,,,,,,,,,,,,,,,,,,,,,,,,,,,,,,,,,,,,,,,,,,,7040,,,,,,,,,,,,,,,,,,,,,,,Background Intelligent Transfer Service,,,,,,,,,,,,,,,,,,,,,,,,,,,,,,,,
,,,,,,{C2CF3110-460E-4FC1-B9D0-8A1C0C9CC4BD},,LocalHost (Using LRPC),,,,,,,,,,,,,,,Activation,,,,,,,,,,,,,,,,,,{8B30085D-A3E3-44E3-AE7F-B03A1340EBED},,,,,,,,,,,,,,,,,,,,2026-04-08 22:21:45.606537+00:00,,pizza,,,,,,,,,,MicrosoftWindows.Client.CBS_1000.26100.300.0_x64__cw5n1h2txyewy,,,,,,,,NormalVM,,,,,,,,,,,,Local,,,,,,,,,,,,,898,,,,,,,,,,,,,,,,,,,,,,,,,,,,,,,,,,,,,,,,,,,,,,,,,,,,,10016,,,,,,S-1-5-21-2352865859-2334931103-2005901029-1001,,,,,,,,,,,,,,,,,machine-default,,,,,,,,,,,S-1-15-2-283421221-3183566570-1718213290-751554359-3541592344-2312209569-3374928651,,,,,,,,,,,,,,,,,,,,,
,,,,,,,,,,,,,,,,,,,,,,,,,,,,,,,,,,,,,,,,,,,,,,,,,,,,,,,,,,,,,2026-04-08 22:21:46.603512+00:00,,,,,,,,,,,,,,,,,,,,,,,,,,,,,,,,,,,,,,,,,,,,,899,,,,,,,,,,,,,,,,,,,,,,,,,,,,,,,,,,,,,,,,,,,,,,,,,,,,,10010,,,,,,,,,,,,,,,,,,,,,,,{A7451292-7906-414C-BB7B-DFD32C749E5C},,,,,,,,,,,,,,,,,,,,,,,,,,,,,,,,
,,,,,,Windows.SecurityCenter.WscDataProtection,,LocalHost (Using LRPC),,,,,,,,,,,,,,,Launch,,,,,,,,,,,,,,,,,,Unavailable,,,,,,,,,,,,,,,,,,,,2026-04-08 22:21:51.040562+00:00,,SYSTEM,,,,,,,,,,Unavailable,,,,,,,,NT AUTHORITY,,,,,,,,,,,,Local,,,,,,,,,,,,,900,,,,,,,,,,,,,,,,,,,,,,,,,,,,,,,,,,,,,,,,,,,,,,,,,,,,,10016,,,,,,S-1-5-18,,,,,,,,,,,,,,,,,application-specific,,,,,,,,,,,Unavailable,,,,,,,,,,,,,,,,,,,,,
,,,,,,,,,,,,,,,,,,\??\C:\Users\pizza\AppData\Local\Packages\Microsoft.WindowsStore_8wekyb3d8bbwe\Settings\settings.dat,,,,,,,,,,,,,,,,,,,,,18,,,,,,,,,,,,,,,,,,,,,,2026-04-08 22:21:51.786100+00:00,,,,,,,,,,,,,,,,,,,,,,,,,,,,,,,,,,,,,,,,,,,,,901,,,,,,,,,,,,,,,,,,,,,,,,,,,,,,,,,,,,,,,,,,,,,,,,,,,,,16,,,,,,,,,,,,,,,,,,,,,,,,,,,,,,,,,100,,,,,,,,,,,,,,,,,,,,3,,
,,,,,,,,,,,,,,,,,,\??\C:\ProgramData\Packages\Microsoft.DesktopAppInstaller_8wekyb3d8bbwe\S-1-5-21-2352865859-2334931103-2005901029-1001\SystemAppData\Helium\Cache\e4c3c65548275a28_COM15.dat,,,,,,,,,,,,,,,,,,,,,1,,,,,,,,,,,,,,,,,,,,,,2026-04-08 22:22:46.778070+00:00,,,,,,,,,,,,,,,,,,,,,,,,,,,,,,,,,,,,,,,,,,,,,902,,,,,,,,,,,,,,,,,,,,,,,,,,,,,,,,,,,,,,,,,,,,,,,,,,,,,16,,,,,,,,,,,,,,,,,,,,,,,,,,,,,,,,,172,,,,,,,,,,,,,,,,,,,,1,,
,,,,,,,,,,,,,,,,,,\??\C:\Users\pizza\AppData\Local\Packages\Microsoft.DesktopAppInstaller_8wekyb3d8bbwe\Settings\settings.dat,,,,,,,,,,,,,,,,,,,,,2,,,,,,,,,,,,,,,,,,,,,,2026-04-08 22:22:49.109230+00:00,,,,,,,,,,,,,,,,,,,,,,,,,,,,,,,,,,,,,,,,,,,,,903,,,,,,,,,,,,,,,,,,,,,,,,,,,,,,,,,,,,,,,,,,,,,,,,,,,,,16,,,,,,,,,,,,,,,,,,,,,,,,,,,,,,,,,107,,,,,,,,,,,,,,,,,,,,1,,
,,,,,,,,,,,,,,,,,,\??\C:\Users\pizza\AppData\Local\Packages\Microsoft.Windows.ContentDeliveryManager_cw5n1h2txyewy\Settings\settings.dat,,,,,,,,,,,,,,,,,,,,,247,,,,,,,,,,,,,,,,,,,,,,2026-04-08 22:23:50.994864+00:00,,,,,,,,,,,,,,,,,,,,,,,,,,,,,,,,,,,,,,,,,,,,,904,,,,,,,,,,,,,,,,,,,,,,,,,,,,,,,,,,,,,,,,,,,,,,,,,,,,,16,,,,,,,,,,,,,,,,,,,,,,,,,,,,,,,,,118,,,,,,,,,,,,,,,,,,,,20,,
,,,,,,,,,,,,,,,,,,,,,,,,,,,,,,,,,,,,,,,,,,,,,,,,,,,,,,,,,,,,,2026-04-08 22:24:58.707308+00:00,,,,,,,,,,,,,,,,,,,,,,,,,,,,,,,,,,,,,,,,,,,,,905,,,,,,,,,,,,,,,,,,,,,,,,,,,,,,Under Observation - More Data Needed,,,,,,,,,,,,,,,,,"BaseBoardManufacturer:Intel Corporation;FirmwareManufacturer:VMware, Inc.;FirmwareVersion:VMW201.00V.24866131.B64.2507211911;OEMModelNumber:VMware20,1;OEMModelBaseBoard:440BX Desktop Reference Platform;OEMModelSystemFamily:;OEMManufacturerName:VMware, Inc.;OEMModelSKU:;OSArchitecture:amd64;",,,,,,1801,,,,,,,,,,,,,,,,,,3cbe19ad83f4f74828ea0bb0c21cc9af488df5d347c6969fee5ef76501b36415,,,,,,,,,,,,,,,,,,,,,,,,,,,,,,,,,,,,,
,,,,,,,,,,,,,,,,,,,,,,,,,,,,,,,,,,,,,,,,,,,,,,,,,,,-2147020471,,,,,,,,,,2026-04-08 22:24:58.714928+00:00,,,,,,,,,,,,,,,,,,,,,,,,,,,,,,,,,,,,,,,,,,,,,906,,,,,,,,,,,,,,,,,,,,,,,,,,,,,,,,,,,,,,,,,,,,,,,,,,,,,1796,,,,,,,,,,,,,,,,,,,DBX,,,,,,,,,,,,,,,,,,,,,,,,,,,,,,,,,,,,
,,,,,,,,,,,,,,,,,,,,,,,,,,,,,,,,,,,,,,,,,,,,,,,,,,,-2147020471,,,,,,,,,,2026-04-08 22:24:58.714981+00:00,,,,,,,,,,,,,,,,,,,,,,,,,,,,,,,,,,,,,,,,,,,,,907,,,,,,,,,,,,,,,,,,,,,,,,,,,,,,,,,,,,,,,,,,,,,,,,,,,,,1796,,,,,,,,,,,,,,,,,,,SBAT,,,,,,,,,,,,,,,,,,,,,,,,,,,,,,,,,,,,
,,,,,,,,,,,,,,,,,,\??\C:\ProgramData\Packages\Microsoft.WindowsStore_8wekyb3d8bbwe\S-1-5-21-2352865859-2334931103-2005901029-1001\SystemAppData\Helium\Cache\ced8370ad3a2a6fe_COM15.dat,,,,,,,,,,,,,,,,,,,,,1,,,,,,,,,,,,,,,,,,,,,,2026-04-08 22:24:59.544127+00:00,,,,,,,,,,,,,,,,,,,,,,,,,,,,,,,,,,,,,,,,,,,,,908,,,,,,,,,,,,,,,,,,,,,,,,,,,,,,,,,,,,,,,,,,,,,,,,,,,,,16,,,,,,,,,,,,,,,,,,,,,,,,,,,,,,,,,165,,,,,,,,,,,,,,,,,,,,1,,
,,,,,,BITS,,,,,,,,,,,,,,,,,demand start,,,,,,,,,,,,,,,,,,,,,,,,,,,,,,,,,,,,,,2026-04-08 22:25:24.660648+00:00,,,,,,,,,,,,,,,,,,,,,,,,,,,,,,,,auto start,,,,,,,,,,,,,909,,,,,,,,,,,,,,,,,,,,,,,,,,,,,,,,,,,,,,,,,,,,,,,,,,,,,7040,,,,,,,,,,,,,,,,,,,,,,,Background Intelligent Transfer Service,,,,,,,,,,,,,,,,,,,,,,,,,,,,,,,,
,,,,,,,,,,,,,,,,,,\??\C:\Users\pizza\AppData\Local\Packages\Microsoft.WindowsTerminal_8wekyb3d8bbwe\SystemAppData\Helium\User.dat,,,,,,,,,,,,,,,,,,,,,1,,,,,,,,,,,,,,,,,,,,,,2026-04-08 22:26:49.049650+00:00,,,,,,,,,,,,,,,,,,,,,,,,,,,,,,,,,,,,,,,,,,,,,910,,,,,,,,,,,,,,,,,,,,,,,,,,,,,,,,,,,,,,,,,,,,,,,,,,,,,16,,,,,,,,,,,,,,,,,,,,,,,,,,,,,,,,,111,,,,,,,,,,,,,,,,,,,,1,,
,,,,,,,,,,,,,,,,,,\??\C:\Users\pizza\AppData\Local\Packages\Microsoft.WindowsTerminal_8wekyb3d8bbwe\SystemAppData\Helium\UserClasses.dat,,,,,,,,,,,,,,,,,,,,,6,,,,,,,,,,,,,,,,,,,,,,2026-04-08 22:26:49.052973+00:00,,,,,,,,,,,,,,,,,,,,,,,,,,,,,,,,,,,,,,,,,,,,,911,,,,,,,,,,,,,,,,,,,,,,,,,,,,,,,,,,,,,,,,,,,,,,,,,,,,,16,,,,,,,,,,,,,,,,,,,,,,,,,,,,,,,,,118,,,,,,,,,,,,,,,,,,,,1,,
,,,,,,,,,,,,,,,,,,\??\C:\ProgramData\Packages\Microsoft.WindowsTerminal_8wekyb3d8bbwe\S-1-5-21-2352865859-2334931103-2005901029-1001\SystemAppData\Helium\Cache\7472fe30098aecca_COM15.dat,,,,,,,,,,,,,,,,,,,,,1,,,,,,,,,,,,,,,,,,,,,,2026-04-08 22:26:49.055605+00:00,,,,,,,,,,,,,,,,,,,,,,,,,,,,,,,,,,,,,,,,,,,,,912,,,,,,,,,,,,,,,,,,,,,,,,,,,,,,,,,,,,,,,,,,,,,,,,,,,,,16,,,,,,,,,,,,,,,,,,,,,,,,,,,,,,,,,168,,,,,,,,,,,,,,,,,,,,1,,
,,,,,,,,,,,,,,,,,,\??\C:\Users\pizza\AppData\Local\Packages\Microsoft.WindowsNotepad_8wekyb3d8bbwe\SystemAppData\Helium\User.dat,,,,,,,,,,,,,,,,,,,,,1,,,,,,,,,,,,,,,,,,,,,,2026-04-08 22:27:02.944984+00:00,,,,,,,,,,,,,,,,,,,,,,,,,,,,,,,,,,,,,,,,,,,,,913,,,,,,,,,,,,,,,,,,,,,,,,,,,,,,,,,,,,,,,,,,,,,,,,,,,,,16,,,,,,,,,,,,,,,,,,,,,,,,,,,,,,,,,110,,,,,,,,,,,,,,,,,,,,1,,
,,,,,,,,,,,,,,,,,,\??\C:\Users\pizza\AppData\Local\Packages\Microsoft.WindowsNotepad_8wekyb3d8bbwe\SystemAppData\Helium\UserClasses.dat,,,,,,,,,,,,,,,,,,,,,1,,,,,,,,,,,,,,,,,,,,,,2026-04-08 22:27:02.948610+00:00,,,,,,,,,,,,,,,,,,,,,,,,,,,,,,,,,,,,,,,,,,,,,914,,,,,,,,,,,,,,,,,,,,,,,,,,,,,,,,,,,,,,,,,,,,,,,,,,,,,16,,,,,,,,,,,,,,,,,,,,,,,,,,,,,,,,,117,,,,,,,,,,,,,,,,,,,,1,,
,,,,,,,,,,,,,,,,,,\??\C:\ProgramData\Packages\Microsoft.WindowsNotepad_8wekyb3d8bbwe\S-1-5-21-2352865859-2334931103-2005901029-1001\SystemAppData\Helium\Cache\4f59481220cd4b4a_COM15.dat,,,,,,,,,,,,,,,,,,,,,1,,,,,,,,,,,,,,,,,,,,,,2026-04-08 22:27:02.950378+00:00,,,,,,,,,,,,,,,,,,,,,,,,,,,,,,,,,,,,,,,,,,,,,915,,,,,,,,,,,,,,,,,,,,,,,,,,,,,,,,,,,,,,,,,,,,,,,,,,,,,16,,,,,,,,,,,,,,,,,,,,,,,,,,,,,,,,,167,,,,,,,,,,,,,,,,,,,,1,,
,,,,,,BITS,,,,,,,,,,,,,,,,,auto start,,,,,,,,,,,,,,,,,,,,,,,,,,,,,,,,,,,,,,2026-04-08 22:27:09.061522+00:00,,,,,,,,,,,,,,,,,,,,,,,,,,,,,,,,demand start,,,,,,,,,,,,,916,,,,,,,,,,,,,,,,,,,,,,,,,,,,,,,,,,,,,,,,,,,,,,,,,,,,,7040,,,,,,,,,,,,,,,,,,,,,,,Background Intelligent Transfer Service,,,,,,,,,,,,,,,,,,,,,,,,,,,,,,,,
,,,,,,,,,,,,,,,,,,,"""C:\Program Files (x86)\ossec-agent\wazuh-agent.exe""",,,,,,,,,,,,,,,,,,,,,,,,,,,,,,,,,,,,,,auto start,,,,2026-04-08 22:27:19.877159+00:00,,,,LocalSystem,,,,,,,,,,,,,,,,,,,,,,,,,,,,,,,,,,,,,,,,,917,,,,,,,,,,,,,,,,,Wazuh,,,,,,,,,,,,,,,,,,,,,,,,,,,,,,,,,,,,7045,,,,,,,,,,,,,,,,,,,,,,,,,,,,,,,,user mode service,,,,,,,,,,,,,,,,,,,,,,,
,,,,,,,,,,,,,,,,,,\??\C:\Users\pizza\AppData\Local\Packages\Microsoft.WindowsNotepad_8wekyb3d8bbwe\Settings\settings.dat,,,,,,,,,,,,,,,,,,,,,1,,,,,,,,,,,,,,,,,,,,,,2026-04-08 22:27:52.231661+00:00,,,,,,,,,,,,,,,,,,,,,,,,,,,,,,,,,,,,,,,,,,,,,918,,,,,,,,,,,,,,,,,,,,,,,,,,,,,,,,,,,,,,,,,,,,,,,,,,,,,16,,,,,,,,,,,,,,,,,,,,,,,,,,,,,,,,,102,,,,,,,,,,,,,,,,,,,,1,,
,,,,,,,,,,Security Intelligence Update for Microsoft Defender Antivirus - KB2267602 (Version 1.447.235.0) - Current Channel (Broad),,,,,,,,,,200,,,,,,,,,,,,,,,,,,,,,,,,,,,,,,,,,,,,,,{601b529e-9a80-45b9-a81a-6487eaff72ae},,,2026-04-08 22:31:40.453354+00:00,,,,,,,,,,,,,,,,,,,,,,,,,,,,,,,,,,,,,,,,,,,,,919,,,,,,,,,,,,,,,,,,,,,,,,,,,,,,,,,,,,,,,,,,,,,,,,,,,,,44,,,,,,,,,,,,,,,,,,,,,,,,,,,,,,,,,,,,,,,,,,,,,,,,,,,,,,,
,,,,,,,,,,Security Intelligence Update for Microsoft Defender Antivirus - KB2267602 (Version 1.447.235.0) - Current Channel (Broad),,,,,,,,,,200,,,,,,,,,,,,,,,,,,,,,,,,,,,,,,,,,,,,,,{601b529e-9a80-45b9-a81a-6487eaff72ae},,,2026-04-08 22:32:37.244310+00:00,,,,,,,,,,,,,,,,,,,,,,,,,,,,,,,,,,,,,,,,,,,,,920,,,,,,,,,,,,,,,,,,,,,,,,,,,,,,,,,,,,,,,,,,,,,,,,,,,,,43,,,,,,,,,,,,,,,,,,,,,,,,,,,,,,,,,,,,,,,,,,,,,,,,,,,,,,,
,,,,,,,,,,Security Intelligence Update for Microsoft Defender Antivirus - KB2267602 (Version 1.447.235.0) - Current Channel (Broad),,,,,,,,,,200,,,,,,,,,,{9482f4b4-e343-43b6-b170-9a65bc822c77},,,,,,,,,,,,,,,,,,,,,,,,,,,,{601b529e-9a80-45b9-a81a-6487eaff72ae},,,2026-04-08 22:33:04.903664+00:00,,,,,,,,,,,,,,,,,,,,,,,,,,,,,,,,,,,,,,,,,,,,,921,,,,,,,,,,,,,,,,,,,,,,,,,,,,,,,,,,,,,,,,,,,,,,,,,,,,,19,,,,,,,,,,,,,,,,,,,,,,,,,,,,,,,,,,,,,,,,,,,,,,,,,,,,,,,
,,,,,,,,,,,,,,,,,,\??\C:\WINDOWS\System32\config\COMPONENTS,,,,,,,,,,,,,,,,,,,,,83095,,,,,,,,,,,,,,,,,,,,,,2026-04-08 22:34:15.854923+00:00,,,,,,,,,,,,,,,,,,,,,,,,,,,,,,,,,,,,,,,,,,,,,922,,,,,,,,,,,,,,,,,,,,,,,,,,,,,,,,,,,,,,,,,,,,,,,,,,,,,16,,,,,,,,,,,,,,,,,,,,,,,,,,,,,,,,,41,,,,,,,,,,,,,,,,,,,,8802,,
,,,,,,,,,,,,,,,,,,\??\C:\WINDOWS\System32\SMI\Store\Machine\schema.dat,,,,,,,,,,,,,,,,,,,,,14663,,,,,,,,,,,,,,,,,,,,,,2026-04-08 22:34:16.136112+00:00,,,,,,,,,,,,,,,,,,,,,,,,,,,,,,,,,,,,,,,,,,,,,923,,,,,,,,,,,,,,,,,,,,,,,,,,,,,,,,,,,,,,,,,,,,,,,,,,,,,16,,,,,,,,,,,,,,,,,,,,,,,,,,,,,,,,,52,,,,,,,,,,,,,,,,,,,,2489,,
,,,,,,TrustedInstaller,,,,,,,,,,,,,,,,,auto start,,,,,,,,,,,,,,,,,,,,,,,,,,,,,,,,,,,,,,2026-04-08 22:34:16.372957+00:00,,,,,,,,,,,,,,,,,,,,,,,,,,,,,,,,demand start,,,,,,,,,,,,,924,,,,,,,,,,,,,,,,,,,,,,,,,,,,,,,,,,,,,,,,,,,,,,,,,,,,,7040,,,,,,,,,,,,,,,,,,,,,,,Windows Modules Installer,,,,,,,,,,,,,,,,,,,,,,,,,,,,,,,,
,,,,,,,,,,2026-03 Security Update (KB5079473) (26200.8037),,,,,,,,,,1,,,,,,,,,,,,,,,,,,,,,,,,,,,,,,,,,,,,,,{c76f6748-fa6a-4feb-9121-798da084a057},,,2026-04-08 22:34:34.960394+00:00,,,,,,,,,,,,,,,,,,,,,,,,,,,,,,,,,,,,,,,,,,,,,925,,,,,,,,,,,,,,,,,,,,,,,,,,,,,,,,,,,,,,,,,,,,,,,,,,,,,44,,,,,,,,,,,,,,,,,,,,,,,,,,,,,,,,,,,,,,,,,,,,,,,,,,,,,,,
,,,,,,,,,,9NBLGGH4NNS1-Microsoft.DesktopAppInstaller,,,,,,,,,,1,,,,,,,,,,,,,,,,,,,,,,,,,,,,,,,,,,,,,,{4c51ab99-7a42-4731-b4eb-9f267a254612},,,2026-04-08 22:36:21.269770+00:00,,,,,,,,,,,,,,,,,,,,,,,,,,,,,,,,,,,,,,,,,,,,,926,,,,,,,,,,,,,,,,,,,,,,,,,,,,,,,,,,,,,,,,,,,,,,,,,,,,,44,,,,,,,,,,,,,,,,,,,,,,,,,,,,,,,,,,,,,,,,,,,,,,,,,,,,,,,
,,,,,,,,,,9PLL735RFDSM-Microsoft.NET.Native.Runtime.2.2,,,,,,,,,,1,,,,,,,,,,,,,,,,,,,,,,,,,,,,,,,,,,,,,,{9c137291-4059-4cb8-b650-12b07bbe1da1},,,2026-04-08 22:36:41.845758+00:00,,,,,,,,,,,,,,,,,,,,,,,,,,,,,,,,,,,,,,,,,,,,,927,,,,,,,,,,,,,,,,,,,,,,,,,,,,,,,,,,,,,,,,,,,,,,,,,,,,,44,,,,,,,,,,,,,,,,,,,,,,,,,,,,,,,,,,,,,,,,,,,,,,,,,,,,,,,
,,,,,,,,,,9NZKPSTSNW4P-Microsoft.XboxGamingOverlay,,,,,,,,,,1,,,,,,,,,,,,,,,,,,,,,,,,,,,,,,,,,,,,,,{e07bd6a1-5bbb-48ad-ba72-4efc39d224a3},,,2026-04-08 22:39:17.465801+00:00,,,,,,,,,,,,,,,,,,,,,,,,,,,,,,,,,,,,,,,,,,,,,928,,,,,,,,,,,,,,,,,,,,,,,,,,,,,,,,,,,,,,,,,,,,,,,,,,,,,44,,,,,,,,,,,,,,,,,,,,,,,,,,,,,,,,,,,,,,,,,,,,,,,,,,,,,,,
,,,,,,,,,,,,,,,,,,,,,,,,,,,,,,,,,0,,,,,,,,,,,,,,,,,,,,,,,,,,0,,2026-04-08 22:39:58.293110+00:00,,,0,,,,,,,,,,,,,,,,,,,,,,,,,,,,,,,,,,True,,,,,,,,929,,,,,,,,,,,,,,,12,1225791008,,,,,,,,,,,,,7,,,,,,,,,,,,,,1,,,,,,,,,,566,,,,,,,,,,,,,,,,,,,,,,1,,,0,,,,,,,,,,12,,,,,0,,,,,,,,0,,,,,,,
,,,,,,,,,,Update for Windows Security platform - KB5007651 (Version 10.0.29510.1001),,,,,,,,,,205,,,,,,,,,,,,,,,,,,,,,,,,,,,,,,,,,,,,,,{a32ca1d0-ddd4-486b-b708-d941db4f1081},,,2026-04-08 22:42:29.727314+00:00,,,,,,,,,,,,,,,,,,,,,,,,,,,,,,,,,,,,,,,,,,,,,930,,,,,,,,,,,,,,,,,,,,,,,,,,,,,,,,,,,,,,,,,,,,,,,,,,,,,43,,,,,,,,,,,,,,,,,,,,,,,,,,,,,,,,,,,,,,,,,,,,,,,,,,,,,,,
,,,,,,,,,,Update for Windows Security platform - KB5007651 (Version 10.0.29510.1001),,,,,,,,,,205,,,,,,,,,,{9482f4b4-e343-43b6-b170-9a65bc822c77},,,,,,,,,,,,,,,,,,,,,,,,,,,,{a32ca1d0-ddd4-486b-b708-d941db4f1081},,,2026-04-08 22:42:30.541121+00:00,,,,,,,,,,,,,,,,,,,,,,,,,,,,,,,,,,,,,,,,,,,,,931,,,,,,,,,,,,,,,,,,,,,,,,,,,,,,,,,,,,,,,,,,,,,,,,,,,,,19,,,,,,,,,,,,,,,,,,,,,,,,,,,,,,,,,,,,,,,,,,,,,,,,,,,,,,,
,,,,,,,,,,9MW2LKJ0TPJF-Microsoft.NET.Native.Framework.2.2,,,,,,,,,,1,,,,,,,,,,,,,,,,,,,,,,,,,,,,,,,,,,,,,,{bfa7d40d-2cdf-4c15-98cf-85c847517da3},,,2026-04-08 22:42:43.124664+00:00,,,,,,,,,,,,,,,,,,,,,,,,,,,,,,,,,,,,,,,,,,,,,932,,,,,,,,,,,,,,,,,,,,,,,,,,,,,,,,,,,,,,,,,,,,,,,,,,,,,44,,,,,,,,,,,,,,,,,,,,,,,,,,,,,,,,,,,,,,,,,,,,,,,,,,,,,,,
,,,,,,,,,,,,,,,,,,\??\C:\ProgramData\Microsoft\Windows\AppRepository\Packages\Microsoft.DesktopAppInstaller_1.28.219.0_x64__8wekyb3d8bbwe\ActivationStore.dat,,,,,,,,,,,,,,,,,,,,,0,,,,,,,,,,,,,,,,,,,,,,2026-04-08 22:42:49.225079+00:00,,,,,,,,,,,,,,,,,,,,,,,,,,,,,,,,,,,,,,,,,,,,,933,,,,,,,,,,,,,,,,,,,,,,,,,,,,,,,,,,,,,,,,,,,,,,,,,,,,,16,,,,,,,,,,,,,,,,,,,,,,,,,,,,,,,,,139,,,,,,,,,,,,,,,,,,,,0,,
,,,,,,,,,,9NBLGGH4NNS1-Microsoft.DesktopAppInstaller,,,,,,,,,,1,,,,,,,,,,,,,,,,,,,,,,,,,,,,,,,,,,,,,,{4c51ab99-7a42-4731-b4eb-9f267a254612},,,2026-04-08 22:42:51.163416+00:00,,,,,,,,,,,,,,,,,,,,,,,,,,,,,,,,,,,,,,,,,,,,,934,,,,,,,,,,,,,,,,,,,,,,,,,,,,,,,,,,,,,,,,,,,,,,,,,,,,,43,,,,,,,,,,,,,,,,,,,,,,,,,,,,,,,,,,,,,,,,,,,,,,,,,,,,,,,
,,,,,,,,,,9NBLGGH4NNS1-Microsoft.DesktopAppInstaller,,,,,,,,,,1,,,,,,,,,,{855e8a7c-ecb4-4ca3-b045-1dfa50104289},,,,,,,,,,,,,,,,,,,,,,,,,,,,{4c51ab99-7a42-4731-b4eb-9f267a254612},,,2026-04-08 22:42:53.827400+00:00,,,,,,,,,,,,,,,,,,,,,,,,,,,,,,,,,,,,,,,,,,,,,935,,,,,,,,,,,,,,,,,,,,,,,,,,,,,,,,,,,,,,,,,,,,,,,,,,,,,19,,,,,,,,,,,,,,,,,,,,,,,,,,,,,,,,,,,,,,,,,,,,,,,,,,,,,,,
,,,,,,,,,,,,,,,,,,\??\C:\ProgramData\Microsoft\Windows\AppRepository\Packages\Microsoft.XboxGamingOverlay_7.326.2102.0_x64__8wekyb3d8bbwe\ActivationStore.dat,,,,,,,,,,,,,,,,,,,,,0,,,,,,,,,,,,,,,,,,,,,,2026-04-08 22:43:21.990023+00:00,,,,,,,,,,,,,,,,,,,,,,,,,,,,,,,,,,,,,,,,,,,,,936,,,,,,,,,,,,,,,,,,,,,,,,,,,,,,,,,,,,,,,,,,,,,,,,,,,,,16,,,,,,,,,,,,,,,,,,,,,,,,,,,,,,,,,139,,,,,,,,,,,,,,,,,,,,0,,
,,,,,,,,,,9NZKPSTSNW4P-Microsoft.XboxGamingOverlay,,,,,,,,,,1,,,,,,,,,,,,,,,,,,,,,,,,,,,,,,,,,,,,,,{e07bd6a1-5bbb-48ad-ba72-4efc39d224a3},,,2026-04-08 22:43:23.265232+00:00,,,,,,,,,,,,,,,,,,,,,,,,,,,,,,,,,,,,,,,,,,,,,937,,,,,,,,,,,,,,,,,,,,,,,,,,,,,,,,,,,,,,,,,,,,,,,,,,,,,43,,,,,,,,,,,,,,,,,,,,,,,,,,,,,,,,,,,,,,,,,,,,,,,,,,,,,,,
,,,,,,,,,,,,,,,,,,\??\C:\Users\pizza\AppData\Local\Packages\Microsoft.XboxGamingOverlay_8wekyb3d8bbwe\Settings\settings.dat,,,,,,,,,,,,,,,,,,,,,5,,,,,,,,,,,,,,,,,,,,,,2026-04-08 22:43:23.780891+00:00,,,,,,,,,,,,,,,,,,,,,,,,,,,,,,,,,,,,,,,,,,,,,938,,,,,,,,,,,,,,,,,,,,,,,,,,,,,,,,,,,,,,,,,,,,,,,,,,,,,16,,,,,,,,,,,,,,,,,,,,,,,,,,,,,,,,,105,,,,,,,,,,,,,,,,,,,,1,,
,,,,,,,,,,9NZKPSTSNW4P-Microsoft.XboxGamingOverlay,,,,,,,,,,1,,,,,,,,,,{855e8a7c-ecb4-4ca3-b045-1dfa50104289},,,,,,,,,,,,,,,,,,,,,,,,,,,,{e07bd6a1-5bbb-48ad-ba72-4efc39d224a3},,,2026-04-08 22:43:24.887224+00:00,,,,,,,,,,,,,,,,,,,,,,,,,,,,,,,,,,,,,,,,,,,,,939,,,,,,,,,,,,,,,,,,,,,,,,,,,,,,,,,,,,,,,,,,,,,,,,,,,,,19,,,,,,,,,,,,,,,,,,,,,,,,,,,,,,,,,,,,,,,,,,,,,,,,,,,,,,,
,,,,,,,,,,9PKDZBMV1H3T-Microsoft.GetHelp,,,,,,,,,,1,,,,,,,,,,,,,,,,,,,,,,,,,,,,,,,,,,,,,,{d3047bb3-2852-4576-896d-5ca280b70d4e},,,2026-04-08 22:43:34.277990+00:00,,,,,,,,,,,,,,,,,,,,,,,,,,,,,,,,,,,,,,,,,,,,,940,,,,,,,,,,,,,,,,,,,,,,,,,,,,,,,,,,,,,,,,,,,,,,,,,,,,,44,,,,,,,,,,,,,,,,,,,,,,,,,,,,,,,,,,,,,,,,,,,,,,,,,,,,,,,
,,,,,,,,,,9NH2SW16MQ7F-Microsoft.WindowsAppRuntime.1.5,,,,,,,,,,1,,,,,,,,,,,,,,,,,,,,,,,,,,,,,,,,,,,,,,{9e7b6034-6a40-4f49-ba32-0d77661c32a5},,,2026-04-08 22:43:43.073286+00:00,,,,,,,,,,,,,,,,,,,,,,,,,,,,,,,,,,,,,,,,,,,,,941,,,,,,,,,,,,,,,,,,,,,,,,,,,,,,,,,,,,,,,,,,,,,,,,,,,,,44,,,,,,,,,,,,,,,,,,,,,,,,,,,,,,,,,,,,,,,,,,,,,,,,,,,,,,,
,,,,,,,,,,Windows Malicious Software Removal Tool x64 - v5.139 (KB890830),,,,,,,,,,200,,,,,,,,,,,,,,,,,,,,,,,,,,,,,,,,,,,,,,{fdde99e0-d805-4c36-987b-4d90c2dc913f},,,2026-04-08 22:43:44.958847+00:00,,,,,,,,,,,,,,,,,,,,,,,,,,,,,,,,,,,,,,,,,,,,,942,,,,,,,,,,,,,,,,,,,,,,,,,,,,,,,,,,,,,,,,,,,,,,,,,,,,,43,,,,,,,,,,,,,,,,,,,,,,,,,,,,,,,,,,,,,,,,,,,,,,,,,,,,,,,
,,,,,,,,,,,,,,,,,,,,,,,,,,,,,,,,,0,,,,,,,,,,,,,,,,,,,,,,,,,,0,,2026-04-08 22:43:54.229576+00:00,,,0,,,,,,,,,,,,,,,,,,,,,,,,,,,,,,,,,,True,,,,,,,,943,,,,,,,,,,,,,,,32,235927322,,,,,,,,,,,,,7,,,,,,,,,,,,,,0,,,,,,,,,,566,,,,,,,,,,,,,,,,,,,,,,3,,,0,,,,,,,,,,32,,,,,1,,,,,,,,1,,,,,,,
,,,,,,,,,,,,,,,,,,\??\C:\ProgramData\Microsoft\Windows\AppRepository\Packages\Microsoft.SecHealthUI_1000.29510.1001.0_x64__8wekyb3d8bbwe\ActivationStore.dat,,,,,,,,,,,,,,,,,,,,,0,,,,,,,,,,,,,,,,,,,,,,2026-04-08 22:44:27.331820+00:00,,,,,,,,,,,,,,,,,,,,,,,,,,,,,,,,,,,,,,,,,,,,,944,,,,,,,,,,,,,,,,,,,,,,,,,,,,,,,,,,,,,,,,,,,,,,,,,,,,,16,,,,,,,,,,,,,,,,,,,,,,,,,,,,,,,,,138,,,,,,,,,,,,,,,,,,,,0,,
,,,,,,,,,,,,,,,,,,\??\C:\Users\pizza\AppData\Local\Packages\Microsoft.SecHealthUI_8wekyb3d8bbwe\Settings\settings.dat,,,,,,,,,,,,,,,,,,,,,3,,,,,,,,,,,,,,,,,,,,,,2026-04-08 22:44:27.877569+00:00,,,,,,,,,,,,,,,,,,,,,,,,,,,,,,,,,,,,,,,,,,,,,945,,,,,,,,,,,,,,,,,,,,,,,,,,,,,,,,,,,,,,,,,,,,,,,,,,,,,16,,,,,,,,,,,,,,,,,,,,,,,,,,,,,,,,,99,,,,,,,,,,,,,,,,,,,,1,,
,,,,,,,,,,Windows Malicious Software Removal Tool x64 - v5.139 (KB890830),,,,,,,,,,200,,,,,,,,,,{9482f4b4-e343-43b6-b170-9a65bc822c77},,,,,,,,,,,,,,,,,,,,,,,,,,,,{fdde99e0-d805-4c36-987b-4d90c2dc913f},,,2026-04-08 22:45:23.269196+00:00,,,,,,,,,,,,,,,,,,,,,,,,,,,,,,,,,,,,,,,,,,,,,946,,,,,,,,,,,,,,,,,,,,,,,,,,,,,,,,,,,,,,,,,,,,,,,,,,,,,19,,,,,,,,,,,,,,,,,,,,,,,,,,,,,,,,,,,,,,,,,,,,,,,,,,,,,,,
,,,,,,TrustedInstaller,,,,,,,,,,,,,,,,,demand start,,,,,,,,,,,,,,,,,,,,,,,,,,,,,,,,,,,,,,2026-04-08 22:49:19.923803+00:00,,,,,,,,,,,,,,,,,,,,,,,,,,,,,,,,auto start,,,,,,,,,,,,,947,,,,,,,,,,,,,,,,,,,,,,,,,,,,,,,,,,,,,,,,,,,,,,,,,,,,,7040,,,,,,,,,,,,,,,,,,,,,,,Windows Modules Installer,,,,,,,,,,,,,,,,,,,,,,,,,,,,,,,,
,,,,,,BITS,,,,,,,,,,,,,,,,,demand start,,,,,,,,,,,,,,,,,,,,,,,,,,,,,,,,,,,,,,2026-04-08 22:49:21.649982+00:00,,,,,,,,,,,,,,,,,,,,,,,,,,,,,,,,auto start,,,,,,,,,,,,,948,,,,,,,,,,,,,,,,,,,,,,,,,,,,,,,,,,,,,,,,,,,,,,,,,,,,,7040,,,,,,,,,,,,,,,,,,,,,,,Background Intelligent Transfer Service,,,,,,,,,,,,,,,,,,,,,,,,,,,,,,,,
,,,,,,,,,,,,,,,,,,\??\C:\ProgramData\Microsoft\Windows\AppRepository\Packages\Microsoft.GetHelp_10.2409.33293.0_x64__8wekyb3d8bbwe\ActivationStore.dat,,,,,,,,,,,,,,,,,,,,,0,,,,,,,,,,,,,,,,,,,,,,2026-04-08 22:50:01.635002+00:00,,,,,,,,,,,,,,,,,,,,,,,,,,,,,,,,,,,,,,,,,,,,,949,,,,,,,,,,,,,,,,,,,,,,,,,,,,,,,,,,,,,,,,,,,,,,,,,,,,,16,,,,,,,,,,,,,,,,,,,,,,,,,,,,,,,,,132,,,,,,,,,,,,,,,,,,,,0,,
,,,,,,,,,,9PKDZBMV1H3T-Microsoft.GetHelp,,,,,,,,,,1,,,,,,,,,,,,,,,,,,,,,,,,,,,,,,,,,,,,,,{d3047bb3-2852-4576-896d-5ca280b70d4e},,,2026-04-08 22:50:06.811028+00:00,,,,,,,,,,,,,,,,,,,,,,,,,,,,,,,,,,,,,,,,,,,,,950,,,,,,,,,,,,,,,,,,,,,,,,,,,,,,,,,,,,,,,,,,,,,,,,,,,,,43,,,,,,,,,,,,,,,,,,,,,,,,,,,,,,,,,,,,,,,,,,,,,,,,,,,,,,,
,,,,,,,,,,,,,,,,,,\??\C:\ProgramData\Microsoft\Windows\AppRepository\Packages\Microsoft.WindowsAppRuntime.1.5_5001.373.1736.0_x64__8wekyb3d8bbwe\ActivationStore.dat,,,,,,,,,,,,,,,,,,,,,0,,,,,,,,,,,,,,,,,,,,,,2026-04-08 22:50:57.859550+00:00,,,,,,,,,,,,,,,,,,,,,,,,,,,,,,,,,,,,,,,,,,,,,951,,,,,,,,,,,,,,,,,,,,,,,,,,,,,,,,,,,,,,,,,,,,,,,,,,,,,16,,,,,,,,,,,,,,,,,,,,,,,,,,,,,,,,,146,,,,,,,,,,,,,,,,,,,,0,,
,,,,,,,,,,,,,,,,,,\??\C:\ProgramData\Microsoft\Windows\AppRepository\Packages\Microsoft.WindowsAppRuntime.1.5_5001.373.1736.0_x86__8wekyb3d8bbwe\ActivationStore.dat,,,,,,,,,,,,,,,,,,,,,0,,,,,,,,,,,,,,,,,,,,,,2026-04-08 22:51:43.788719+00:00,,,,,,,,,,,,,,,,,,,,,,,,,,,,,,,,,,,,,,,,,,,,,952,,,,,,,,,,,,,,,,,,,,,,,,,,,,,,,,,,,,,,,,,,,,,,,,,,,,,16,,,,,,,,,,,,,,,,,,,,,,,,,,,,,,,,,146,,,,,,,,,,,,,,,,,,,,0,,
,,,,,,,,,,,,,,,,,,\??\C:\Users\pizza\AppData\Local\Packages\Microsoft.GetHelp_8wekyb3d8bbwe\Settings\settings.dat,,,,,,,,,,,,,,,,,,,,,3,,,,,,,,,,,,,,,,,,,,,,2026-04-08 22:51:44.383965+00:00,,,,,,,,,,,,,,,,,,,,,,,,,,,,,,,,,,,,,,,,,,,,,953,,,,,,,,,,,,,,,,,,,,,,,,,,,,,,,,,,,,,,,,,,,,,,,,,,,,,16,,,,,,,,,,,,,,,,,,,,,,,,,,,,,,,,,95,,,,,,,,,,,,,,,,,,,,1,,
,,,,,,,,,,9PKDZBMV1H3T-Microsoft.GetHelp,,,,,,,,,,1,,,,,,,,,,{855e8a7c-ecb4-4ca3-b045-1dfa50104289},,,,,,,,,,,,,,,,,,,,,,,,,,,,{d3047bb3-2852-4576-896d-5ca280b70d4e},,,2026-04-08 22:51:45.502453+00:00,,,,,,,,,,,,,,,,,,,,,,,,,,,,,,,,,,,,,,,,,,,,,954,,,,,,,,,,,,,,,,,,,,,,,,,,,,,,,,,,,,,,,,,,,,,,,,,,,,,19,,,,,,,,,,,,,,,,,,,,,,,,,,,,,,,,,,,,,,,,,,,,,,,,,,,,,,,
,,,,,,,,,,9WZDNCRD1HKW-Microsoft.XboxIdentityProvider,,,,,,,,,,1,,,,,,,,,,,,,,,,,,,,,,,,,,,,,,,,,,,,,,{bf7fa409-5cf9-4674-9810-54cefa63fc21},,,2026-04-08 23:18:36.479145+00:00,,,,,,,,,,,,,,,,,,,,,,,,,,,,,,,,,,,,,,,,,,,,,955,,,,,,,,,,,,,,,,,,,,,,,,,,,,,,,,,,,,,,,,,,,,,,,,,,,,,44,,,,,,,,,,,,,,,,,,,,,,,,,,,,,,,,,,,,,,,,,,,,,,,,,,,,,,,
,,,,,,,,,,9WZDNCRD1HKW-Microsoft.XboxIdentityProvider,,,,,,,,,,1,,,,,,,,,,,,,,,,,,,,,,,,,,,,,,,,,,,,,,{bf7fa409-5cf9-4674-9810-54cefa63fc21},,,2026-04-08 23:18:36.479147+00:00,,,,,,,,,,,,,,,,,,,,,,,,,,,,,,,,,,,,,,,,,,,,,956,,,,,,,,,,,,,,,,,,,,,,,,,,,,,,,,,,,,,,,,,,,,,,,,,,,,,44,,,,,,,,,,,,,,,,,,,,,,,,,,,,,,,,,,,,,,,,,,,,,,,,,,,,,,,
,,,,,,,,,,9PLL735RFDSM-Microsoft.NET.Native.Runtime.2.2,,,,,,,,,,1,,,,,,,,,,,,,,,,,,,,,,,,,,,,,,,,,,,,,,{9c137291-4059-4cb8-b650-12b07bbe1da1},,,2026-04-08 23:18:36.479147+00:00,,,,,,,,,,,,,,,,,,,,,,,,,,,,,,,,,,,,,,,,,,,,,957,,,,,,,,,,,,,,,,,,,,,,,,,,,,,,,,,,,,,,,,,,,,,,,,,,,,,44,,,,,,,,,,,,,,,,,,,,,,,,,,,,,,,,,,,,,,,,,,,,,,,,,,,,,,,
,,,,,,,,,,9WZDNCRD1HKW-Microsoft.XboxIdentityProvider,,,,,,,,,,1,,,,,,,,,,,,,,,,,,,,,,,,,,,,,,,,,,,,,,{bf7fa409-5cf9-4674-9810-54cefa63fc21},,,2026-04-08 23:18:36.479149+00:00,,,,,,,,,,,,,,,,,,,,,,,,,,,,,,,,,,,,,,,,,,,,,958,,,,,,,,,,,,,,,,,,,,,,,,,,,,,,,,,,,,,,,,,,,,,,,,,,,,,44,,,,,,,,,,,,,,,,,,,,,,,,,,,,,,,,,,,,,,,,,,,,,,,,,,,,,,,
,,,,,,,,,,9MW2LKJ0TPJF-Microsoft.NET.Native.Framework.2.2,,,,,,,,,,1,,,,,,,,,,,,,,,,,,,,,,,,,,,,,,,,,,,,,,{bfa7d40d-2cdf-4c15-98cf-85c847517da3},,,2026-04-08 23:18:36.479149+00:00,,,,,,,,,,,,,,,,,,,,,,,,,,,,,,,,,,,,,,,,,,,,,959,,,,,,,,,,,,,,,,,,,,,,,,,,,,,,,,,,,,,,,,,,,,,,,,,,,,,44,,,,,,,,,,,,,,,,,,,,,,,,,,,,,,,,,,,,,,,,,,,,,,,,,,,,,,,
,,,,,,,,,,,,,,,,,,,,,,,,,,,,,,,,,0,,,,,,,,,,,,,,,,,,,,,,,,,,0,,2026-04-08 23:19:21.822327+00:00,,,0,,,,,,,,,,,,,,,,,,,,,,,,,,,,,,,,,,True,,,,,,,,960,,,,,,,,,,,,,,,12,2127601964,,,,,,,,,,,,,7,,,,,,,,,,,,,,1,,,,,,,,,,566,,,,,,,,,,,,,,,,,,,,,,4,,,0,,,,,,,,,,12,,,,,3,,,,,,,,0,,,,,,,
,,,,,,,,,,,,,,,,,,,,,,,,,,,,,,,,,,,,,,,,,,,,,,,,,,,,,,,,,,,,,2026-04-08 23:20:15.798397+00:00,,,,,,,,,,,,,,,,,,,,,,,,,,,,,,,,,,,,,,,,,,,,,961,,,,,,,,,,,,,,,,,,,,,,,,,,,,,,,,,,,,,,,,,,,,,,,,,,"time.windows.com,0x9 (ntp.m|0x9|0.0.0.0:123->168.61.215.74:123)",,,37,,,,,,,,,,,,,,,,,,,,,,,,,,,,,,,,,,,,,,,,,,,,,,,,,,,,,,,
,,,,,,TrustedInstaller,,,,,,,,,,,,,,,,,auto start,,,,,,,,,,,,,,,,,,,,,,,,,,,,,,,,,,,,,,2026-04-08 23:20:19.636173+00:00,,,,,,,,,,,,,,,,,,,,,,,,,,,,,,,,demand start,,,,,,,,,,,,,962,,,,,,,,,,,,,,,,,,,,,,,,,,,,,,,,,,,,,,,,,,,,,,,,,,,,,7040,,,,,,,,,,,,,,,,,,,,,,,Windows Modules Installer,,,,,,,,,,,,,,,,,,,,,,,,,,,,,,,,
,,,,,,,,,,,,,,,,,,,,,,,,,,,,,,,,,0,,,,,,,,,,,,,,,,,,,,,,,,,,0,,2026-04-08 23:21:28.880085+00:00,,,0,,,,,,,,,,,,,,,,,,,,,,,,,,,,,,,,,,True,,,,,,,,963,,,,,,,,,,,,,,,32,126708217,,,,,,,,,,,,,7,,,,,,,,,,,,,,0,,,,,,,,,,566,,,,,,,,,,,,,,,,,,,,,,6,,,0,,,,,,,,,,32,,,,,4,,,,,,,,1,,,,,,,
,,,,,,,,,,,,,,,,,,,,,,,,,,,,,,,,,,,,,,,,,,,,,,,,,,,,,,,,,,,,,2026-04-08 23:22:27.394018+00:00,,,,,,,,,,,,,,,,,,,,,,,,,,,,,,,,WSearch,,,,,,,,,,,,,964,,,,,,,,,,,,,,,,,,,,,,,,,,,,,,,,,,,,,,,,,,,,,,,,,,,,,7011,,,,,,,,,,,,,,,,,,,,,,,30000,,,,,,,,,,,,,,,,,,,,,,,,,,,,,,,,
,,,,,,,,,,,,,,,,,,,,,,,,,,,,,,,,,,,,,,,,,,,,,,,,,,,,,,,,,,,,,2026-04-08 23:23:54.944529+00:00,,,,,,,,,,,,,,,,,,,,,,,,,,,,,,,,Network Setup Service,,,,,,,,,,,,,965,,,,,,,,,,,,,,,,,,,,,,,,,,,,,,,,,,,,,,,,,,,,,,,,,,,,,7009,,,,,,,,,,,,,,,,,,,,,,,30000,,,,,,,,,,,,,,,,,,,,,,,,,,,,,,,,
,,,,,,,,,,,,,,,,,,,,,,,,,,,,,,,,,,,,,,,,,,,,,,,,,,,,,,,,,,,,,2026-04-08 23:23:54.944529+00:00,,,,,,,,,,,,,,,,,,,,,,,,,,,,,,,,%%1053,,,,,,,,,,,,,966,,,,,,,,,,,,,,,,,,,,,,,,,,,,,,,,,,,,,,,,,,,,,,,,,,,,,7000,,,,,,,,,,,,,,,,,,,,,,,Network Setup Service,,,,,,,,,,,,,,,,,,,,,,,,,,,,,,,,
,,,,,,,,,,,,,,,,,,,,,,,,,,,,,,,,,,,,,,,,,,,,,,,,,,,,,,,,,,,,,2026-04-09 00:00:20.754004+00:00,,,,,,,,,,,,,,,,,,,,,,,,,,,,,,,,,,,,,,,,,,,,,967,,,,,,,,,,,,,,,,,,,,,,,,,,,,,,,,,,,,,,,,,,,,,,,,,,,,,6008,,,,,"<string>3:59:43 PM</string>
<string>‎4/‎8/‎2026</string>
<string></string>
<string></string>
<string>2411</string>
<string></string>
<string></string>
",,,,,,,,,,,,,,,,,,,,,,,,,,,,,,,,,,,,,,,,,,,,,,,,,,
,,,,,,,,,,,,,,,,,,,,,,,,,,,,,,,,,,,,,,,,,,,,,,,,,,,,,,,,,,,,,2026-04-09 00:00:20.755562+00:00,,,,,,,,,,,,,,,,,,,,,,,,,,,,,,,,,,,,,,,,,,,,,968,,,,,,,,,,,,,,,,,,,,,,,,,,,,,,,,,,,,,,,,,,,,,,,,,,,,,6009,,,,,"<string>10.00.</string>
<string>26200</string>
<string></string>
<string>Multiprocessor Free</string>
<string>0</string>
",,,,,,,,,,,,,,,,,,,,,,,,,,,,,,,,,,,,,,,,,,,,,,,,,,
,,,,,,,,,,,,,,,,,,,,,,,,,,,,,,,,,,,,,,,,,,,,,,,,,,,,,,,,,,,,,2026-04-09 00:00:20.755596+00:00,,,,,,,,,,,,,,,,,,,,,,,,,,,,,,,,,,,,,,,,,,,,,969,,,,,,,,,,,,,,,,,,,,,,,,,,,,,,,,,,,,,,,,,,,,,,,,,,,,,6005,,,,,,,,,,,,,,,,,,,,,,,,,,,,,,,,,,,,,,,,,,,,,,,,,,,,,,,
,,,,,,,,,,,,,,,,,,,,,,,,,,,,,,,,,,,,,,,,,,,,,,,,,,,,,,,,,,,,,2026-04-09 00:00:20.755919+00:00,,,,,,,,,,,,,,,,,,,,,,,,,,,,,,,,,,,,,,,,,,,,,970,,,,,,,,,,,,,,,,,,,,,,,,,,,,,,,,,,,,,,,,,,,,,,,,,,,,,6013,,,,,"<string>9</string>
<string></string>
<string></string>
<string>9</string>
<string>60</string>
<string>480 Pacific Standard Time</string>
",,,,,,,,,,,,,,,,,,,,,,,,,,,,,,,,,,,,,,,,,,,,,,,,,,
,,,,,,,,,,,,,,,,,,,,,,,,,,,2026-04-09 00:00:11.500000+00:00,,,,,,,,,,,,,,,,,,,,,,,,,,,,,,,,,,2026-04-09 00:00:11.655233+00:00,,,,,,,,,,,,,,,,,0,,,,,,,,,,,,26100,,,,,,,,,,0,,,,,,971,,,,,,,,,,,,,,,,,,,,,,,,,10,,,,,,,,,,,,,,,,,,,,,8036,,,,,,,12,,,,,,,,,,0,,,,,,,,,,,,,,,,,,,,,,,,,,,,,,,,,,,,,,,,,,,,,
,,,2026-04-09 00:00:11.500000+00:00,,,,,,,,,,,,,,,,,,,,,,,,,,,,,,,,,,,,,,,,,,,,,,,,,,,,,,,,,,2026-04-09 00:00:11.655235+00:00,,,,,,,,,,,,,,,,,,,,,,,,,,,,,,,,,,,,2026-04-09 00:00:11+00:00,,,,,,,2,,972,,,,,,,,,,,,,,,,,,,,,,,,,,,False,,,,,,,,,,,,,,,,,,,,,,,,,False,25,,,,,,,,,,,,,,,,,True,,,,,,,,,,,,,,,,,,,0,,,,,,,,,,,,,,,0,,,,
,,,,,,,,,,,,,,,,,,,,,,,,,,,,,,,,,,,,,,,,,,,,,,,,,,,,,,,,,,,,,2026-04-09 00:00:11.655428+00:00,0,,,,,,,,,,,,,,,,,0,,,,,,,,,,,,,,,,,,,,,,,,,,,973,,,,,,,,,,,,,,,,,,,,,,,,,,,,,,,,,,,,,,,,,,,,,,,,,,,,,153,,,,,,,,,,,,,,,,,,,,,,,,,,,,,,,,,,,,,,,,,0,,,,,,,,,,,,,,
,,,,,,,,,,,,,,,,,,,,,,False,,,,,,,,,,,,,,,,2,,,,,,,,,,,,,,,,,,,,,,,2026-04-09 00:00:11.655922+00:00,,,,,7,,,,,,,,,,,,,,,,,,,,,,,,,True,,,,,,,,,,,,,,,974,,,,,,,,,,,,,,,,,,,,,,,,,,,,,,,,,,,,,,,,,,,,,,,,,,,,,20,,,,,,,,,,,,,,,,,,,,,,,,,,,,,,,,,,,,,,,,,,,,,,,,,,,,,,,
,,,,,,,,,,,,,,,,,,,,,,,,,,,,,,,,,,,,,,,,,,,,,,,,,,,,,,,,,,,,,2026-04-09 00:00:11.655941+00:00,0,,,,,,,,,,,,,,,,,,,,,,,,,,,,,,,,,,,,,,,,,,,,975,,,,,,,,,,,,,,,,,,,,,,,,,,,,,,,,,,,,,,,,,,,,,,,,,,,,,247,,,,,,,,,,,,,,,,,,,,,,,,,,,,,,,,,,,,,,,,,,,,,,,,,,4,,,,,
,,,,2026-04-08 17:00:11+00:00,,,,,,,,,,,,,,,,,,,,,,,,,,,,,,,,,,,,,,,,,,,,,,,,,,,,,,,,,2026-04-09 00:00:11.656130+00:00,,,,,,,,,,,,,,,,,,,,,2047,,,,,,,,,,,,,,,,,,,,,,,,976,,,,,,,,,,,,,,,,,,,,,,,,,,,,,,,,,,,,,0,,,,,,,,,,,,,,,,238,,,,,,,,,,,,,,,,,,,,,,,,,,,,,,,,,,,,,,,,,,,,,,,,,,,,,,,
,,,,,,,,,,,,,,,,,,,,,,,,,,,,,,,,,,,,,,,,,,,,,,,,,,,,,,,,,,,,,2026-04-09 00:00:11.656130+00:00,,,,,,,,,,,,,,,,,,,,,,,,,,,,,,,,,,,,,,,,,,,,,977,,,,,,,,,,,,,,,,,,,,,,,,,,,,,,,,,,,,,,,,,,,,,,,,,,,,,25,,,,,,,,,,,,,,,,1,,,,,,,,,,,,,,,,,,,,,,,,,,,,,,,,,,,,,,,
,,,,,,,,,,,,,,,,,,,,,,,,,,,,,,,,,,0,,,,,,,,,,,,,,,,,,,,,,,,,,,2026-04-09 00:00:11.656130+00:00,,,,,,,,,,,,,,,,,,,,,,,,,,,,,,,,,,,,,,,,,,,,,978,,,,,,,,,,,,,,,,,,,,,,,,,,,,,,,,,,,,,,,,,,,,,,,,, NOEXECUTE=OPTIN  FVEBOOT=2666496,,,,27,,,,,,,,,,,,,,,,,,,,,,,,,,,,,,,,,,,,,,,,,,,,,,,,,,,,,,,
,,,,,,,,,,,,,,,,,,,,,,,,,,,,,,,,,,,,,,,,,,,,,,,,,,,,,,,,,,,,,2026-04-09 00:00:11.656147+00:00,,,,,,,,,,,,,,,,,,,,,,,,,,,,,,,,,,,,,,,,,,,,,979,,,,,,,,,,,,,,,,,,,,,,,,,,1,,,,,,,,,,,,,,,,,,,,,,,,,,,18,,,,,,,,,,,,,,,,,,,,,,,,,,,,,,,,,,,,,,,,,,,,,,,,,,,,,,,
,,,,,,,,,,,,,,,,,,,,,,,,,,,,,,,,,,,,,,,,,,,,,,,,,,,,,,,,,,,,,2026-04-09 00:00:11.656176+00:00,,,,,,,,,,,,,,,,,,,,,,,,,,,,,,,,,,,,,,,,,,,,,980,,,,,,,,,,,,,,,,,,,,,,,,,,,,,,,,,,,,,,,,,,,,,,,,,,,,,32,,,,,,,,,,,,,,,0,,,,,,,,,,,,,,,,,,,,,,,,,,,,,,,,,,,,,,,,
,True,,,,,,,,,,,,,,,,,,,,,,,,,,,,,,,,,,,,,,,,,,,,,,,,,,,,,,,,,,,,2026-04-09 00:00:11.659901+00:00,,,,,,0,,,,,,,,,,,,,,,,,,,,,0,,,,,,,,,,,,,,,,,,981,,,,,,,,,,,,,,,,,,,,,,,,,,,,,,,,,,,,,,,,,,,,,,,,,,,,,20,,,,,,,0,,,,,,,,,,,,,,,,,,,,,,,,,,,,,,,,,,,,,,,,,,,,,,,,
,,,,,,,,,,,,,,,,,,,,,,,,,,,,,,,,,,,,,,,,,,,,,,,,,,,,,,,,,,,,,2026-04-09 00:00:11.693903+00:00,,,,,,,,,,,,,,,,,,,,,,,,,,,,,,,,,,,,,,,,,,,,,982,,,,,,,,,,,,,,,,,,,,,,,,,,,,,,,,,,,,,,,,,,,,,,,,,,,,,16,,,,,,,,,,,,,,,,,,,,,,,,,,,,,,,,,,,,,,,,,,,,,,,,,,,,,,,
,,,,,,,,,,,,,,,,,,,,,,,,,,,,,,,,,,,,,,,,,,,,,,,,,,,,,,,,,,,,,2026-04-09 00:00:13.384964+00:00,,,,,,,,,,,,,,,,,,,,,,,,,,,,,,,,,,,,,,,,,,,,,983,,,,,,,,,,,,,,,,,,,,,,,,,,,,,,,,,,,,,,,,,,,,,,,,,,,,,3,,,,,"<string>VMCI: Using capabilities (0x1c).
</string>
<string></string>
",,,,,,,,,,,,,,,,,,,,,,,,,,,,,,,,,,,,,,,,,,,,,,,,,,
,,,,,,,,,,,,,,,,,,,,,,,,,,,,,,,,,,,,,,,,,,,,,,,,,,,,,,,,2093-04-01 18:29:43+00:00,,,,,2026-04-09 00:00:15.454384+00:00,,,,,,,,,,,,,,,,,,,,,,,8,,,,,,,,,,,,,,,,,,,,,,984,,,,,,,,,,,,,,,,,,,,,,,,,,,,,,,,0,,,,0x00000000,,,,,,,,,,,,,,,,,6,,,,FileInfo,,,,,,,,,,,,,,,,,,,,,,,,,,,,,,,,,,,,,,,,,,,,,,,,10,,,
,,,,,,,,,,,,,,,,,,,,,,,,,,,,,,,,,,,,,,,,,,,,,,,,,,,,,,,,2089-07-14 19:58:05+00:00,,,,,2026-04-09 00:00:15.455082+00:00,,,,,,,,,,,,,,,,,,,,,,,3,,,,,,,,,,,,,,,,,,,,,,985,,,,,,,,,,,,,,,,,,,,,,,,,,,,,,,,0,,,,0x00000000,,,,,,,,,,,,,,,,,6,,,,Wof,,,,,,,,,,,,,,,,,,,,,,,,,,,,,,,,,,,,,,,,,,,,,,,,10,,,
,,,,,,,,,,,,,,,,,,,,,,,,,,,,,,,,,,,,,,,,,,,,,,,,,,,,,,,,2052-04-01 03:08:29+00:00,,,,,2026-04-09 00:00:15.456257+00:00,,,,,,,,,,,,,,,,,,,,,,,8,,,,,,,,,,,,,,,,,,,,,,986,,,,,,,,,,,,,,,,,,,,,,,,,,,,,,,,0,,,,0x00000000,,,,,,,,,,,,,,,,,6,,,,WdFilter,,,,,,,,,,,,,,,,,,,,,,,,,,,,,,,,,,,,,,,,,,,,,,,,10,,,
,,,,,0,,,,,,,,,,,,,,,,,,,,,,,,,,,,,,,,,,,,,,,,,,,,,,,,,,,,,,,,2026-04-09 00:00:15.720457+00:00,,,,,,,,,,,,,,,,,,,,,,,,,,,,,,,,,,,,,,,,,,,,,987,,,,,,,,,,,,,,,,,,,,,,,,,,,,,,,,,,,,,,,,,,,,,,,,,,,,,98,,,,\Device\HarddiskVolume3,,,,,,,,,C:,,,,,,,,,,,,,,,,,,,,,,,,,,,,,,,,,,,,,,,,,,
,,,,,,,,,,,,,,,,,,,,,,,,,,,,,,,,,,,,,,,,,,,,,,,,,,,,,,,,2075-08-31 15:07:07+00:00,,,,,2026-04-09 00:00:15.811777+00:00,,,,,,,,,,,,,,,,,,,,,,,9,,,,,,,,,,,,,,,,,,,,,,988,,,,,,,,,,,,,,,,,,,,,,,,,,,,,,,,0,,,,0x00000000,,,,,,,,,,,,,,,,,6,,,,FileCrypt,,,,,,,,,,,,,,,,,,,,,,,,,,,,,,,,,,,,,,,,,,,,,,,,10,,,
,,,,,,,,,,,,,,,,,,,,,,,,,,,,,,,,,,,,,,,,,,,,,,,,,,,,,,,,2061-11-20 00:48:12+00:00,,,,,2026-04-09 00:00:15.815855+00:00,,,,,,,,,,,,,,,,,,,,,,,4,,,,,,,,,,,,,,,,,,,,,,989,,,,,,,,,,,,,,,,,,,,,,,,,,,,,,,,0,,,,0x00000000,,,,,,,,,,,,,,,,,6,,,,UCPD,,,,,,,,,,,,,,,,,,,,,,,,,,,,,,,,,,,,,,,,,,,,,,,,10,,,
,,,,,,,,,,,,,,,,,,,,,,,,,,,,,,,,,,,,,,,,,,,,,,,,,,,,,,,,1978-05-14 02:13:30+00:00,,,,,2026-04-09 00:00:15.915581+00:00,,,,,,,,,,,,,,,,,,,,,,,9,,,,,,,,,,,,,,,,,,,,,,990,,,,,,,,,,,,,,,,,,,,,,,,,,,,,,,,0,,,,0x00000000,,,,,,,,,,,,,,,,,6,,,,npsvctrig,,,,,,,,,,,,,,,,,,,,,,,,,,,,,,,,,,,,,,,,,,,,,,,,10,,,
,,,,,,,False,,,,0,,,,,,,,,,,,,0,,,,,,,0,4,,,,,False,,,,,,,,,,,,,,,,,3,,,,,,,2026-04-09 00:00:15.943781+00:00,,,,,,,0,,,,0,,,,,,,,,,,,,,,,,,,,,,0x0000000000000000,,,,,,,,,0x0000000000000000,,,991,,,,,4,,,,,,,0,,0,,,,,0x0000000000000000,,0x0000000000000000,,False,,,,,,,,,,0,,,,,,,,,,,,,,,,,,,,41,,,,,,,,,,,,False,,0,,,,,,,0,,,,,,,,,,,,,,,,,,,,,,,,,,,,,,,,,,
,,,,,,,,,,,,,,,,2,,,,,,,,,,,,,,,,,,,,,,,,,,,,,,,,,,,,,,,,,,,,,2026-04-09 00:00:15.954702+00:00,,,,,,,,,,,,,,,,,,,,,,,,,,,,,,,,,,,,,,,,,,,,,992,,,,,,,,,,,,,,,,,,,,,,,,,,,,,,,,,,,,,,,,,,,,,,,,,,,,,172,,,,,,,,,,,,,,,,,,,,,,,,,,,,,,,,,,,6,,,,,,,,,,,,,,,,,,,,
,,,,,,,,,,,,,1,,,,,,,,,,,,,,,,,,,,,,,,,,,,,,,,,,,,,,,,,,,,,,,,2026-04-09 00:00:16.168852+00:00,,,,,,,,,,,,,2688,,,,,,100,,,,,0,,,,,,,,,,,,,,,,,,,,,993,,,,,,,,,,,,,,,,,,,,,,,,,,,,,,,,,,,,,,100,,0,,100,,,,,,,,,,,55,,,,,,,,,,,0,,,,,,,,,,,,,,,,,,,,,,,,,,,1,,,,,,,,,,,,,,,,,
,,,,,,,,,,,,,,,,,,,,,,,,,,,,,,,,,,,,,,,,,,,,,,,,,,,,,,,,,,,,,2026-04-09 00:00:16.444548+00:00,,,,,,,,,,,,,,,,,,,,,,,,,,,,,,,,,,,,,,,,,,,,,994,,,,,,,,,,,,,,,,,,,,,,,,,,,,,,,,,,,,,,,,,,,,,,,,,,,,,32,,,,,"<string>Intel(R) 82574L Gigabit Network Connection</string>
<string></string>
",,,,,,,,,,,,,,,,,,,,,,,,,,,,,,,,,,,,,,,,,,,,,,,,,,
,,,,,0,,,,,,,,,,,,,,,,,,,,,,,,,,,,,,,,,,,,,,,,,,,,,,,,,,,,,,,,2026-04-09 00:00:17.054253+00:00,,,,,,,,,,,,,,,,,,,,,,,,,,,,,,,,,,,,,,,,,,,,,995,,,,,,,,,,,,,,,,,,,,,,,,,,,,,,,,,,,,,,,,,,,,,,,,,,,,,98,,,,\Device\HarddiskVolume4,,,,,,,,,\\?\Volume{fca9b761-f183-4070-98ba-e8e2ddff5456},,,,,,,,,,,,,,,,,,,,,,,,,,,,,,,,,,,,,,,,,,
,,,,,,,,,,,,2,,,,,,,,,,,,,,,,,,,,,,,,,,,,0,,,,,,,,,,,,,,,,,,,,,2026-04-09 00:00:17.236959+00:00,,,,,,,,,,,,,,,,,,,,,,,,,,,,,,,,,,,,,,,,,,,,,996,,,,,,,,,,,,,,,,,,0,,,,,,,,,,,,,,,,,,,,,0,,,,,,,,,420,,,,,24,,,,,,,,,,,,,,,,,,,,,,,,,,,,,,,,,,,,,,,,,,,,,,,,,,,,,,,
,,,,,,,,,,,,,,,,,False,,,,,,,,,,,,,,,,,,,,,,,,,,,,,,False,,,,,False,,,,,,,,,2026-04-09 00:00:17.629717+00:00,,,,,,,,,,,,,,,,,,,,,,,,,,,,,,,,,,,,,,,,,,,,,997,,,,,,,,,,,,,,,,,,,,,,,,,,,,,,,,,,,,,,,,,,,,,0,,,,,,,,19,,,,,,,,,,,,,,,,,,,,,,,,,,,,,,,,,,,,,,,,,,,,,,,False,,,,,,,,
,,,,,,,,,,,,,,,,,,,,,,,,,,,,,,,,,,,,0001-01-01 00:00:00,,,,,,,,,,,,,,,,,,,,,,,,,2026-04-09 00:00:17.629742+00:00,,,,,,,,,,,,,,,,False,,,,,,,,,,,,,,,False,,,,,,,,,,,,,,998,,,,,,,,,,,,,,,,,,,,,,,,,,,,,,,0,,,,,,,,,,,,,,0,,,,,,,,25,,,,,,,,,,,,,,,,,,,,,,,,,,,,,,,,,,,,,,,,,,,,,,,,,,,,,,,
,,,,,,,,,,,,,,,,,,,,,,,,,,,,,,,,,,,,,,,,,,,,,,,,,,,,,,,,,,,,,2026-04-09 00:00:17.630384+00:00,,,,,,,,,,,,,,,,,,,,,,,,,,,,,,,,,,,,,,,,,,,,,999,False,,,,,,,,,,,,,,,,,,,,,,,,,,,,,,,,,,,,,,,,,,,,0,,,,,,,,23,,,,,,,,,False,,,,,,,,,,,,,,,,,,,,,,,,,,,,,,,,,False,,,,,,,,,,,,,
,,,,,,,,,,,,,,,,,,,,,,,,,,,,,,,,,,,,,,,,,,,,,,,,,,,,,,,,,,,,,2026-04-09 00:00:17.763678+00:00,,,,,,,,,,,,,,,,,,,,,,,,,,,,,,,,,,,,,,,,,,,,,1000,,,,0,,,,,,,0,,,,,,,,,,,,,,,,,,,,,,,,,,,,,,,,,,,,,,,,,,14,,0,,,,,,,,,,,,,,,,,,,,,,,,,,,,,,,,,,,,,,,,,,,,,,,,,,,,,
,,,,,,,,,,,,,,,,,,,,,,,,,,,,,,,,,,,,,,,,,,,,,,,,,,,,,,,,,,,,,2026-04-09 00:00:17.765982+00:00,,,,,,,,,,,,,,,,,,,,,,,,,,,,,,,,,,,,,,,,,,,,,1001,,,,,,,,,,,,,,,,,,,,,,,,,,,,,,,,,,4,,,,,,,,,,,,,,,,,,,12,,,,,,,,,,,,,,,,,,,,,,,,,,,,,,,,,,,,,,,,,,,,,,,,,,,,,,,
,,,,,,,,,,,,,,,,,,,,,,,,,,,,,,,,,,,,,,,,,,,,,,,,,,,,,0,,,,,,,,2026-04-09 00:00:17.855717+00:00,,,,,,,,,,,,,,,,,,,,,,,,,,,,,,,,,,,,,,,,,,,,,1002,,0,,,,,,,,,,,,,,,,,,,,,,,,,,,,,,,,,,,,,,,,,,,,,,,,,,,6156,,,,,,,,1,,,,,,,,,,,,,,,,,,,,,,,,,,,,,,,,,,,,0,0,,,,,,,,,,
,,,,,,,,,,,,,,,,,,,,,,,,,,,,,,,,,,,,,,,,,,,,,,,,,,,,,,,,,,,,,2026-04-09 00:00:18.163355+00:00,,,,,,,,,,,,,,,,,,,,,,,,,,,,,,,,,,,,,,,,,,,,,1003,,,,,,,,,,,,,,,,,,,,,,,,,,,,,,,,,,,,,,,,,,,,,,,,,,,,,16962,,,,,,,,,,,,,,,,,,,,,,,,,,,,,,,,,,,,,,,,,,,,,,O:SYG:SYD:(A;;RC;;;BA),,,,,,,,,
,,,,,,,,,,,,,,,,,,,,,,,,,,,,,,,,,,,,,,,,,,,,0,,,,,,,,,,,,,,,,,2026-04-09 00:00:18.180677+00:00,,,,,,,,,,,,,,,,,,,,,,,,,,,,,,,,,,,-1,,,,,,,,,,1004,,,,,,,,,,,,,,,,,,,,,,,,,,,,,,,,,,,,,,,,,,,,,,,,,,,,,16977,,,,,,,,,,,,,,,,,,,,,,,,,,,,,,,,,,,,,,,,,,,,,,,,,,,,,,,0
,,,,,,,,,,,,,,,,,,,,,,,,,,,,,,,,,,,,,,,,,,,,,,,,,,,,,,,,,,,,,2026-04-09 00:00:18.180681+00:00,,,,,,,,,,,,,,,,,,,,,,,,,,,,,,,,,,,,,,,,,,,,,1005,,,,,,,,,,,,,,,,,,,,,,,,,,,,,,,,,,,,,,,,,,,,,,,,,,,,,16983,,,,,,,,,,,,,,,,,,,,,,,,,,,,,,,,,,,,,,,,,,,,,,,,,,,,,,,
,,,,,,,,,,,,,,,,,,,,,,,,,,,,,,,,,,,,,,,,,,,,,,,,,,,,,,,,2086-03-20 04:03:22+00:00,,,,,2026-04-09 00:00:19.962181+00:00,,,,,,,,,,,,,,,,,,,,,,,3,,,,,,,,,,,,,,,,,,,,,,1006,,,,,,,,,,,,,,,,,,,,,,,,,,,,,,,,0,,,,0x00000000,,,,,,,,,,,,,,,,,6,,,,bfs,,,,,,,,,,,,,,,,,,,,,,,,,,,,,,,,,,,,,,,,,,,,,,,,10,,,
,,,,,,,,,,,,,,,,,,,,,,,,,,,,,,,,,,,,,,,,,,,,,,,,,,,,,,,,1985-11-26 07:47:21+00:00,,,,,2026-04-09 00:00:20.113649+00:00,,,,,,,,,,,,,,,,,,,,,,,5,,,,,,,,,,,,,,,,,,,,,,1007,,,,,,,,,,,,,,,,,,,,,,,,,,,,,,,,0,,,,0x00000000,,,,,,,,,,,,,,,,,6,,,,wcifs,,,,,,,,,,,,,,,,,,,,,,,,,,,,,,,,,,,,,,,,,,,,,,,,10,,,
,,,,,,,,,,,,,,,,,,,,,,,,,,,,,,,,,,,,,,,,,,,,,,,,,,,,,,,,2057-06-14 06:55:30+00:00,,,,,2026-04-09 00:00:20.163580+00:00,,,,,,,,,,,,,,,,,,,,,,,5,,,,,,,,,,,,,,,,,,,,,,1008,,,,,,,,,,,,,,,,,,,,,,,,,,,,,,,,0,,,,0x00000000,,,,,,,,,,,,,,,,,6,,,,luafv,,,,,,,,,,,,,,,,,,,,,,,,,,,,,,,,,,,,,,,,,,,,,,,,10,,,
,,,,,,,,,,,,,,,,,,,,,,,,,,,,,,,,,,,,,,,,,,,,,,,,,,,,,,,,2017-11-02 22:31:51+00:00,,,,,2026-04-09 00:00:20.225525+00:00,,,,,,,,,,,,,,,,,,,,,,,7,,,,,,,,,,,,,,,,,,,,,,1009,,,,,,,,,,,,,,,,,,,,,,,,,,,,,,,,0,,,,0x00000000,,,,,,,,,,,,,,,,,6,,,,UnionFS,,,,,,,,,,,,,,,,,,,,,,,,,,,,,,,,,,,,,,,,,,,,,,,,10,,,
,,,,,,,,,,,,,,,,,,,,,,,,,,,,,,,,,,,,,,,,,,,,,,,,,,,,,,,,1991-05-02 13:16:55+00:00,,,,,2026-04-09 00:00:20.228041+00:00,,,,,,,,,,,,,,,,,,,,,,,6,,,,,,,,,,,,,,,,,,,,,,1010,,,,,,,,,,,,,,,,,,,,,,,,,,,,,,,,0,,,,0x00000000,,,,,,,,,,,,,,,,,6,,,,CldFlt,,,,,,,,,,,,,,,,,,,,,,,,,,,,,,,,,,,,,,,,,,,,,,,,10,,,
,,,,,,,,,,,,,,,,,,,,,,,,,,,,,,,,,,,,,,,,,,,,,,,,,,,,,,,,1991-05-02 13:16:55+00:00,,,,,2026-04-09 00:00:20.228046+00:00,,,,,,,,,,,,,,,,,,,,,,,6,,,,,,,,,,,,,,,,,,,,,,1011,,,,,,,,,,,,,,,,,,,,,,,,,,,,,,,,0,,,,0x00000000,,,,,,,,,,,,,,,,,1,,,,CldFlt,,,,,,,,,,,,,,,,,,,,,,,,,,,,,,,,,,,,,,,,,,,,,,,,10,,,
,,,,,,,,,,,,,,,,,,,,,,,,,,,,,,,,,,,,,,,,,,,,,,,,,,,,,,,,1991-05-02 13:16:55+00:00,,,,,2026-04-09 00:00:20.228117+00:00,,,,,,,,,,,,,,,,,,,,,,,6,,,,,,,,,,,,,,,,,,,,,,1012,,,,,,,,,,,,,,,,,,,,,,,,,,,,,,,,0,,,,0x00000000,,,,,,,,,,,,,,,,,6,,,,CldFlt,,,,,,,,,,,,,,,,,,,,,,,,,,,,,,,,,,,,,,,,,,,,,,,,10,,,
,,,,,,,,,,,,,,,,,,,,,,,,,,,,,,,,,,,,,,,,,,,,,,,,,,,,,,,,2016-04-28 15:00:23+00:00,,,,,2026-04-09 00:00:20.237202+00:00,,,,,,,,,,,,,,,,,,,,,,,10,,,,,,,,,,,,,,,,,,,,,,1013,,,,,,,,,,,,,,,,,,,,,,,,,,,,,,,,0,,,,0x00000000,,,,,,,,,,,,,,,,,6,,,,storqosflt,,,,,,,,,,,,,,,,,,,,,,,,,,,,,,,,,,,,,,,,,,,,,,,,10,,,
,,,,,,,,,,,,,,,,,,,,,,,,,,,,,,,,,,,,,,,,,,,,,,,,,,,,,,,,2081-10-17 14:34:26+00:00,,,,,2026-04-09 00:00:20.244318+00:00,,,,,,,,,,,,,,,,,,,,,,,7,,,,,,,,,,,,,,,,,,,,,,1014,,,,,,,,,,,,,,,,,,,,,,,,,,,,,,,,0,,,,0x00000000,,,,,,,,,,,,,,,,,6,,,,bindflt,,,,,,,,,,,,,,,,,,,,,,,,,,,,,,,,,,,,,,,,,,,,,,,,10,,,
,,,,,,,,,,,,,,,,,,,,,,,,,,,,,,,,,,,,,,,,,,,,,,,,,,,,,,,,,,,,,2026-04-09 00:00:20.980400+00:00,,,,,,,,,,,,,,,,,,,,,,,,,,,,,,,,,,,,,,,,,,,,,1015,,,,,,,,,,,,,,,,,,,,,,,,,,,,,,,,,,,,,,,,,,,,,,,,,,,,,50036,,,,,,,,,,,,,,,,,,,,,,,,,,,,,,,,,,,,,,,,,,,,,,,,,,,,,,,
,,,,,,,,,,,,,,,,,,,,,,,,,,,,,,,,,,,,,,,,,,,,,,,,,,,,,,,,,,,,,2026-04-09 00:00:20.981762+00:00,,,,,,,,,,,,,,,,,,,,,,,,,,,,,,,,,,,,,,,,,,,,,1016,,,,,,,,,,,,,,,,,,,,,,,,,,,,,,,,,,,,,,,,,,,,,,,,,,,,,50103,,,,,,,,,,,,,,,,,,,,,,,,,,,,,,,,,,,,,,,,,,,,,,,,,,,,,,,
,,,,,,,,,,,,,,,,,,,,,,,,,,,,,,,,,,,,,,,,,,,,,,,,,,,,,,,,,,,,,2026-04-09 00:00:20.982027+00:00,,,,,,,,,,,,,,,,,,,,,,,,,,,,,,,,,,,,,,,,,,,,,1017,,,,,,,,,,,,,,,,,,,,,,,,,,,,,,,,,,,,,,,,,,,,,,,,,,,,,50036,,,,,,,,,,,,,,,,,,,,,,,,,,,,,,,,,,,,,,,,,,,,,,,,,,,,,,,
,,,,,,,,,,,,,,,,,,,,,,,,,,,,,,,,,,,,,,,,,,,,,,,,,,,,,,,,,,,,,2026-04-09 00:00:21.036825+00:00,,,,,,,,,,,,,,,,,,,,,,,,,,,,,,,,,,,,,,,,,,,,,1018,,,,,,,,,,,,,,,,,,,,,,,,,,,,,,,,,,,,,,,,,,,,,,,,,,,,,51046,,,,,,,,,,,,,,,,,,,,,,,,,,,,,,,,,,,,,,,,,,,,,,,,,,,,,,,
,,,,,,,,,,,,,,4,,,,,,,,,,,,,,,,,,,,,,,,,,,,,,,,,,,,,,,,,,,,,,,2026-04-09 00:00:22.479952+00:00,,,,,,,,,,,,,,,,,,,,,,,,,,,,,,,,,,,,,,0,,,,,,,1019,,,,,,,,,,,,,,,,,,,,,,,,,,,,S-1-5-18,,,,,,,,,,,,,,,,,,,,,,,,,112,,,,,,,,,,,,,,,,,,,,,,,,,,,,,http://*:5357/,,,,,,,,,,,,,,,,,,,,,,,,,,
,,,,,,,,,,,,,,4,,,,,,,,,,,,,,,,,,,,,,,,,,,,,,,,,,,,,,,,,,,,,,,2026-04-09 00:00:22.479958+00:00,,,,,,,,,,,,,,,,,,,,,,,,,,,,,,,,,,,,,,0,,,,,,,1020,,,,,,,,,,,,,,,,,,,,,,,,,,,,S-1-5-18,,,,,,,,,,,,,,,,,,,,,,,,,112,,,,,,,,,,,,,,,,,,,,,,,,,,,,,http://+:80/Temporary_Listen_Addresses/,,,,,,,,,,,,,,,,,,,,,,,,,,
,,,,,,,,,,,,,,4,,,,,,,,,,,,,,,,,,,,,,,,,,,,,,,,,,,,,,,,,,,,,,,2026-04-09 00:00:22.479961+00:00,,,,,,,,,,,,,,,,,,,,,,,,,,,,,,,,,,,,,,0,,,,,,,1021,,,,,,,,,,,,,,,,,,,,,,,,,,,,S-1-5-18,,,,,,,,,,,,,,,,,,,,,,,,,112,,,,,,,,,,,,,,,,,,,,,,,,,,,,,https://*:5358/,,,,,,,,,,,,,,,,,,,,,,,,,,
,,,,,,,,,,,,,,4,,,,,,,,,,,,,,,,,,,,,,,,,,,,,,,,,,,,,,,,,,,,,,,2026-04-09 00:00:22.479967+00:00,,,,,,,,,,,,,,,,,,,,,,,,,,,,,,,,,,,,,,0,,,,,,,1022,,,,,,,,,,,,,,,,,,,,,,,,,,,,S-1-5-18,,,,,,,,,,,,,,,,,,,,,,,,,112,,,,,,,,,,,,,,,,,,,,,,,,,,,,,http://*:2869/,,,,,,,,,,,,,,,,,,,,,,,,,,
,,,,,,,,,,,,,,4,,,,,,,,,,,,,,,,,,,,,,,,,,,,,,,,,,,,,,,,,,,,,,,2026-04-09 00:00:22.479973+00:00,,,,,,,,,,,,,,,,,,,,,,,,,,,,,,,,,,,,,,0,,,,,,,1023,,,,,,,,,,,,,,,,,,,,,,,,,,,,S-1-5-18,,,,,,,,,,,,,,,,,,,,,,,,,112,,,,,,,,,,,,,,,,,,,,,,,,,,,,,https://+:5986/wsman/,,,,,,,,,,,,,,,,,,,,,,,,,,
,,,,,,,,,,,,,,4,,,,,,,,,,,,,,,,,,,,,,,,,,,,,,,,,,,,,,,,,,,,,,,2026-04-09 00:00:22.479979+00:00,,,,,,,,,,,,,,,,,,,,,,,,,,,,,,,,,,,,,,0,,,,,,,1024,,,,,,,,,,,,,,,,,,,,,,,,,,,,S-1-5-18,,,,,,,,,,,,,,,,,,,,,,,,,112,,,,,,,,,,,,,,,,,,,,,,,,,,,,,http://+:47001/wsman/,,,,,,,,,,,,,,,,,,,,,,,,,,
,,,,,,,,,,,,,,4,,,,,,,,,,,,,,,,,,,,,,,,,,,,,,,,,,,,,,,,,,,,,,,2026-04-09 00:00:22.479982+00:00,,,,,,,,,,,,,,,,,,,,,,,,,,,,,,,,,,,,,,0,,,,,,,1025,,,,,,,,,,,,,,,,,,,,,,,,,,,,S-1-5-18,,,,,,,,,,,,,,,,,,,,,,,,,112,,,,,,,,,,,,,,,,,,,,,,,,,,,,,http://+:5985/wsman/,,,,,,,,,,,,,,,,,,,,,,,,,,
,,,,,,,,,,,,,,4,,,,,,,,,,,,,,,,,,,,,,,,,,,,,,,,,,,,,,,,,,,,,,,2026-04-09 00:00:22.479984+00:00,,,,,,,,,,,,,,,,,,,,,,,,,,,,,,,,,,,,,,0,,,,,,,1026,,,,,,,,,,,,,,,,,,,,,,,,,,,,S-1-5-18,,,,,,,,,,,,,,,,,,,,,,,,,112,,,,,,,,,,,,,,,,,,,,,,,,,,,,,https://+:3392/rdp/,,,,,,,,,,,,,,,,,,,,,,,,,,
,,,,,,,,,,,,,,4,,,,,,,,,,,,,,,,,,,,,,,,,,,,,,,,,,,,,,,,,,,,,,,2026-04-09 00:00:22.479992+00:00,,,,,,,,,,,,,,,,,,,,,,,,,,,,,,,,,,,,,,0,,,,,,,1027,,,,,,,,,,,,,,,,,,,,,,,,,,,,S-1-5-18,,,,,,,,,,,,,,,,,,,,,,,,,112,,,,,,,,,,,,,,,,,,,,,,,,,,,,,https://+:443/sra_{BA195980-CD49-458b-9E23-C84EE0ADCD75}/,,,,,,,,,,,,,,,,,,,,,,,,,,
,,,,,,,,,,,,,,4,,,,,,,,,,,,,,,,,,,,,,,,,,,,,,,,,,,,,,,,,,,,,,,2026-04-09 00:00:22.480017+00:00,,,,,,,,,,,,,,,,,,,,,,,,,,,,,,,,,,,,,,0,,,,,,,1028,,,,,,,,,,,,,,,,,,,,,,,,,,,,S-1-5-18,,,,,,,,,,,,,,,,,,,,,,,,,112,,,,,,,,,,,,,,,,,,,,,,,,,,,,,http://+:10247/apps/,,,,,,,,,,,,,,,,,,,,,,,,,,
,,,,,,,,,,,,,,4,,,,,,,,,,,,,,,,,,,,,,,,,,,,,,,,,,,,,,,,,,,,,,,2026-04-09 00:00:22.480022+00:00,,,,,,,,,,,,,,,,,,,,,,,,,,,,,,,,,,,,,,0,,,,,,,1029,,,,,,,,,,,,,,,,,,,,,,,,,,,,S-1-5-18,,,,,,,,,,,,,,,,,,,,,,,,,112,,,,,,,,,,,,,,,,,,,,,,,,,,,,,https://+:10245/WMPNSSv4/,,,,,,,,,,,,,,,,,,,,,,,,,,
,,,,,,,,,,,,,,4,,,,,,,,,,,,,,,,,,,,,,,,,,,,,,,,,,,,,,,,,,,,,,,2026-04-09 00:00:22.480026+00:00,,,,,,,,,,,,,,,,,,,,,,,,,,,,,,,,,,,,,,0,,,,,,,1030,,,,,,,,,,,,,,,,,,,,,,,,,,,,S-1-5-18,,,,,,,,,,,,,,,,,,,,,,,,,112,,,,,,,,,,,,,,,,,,,,,,,,,,,,,http://+:10243/WMPNSSv4/,,,,,,,,,,,,,,,,,,,,,,,,,,
,,,,,,,,,,,,,,4,,,,,,,,,,,,,,,,,,,,,,,,,,,,,,,,,,,,,,,,,,,,,,,2026-04-09 00:00:22.480030+00:00,,,,,,,,,,,,,,,,,,,,,,,,,,,,,,,,,,,,,,0,,,,,,,1031,,,,,,,,,,,,,,,,,,,,,,,,,,,,S-1-5-18,,,,,,,,,,,,,,,,,,,,,,,,,112,,,,,,,,,,,,,,,,,,,,,,,,,,,,,http://+:10246/MDEServer/,,,,,,,,,,,,,,,,,,,,,,,,,,
,,,,,,,,,,,,,,,,,,,,,,,,,,,,,,,,,,,,,,,,,,,,,,,,,,,,,,,,,,,,,2026-04-09 00:00:26.644730+00:00,,,,,,,,,,,,,,,,,,,,,,,,,,,,,,,,,,,,,,,,,,,,,1032,,,,,,,,,,,,,,,,,,,,,,,,,,,,,,,,,,,,,,,,,,,,,,,,,,,,,7026,,,,,,,,,,,,,,,,,,,,,,,"
dam
uiomap",,,,,,,,,,,,,,,,,,,,,,,,,,,,,,,,
,,,,,,,,,,,,,,,,,,,,,,,,,,,,,,,,,,,,,,,,,,0,,,,,,,,,,,,,,,,,,,2026-04-09 00:00:26.647686+00:00,,,,,,,,,,,,,,,,,,,,,,,,,,,,,,,,,,,,,,,,,,,,,1033,,,,,,,,,,,,,,,,,,,,,,,,,,,,,,,,,,,,,,,,,,,,,,,,,,,,,18,,,,,,,,,,,,,,,,,,,,,,,,,,,,,,,,,,,,,,,0x00000014,,,,,,,,,,217,,,,,,
,,,,,,TrustedInstaller,,,,,,,,,,,,,,,,,demand start,,,,,,,,,,,,,,,,,,,,,,,,,,,,,,,,,,,,,,2026-04-09 00:00:26.810221+00:00,,,,,,,,,,,,,,,,,,,,,,,,,,,,,,,,auto start,,,,,,,,,,,,,1034,,,,,,,,,,,,,,,,,,,,,,,,,,,,,,,,,,,,,,,,,,,,,,,,,,,,,7040,,,,,,,,,,,,,,,,,,,,,,,Windows Modules Installer,,,,,,,,,,,,,,,,,,,,,,,,,,,,,,,,
,,,,,,,,,,,,,,,,,,,,,,,,,,,,,,,,,,,,,,,,,,,,,,,,,,,,,,,,,,,,,2026-04-09 00:00:40.289534+00:00,,,,,,,,,,,,,,,,,,,,,,,,,,,,,,,,,,,,,,,,,,,,,1035,,,,,,,,,,,,,,,,,,,,,,,,,,,,,,,,,,,,,,,,,,,,,,,,,,,,,1041,,,,,,,,,,,,,,,,,,,,,,,,,,,,"{""Version"":1,""HealthStatus"":""Attestable"",""Required"":[{""Field"":""TpmPresent"",""Value"":true,""DesiredValue"":true},{""Field"":""TpmMeetsMinimumVersion"",""Value"":true,""DesiredValue"":true},{""Field"":""TpmIsResponsive"",""Value"":true,""DesiredValue"":true},{""Field"":""EkCertIsAvailable"",""Value"":true,""DesiredValue"":true},{""Field"":""TcgLogFound"",""Value"":true,""DesiredValue"":true}],""Expected"":[{""Field"":""PcrsMatchTcgLog"",""Value"":true,""DesiredValue"":true}],""Informational"":[{""Field"":""SecureBootEnabled"",""ValueFromComputer"":false,""ValueFromTcgLog"":false,""DesiredValue"":true,""TcgValueIsVerifiable"":true},{""Field"":""VirtualSecureMemory"",""ValueFromComputer"":false,""ValueFromTcgLog"":false,""DesiredValue"":true,""TcgValueIsVerifiable"":true},{""Field"":""SecureCorePCCompliant"",""ValueFromComputer"":false,""ValueFromTcgLog"":false,""DesiredValue"":true,""TcgValueIsVerifiable"":true}{""Field"":""BootTcgLogFoundInFileSystem"",""Value"":true,""DesiredValue"":true},{""Field"":""CurrentTcgLogFoundInFileSystem"",""Value"":true,""DesiredValue"":true}]}",,,,,,,,,,,,,,,,,,,,,,,,,,,
,,,,,,,,,,,,,,,,,,,,,,,,,,,,,,,,,,,,,,,,,,,,,,,,,,,,,,,,,,,,,2026-04-09 00:00:40.289598+00:00,,,,,,,,,,,,,,,,,,,,,,,,,,,,,,,,,,,,,,,,,,,,,1036,,,,,,,,,C:\WINDOWS\Logs\MeasuredBoot\0000000008-0000000000.json,,,,,,,,,,,,,,,,,,,,,,,,,,,,,,,,,,,,,,,,,,,,1038,,,,,,,,,,,,,,,,,,,,,,,,,,,,,,,,,,,,,,,,,,,,,,,,,,,,,,,
,,,,,,,,,,,,,,,,,,,,,,,,,,,,,,,,,,,,,,,,,,,,,,,,,,,,,,,,,,,,,2026-04-09 00:00:44.848368+00:00,,,,,,,,,,,,,,,,,,,,,,,,,,,,,,,,,,,,,,,,,,,,,1037,,,,,,,,,,,,,,,,,,,,,,,,,,,,,,,,,,,,,,,,,,,,,,,,,,,,,1282,,,,,,,,,,,,,,,,,,,,,,,,,,,,,,,,,,,,,,,,,,,,,,,,,,,,,,,
,,,,,,,,,,,,,,,,,,,,,,,,,,,,,,,,,,,,,,,,,,,,,,,,,,,,,,,,,,,,,2026-04-09 00:00:45.330374+00:00,,,,,,,,,,,,,,,,,,,,,,,,,,,,,,,,,,,,,,,,,,,,,1038,,,,,,,,,,,,,,,,,,,,,,,,,,,,,,,,,,,,,,,,,,,,,,,,,,,,,1025,,,,,,,,,,,,,,,,,,,,,,,,,,,,,,,,,,,,,,,,,,,,,,,,,,,,,,,
,,,,,,,,,,,,,,,,,,,,,,,,,,,,,,,,,,,,,,,,,,,,,,,,,,,,,,,,,,,,,2026-04-09 00:00:48.244780+00:00,,,,,,,,,,,,,,,,,,,,,,,,,,,,,,,,,,,,,,,,,1,,,,1039,,,,,,,,,,,,,,,,,,,,,,,,,,,,S-1-5-21-2352865859-2334931103-2005901029-1001,,,,,,,,,,,,,,,,,,,,,,,,,7001,,,,,,,,,,,,,,,,,,,,,,,,,,,,,,,,,,,,,,,,,,,,,,,,,,,,,,,
,,,,,,,,,,,,,,,,,,,,,,,,,,,,,,,,,,,,,,,,,,,,,,,,,,,,,,,,,,,,,2026-04-09 00:00:57.665340+00:00,,,,,,,,,,,,,,,,,,,,,,,,,,,,,,,,,,,,,,,,,,,,,1040,,,,,,,,,,,,,,,,,,,,,,,,,,,,,,,,,,,,,,,,,,,,,,,,,,,,,10010,,,,,,,,,,,,,,,,,,,,,,,{A7451292-7906-414C-BB7B-DFD32C749E5C},,,,,,,,,,,,,,,,,,,,,,,,,,,,,,,,
,,,,,,Windows.SecurityCenter.WscCloudBackupProvider,,LocalHost (Using LRPC),,,,,,,,,,,,,,,Launch,,,,,,,,,,,,,,,,,,Unavailable,,,,,,,,,,,,,,,,,,,,2026-04-09 00:02:17.345852+00:00,,pizza,,,,,,,,,,Unavailable,,,,,,,,NormalVM,,,,,,,,,,,,Local,,,,,,,,,,,,,1041,,,,,,,,,,,,,,,,,,,,,,,,,,,,,,,,,,,,,,,,,,,,,,,,,,,,,10016,,,,,,S-1-5-21-2352865859-2334931103-2005901029-1001,,,,,,,,,,,,,,,,,application-specific,,,,,,,,,,,Unavailable,,,,,,,,,,,,,,,,,,,,,
,,,,,,,,,,,,,,,,,,,,,,,,,,,,,,,,,,,,,,,,,,,,,,,,,,,,,,,,,,,,,2026-04-09 00:03:03.227726+00:00,,,,,,,,,,,,,,,,,,,,,,,,,,,,,,,,Delivery Optimization,,,,,,,,,,,,,1042,,,,,,,,,,,,,,,,,,,,,,,,,,,,,,,,,,,,,,,,,,,,,,,,,,,,,7009,,,,,,,,,,,,,,,,,,,,,,,30000,,,,,,,,,,,,,,,,,,,,,,,,,,,,,,,,
,,,,,,,,,,,,,,,,,,,,,,,,,,,,,,,,,,,,,,,,,,,,,,,,,,,,,,,,,,,,,2026-04-09 00:03:03.227726+00:00,,,,,,,,,,,,,,,,,,,,,,,,,,,,,,,,%%1053,,,,,,,,,,,,,1043,,,,,,,,,,,,,,,,,,,,,,,,,,,,,,,,,,,,,,,,,,,,,,,,,,,,,7000,,,,,,,,,,,,,,,,,,,,,,,Delivery Optimization,,,,,,,,,,,,,,,,,,,,,,,,,,,,,,,,
,,,,,,Windows.SecurityCenter.WscCloudBackupProvider,,LocalHost (Using LRPC),,,,,,,,,,,,,,,Launch,,,,,,,,,,,,,,,,,,Unavailable,,,,,,,,,,,,,,,,,,,,2026-04-09 00:03:08.278807+00:00,,pizza,,,,,,,,,,Unavailable,,,,,,,,NormalVM,,,,,,,,,,,,Local,,,,,,,,,,,,,1044,,,,,,,,,,,,,,,,,,,,,,,,,,,,,,,,,,,,,,,,,,,,,,,,,,,,,10016,,,,,,S-1-5-21-2352865859-2334931103-2005901029-1001,,,,,,,,,,,,,,,,,application-specific,,,,,,,,,,,Unavailable,,,,,,,,,,,,,,,,,,,,,
,,,,,,BITS,,,,,,,,,,,,,,,,,auto start,,,,,,,,,,,,,,,,,,,,,,,,,,,,,,,,,,,,,,2026-04-09 00:03:21.114277+00:00,,,,,,,,,,,,,,,,,,,,,,,,,,,,,,,,demand start,,,,,,,,,,,,,1045,,,,,,,,,,,,,,,,,,,,,,,,,,,,,,,,,,,,,,,,,,,,,,,,,,,,,7040,,,,,,,,,,,,,,,,,,,,,,,Background Intelligent Transfer Service,,,,,,,,,,,,,,,,,,,,,,,,,,,,,,,,
,,,,,,,,,,,,,,,,,,\??\C:\Users\pizza\AppData\Local\Packages\Microsoft.OneDriveSync_8wekyb3d8bbwe\Settings\settings.dat,,,,,,,,,,,,,,,,,,,,,3,,,,,,,,,,,,,,,,,,,,,,2026-04-09 00:03:23.457842+00:00,,,,,,,,,,,,,,,,,,,,,,,,,,,,,,,,,,,,,,,,,,,,,1046,,,,,,,,,,,,,,,,,,,,,,,,,,,,,,,,,,,,,,,,,,,,,,,,,,,,,16,,,,,,,,,,,,,,,,,,,,,,,,,,,,,,,,,100,,,,,,,,,,,,,,,,,,,,1,,
,,,,,,Windows.SecurityCenter.WscBrokerManager,,LocalHost (Using LRPC),,,,,,,,,,,,,,,Launch,,,,,,,,,,,,,,,,,,Unavailable,,,,,,,,,,,,,,,,,,,,2026-04-09 00:03:40.910042+00:00,,SYSTEM,,,,,,,,,,Unavailable,,,,,,,,NT AUTHORITY,,,,,,,,,,,,Local,,,,,,,,,,,,,1047,,,,,,,,,,,,,,,,,,,,,,,,,,,,,,,,,,,,,,,,,,,,,,,,,,,,,10016,,,,,,S-1-5-18,,,,,,,,,,,,,,,,,application-specific,,,,,,,,,,,Unavailable,,,,,,,,,,,,,,,,,,,,,
,,,,,,Windows.SecurityCenter.SecurityAppBroker,,LocalHost (Using LRPC),,,,,,,,,,,,,,,Launch,,,,,,,,,,,,,,,,,,Unavailable,,,,,,,,,,,,,,,,,,,,2026-04-09 00:03:40.912178+00:00,,SYSTEM,,,,,,,,,,Unavailable,,,,,,,,NT AUTHORITY,,,,,,,,,,,,Local,,,,,,,,,,,,,1048,,,,,,,,,,,,,,,,,,,,,,,,,,,,,,,,,,,,,,,,,,,,,,,,,,,,,10016,,,,,,S-1-5-18,,,,,,,,,,,,,,,,,application-specific,,,,,,,,,,,Unavailable,,,,,,,,,,,,,,,,,,,,,
,,,,,,Windows.SecurityCenter.WscDataProtection,,LocalHost (Using LRPC),,,,,,,,,,,,,,,Launch,,,,,,,,,,,,,,,,,,Unavailable,,,,,,,,,,,,,,,,,,,,2026-04-09 00:03:40.913805+00:00,,SYSTEM,,,,,,,,,,Unavailable,,,,,,,,NT AUTHORITY,,,,,,,,,,,,Local,,,,,,,,,,,,,1049,,,,,,,,,,,,,,,,,,,,,,,,,,,,,,,,,,,,,,,,,,,,,,,,,,,,,10016,,,,,,S-1-5-18,,,,,,,,,,,,,,,,,application-specific,,,,,,,,,,,Unavailable,,,,,,,,,,,,,,,,,,,,,
,,,,,,,,,,,,,,,,,,,,,,,,,,,,,,,,,,,,,,,,,,,,,,,,,,,,,,,,,,,,,2026-04-09 00:05:24.870121+00:00,,,,,,,,,,,,,,,,,,,,,,,,,,,,,,,,,,,,,,,,,,,,,1050,,,,,,,,,,,,,,,,,,,,,,,,,,,,,,Under Observation - More Data Needed,,,,,,,,,,,,,,,,,"BaseBoardManufacturer:Intel Corporation;FirmwareManufacturer:VMware, Inc.;FirmwareVersion:VMW201.00V.24866131.B64.2507211911;OEMModelNumber:VMware20,1;OEMModelBaseBoard:440BX Desktop Reference Platform;OEMModelSystemFamily:;OEMManufacturerName:VMware, Inc.;OEMModelSKU:;OSArchitecture:amd64;",,,,,,1801,,,,,,,,,,,,,,,,,,3cbe19ad83f4f74828ea0bb0c21cc9af488df5d347c6969fee5ef76501b36415,,,,,,,,,,,,,,,,,,,,,,,,,,,,,,,,,,,,,
,,,,,,,,,,,,,,,,,,,,,,,,,,,,,,,,,,,,,,,,,,,,,,,,,,,-2147020471,,,,,,,,,,2026-04-09 00:05:24.881760+00:00,,,,,,,,,,,,,,,,,,,,,,,,,,,,,,,,,,,,,,,,,,,,,1051,,,,,,,,,,,,,,,,,,,,,,,,,,,,,,,,,,,,,,,,,,,,,,,,,,,,,1796,,,,,,,,,,,,,,,,,,,DBX,,,,,,,,,,,,,,,,,,,,,,,,,,,,,,,,,,,,
,,,,,,,,,,,,,,,,,,,,,,,,,,,,,,,,,,,,,,,,,,,,,,,,,,,-2147020471,,,,,,,,,,2026-04-09 00:05:24.881817+00:00,,,,,,,,,,,,,,,,,,,,,,,,,,,,,,,,,,,,,,,,,,,,,1052,,,,,,,,,,,,,,,,,,,,,,,,,,,,,,,,,,,,,,,,,,,,,,,,,,,,,1796,,,,,,,,,,,,,,,,,,,SBAT,,,,,,,,,,,,,,,,,,,,,,,,,,,,,,,,,,,,
,,,,,,BITS,,,,,,,,,,,,,,,,,demand start,,,,,,,,,,,,,,,,,,,,,,,,,,,,,,,,,,,,,,2026-04-09 00:05:32.496765+00:00,,,,,,,,,,,,,,,,,,,,,,,,,,,,,,,,auto start,,,,,,,,,,,,,1053,,,,,,,,,,,,,,,,,,,,,,,,,,,,,,,,,,,,,,,,,,,,,,,,,,,,,7040,,,,,,,,,,,,,,,,,,,,,,,Background Intelligent Transfer Service,,,,,,,,,,,,,,,,,,,,,,,,,,,,,,,,
,,,,,,,,,,Security Intelligence Update for Microsoft Defender Antivirus - KB2267602 (Version 1.447.236.0) - Current Channel (Broad),,,,,,,,,,200,,,,,,,,,,,,,,,,,,,,,,,,,,,,,,,,,,,,,,{96e3c999-1183-4263-a0c7-c19c8b9fafff},,,2026-04-09 00:10:46.801140+00:00,,,,,,,,,,,,,,,,,,,,,,,,,,,,,,,,,,,,,,,,,,,,,1054,,,,,,,,,,,,,,,,,,,,,,,,,,,,,,,,,,,,,,,,,,,,,,,,,,,,,44,,,,,,,,,,,,,,,,,,,,,,,,,,,,,,,,,,,,,,,,,,,,,,,,,,,,,,,
,,,,,,,,,,Security Intelligence Update for Microsoft Defender Antivirus - KB2267602 (Version 1.447.236.0) - Current Channel (Broad),,,,,,,,,,200,,,,,,,,,,,,,,,,,,,,,,,,,,,,,,,,,,,,,,{96e3c999-1183-4263-a0c7-c19c8b9fafff},,,2026-04-09 00:10:46.801178+00:00,,,,,,,,,,,,,,,,,,,,,,,,,,,,,,,,,,,,,,,,,,,,,1055,,,,,,,,,,,,,,,,,,,,,,,,,,,,,,,,,,,,,,,,,,,,,,,,,,,,,43,,,,,,,,,,,,,,,,,,,,,,,,,,,,,,,,,,,,,,,,,,,,,,,,,,,,,,,
,,,,,,,,,,Security Intelligence Update for Microsoft Defender Antivirus - KB2267602 (Version 1.447.236.0) - Current Channel (Broad),,,,,,,,,,200,,,,,,,,,,{9482f4b4-e343-43b6-b170-9a65bc822c77},,,,,,,,,,,,,,,,,,,,,,,,,,,,{96e3c999-1183-4263-a0c7-c19c8b9fafff},,,2026-04-09 00:11:01.657520+00:00,,,,,,,,,,,,,,,,,,,,,,,,,,,,,,,,,,,,,,,,,,,,,1056,,,,,,,,,,,,,,,,,,,,,,,,,,,,,,,,,,,,,,,,,,,,,,,,,,,,,19,,,,,,,,,,,,,,,,,,,,,,,,,,,,,,,,,,,,,,,,,,,,,,,,,,,,,,,
