TargetUserName,Timestamp,SubjectUserName,EventID,ParentProcessName,CommandLine,ProcessName
,2026-04-20 18:00:19.082523+00:00,,1102,,,
pizza,2026-04-20 18:00:18.158943+00:00,DESKTOP-A3EGFSV$,4688,C:\Windows\System32\svchost.exe,taskhostw.exe $(Arg0),
,2026-04-20 18:00:18.704304+00:00,DESKTOP-A3EGFSV$,4689,,,C:\Windows\System32\ctfmon.exe
-,2026-04-20 18:00:19.056101+00:00,pizza,4688,C:\Windows\System32\WindowsPowerShell\v1.0\powershell.exe,"""C:\WINDOWS\system32\wevtutil.exe"" cl Security",
pizza,2026-04-20 18:00:19.073996+00:00,pizza,4703,,,C:\Windows\System32\wevtutil.exe
pizza,2026-04-20 18:00:19.074104+00:00,pizza,4703,,,C:\Windows\System32\wevtutil.exe
pizza,2026-04-20 18:00:19.082624+00:00,pizza,4703,,,C:\Windows\System32\wevtutil.exe
pizza,2026-04-20 18:00:19.082628+00:00,pizza,4703,,,C:\Windows\System32\wevtutil.exe
,2026-04-20 18:00:19.083939+00:00,pizza,4689,,,C:\Windows\System32\wevtutil.exe
,2026-04-20 18:00:19.781973+00:00,pizza,4689,,,C:\Program Files (x86)\Microsoft\Edge\Application\msedge.exe
-,2026-04-20 18:00:24.149845+00:00,pizza,4688,C:\Windows\System32\WindowsPowerShell\v1.0\powershell.exe,"""C:\WINDOWS\system32\wevtutil.exe"" cl system",
pizza,2026-04-20 18:00:24.156874+00:00,pizza,4703,,,C:\Windows\System32\wevtutil.exe
pizza,2026-04-20 18:00:24.156883+00:00,pizza,4703,,,C:\Windows\System32\wevtutil.exe
pizza,2026-04-20 18:00:24.167538+00:00,pizza,4703,,,C:\Windows\System32\wevtutil.exe
pizza,2026-04-20 18:00:24.167542+00:00,pizza,4703,,,C:\Windows\System32\wevtutil.exe
,2026-04-20 18:00:24.168566+00:00,pizza,4689,,,C:\Windows\System32\wevtutil.exe
,2026-04-20 18:00:24.439650+00:00,pizza,4689,,,C:\Program Files (x86)\Microsoft\Edge\Application\msedge.exe
,2026-04-20 18:00:27.628323+00:00,DESKTOP-A3EGFSV$,4689,,,C:\Program Files\Windows Defender\MpCmdRun.exe
,2026-04-20 18:00:27.630829+00:00,DESKTOP-A3EGFSV$,4689,,,C:\Windows\System32\conhost.exe
,2026-04-20 18:00:29.851439+00:00,pizza,4689,,,C:\Windows\System32\backgroundTaskHost.exe
,2026-04-20 18:00:29.851713+00:00,pizza,4689,,,C:\Windows\System32\backgroundTaskHost.exe
-,2026-04-20 18:00:31.446438+00:00,pizza,4688,C:\Windows\System32\WindowsPowerShell\v1.0\powershell.exe,"""C:\WINDOWS\system32\wevtutil.exe"" cl application",
pizza,2026-04-20 18:00:31.455210+00:00,pizza,4703,,,C:\Windows\System32\wevtutil.exe
pizza,2026-04-20 18:00:31.455212+00:00,pizza,4703,,,C:\Windows\System32\wevtutil.exe
pizza,2026-04-20 18:00:31.458138+00:00,pizza,4703,,,C:\Windows\System32\wevtutil.exe
pizza,2026-04-20 18:00:31.458139+00:00,pizza,4703,,,C:\Windows\System32\wevtutil.exe
,2026-04-20 18:00:31.459179+00:00,pizza,4689,,,C:\Windows\System32\wevtutil.exe
-,2026-04-20 18:00:34.338362+00:00,pizza,4688,C:\Program Files (x86)\Microsoft\Edge\Application\msedge.exe,"""C:\Program Files (x86)\Microsoft\Edge\Application\msedge.exe"" --type=utility --utility-sub-type=edge_search_indexer.mojom.SearchIndexerInterfaceBroker --lang=en-US --service-sandbox-type=search_indexer --message-loop-type-ui --skip-read-main-dll --metrics-shmem-handle=6824,i,14182499647159006810,3446584055099941156,524288 --field-trial-handle=2316,i,11653587304601885560,1287113618954745513,262144 --variations-seed-version --pseudonymization-salt-handle=2368,i,15542423599154470718,16582211970420337290,4 --trace-process-track-uuid=3190709009737917719 --mojo-platform-channel-handle=9692 /prefetch:14",
pizza,2026-04-20 18:00:34.375177+00:00,DESKTOP-A3EGFSV$,4688,C:\Windows\System32\svchost.exe,C:\Windows\System32\RuntimeBroker.exe -Embedding,
,2026-04-20 18:00:34.960791+00:00,pizza,4689,,,C:\Windows\System32\WindowsPowerShell\v1.0\powershell.exe
,2026-04-20 18:00:35.000912+00:00,pizza,4689,,,C:\Windows\System32\conhost.exe
DESKTOP-A3EGFSV$,2026-04-20 18:00:36.483963+00:00,DESKTOP-A3EGFSV$,4703,,,C:\Windows\System32\svchost.exe
DESKTOP-A3EGFSV$,2026-04-20 18:00:36.485718+00:00,DESKTOP-A3EGFSV$,4703,,,C:\Windows\System32\svchost.exe
DESKTOP-A3EGFSV$,2026-04-20 18:00:36.486275+00:00,DESKTOP-A3EGFSV$,4703,,,C:\Windows\System32\svchost.exe
DESKTOP-A3EGFSV$,2026-04-20 18:00:36.486588+00:00,DESKTOP-A3EGFSV$,4703,,,C:\Windows\System32\svchost.exe
DESKTOP-A3EGFSV$,2026-04-20 18:00:36.486702+00:00,DESKTOP-A3EGFSV$,4703,,,C:\Windows\System32\svchost.exe
DESKTOP-A3EGFSV$,2026-04-20 18:00:36.486900+00:00,DESKTOP-A3EGFSV$,4703,,,C:\Windows\System32\svchost.exe
DESKTOP-A3EGFSV$,2026-04-20 18:00:36.488218+00:00,DESKTOP-A3EGFSV$,4703,,,C:\Windows\System32\svchost.exe
DESKTOP-A3EGFSV$,2026-04-20 18:00:36.488316+00:00,DESKTOP-A3EGFSV$,4703,,,C:\Windows\System32\svchost.exe
DESKTOP-A3EGFSV$,2026-04-20 18:00:36.488400+00:00,DESKTOP-A3EGFSV$,4703,,,C:\Windows\System32\svchost.exe
DESKTOP-A3EGFSV$,2026-04-20 18:00:36.488497+00:00,DESKTOP-A3EGFSV$,4703,,,C:\Windows\System32\svchost.exe
DESKTOP-A3EGFSV$,2026-04-20 18:00:36.488903+00:00,DESKTOP-A3EGFSV$,4703,,,C:\Windows\System32\svchost.exe
DESKTOP-A3EGFSV$,2026-04-20 18:00:36.488995+00:00,DESKTOP-A3EGFSV$,4703,,,C:\Windows\System32\svchost.exe
DESKTOP-A3EGFSV$,2026-04-20 18:00:36.489594+00:00,DESKTOP-A3EGFSV$,4703,,,C:\Windows\System32\svchost.exe
DESKTOP-A3EGFSV$,2026-04-20 18:00:36.489786+00:00,DESKTOP-A3EGFSV$,4703,,,C:\Windows\System32\svchost.exe
DESKTOP-A3EGFSV$,2026-04-20 18:00:36.489883+00:00,DESKTOP-A3EGFSV$,4703,,,C:\Windows\System32\svchost.exe
DESKTOP-A3EGFSV$,2026-04-20 18:00:36.489899+00:00,DESKTOP-A3EGFSV$,4703,,,C:\Windows\System32\svchost.exe
DESKTOP-A3EGFSV$,2026-04-20 18:00:36.489964+00:00,DESKTOP-A3EGFSV$,4703,,,C:\Windows\System32\svchost.exe
DESKTOP-A3EGFSV$,2026-04-20 18:00:36.490004+00:00,DESKTOP-A3EGFSV$,4703,,,C:\Windows\System32\svchost.exe
DESKTOP-A3EGFSV$,2026-04-20 18:00:36.490429+00:00,DESKTOP-A3EGFSV$,4703,,,C:\Windows\System32\svchost.exe
DESKTOP-A3EGFSV$,2026-04-20 18:00:36.490469+00:00,DESKTOP-A3EGFSV$,4703,,,C:\Windows\System32\svchost.exe
DESKTOP-A3EGFSV$,2026-04-20 18:00:36.490545+00:00,DESKTOP-A3EGFSV$,4703,,,C:\Windows\System32\svchost.exe
DESKTOP-A3EGFSV$,2026-04-20 18:00:36.490589+00:00,DESKTOP-A3EGFSV$,4703,,,C:\Windows\System32\svchost.exe
DESKTOP-A3EGFSV$,2026-04-20 18:00:36.490717+00:00,DESKTOP-A3EGFSV$,4703,,,C:\Windows\System32\svchost.exe
DESKTOP-A3EGFSV$,2026-04-20 18:00:36.490816+00:00,DESKTOP-A3EGFSV$,4703,,,C:\Windows\System32\svchost.exe
DESKTOP-A3EGFSV$,2026-04-20 18:00:36.491060+00:00,DESKTOP-A3EGFSV$,4703,,,C:\Windows\System32\svchost.exe
DESKTOP-A3EGFSV$,2026-04-20 18:00:36.491116+00:00,DESKTOP-A3EGFSV$,4703,,,C:\Windows\System32\svchost.exe
DESKTOP-A3EGFSV$,2026-04-20 18:00:36.491179+00:00,DESKTOP-A3EGFSV$,4703,,,C:\Windows\System32\svchost.exe
DESKTOP-A3EGFSV$,2026-04-20 18:00:36.491219+00:00,DESKTOP-A3EGFSV$,4703,,,C:\Windows\System32\svchost.exe
DESKTOP-A3EGFSV$,2026-04-20 18:00:36.491249+00:00,DESKTOP-A3EGFSV$,4703,,,C:\Windows\System32\svchost.exe
DESKTOP-A3EGFSV$,2026-04-20 18:00:36.491329+00:00,DESKTOP-A3EGFSV$,4703,,,C:\Windows\System32\svchost.exe
DESKTOP-A3EGFSV$,2026-04-20 18:00:36.492355+00:00,DESKTOP-A3EGFSV$,4703,,,C:\Windows\System32\svchost.exe
DESKTOP-A3EGFSV$,2026-04-20 18:00:36.493109+00:00,DESKTOP-A3EGFSV$,4703,,,C:\Windows\System32\svchost.exe
DESKTOP-A3EGFSV$,2026-04-20 18:00:36.493200+00:00,DESKTOP-A3EGFSV$,4703,,,C:\Windows\System32\svchost.exe
DESKTOP-A3EGFSV$,2026-04-20 18:00:36.493299+00:00,DESKTOP-A3EGFSV$,4703,,,C:\Windows\System32\svchost.exe
DESKTOP-A3EGFSV$,2026-04-20 18:00:36.493425+00:00,DESKTOP-A3EGFSV$,4703,,,C:\Windows\System32\svchost.exe
DESKTOP-A3EGFSV$,2026-04-20 18:00:36.493488+00:00,DESKTOP-A3EGFSV$,4703,,,C:\Windows\System32\svchost.exe
DESKTOP-A3EGFSV$,2026-04-20 18:00:36.493565+00:00,DESKTOP-A3EGFSV$,4703,,,C:\Windows\System32\svchost.exe
DESKTOP-A3EGFSV$,2026-04-20 18:00:36.493612+00:00,DESKTOP-A3EGFSV$,4703,,,C:\Windows\System32\svchost.exe
DESKTOP-A3EGFSV$,2026-04-20 18:00:36.493690+00:00,DESKTOP-A3EGFSV$,4703,,,C:\Windows\System32\svchost.exe
DESKTOP-A3EGFSV$,2026-04-20 18:00:36.493818+00:00,DESKTOP-A3EGFSV$,4703,,,C:\Windows\System32\svchost.exe
DESKTOP-A3EGFSV$,2026-04-20 18:00:36.493891+00:00,DESKTOP-A3EGFSV$,4703,,,C:\Windows\System32\svchost.exe
DESKTOP-A3EGFSV$,2026-04-20 18:00:36.494059+00:00,DESKTOP-A3EGFSV$,4703,,,C:\Windows\System32\svchost.exe
DESKTOP-A3EGFSV$,2026-04-20 18:00:36.494156+00:00,DESKTOP-A3EGFSV$,4703,,,C:\Windows\System32\svchost.exe
DESKTOP-A3EGFSV$,2026-04-20 18:00:36.494259+00:00,DESKTOP-A3EGFSV$,4703,,,C:\Windows\System32\svchost.exe
DESKTOP-A3EGFSV$,2026-04-20 18:00:36.494331+00:00,DESKTOP-A3EGFSV$,4703,,,C:\Windows\System32\svchost.exe
DESKTOP-A3EGFSV$,2026-04-20 18:00:36.494406+00:00,DESKTOP-A3EGFSV$,4703,,,C:\Windows\System32\svchost.exe
DESKTOP-A3EGFSV$,2026-04-20 18:00:36.494482+00:00,DESKTOP-A3EGFSV$,4703,,,C:\Windows\System32\svchost.exe
DESKTOP-A3EGFSV$,2026-04-20 18:00:36.494560+00:00,DESKTOP-A3EGFSV$,4703,,,C:\Windows\System32\svchost.exe
DESKTOP-A3EGFSV$,2026-04-20 18:00:36.494665+00:00,DESKTOP-A3EGFSV$,4703,,,C:\Windows\System32\svchost.exe
DESKTOP-A3EGFSV$,2026-04-20 18:00:36.494732+00:00,DESKTOP-A3EGFSV$,4703,,,C:\Windows\System32\svchost.exe
DESKTOP-A3EGFSV$,2026-04-20 18:00:36.494812+00:00,DESKTOP-A3EGFSV$,4703,,,C:\Windows\System32\svchost.exe
DESKTOP-A3EGFSV$,2026-04-20 18:00:36.494917+00:00,DESKTOP-A3EGFSV$,4703,,,C:\Windows\System32\svchost.exe
DESKTOP-A3EGFSV$,2026-04-20 18:00:36.494976+00:00,DESKTOP-A3EGFSV$,4703,,,C:\Windows\System32\svchost.exe
DESKTOP-A3EGFSV$,2026-04-20 18:00:36.495050+00:00,DESKTOP-A3EGFSV$,4703,,,C:\Windows\System32\svchost.exe
DESKTOP-A3EGFSV$,2026-04-20 18:00:36.495117+00:00,DESKTOP-A3EGFSV$,4703,,,C:\Windows\System32\svchost.exe
DESKTOP-A3EGFSV$,2026-04-20 18:00:36.495199+00:00,DESKTOP-A3EGFSV$,4703,,,C:\Windows\System32\svchost.exe
DESKTOP-A3EGFSV$,2026-04-20 18:00:36.495285+00:00,DESKTOP-A3EGFSV$,4703,,,C:\Windows\System32\svchost.exe
DESKTOP-A3EGFSV$,2026-04-20 18:00:36.495613+00:00,DESKTOP-A3EGFSV$,4703,,,C:\Windows\System32\svchost.exe
DESKTOP-A3EGFSV$,2026-04-20 18:00:36.495657+00:00,DESKTOP-A3EGFSV$,4703,,,C:\Windows\System32\svchost.exe
DESKTOP-A3EGFSV$,2026-04-20 18:00:36.495689+00:00,DESKTOP-A3EGFSV$,4703,,,C:\Windows\System32\svchost.exe
DESKTOP-A3EGFSV$,2026-04-20 18:00:36.495720+00:00,DESKTOP-A3EGFSV$,4703,,,C:\Windows\System32\svchost.exe
DESKTOP-A3EGFSV$,2026-04-20 18:00:36.495750+00:00,DESKTOP-A3EGFSV$,4703,,,C:\Windows\System32\svchost.exe
DESKTOP-A3EGFSV$,2026-04-20 18:00:36.495790+00:00,DESKTOP-A3EGFSV$,4703,,,C:\Windows\System32\svchost.exe
DESKTOP-A3EGFSV$,2026-04-20 18:00:36.495800+00:00,DESKTOP-A3EGFSV$,4703,,,C:\Windows\System32\svchost.exe
DESKTOP-A3EGFSV$,2026-04-20 18:00:36.495834+00:00,DESKTOP-A3EGFSV$,4703,,,C:\Windows\System32\svchost.exe
DESKTOP-A3EGFSV$,2026-04-20 18:00:36.495863+00:00,DESKTOP-A3EGFSV$,4703,,,C:\Windows\System32\svchost.exe
DESKTOP-A3EGFSV$,2026-04-20 18:00:36.495892+00:00,DESKTOP-A3EGFSV$,4703,,,C:\Windows\System32\svchost.exe
DESKTOP-A3EGFSV$,2026-04-20 18:00:36.495920+00:00,DESKTOP-A3EGFSV$,4703,,,C:\Windows\System32\svchost.exe
DESKTOP-A3EGFSV$,2026-04-20 18:00:36.495953+00:00,DESKTOP-A3EGFSV$,4703,,,C:\Windows\System32\svchost.exe
DESKTOP-A3EGFSV$,2026-04-20 18:00:36.496105+00:00,DESKTOP-A3EGFSV$,4703,,,C:\Windows\System32\svchost.exe
DESKTOP-A3EGFSV$,2026-04-20 18:00:36.496187+00:00,DESKTOP-A3EGFSV$,4703,,,C:\Windows\System32\svchost.exe
DESKTOP-A3EGFSV$,2026-04-20 18:00:36.496210+00:00,DESKTOP-A3EGFSV$,4703,,,C:\Windows\System32\svchost.exe
DESKTOP-A3EGFSV$,2026-04-20 18:00:36.496235+00:00,DESKTOP-A3EGFSV$,4703,,,C:\Windows\System32\svchost.exe
DESKTOP-A3EGFSV$,2026-04-20 18:00:36.496252+00:00,DESKTOP-A3EGFSV$,4703,,,C:\Windows\System32\svchost.exe
DESKTOP-A3EGFSV$,2026-04-20 18:00:36.496271+00:00,DESKTOP-A3EGFSV$,4703,,,C:\Windows\System32\svchost.exe
DESKTOP-A3EGFSV$,2026-04-20 18:00:36.496288+00:00,DESKTOP-A3EGFSV$,4703,,,C:\Windows\System32\svchost.exe
DESKTOP-A3EGFSV$,2026-04-20 18:00:36.496309+00:00,DESKTOP-A3EGFSV$,4703,,,C:\Windows\System32\svchost.exe
DESKTOP-A3EGFSV$,2026-04-20 18:00:36.496334+00:00,DESKTOP-A3EGFSV$,4703,,,C:\Windows\System32\svchost.exe
DESKTOP-A3EGFSV$,2026-04-20 18:00:36.496357+00:00,DESKTOP-A3EGFSV$,4703,,,C:\Windows\System32\svchost.exe
DESKTOP-A3EGFSV$,2026-04-20 18:00:36.496378+00:00,DESKTOP-A3EGFSV$,4703,,,C:\Windows\System32\svchost.exe
DESKTOP-A3EGFSV$,2026-04-20 18:00:36.496418+00:00,DESKTOP-A3EGFSV$,4703,,,C:\Windows\System32\svchost.exe
DESKTOP-A3EGFSV$,2026-04-20 18:00:36.496441+00:00,DESKTOP-A3EGFSV$,4703,,,C:\Windows\System32\svchost.exe
DESKTOP-A3EGFSV$,2026-04-20 18:00:36.496469+00:00,DESKTOP-A3EGFSV$,4703,,,C:\Windows\System32\svchost.exe
DESKTOP-A3EGFSV$,2026-04-20 18:00:36.496531+00:00,DESKTOP-A3EGFSV$,4703,,,C:\Windows\System32\svchost.exe
DESKTOP-A3EGFSV$,2026-04-20 18:00:36.496729+00:00,DESKTOP-A3EGFSV$,4703,,,C:\Windows\System32\svchost.exe
DESKTOP-A3EGFSV$,2026-04-20 18:00:36.497120+00:00,DESKTOP-A3EGFSV$,4703,,,C:\Windows\System32\svchost.exe
DESKTOP-A3EGFSV$,2026-04-20 18:00:36.502966+00:00,DESKTOP-A3EGFSV$,4703,,,C:\Windows\System32\svchost.exe
DESKTOP-A3EGFSV$,2026-04-20 18:00:36.502970+00:00,DESKTOP-A3EGFSV$,4703,,,C:\Windows\System32\svchost.exe
DESKTOP-A3EGFSV$,2026-04-20 18:00:36.505554+00:00,DESKTOP-A3EGFSV$,4703,,,C:\Windows\System32\svchost.exe
DESKTOP-A3EGFSV$,2026-04-20 18:00:36.505875+00:00,DESKTOP-A3EGFSV$,4703,,,C:\Windows\System32\svchost.exe
-,2026-04-20 18:00:38.515560+00:00,pizza,4688,C:\Program Files (x86)\Microsoft\Edge\Application\msedge.exe,"""C:\Program Files (x86)\Microsoft\Edge\Application\msedge.exe"" --type=utility --utility-sub-type=unzip.mojom.Unzipper --lang=en-US --service-sandbox-type=service --ram-no-pressure-read-main-dll --metrics-shmem-handle=9772,i,13831606928859619422,11610484680790526431,524288 --field-trial-handle=2316,i,11653587304601885560,1287113618954745513,262144 --variations-seed-version --pseudonymization-salt-handle=2368,i,15542423599154470718,16582211970420337290,4 --trace-process-track-uuid=3190709010674959568 --mojo-platform-channel-handle=9912 /prefetch:14",
,2026-04-20 18:00:38.616241+00:00,pizza,4689,,,C:\Program Files (x86)\Microsoft\Edge\Application\msedge.exe
,2026-04-20 18:00:38.657164+00:00,pizza,4689,,,C:\Program Files (x86)\Microsoft\Edge\Application\msedge.exe
-,2026-04-20 18:00:39.595604+00:00,DESKTOP-A3EGFSV$,4688,C:\Windows\System32\svchost.exe,consent.exe 5700 834 0000023A7F11EC20,
-,2026-04-20 18:00:39.701159+00:00,DESKTOP-A3EGFSV$,4688,C:\Windows\System32\svchost.exe,/QuitInfo:0000000000000340;0000000000000314; ,
,2026-04-20 18:00:41.337011+00:00,DESKTOP-A3EGFSV$,4689,,,C:\Windows\System32\consent.exe
DESKTOP-A3EGFSV$,2026-04-20 18:00:41.482901+00:00,DESKTOP-A3EGFSV$,4703,,,C:\Windows\System32\svchost.exe
DESKTOP-A3EGFSV$,2026-04-20 18:00:41.482904+00:00,DESKTOP-A3EGFSV$,4703,,,C:\Windows\System32\svchost.exe
DESKTOP-A3EGFSV$,2026-04-20 18:00:41.483023+00:00,DESKTOP-A3EGFSV$,4703,,,C:\Windows\System32\svchost.exe
DESKTOP-A3EGFSV$,2026-04-20 18:00:41.483025+00:00,DESKTOP-A3EGFSV$,4703,,,C:\Windows\System32\svchost.exe
pizza,2026-04-20 18:00:41.490944+00:00,DESKTOP-A3EGFSV$,4688,C:\Windows\explorer.exe,"""C:\Program Files\WindowsApps\Microsoft.WindowsNotepad_11.2512.26.0_x64__8wekyb3d8bbwe\Notepad\Notepad.exe"" ",
pizza,2026-04-20 18:00:42.621284+00:00,DESKTOP-A3EGFSV$,4688,C:\Windows\System32\svchost.exe,C:\WINDOWS\system32\DllHost.exe /Processid:{AB8902B4-09CA-4BB6-B78D-A8F59079A8D5},
,2026-04-20 18:00:42.956282+00:00,pizza,5379,,,
,2026-04-20 18:00:42.957821+00:00,pizza,5379,,,
,2026-04-20 18:00:42.957884+00:00,pizza,5379,,,
,2026-04-20 18:00:42.966047+00:00,pizza,5379,,,
,2026-04-20 18:00:42.968554+00:00,pizza,5379,,,
,2026-04-20 18:00:43.278988+00:00,pizza,5379,,,
,2026-04-20 18:00:43.279198+00:00,pizza,5379,,,
,2026-04-20 18:00:43.279421+00:00,pizza,5379,,,
,2026-04-20 18:00:43.279552+00:00,pizza,5379,,,
,2026-04-20 18:00:43.279749+00:00,pizza,5379,,,
,2026-04-20 18:00:43.279879+00:00,pizza,5379,,,
,2026-04-20 18:00:43.280067+00:00,pizza,5379,,,
,2026-04-20 18:00:43.280207+00:00,pizza,5379,,,
,2026-04-20 18:00:43.280495+00:00,pizza,5379,,,
,2026-04-20 18:00:43.280640+00:00,pizza,5379,,,
,2026-04-20 18:00:43.280910+00:00,pizza,5379,,,
,2026-04-20 18:00:43.281015+00:00,pizza,5379,,,
,2026-04-20 18:00:43.281187+00:00,pizza,5379,,,
,2026-04-20 18:00:43.281313+00:00,pizza,5379,,,
,2026-04-20 18:00:43.281603+00:00,pizza,5379,,,
,2026-04-20 18:00:43.281963+00:00,pizza,5379,,,
,2026-04-20 18:00:43.286303+00:00,pizza,5379,,,
,2026-04-20 18:00:43.286461+00:00,pizza,5379,,,
,2026-04-20 18:00:43.286648+00:00,pizza,5379,,,
,2026-04-20 18:00:43.286793+00:00,pizza,5379,,,
,2026-04-20 18:00:43.288519+00:00,pizza,5379,,,
,2026-04-20 18:00:43.288685+00:00,pizza,5379,,,
,2026-04-20 18:00:43.288845+00:00,pizza,5379,,,
,2026-04-20 18:00:43.288963+00:00,pizza,5379,,,
,2026-04-20 18:00:43.289114+00:00,pizza,5379,,,
,2026-04-20 18:00:43.289228+00:00,pizza,5379,,,
,2026-04-20 18:00:43.289383+00:00,pizza,5379,,,
,2026-04-20 18:00:43.289549+00:00,pizza,5379,,,
,2026-04-20 18:00:43.289705+00:00,pizza,5379,,,
,2026-04-20 18:00:43.295448+00:00,pizza,5379,,,
,2026-04-20 18:00:43.295666+00:00,pizza,5379,,,
,2026-04-20 18:00:43.295910+00:00,pizza,5379,,,
,2026-04-20 18:00:43.296026+00:00,pizza,5379,,,
,2026-04-20 18:00:43.296154+00:00,pizza,5379,,,
,2026-04-20 18:00:43.296242+00:00,pizza,5379,,,
,2026-04-20 18:00:43.296459+00:00,pizza,5379,,,
,2026-04-20 18:00:43.296602+00:00,pizza,5379,,,
,2026-04-20 18:00:43.298069+00:00,pizza,5379,,,
,2026-04-20 18:00:43.298256+00:00,pizza,5379,,,
,2026-04-20 18:00:43.298433+00:00,pizza,5379,,,
,2026-04-20 18:00:43.298563+00:00,pizza,5379,,,
,2026-04-20 18:00:43.298704+00:00,pizza,5379,,,
,2026-04-20 18:00:43.299475+00:00,pizza,5379,,,
,2026-04-20 18:00:43.299658+00:00,pizza,5379,,,
,2026-04-20 18:00:43.315140+00:00,pizza,5379,,,
,2026-04-20 18:00:43.315310+00:00,pizza,5379,,,
,2026-04-20 18:00:43.315475+00:00,pizza,5379,,,
,2026-04-20 18:00:43.315613+00:00,pizza,5379,,,
,2026-04-20 18:00:43.315754+00:00,pizza,5379,,,
,2026-04-20 18:00:43.315863+00:00,pizza,5379,,,
,2026-04-20 18:00:43.315996+00:00,pizza,5379,,,
,2026-04-20 18:00:43.316103+00:00,pizza,5379,,,
,2026-04-20 18:00:43.316231+00:00,pizza,5379,,,
,2026-04-20 18:00:43.316345+00:00,pizza,5379,,,
,2026-04-20 18:00:43.316475+00:00,pizza,5379,,,
,2026-04-20 18:00:43.316580+00:00,pizza,5379,,,
,2026-04-20 18:00:43.316784+00:00,pizza,5379,,,
,2026-04-20 18:00:43.316912+00:00,pizza,5379,,,
,2026-04-20 18:00:44.336231+00:00,DESKTOP-A3EGFSV$,4689,,,C:\Windows\System32\ctfmon.exe
pizza,2026-04-20 18:00:46.489214+00:00,DESKTOP-A3EGFSV$,4703,,,C:\Windows\System32\lsass.exe
pizza,2026-04-20 18:00:46.507881+00:00,DESKTOP-A3EGFSV$,4703,,,C:\Windows\System32\lsass.exe
-,2026-04-20 18:00:46.910391+00:00,pizza,4688,C:\Program Files (x86)\Microsoft\Edge\Application\msedge.exe,"""C:\Program Files (x86)\Microsoft\Edge\Application\msedge.exe"" --type=utility --utility-sub-type=unzip.mojom.Unzipper --lang=en-US --service-sandbox-type=service --skip-read-main-dll --metrics-shmem-handle=7680,i,11631088085670993948,10177857540625755142,524288 --field-trial-handle=2316,i,11653587304601885560,1287113618954745513,262144 --variations-seed-version --pseudonymization-salt-handle=2368,i,15542423599154470718,16582211970420337290,4 --trace-process-track-uuid=3190709011612001417 --mojo-platform-channel-handle=6356 /prefetch:14",
,2026-04-20 18:00:46.962021+00:00,pizza,4689,,,C:\Program Files (x86)\Microsoft\Edge\Application\msedge.exe
,2026-04-20 18:00:47.832493+00:00,pizza,4689,,,C:\Windows\System32\dllhost.exe
pizza,2026-04-20 18:00:50.284983+00:00,DESKTOP-A3EGFSV$,4688,C:\Windows\System32\svchost.exe,C:\WINDOWS\system32\DllHost.exe /Processid:{AB8902B4-09CA-4BB6-B78D-A8F59079A8D5},
,2026-04-20 18:00:55.329451+00:00,pizza,4689,,,C:\Windows\System32\dllhost.exe
-,2026-04-20 18:00:55.729507+00:00,DESKTOP-A3EGFSV$,4688,C:\Windows\System32\svchost.exe,"""C:\WINDOWS\system32\appidpolicyconverter.exe""",
-,2026-04-20 18:00:55.736418+00:00,DESKTOP-A3EGFSV$,4688,C:\Windows\System32\appidpolicyconverter.exe,\??\C:\WINDOWS\system32\conhost.exe 0xffffffff -ForceV1,
,2026-04-20 18:00:55.768642+00:00,DESKTOP-A3EGFSV$,4689,,,C:\Windows\System32\appidpolicyconverter.exe
,2026-04-20 18:00:55.769888+00:00,DESKTOP-A3EGFSV$,4689,,,C:\Windows\System32\conhost.exe
,2026-04-20 18:00:56.167721+00:00,DESKTOP-A3EGFSV$,4689,,,C:\Windows\System32\svchost.exe
pizza,2026-04-20 18:00:57.987263+00:00,DESKTOP-A3EGFSV$,4688,C:\Windows\System32\svchost.exe,C:\WINDOWS\system32\DllHost.exe /Processid:{AB8902B4-09CA-4BB6-B78D-A8F59079A8D5},
-,2026-04-20 18:00:59.305363+00:00,pizza,4688,C:\Program Files (x86)\Microsoft\Edge\Application\msedge.exe,"""C:\Program Files (x86)\Microsoft\Edge\Application\msedge.exe"" --type=utility --utility-sub-type=unzip.mojom.Unzipper --lang=en-US --service-sandbox-type=service --skip-read-main-dll --metrics-shmem-handle=7800,i,12299552150625961655,6910950526685263129,524288 --field-trial-handle=2316,i,11653587304601885560,1287113618954745513,262144 --variations-seed-version --pseudonymization-salt-handle=2368,i,15542423599154470718,16582211970420337290,4 --trace-process-track-uuid=3190709012549043266 --mojo-platform-channel-handle=9900 /prefetch:14",
,2026-04-20 18:00:59.371225+00:00,pizza,4689,,,C:\Program Files (x86)\Microsoft\Edge\Application\msedge.exe
,2026-04-20 18:00:59.868214+00:00,pizza,4689,,,C:\Windows\System32\RuntimeBroker.exe
,2026-04-20 18:00:59.868246+00:00,pizza,4689,,,C:\Windows\System32\RuntimeBroker.exe
DESKTOP-A3EGFSV$,2026-04-20 18:01:00.668718+00:00,DESKTOP-A3EGFSV$,4688,C:\Windows\System32\services.exe,C:\WINDOWS\System32\svchost.exe -k NetworkService -p,
-,2026-04-20 18:01:00.826262+00:00,DESKTOP-A3EGFSV$,4688,C:\Windows\System32\services.exe,"""C:\Program Files (x86)\Microsoft\EdgeUpdate\MicrosoftEdgeUpdate.exe"" /svc",
-,2026-04-20 18:01:00.871368+00:00,DESKTOP-A3EGFSV$,4688,C:\Program Files (x86)\Microsoft\EdgeUpdate\MicrosoftEdgeUpdate.exe,"""C:\Program Files (x86)\Microsoft\EdgeUpdate\MicrosoftEdgeUpdate.exe"" /c",
,2026-04-20 18:01:00.883928+00:00,DESKTOP-A3EGFSV$,4689,,,C:\Program Files (x86)\Microsoft\EdgeUpdate\MicrosoftEdgeUpdate.exe
,2026-04-20 18:01:00.945303+00:00,DESKTOP-A3EGFSV$,4689,,,C:\Program Files (x86)\Microsoft\EdgeUpdate\MicrosoftEdgeUpdate.exe
SYSTEM,2026-04-20 18:01:01.000864+00:00,DESKTOP-A3EGFSV$,4624,,,C:\Windows\System32\services.exe
,2026-04-20 18:01:01.000870+00:00,SYSTEM,4672,,,
-,2026-04-20 18:01:01.002069+00:00,DESKTOP-A3EGFSV$,4688,C:\Windows\System32\services.exe,C:\WINDOWS\system32\svchost.exe -k InvSvcGroup -p -s InventorySvc,
DESKTOP-A3EGFSV$,2026-04-20 18:01:01.148558+00:00,DESKTOP-A3EGFSV$,4688,C:\Windows\System32\services.exe,C:\WINDOWS\System32\svchost.exe -k NetworkService -p,
DESKTOP-A3EGFSV$,2026-04-20 18:01:01.293829+00:00,DESKTOP-A3EGFSV$,4688,C:\Windows\System32\services.exe,C:\WINDOWS\system32\sppsvc.exe,
SYSTEM,2026-04-20 18:01:01.450672+00:00,DESKTOP-A3EGFSV$,4624,,,C:\Windows\System32\services.exe
,2026-04-20 18:01:01.450678+00:00,SYSTEM,4672,,,
-,2026-04-20 18:01:01.451904+00:00,DESKTOP-A3EGFSV$,4688,C:\Windows\System32\services.exe,C:\WINDOWS\System32\svchost.exe -k LocalSystemNetworkRestricted -p,
SYSTEM,2026-04-20 18:01:01.723507+00:00,DESKTOP-A3EGFSV$,4624,,,C:\Windows\System32\services.exe
,2026-04-20 18:01:01.723511+00:00,SYSTEM,4672,,,
-,2026-04-20 18:01:01.724585+00:00,DESKTOP-A3EGFSV$,4688,C:\Windows\System32\services.exe,C:\WINDOWS\system32\svchost.exe -k netsvcs -p -s UsoSvc,
DESKTOP-A3EGFSV$,2026-04-20 18:01:01.786657+00:00,DESKTOP-A3EGFSV$,4703,,,C:\Windows\System32\svchost.exe
DESKTOP-A3EGFSV$,2026-04-20 18:01:01.786671+00:00,DESKTOP-A3EGFSV$,4703,,,C:\Windows\System32\svchost.exe
DESKTOP-A3EGFSV$,2026-04-20 18:01:01.787371+00:00,DESKTOP-A3EGFSV$,4703,,,C:\Windows\System32\svchost.exe
DESKTOP-A3EGFSV$,2026-04-20 18:01:01.787374+00:00,DESKTOP-A3EGFSV$,4703,,,C:\Windows\System32\svchost.exe
DESKTOP-A3EGFSV$,2026-04-20 18:01:01.787760+00:00,DESKTOP-A3EGFSV$,4703,,,C:\Windows\System32\svchost.exe
DESKTOP-A3EGFSV$,2026-04-20 18:01:01.787762+00:00,DESKTOP-A3EGFSV$,4703,,,C:\Windows\System32\svchost.exe
DESKTOP-A3EGFSV$,2026-04-20 18:01:01.788784+00:00,DESKTOP-A3EGFSV$,4703,,,C:\Windows\System32\svchost.exe
DESKTOP-A3EGFSV$,2026-04-20 18:01:01.788805+00:00,DESKTOP-A3EGFSV$,4703,,,C:\Windows\System32\svchost.exe
SYSTEM,2026-04-20 18:01:01.808994+00:00,DESKTOP-A3EGFSV$,4624,,,C:\Windows\System32\services.exe
,2026-04-20 18:01:01.809000+00:00,SYSTEM,4672,,,
-,2026-04-20 18:01:01.810440+00:00,DESKTOP-A3EGFSV$,4688,C:\Windows\System32\services.exe,C:\WINDOWS\system32\svchost.exe -k wusvcs -p -s WaaSMedicSvc,
-,2026-04-20 18:01:01.874125+00:00,DESKTOP-A3EGFSV$,4688,C:\Windows\System32\svchost.exe,"""C:\WINDOWS\uus\packages\preview\AMD64\MoUsoCoreWorker.exe"" useprivatenamespaces",
SYSTEM,2026-04-20 18:01:01.889179+00:00,DESKTOP-A3EGFSV$,4624,,,C:\Windows\System32\services.exe
,2026-04-20 18:01:01.889191+00:00,SYSTEM,4672,,,
-,2026-04-20 18:01:01.890642+00:00,DESKTOP-A3EGFSV$,4688,C:\Windows\System32\services.exe,C:\WINDOWS\system32\svchost.exe -k whesvc -p -s whesvc,
LOCAL SERVICE,2026-04-20 18:01:02.047741+00:00,DESKTOP-A3EGFSV$,4688,C:\Windows\System32\services.exe,C:\WINDOWS\System32\svchost.exe -k LocalServiceNetworkRestricted -p -s wscsvc,
DESKTOP-A3EGFSV$,2026-04-20 18:01:02.139423+00:00,DESKTOP-A3EGFSV$,4703,,,C:\Windows\System32\svchost.exe
DESKTOP-A3EGFSV$,2026-04-20 18:01:02.142408+00:00,DESKTOP-A3EGFSV$,4703,,,C:\Windows\System32\svchost.exe
DESKTOP-A3EGFSV$,2026-04-20 18:01:02.146402+00:00,DESKTOP-A3EGFSV$,4703,,,C:\Windows\System32\svchost.exe
DESKTOP-A3EGFSV$,2026-04-20 18:01:02.146948+00:00,DESKTOP-A3EGFSV$,4703,,,C:\Windows\System32\svchost.exe
DESKTOP-A3EGFSV$,2026-04-20 18:01:02.148695+00:00,DESKTOP-A3EGFSV$,4703,,,C:\Windows\System32\svchost.exe
DESKTOP-A3EGFSV$,2026-04-20 18:01:02.149328+00:00,DESKTOP-A3EGFSV$,4703,,,C:\Windows\System32\svchost.exe
-,2026-04-20 18:01:02.152605+00:00,DESKTOP-A3EGFSV$,4688,C:\Windows\System32\svchost.exe,C:\WINDOWS\system32\wbem\wmiprvse.exe -Embedding,
DESKTOP-A3EGFSV$,2026-04-20 18:01:02.194715+00:00,DESKTOP-A3EGFSV$,4703,,,C:\Windows\System32\svchost.exe
DESKTOP-A3EGFSV$,2026-04-20 18:01:02.194885+00:00,DESKTOP-A3EGFSV$,4703,,,C:\Windows\System32\svchost.exe
DESKTOP-A3EGFSV$,2026-04-20 18:01:02.196432+00:00,DESKTOP-A3EGFSV$,4703,,,C:\Windows\System32\svchost.exe
DESKTOP-A3EGFSV$,2026-04-20 18:01:02.197277+00:00,DESKTOP-A3EGFSV$,4703,,,C:\Windows\System32\svchost.exe
pizza,2026-04-20 18:01:02.202747+00:00,DESKTOP-A3EGFSV$,4688,C:\Windows\System32\svchost.exe,"""C:\WINDOWS\system32\BackgroundTaskHost.exe"" -ServerName:BackgroundTaskHost.WebAccountProvider",
pizza,2026-04-20 18:01:02.317154+00:00,DESKTOP-A3EGFSV$,4688,C:\Windows\System32\svchost.exe,C:\Windows\System32\RuntimeBroker.exe -Embedding,
DESKTOP-A3EGFSV$,2026-04-20 18:01:02.421331+00:00,DESKTOP-A3EGFSV$,4703,,,C:\Windows\System32\svchost.exe
DESKTOP-A3EGFSV$,2026-04-20 18:01:02.422461+00:00,DESKTOP-A3EGFSV$,4703,,,C:\Windows\System32\svchost.exe
DESKTOP-A3EGFSV$,2026-04-20 18:01:02.423731+00:00,DESKTOP-A3EGFSV$,4703,,,C:\Windows\System32\svchost.exe
DESKTOP-A3EGFSV$,2026-04-20 18:01:02.429605+00:00,DESKTOP-A3EGFSV$,4703,,,C:\Windows\System32\svchost.exe
DESKTOP-A3EGFSV$,2026-04-20 18:01:02.430685+00:00,DESKTOP-A3EGFSV$,4703,,,C:\Windows\System32\svchost.exe
DESKTOP-A3EGFSV$,2026-04-20 18:01:02.433113+00:00,DESKTOP-A3EGFSV$,4703,,,C:\Windows\System32\svchost.exe
DESKTOP-A3EGFSV$,2026-04-20 18:01:02.437515+00:00,DESKTOP-A3EGFSV$,4703,,,C:\Windows\System32\svchost.exe
DESKTOP-A3EGFSV$,2026-04-20 18:01:02.439619+00:00,DESKTOP-A3EGFSV$,4703,,,C:\Windows\System32\svchost.exe
DESKTOP-A3EGFSV$,2026-04-20 18:01:02.442978+00:00,DESKTOP-A3EGFSV$,4703,,,C:\Windows\System32\svchost.exe
DESKTOP-A3EGFSV$,2026-04-20 18:01:02.443857+00:00,DESKTOP-A3EGFSV$,4703,,,C:\Windows\System32\svchost.exe
,2026-04-20 18:01:02.445919+00:00,pizza,4689,,,C:\Windows\System32\backgroundTaskHost.exe
DESKTOP-A3EGFSV$,2026-04-20 18:01:02.447378+00:00,DESKTOP-A3EGFSV$,4703,,,C:\Windows\System32\svchost.exe
DESKTOP-A3EGFSV$,2026-04-20 18:01:02.448261+00:00,DESKTOP-A3EGFSV$,4703,,,C:\Windows\System32\svchost.exe
DESKTOP-A3EGFSV$,2026-04-20 18:01:02.449142+00:00,DESKTOP-A3EGFSV$,4703,,,C:\Windows\System32\svchost.exe
DESKTOP-A3EGFSV$,2026-04-20 18:01:02.450033+00:00,DESKTOP-A3EGFSV$,4703,,,C:\Windows\System32\svchost.exe
DESKTOP-A3EGFSV$,2026-04-20 18:01:02.451212+00:00,DESKTOP-A3EGFSV$,4703,,,C:\Windows\System32\svchost.exe
DESKTOP-A3EGFSV$,2026-04-20 18:01:02.455086+00:00,DESKTOP-A3EGFSV$,4703,,,C:\Windows\System32\svchost.exe
DESKTOP-A3EGFSV$,2026-04-20 18:01:02.470448+00:00,DESKTOP-A3EGFSV$,4703,,,C:\Windows\System32\svchost.exe
DESKTOP-A3EGFSV$,2026-04-20 18:01:02.471119+00:00,DESKTOP-A3EGFSV$,4703,,,C:\Windows\System32\svchost.exe
DESKTOP-A3EGFSV$,2026-04-20 18:01:02.480669+00:00,DESKTOP-A3EGFSV$,4703,,,C:\Windows\System32\svchost.exe
DESKTOP-A3EGFSV$,2026-04-20 18:01:02.481291+00:00,DESKTOP-A3EGFSV$,4703,,,C:\Windows\System32\svchost.exe
DESKTOP-A3EGFSV$,2026-04-20 18:01:02.495295+00:00,DESKTOP-A3EGFSV$,4703,,,C:\Windows\System32\svchost.exe
DESKTOP-A3EGFSV$,2026-04-20 18:01:02.495834+00:00,DESKTOP-A3EGFSV$,4703,,,C:\Windows\System32\svchost.exe
DESKTOP-A3EGFSV$,2026-04-20 18:01:02.505682+00:00,DESKTOP-A3EGFSV$,4703,,,C:\Windows\System32\svchost.exe
DESKTOP-A3EGFSV$,2026-04-20 18:01:02.506214+00:00,DESKTOP-A3EGFSV$,4703,,,C:\Windows\System32\svchost.exe
DESKTOP-A3EGFSV$,2026-04-20 18:01:02.515079+00:00,DESKTOP-A3EGFSV$,4703,,,C:\Windows\System32\svchost.exe
DESKTOP-A3EGFSV$,2026-04-20 18:01:02.515585+00:00,DESKTOP-A3EGFSV$,4703,,,C:\Windows\System32\svchost.exe
DESKTOP-A3EGFSV$,2026-04-20 18:01:02.517109+00:00,DESKTOP-A3EGFSV$,4703,,,C:\Windows\System32\svchost.exe
DESKTOP-A3EGFSV$,2026-04-20 18:01:02.605619+00:00,DESKTOP-A3EGFSV$,4703,,,C:\Windows\System32\svchost.exe
DESKTOP-A3EGFSV$,2026-04-20 18:01:02.626802+00:00,DESKTOP-A3EGFSV$,4703,,,C:\Windows\System32\svchost.exe
DESKTOP-A3EGFSV$,2026-04-20 18:01:02.645390+00:00,DESKTOP-A3EGFSV$,4703,,,C:\Windows\System32\svchost.exe
DESKTOP-A3EGFSV$,2026-04-20 18:01:02.655067+00:00,DESKTOP-A3EGFSV$,4703,,,C:\Windows\System32\svchost.exe
DESKTOP-A3EGFSV$,2026-04-20 18:01:02.667118+00:00,DESKTOP-A3EGFSV$,4703,,,C:\Windows\System32\svchost.exe
DESKTOP-A3EGFSV$,2026-04-20 18:01:02.678631+00:00,DESKTOP-A3EGFSV$,4703,,,C:\Windows\System32\svchost.exe
DESKTOP-A3EGFSV$,2026-04-20 18:01:02.678833+00:00,DESKTOP-A3EGFSV$,4703,,,C:\Windows\System32\svchost.exe
DESKTOP-A3EGFSV$,2026-04-20 18:01:02.679039+00:00,DESKTOP-A3EGFSV$,4703,,,C:\Windows\System32\svchost.exe
DESKTOP-A3EGFSV$,2026-04-20 18:01:02.679354+00:00,DESKTOP-A3EGFSV$,4703,,,C:\Windows\System32\svchost.exe
DESKTOP-A3EGFSV$,2026-04-20 18:01:02.679590+00:00,DESKTOP-A3EGFSV$,4703,,,C:\Windows\System32\svchost.exe
DESKTOP-A3EGFSV$,2026-04-20 18:01:02.679642+00:00,DESKTOP-A3EGFSV$,4703,,,C:\Windows\System32\svchost.exe
DESKTOP-A3EGFSV$,2026-04-20 18:01:02.679689+00:00,DESKTOP-A3EGFSV$,4703,,,C:\Windows\System32\svchost.exe
DESKTOP-A3EGFSV$,2026-04-20 18:01:02.679787+00:00,DESKTOP-A3EGFSV$,4703,,,C:\Windows\System32\svchost.exe
DESKTOP-A3EGFSV$,2026-04-20 18:01:02.679869+00:00,DESKTOP-A3EGFSV$,4703,,,C:\Windows\System32\svchost.exe
DESKTOP-A3EGFSV$,2026-04-20 18:01:02.680540+00:00,DESKTOP-A3EGFSV$,4703,,,C:\Windows\System32\svchost.exe
DESKTOP-A3EGFSV$,2026-04-20 18:01:02.680614+00:00,DESKTOP-A3EGFSV$,4703,,,C:\Windows\System32\svchost.exe
DESKTOP-A3EGFSV$,2026-04-20 18:01:02.680710+00:00,DESKTOP-A3EGFSV$,4703,,,C:\Windows\System32\svchost.exe
DESKTOP-A3EGFSV$,2026-04-20 18:01:02.680773+00:00,DESKTOP-A3EGFSV$,4703,,,C:\Windows\System32\svchost.exe
DESKTOP-A3EGFSV$,2026-04-20 18:01:02.680855+00:00,DESKTOP-A3EGFSV$,4703,,,C:\Windows\System32\svchost.exe
DESKTOP-A3EGFSV$,2026-04-20 18:01:02.680937+00:00,DESKTOP-A3EGFSV$,4703,,,C:\Windows\System32\svchost.exe
pizza,2026-04-20 18:01:02.743961+00:00,DESKTOP-A3EGFSV$,4688,C:\Windows\System32\services.exe,C:\WINDOWS\system32\svchost.exe -k UnistackSvcGroup,
,2026-04-20 18:01:03.047806+00:00,pizza,4689,,,C:\Windows\System32\dllhost.exe
-,2026-04-20 18:01:03.412117+00:00,DESKTOP-A3EGFSV$,4688,C:\Windows\UUS\Packages\Preview\amd64\MoUsoCoreWorker.exe,"""C:\Windows\System32\usoclient.exe"" StartStoreBizCritUpdates Y/WZY2BmtEG75RRk.3",
DESKTOP-A3EGFSV$,2026-04-20 18:01:03.667419+00:00,DESKTOP-A3EGFSV$,4703,,,C:\Windows\System32\svchost.exe
DESKTOP-A3EGFSV$,2026-04-20 18:01:03.667810+00:00,DESKTOP-A3EGFSV$,4703,,,C:\Windows\System32\svchost.exe
DESKTOP-A3EGFSV$,2026-04-20 18:01:03.668333+00:00,DESKTOP-A3EGFSV$,4703,,,C:\Windows\System32\svchost.exe
DESKTOP-A3EGFSV$,2026-04-20 18:01:03.668987+00:00,DESKTOP-A3EGFSV$,4703,,,C:\Windows\System32\svchost.exe
DESKTOP-A3EGFSV$,2026-04-20 18:01:03.670042+00:00,DESKTOP-A3EGFSV$,4703,,,C:\Windows\System32\svchost.exe
DESKTOP-A3EGFSV$,2026-04-20 18:01:03.670338+00:00,DESKTOP-A3EGFSV$,4703,,,C:\Windows\System32\svchost.exe
DESKTOP-A3EGFSV$,2026-04-20 18:01:03.673206+00:00,DESKTOP-A3EGFSV$,4703,,,C:\Windows\System32\svchost.exe
DESKTOP-A3EGFSV$,2026-04-20 18:01:03.679150+00:00,DESKTOP-A3EGFSV$,4703,,,C:\Windows\System32\svchost.exe
DESKTOP-A3EGFSV$,2026-04-20 18:01:03.682129+00:00,DESKTOP-A3EGFSV$,4703,,,C:\Windows\System32\svchost.exe
DESKTOP-A3EGFSV$,2026-04-20 18:01:03.695177+00:00,DESKTOP-A3EGFSV$,4703,,,C:\Windows\System32\svchost.exe
DESKTOP-A3EGFSV$,2026-04-20 18:01:03.696001+00:00,DESKTOP-A3EGFSV$,4703,,,C:\Windows\System32\svchost.exe
DESKTOP-A3EGFSV$,2026-04-20 18:01:03.696722+00:00,DESKTOP-A3EGFSV$,4703,,,C:\Windows\System32\svchost.exe
DESKTOP-A3EGFSV$,2026-04-20 18:01:03.699034+00:00,DESKTOP-A3EGFSV$,4703,,,C:\Windows\System32\svchost.exe
DESKTOP-A3EGFSV$,2026-04-20 18:01:03.707054+00:00,DESKTOP-A3EGFSV$,4703,,,C:\Windows\System32\svchost.exe
DESKTOP-A3EGFSV$,2026-04-20 18:01:03.707304+00:00,DESKTOP-A3EGFSV$,4703,,,C:\Windows\System32\svchost.exe
DESKTOP-A3EGFSV$,2026-04-20 18:01:03.710438+00:00,DESKTOP-A3EGFSV$,4703,,,C:\Windows\System32\svchost.exe
DESKTOP-A3EGFSV$,2026-04-20 18:01:03.710960+00:00,DESKTOP-A3EGFSV$,4703,,,C:\Windows\System32\svchost.exe
DESKTOP-A3EGFSV$,2026-04-20 18:01:03.711203+00:00,DESKTOP-A3EGFSV$,4703,,,C:\Windows\System32\svchost.exe
DESKTOP-A3EGFSV$,2026-04-20 18:01:03.713387+00:00,DESKTOP-A3EGFSV$,4703,,,C:\Windows\System32\svchost.exe
DESKTOP-A3EGFSV$,2026-04-20 18:01:04.247124+00:00,DESKTOP-A3EGFSV$,4703,,,C:\Windows\System32\svchost.exe
DESKTOP-A3EGFSV$,2026-04-20 18:01:04.247379+00:00,DESKTOP-A3EGFSV$,4703,,,C:\Windows\System32\svchost.exe
DESKTOP-A3EGFSV$,2026-04-20 18:01:04.260977+00:00,DESKTOP-A3EGFSV$,4703,,,C:\Windows\System32\svchost.exe
DESKTOP-A3EGFSV$,2026-04-20 18:01:04.261208+00:00,DESKTOP-A3EGFSV$,4703,,,C:\Windows\System32\svchost.exe
DESKTOP-A3EGFSV$,2026-04-20 18:01:04.261469+00:00,DESKTOP-A3EGFSV$,4703,,,C:\Windows\System32\svchost.exe
DESKTOP-A3EGFSV$,2026-04-20 18:01:04.262642+00:00,DESKTOP-A3EGFSV$,4703,,,C:\Windows\System32\svchost.exe
DESKTOP-A3EGFSV$,2026-04-20 18:01:04.346743+00:00,DESKTOP-A3EGFSV$,4703,,,C:\Windows\System32\svchost.exe
DESKTOP-A3EGFSV$,2026-04-20 18:01:04.347206+00:00,DESKTOP-A3EGFSV$,4703,,,C:\Windows\System32\svchost.exe
DESKTOP-A3EGFSV$,2026-04-20 18:01:04.350718+00:00,DESKTOP-A3EGFSV$,4703,,,C:\Windows\System32\svchost.exe
DESKTOP-A3EGFSV$,2026-04-20 18:01:04.351456+00:00,DESKTOP-A3EGFSV$,4703,,,C:\Windows\System32\svchost.exe
DESKTOP-A3EGFSV$,2026-04-20 18:01:04.351686+00:00,DESKTOP-A3EGFSV$,4703,,,C:\Windows\System32\svchost.exe
DESKTOP-A3EGFSV$,2026-04-20 18:01:04.352987+00:00,DESKTOP-A3EGFSV$,4703,,,C:\Windows\System32\svchost.exe
DESKTOP-A3EGFSV$,2026-04-20 18:01:04.422691+00:00,DESKTOP-A3EGFSV$,4703,,,C:\Windows\System32\svchost.exe
DESKTOP-A3EGFSV$,2026-04-20 18:01:04.422693+00:00,DESKTOP-A3EGFSV$,4703,,,C:\Windows\System32\svchost.exe
DESKTOP-A3EGFSV$,2026-04-20 18:01:04.422981+00:00,DESKTOP-A3EGFSV$,4703,,,C:\Windows\System32\svchost.exe
DESKTOP-A3EGFSV$,2026-04-20 18:01:04.422985+00:00,DESKTOP-A3EGFSV$,4703,,,C:\Windows\System32\svchost.exe
,2026-04-20 18:01:04.445547+00:00,pizza,5379,,,
,2026-04-20 18:01:04.446497+00:00,pizza,5379,,,
,2026-04-20 18:01:04.446541+00:00,pizza,5379,,,
,2026-04-20 18:01:04.448904+00:00,pizza,5379,,,
,2026-04-20 18:01:04.450573+00:00,pizza,5379,,,
,2026-04-20 18:01:04.946310+00:00,pizza,5379,,,
,2026-04-20 18:01:04.946642+00:00,pizza,5379,,,
,2026-04-20 18:01:04.946905+00:00,pizza,5379,,,
,2026-04-20 18:01:04.947023+00:00,pizza,5379,,,
,2026-04-20 18:01:04.947220+00:00,pizza,5379,,,
,2026-04-20 18:01:04.947334+00:00,pizza,5379,,,
,2026-04-20 18:01:04.947515+00:00,pizza,5379,,,
,2026-04-20 18:01:04.947607+00:00,pizza,5379,,,
,2026-04-20 18:01:04.947838+00:00,pizza,5379,,,
,2026-04-20 18:01:04.948051+00:00,pizza,5379,,,
,2026-04-20 18:01:04.948269+00:00,pizza,5379,,,
,2026-04-20 18:01:04.948389+00:00,pizza,5379,,,
,2026-04-20 18:01:04.948572+00:00,pizza,5379,,,
,2026-04-20 18:01:04.948679+00:00,pizza,5379,,,
,2026-04-20 18:01:04.948841+00:00,pizza,5379,,,
,2026-04-20 18:01:04.949129+00:00,pizza,5379,,,
,2026-04-20 18:01:04.954674+00:00,pizza,5379,,,
,2026-04-20 18:01:04.954842+00:00,pizza,5379,,,
,2026-04-20 18:01:04.955013+00:00,pizza,5379,,,
,2026-04-20 18:01:04.955221+00:00,pizza,5379,,,
,2026-04-20 18:01:04.955463+00:00,pizza,5379,,,
,2026-04-20 18:01:04.955603+00:00,pizza,5379,,,
,2026-04-20 18:01:04.955748+00:00,pizza,5379,,,
,2026-04-20 18:01:04.955875+00:00,pizza,5379,,,
,2026-04-20 18:01:04.956055+00:00,pizza,5379,,,
,2026-04-20 18:01:04.956257+00:00,pizza,5379,,,
,2026-04-20 18:01:04.956432+00:00,pizza,5379,,,
,2026-04-20 18:01:04.956585+00:00,pizza,5379,,,
,2026-04-20 18:01:04.956755+00:00,pizza,5379,,,
,2026-04-20 18:01:04.963192+00:00,pizza,5379,,,
,2026-04-20 18:01:04.963387+00:00,pizza,5379,,,
,2026-04-20 18:01:04.963558+00:00,pizza,5379,,,
,2026-04-20 18:01:04.963678+00:00,pizza,5379,,,
,2026-04-20 18:01:04.963823+00:00,pizza,5379,,,
,2026-04-20 18:01:04.963972+00:00,pizza,5379,,,
,2026-04-20 18:01:04.964212+00:00,pizza,5379,,,
,2026-04-20 18:01:04.964329+00:00,pizza,5379,,,
,2026-04-20 18:01:04.964462+00:00,pizza,5379,,,
,2026-04-20 18:01:04.964565+00:00,pizza,5379,,,
,2026-04-20 18:01:04.964697+00:00,pizza,5379,,,
,2026-04-20 18:01:04.964802+00:00,pizza,5379,,,
,2026-04-20 18:01:04.964952+00:00,pizza,5379,,,
,2026-04-20 18:01:04.966228+00:00,pizza,5379,,,
,2026-04-20 18:01:04.966486+00:00,pizza,5379,,,
,2026-04-20 18:01:04.983513+00:00,pizza,5379,,,
,2026-04-20 18:01:04.983711+00:00,pizza,5379,,,
,2026-04-20 18:01:04.983885+00:00,pizza,5379,,,
,2026-04-20 18:01:04.984005+00:00,pizza,5379,,,
,2026-04-20 18:01:04.984192+00:00,pizza,5379,,,
,2026-04-20 18:01:04.984537+00:00,pizza,5379,,,
,2026-04-20 18:01:04.984926+00:00,pizza,5379,,,
,2026-04-20 18:01:04.985245+00:00,pizza,5379,,,
,2026-04-20 18:01:04.985418+00:00,pizza,5379,,,
,2026-04-20 18:01:04.985525+00:00,pizza,5379,,,
,2026-04-20 18:01:04.985769+00:00,pizza,5379,,,
,2026-04-20 18:01:04.985945+00:00,pizza,5379,,,
,2026-04-20 18:01:04.986200+00:00,pizza,5379,,,
,2026-04-20 18:01:04.986427+00:00,pizza,5379,,,
,2026-04-20 18:01:05.013935+00:00,pizza,5379,,,
,2026-04-20 18:01:05.013994+00:00,pizza,5379,,,
,2026-04-20 18:01:05.014339+00:00,pizza,5379,,,
,2026-04-20 18:01:05.216608+00:00,pizza,5379,,,
,2026-04-20 18:01:05.222372+00:00,pizza,5379,,,
,2026-04-20 18:01:05.224899+00:00,pizza,5379,,,
,2026-04-20 18:01:05.224943+00:00,pizza,5379,,,
DESKTOP-A3EGFSV$,2026-04-20 18:01:05.225086+00:00,DESKTOP-A3EGFSV$,4703,,,C:\Windows\System32\svchost.exe
DESKTOP-A3EGFSV$,2026-04-20 18:01:05.225098+00:00,DESKTOP-A3EGFSV$,4703,,,C:\Windows\System32\svchost.exe
DESKTOP-A3EGFSV$,2026-04-20 18:01:05.225292+00:00,DESKTOP-A3EGFSV$,4703,,,C:\Windows\System32\svchost.exe
DESKTOP-A3EGFSV$,2026-04-20 18:01:05.225332+00:00,DESKTOP-A3EGFSV$,4703,,,C:\Windows\System32\svchost.exe
DESKTOP-A3EGFSV$,2026-04-20 18:01:05.226377+00:00,DESKTOP-A3EGFSV$,4703,,,C:\Windows\System32\svchost.exe
DESKTOP-A3EGFSV$,2026-04-20 18:01:05.226379+00:00,DESKTOP-A3EGFSV$,4703,,,C:\Windows\System32\svchost.exe
DESKTOP-A3EGFSV$,2026-04-20 18:01:05.226482+00:00,DESKTOP-A3EGFSV$,4703,,,C:\Windows\System32\svchost.exe
DESKTOP-A3EGFSV$,2026-04-20 18:01:05.226486+00:00,DESKTOP-A3EGFSV$,4703,,,C:\Windows\System32\svchost.exe
DESKTOP-A3EGFSV$,2026-04-20 18:01:05.234678+00:00,DESKTOP-A3EGFSV$,4703,,,C:\Windows\System32\svchost.exe
DESKTOP-A3EGFSV$,2026-04-20 18:01:05.234695+00:00,DESKTOP-A3EGFSV$,4703,,,C:\Windows\System32\svchost.exe
DESKTOP-A3EGFSV$,2026-04-20 18:01:05.234816+00:00,DESKTOP-A3EGFSV$,4703,,,C:\Windows\System32\svchost.exe
DESKTOP-A3EGFSV$,2026-04-20 18:01:05.234819+00:00,DESKTOP-A3EGFSV$,4703,,,C:\Windows\System32\svchost.exe
DESKTOP-A3EGFSV$,2026-04-20 18:01:05.241201+00:00,DESKTOP-A3EGFSV$,4703,,,C:\Windows\System32\svchost.exe
DESKTOP-A3EGFSV$,2026-04-20 18:01:05.241570+00:00,DESKTOP-A3EGFSV$,4703,,,C:\Windows\System32\svchost.exe
DESKTOP-A3EGFSV$,2026-04-20 18:01:05.245909+00:00,DESKTOP-A3EGFSV$,4703,,,C:\Windows\System32\svchost.exe
DESKTOP-A3EGFSV$,2026-04-20 18:01:05.246614+00:00,DESKTOP-A3EGFSV$,4703,,,C:\Windows\System32\svchost.exe
DESKTOP-A3EGFSV$,2026-04-20 18:01:05.246853+00:00,DESKTOP-A3EGFSV$,4703,,,C:\Windows\System32\svchost.exe
DESKTOP-A3EGFSV$,2026-04-20 18:01:05.247875+00:00,DESKTOP-A3EGFSV$,4703,,,C:\Windows\System32\svchost.exe
DESKTOP-A3EGFSV$,2026-04-20 18:01:05.251417+00:00,DESKTOP-A3EGFSV$,4703,,,C:\Windows\System32\svchost.exe
DESKTOP-A3EGFSV$,2026-04-20 18:01:05.251667+00:00,DESKTOP-A3EGFSV$,4703,,,C:\Windows\System32\svchost.exe
DESKTOP-A3EGFSV$,2026-04-20 18:01:05.254236+00:00,DESKTOP-A3EGFSV$,4703,,,C:\Windows\System32\svchost.exe
DESKTOP-A3EGFSV$,2026-04-20 18:01:05.254919+00:00,DESKTOP-A3EGFSV$,4703,,,C:\Windows\System32\svchost.exe
DESKTOP-A3EGFSV$,2026-04-20 18:01:05.255152+00:00,DESKTOP-A3EGFSV$,4703,,,C:\Windows\System32\svchost.exe
DESKTOP-A3EGFSV$,2026-04-20 18:01:05.256138+00:00,DESKTOP-A3EGFSV$,4703,,,C:\Windows\System32\svchost.exe
DESKTOP-A3EGFSV$,2026-04-20 18:01:05.259642+00:00,DESKTOP-A3EGFSV$,4703,,,C:\Windows\System32\svchost.exe
DESKTOP-A3EGFSV$,2026-04-20 18:01:05.259733+00:00,DESKTOP-A3EGFSV$,4703,,,C:\Windows\System32\svchost.exe
DESKTOP-A3EGFSV$,2026-04-20 18:01:05.262310+00:00,DESKTOP-A3EGFSV$,4703,,,C:\Windows\System32\svchost.exe
DESKTOP-A3EGFSV$,2026-04-20 18:01:05.262924+00:00,DESKTOP-A3EGFSV$,4703,,,C:\Windows\System32\svchost.exe
DESKTOP-A3EGFSV$,2026-04-20 18:01:05.263140+00:00,DESKTOP-A3EGFSV$,4703,,,C:\Windows\System32\svchost.exe
DESKTOP-A3EGFSV$,2026-04-20 18:01:05.264059+00:00,DESKTOP-A3EGFSV$,4703,,,C:\Windows\System32\svchost.exe
DESKTOP-A3EGFSV$,2026-04-20 18:01:05.319965+00:00,DESKTOP-A3EGFSV$,4703,,,C:\Windows\System32\svchost.exe
DESKTOP-A3EGFSV$,2026-04-20 18:01:05.320995+00:00,DESKTOP-A3EGFSV$,4703,,,C:\Windows\System32\svchost.exe
DESKTOP-A3EGFSV$,2026-04-20 18:01:05.558474+00:00,DESKTOP-A3EGFSV$,4703,,,C:\Windows\System32\svchost.exe
DESKTOP-A3EGFSV$,2026-04-20 18:01:05.559155+00:00,DESKTOP-A3EGFSV$,4703,,,C:\Windows\System32\svchost.exe
DESKTOP-A3EGFSV$,2026-04-20 18:01:05.569851+00:00,DESKTOP-A3EGFSV$,4703,,,C:\Windows\System32\svchost.exe
DESKTOP-A3EGFSV$,2026-04-20 18:01:05.574839+00:00,DESKTOP-A3EGFSV$,4703,,,C:\Windows\System32\svchost.exe
DESKTOP-A3EGFSV$,2026-04-20 18:01:05.575361+00:00,DESKTOP-A3EGFSV$,4703,,,C:\Windows\System32\svchost.exe
DESKTOP-A3EGFSV$,2026-04-20 18:01:05.581947+00:00,DESKTOP-A3EGFSV$,4703,,,C:\Windows\System32\svchost.exe
DESKTOP-A3EGFSV$,2026-04-20 18:01:05.584370+00:00,DESKTOP-A3EGFSV$,4703,,,C:\Windows\System32\svchost.exe
DESKTOP-A3EGFSV$,2026-04-20 18:01:05.584957+00:00,DESKTOP-A3EGFSV$,4703,,,C:\Windows\System32\svchost.exe
DESKTOP-A3EGFSV$,2026-04-20 18:01:05.592451+00:00,DESKTOP-A3EGFSV$,4703,,,C:\Windows\System32\svchost.exe
DESKTOP-A3EGFSV$,2026-04-20 18:01:06.934929+00:00,DESKTOP-A3EGFSV$,4703,,,C:\Windows\System32\svchost.exe
DESKTOP-A3EGFSV$,2026-04-20 18:01:06.935532+00:00,DESKTOP-A3EGFSV$,4703,,,C:\Windows\System32\svchost.exe
DESKTOP-A3EGFSV$,2026-04-20 18:01:06.940468+00:00,DESKTOP-A3EGFSV$,4703,,,C:\Windows\System32\svchost.exe
DESKTOP-A3EGFSV$,2026-04-20 18:01:06.941339+00:00,DESKTOP-A3EGFSV$,4703,,,C:\Windows\System32\svchost.exe
DESKTOP-A3EGFSV$,2026-04-20 18:01:06.941576+00:00,DESKTOP-A3EGFSV$,4703,,,C:\Windows\System32\svchost.exe
DESKTOP-A3EGFSV$,2026-04-20 18:01:06.942728+00:00,DESKTOP-A3EGFSV$,4703,,,C:\Windows\System32\svchost.exe
DESKTOP-A3EGFSV$,2026-04-20 18:01:06.946356+00:00,DESKTOP-A3EGFSV$,4703,,,C:\Windows\System32\svchost.exe
DESKTOP-A3EGFSV$,2026-04-20 18:01:06.946594+00:00,DESKTOP-A3EGFSV$,4703,,,C:\Windows\System32\svchost.exe
DESKTOP-A3EGFSV$,2026-04-20 18:01:06.949312+00:00,DESKTOP-A3EGFSV$,4703,,,C:\Windows\System32\svchost.exe
DESKTOP-A3EGFSV$,2026-04-20 18:01:06.950037+00:00,DESKTOP-A3EGFSV$,4703,,,C:\Windows\System32\svchost.exe
DESKTOP-A3EGFSV$,2026-04-20 18:01:06.950279+00:00,DESKTOP-A3EGFSV$,4703,,,C:\Windows\System32\svchost.exe
DESKTOP-A3EGFSV$,2026-04-20 18:01:06.951277+00:00,DESKTOP-A3EGFSV$,4703,,,C:\Windows\System32\svchost.exe
DESKTOP-A3EGFSV$,2026-04-20 18:01:07.543192+00:00,DESKTOP-A3EGFSV$,4703,,,C:\Windows\System32\svchost.exe
DESKTOP-A3EGFSV$,2026-04-20 18:01:07.543598+00:00,DESKTOP-A3EGFSV$,4703,,,C:\Windows\System32\svchost.exe
DESKTOP-A3EGFSV$,2026-04-20 18:01:07.546638+00:00,DESKTOP-A3EGFSV$,4703,,,C:\Windows\System32\svchost.exe
DESKTOP-A3EGFSV$,2026-04-20 18:01:07.547276+00:00,DESKTOP-A3EGFSV$,4703,,,C:\Windows\System32\svchost.exe
DESKTOP-A3EGFSV$,2026-04-20 18:01:07.547512+00:00,DESKTOP-A3EGFSV$,4703,,,C:\Windows\System32\svchost.exe
DESKTOP-A3EGFSV$,2026-04-20 18:01:07.548605+00:00,DESKTOP-A3EGFSV$,4703,,,C:\Windows\System32\svchost.exe
DESKTOP-A3EGFSV$,2026-04-20 18:01:07.551783+00:00,DESKTOP-A3EGFSV$,4703,,,C:\Windows\System32\svchost.exe
DESKTOP-A3EGFSV$,2026-04-20 18:01:07.552299+00:00,DESKTOP-A3EGFSV$,4703,,,C:\Windows\System32\svchost.exe
DESKTOP-A3EGFSV$,2026-04-20 18:01:07.555462+00:00,DESKTOP-A3EGFSV$,4703,,,C:\Windows\System32\svchost.exe
DESKTOP-A3EGFSV$,2026-04-20 18:01:07.556128+00:00,DESKTOP-A3EGFSV$,4703,,,C:\Windows\System32\svchost.exe
DESKTOP-A3EGFSV$,2026-04-20 18:01:07.556355+00:00,DESKTOP-A3EGFSV$,4703,,,C:\Windows\System32\svchost.exe
DESKTOP-A3EGFSV$,2026-04-20 18:01:07.557423+00:00,DESKTOP-A3EGFSV$,4703,,,C:\Windows\System32\svchost.exe
DESKTOP-A3EGFSV$,2026-04-20 18:01:07.792606+00:00,DESKTOP-A3EGFSV$,4703,,,C:\Windows\System32\svchost.exe
DESKTOP-A3EGFSV$,2026-04-20 18:01:07.793015+00:00,DESKTOP-A3EGFSV$,4703,,,C:\Windows\System32\svchost.exe
DESKTOP-A3EGFSV$,2026-04-20 18:01:07.795719+00:00,DESKTOP-A3EGFSV$,4703,,,C:\Windows\System32\svchost.exe
DESKTOP-A3EGFSV$,2026-04-20 18:01:07.796310+00:00,DESKTOP-A3EGFSV$,4703,,,C:\Windows\System32\svchost.exe
DESKTOP-A3EGFSV$,2026-04-20 18:01:07.796591+00:00,DESKTOP-A3EGFSV$,4703,,,C:\Windows\System32\svchost.exe
DESKTOP-A3EGFSV$,2026-04-20 18:01:07.797543+00:00,DESKTOP-A3EGFSV$,4703,,,C:\Windows\System32\svchost.exe
DESKTOP-A3EGFSV$,2026-04-20 18:01:07.801434+00:00,DESKTOP-A3EGFSV$,4703,,,C:\Windows\System32\svchost.exe
DESKTOP-A3EGFSV$,2026-04-20 18:01:07.801670+00:00,DESKTOP-A3EGFSV$,4703,,,C:\Windows\System32\svchost.exe
DESKTOP-A3EGFSV$,2026-04-20 18:01:07.804321+00:00,DESKTOP-A3EGFSV$,4703,,,C:\Windows\System32\svchost.exe
DESKTOP-A3EGFSV$,2026-04-20 18:01:07.804935+00:00,DESKTOP-A3EGFSV$,4703,,,C:\Windows\System32\svchost.exe
DESKTOP-A3EGFSV$,2026-04-20 18:01:07.805157+00:00,DESKTOP-A3EGFSV$,4703,,,C:\Windows\System32\svchost.exe
DESKTOP-A3EGFSV$,2026-04-20 18:01:07.806168+00:00,DESKTOP-A3EGFSV$,4703,,,C:\Windows\System32\svchost.exe
DESKTOP-A3EGFSV$,2026-04-20 18:01:08.041237+00:00,DESKTOP-A3EGFSV$,4703,,,C:\Windows\System32\svchost.exe
DESKTOP-A3EGFSV$,2026-04-20 18:01:08.041534+00:00,DESKTOP-A3EGFSV$,4703,,,C:\Windows\System32\svchost.exe
DESKTOP-A3EGFSV$,2026-04-20 18:01:08.046938+00:00,DESKTOP-A3EGFSV$,4703,,,C:\Windows\System32\svchost.exe
DESKTOP-A3EGFSV$,2026-04-20 18:01:08.047668+00:00,DESKTOP-A3EGFSV$,4703,,,C:\Windows\System32\svchost.exe
DESKTOP-A3EGFSV$,2026-04-20 18:01:08.048008+00:00,DESKTOP-A3EGFSV$,4703,,,C:\Windows\System32\svchost.exe
DESKTOP-A3EGFSV$,2026-04-20 18:01:08.049156+00:00,DESKTOP-A3EGFSV$,4703,,,C:\Windows\System32\svchost.exe
DESKTOP-A3EGFSV$,2026-04-20 18:01:08.052771+00:00,DESKTOP-A3EGFSV$,4703,,,C:\Windows\System32\svchost.exe
DESKTOP-A3EGFSV$,2026-04-20 18:01:08.053003+00:00,DESKTOP-A3EGFSV$,4703,,,C:\Windows\System32\svchost.exe
DESKTOP-A3EGFSV$,2026-04-20 18:01:08.056995+00:00,DESKTOP-A3EGFSV$,4703,,,C:\Windows\System32\svchost.exe
DESKTOP-A3EGFSV$,2026-04-20 18:01:08.057623+00:00,DESKTOP-A3EGFSV$,4703,,,C:\Windows\System32\svchost.exe
DESKTOP-A3EGFSV$,2026-04-20 18:01:08.057842+00:00,DESKTOP-A3EGFSV$,4703,,,C:\Windows\System32\svchost.exe
DESKTOP-A3EGFSV$,2026-04-20 18:01:08.058929+00:00,DESKTOP-A3EGFSV$,4703,,,C:\Windows\System32\svchost.exe
DESKTOP-A3EGFSV$,2026-04-20 18:01:08.288445+00:00,DESKTOP-A3EGFSV$,4703,,,C:\Windows\System32\svchost.exe
DESKTOP-A3EGFSV$,2026-04-20 18:01:08.288855+00:00,DESKTOP-A3EGFSV$,4703,,,C:\Windows\System32\svchost.exe
DESKTOP-A3EGFSV$,2026-04-20 18:01:08.291773+00:00,DESKTOP-A3EGFSV$,4703,,,C:\Windows\System32\svchost.exe
DESKTOP-A3EGFSV$,2026-04-20 18:01:08.292410+00:00,DESKTOP-A3EGFSV$,4703,,,C:\Windows\System32\svchost.exe
DESKTOP-A3EGFSV$,2026-04-20 18:01:08.292633+00:00,DESKTOP-A3EGFSV$,4703,,,C:\Windows\System32\svchost.exe
DESKTOP-A3EGFSV$,2026-04-20 18:01:08.294104+00:00,DESKTOP-A3EGFSV$,4703,,,C:\Windows\System32\svchost.exe
DESKTOP-A3EGFSV$,2026-04-20 18:01:08.297400+00:00,DESKTOP-A3EGFSV$,4703,,,C:\Windows\System32\svchost.exe
DESKTOP-A3EGFSV$,2026-04-20 18:01:08.297705+00:00,DESKTOP-A3EGFSV$,4703,,,C:\Windows\System32\svchost.exe
DESKTOP-A3EGFSV$,2026-04-20 18:01:08.299995+00:00,DESKTOP-A3EGFSV$,4703,,,C:\Windows\System32\svchost.exe
DESKTOP-A3EGFSV$,2026-04-20 18:01:08.300520+00:00,DESKTOP-A3EGFSV$,4703,,,C:\Windows\System32\svchost.exe
DESKTOP-A3EGFSV$,2026-04-20 18:01:08.300724+00:00,DESKTOP-A3EGFSV$,4703,,,C:\Windows\System32\svchost.exe
DESKTOP-A3EGFSV$,2026-04-20 18:01:08.301662+00:00,DESKTOP-A3EGFSV$,4703,,,C:\Windows\System32\svchost.exe
DESKTOP-A3EGFSV$,2026-04-20 18:01:08.522871+00:00,DESKTOP-A3EGFSV$,4703,,,C:\Windows\System32\svchost.exe
DESKTOP-A3EGFSV$,2026-04-20 18:01:08.523207+00:00,DESKTOP-A3EGFSV$,4703,,,C:\Windows\System32\svchost.exe
DESKTOP-A3EGFSV$,2026-04-20 18:01:08.526270+00:00,DESKTOP-A3EGFSV$,4703,,,C:\Windows\System32\svchost.exe
DESKTOP-A3EGFSV$,2026-04-20 18:01:08.527130+00:00,DESKTOP-A3EGFSV$,4703,,,C:\Windows\System32\svchost.exe
DESKTOP-A3EGFSV$,2026-04-20 18:01:08.527388+00:00,DESKTOP-A3EGFSV$,4703,,,C:\Windows\System32\svchost.exe
DESKTOP-A3EGFSV$,2026-04-20 18:01:08.528458+00:00,DESKTOP-A3EGFSV$,4703,,,C:\Windows\System32\svchost.exe
DESKTOP-A3EGFSV$,2026-04-20 18:01:08.585394+00:00,DESKTOP-A3EGFSV$,4703,,,C:\Windows\System32\svchost.exe
DESKTOP-A3EGFSV$,2026-04-20 18:01:08.585808+00:00,DESKTOP-A3EGFSV$,4703,,,C:\Windows\System32\svchost.exe
DESKTOP-A3EGFSV$,2026-04-20 18:01:08.589111+00:00,DESKTOP-A3EGFSV$,4703,,,C:\Windows\System32\svchost.exe
DESKTOP-A3EGFSV$,2026-04-20 18:01:08.589731+00:00,DESKTOP-A3EGFSV$,4703,,,C:\Windows\System32\svchost.exe
DESKTOP-A3EGFSV$,2026-04-20 18:01:08.590075+00:00,DESKTOP-A3EGFSV$,4703,,,C:\Windows\System32\svchost.exe
DESKTOP-A3EGFSV$,2026-04-20 18:01:08.591188+00:00,DESKTOP-A3EGFSV$,4703,,,C:\Windows\System32\svchost.exe
DESKTOP-A3EGFSV$,2026-04-20 18:01:08.593527+00:00,DESKTOP-A3EGFSV$,4703,,,C:\Windows\System32\svchost.exe
DESKTOP-A3EGFSV$,2026-04-20 18:01:08.593531+00:00,DESKTOP-A3EGFSV$,4703,,,C:\Windows\System32\svchost.exe
DESKTOP-A3EGFSV$,2026-04-20 18:01:08.593777+00:00,DESKTOP-A3EGFSV$,4703,,,C:\Windows\System32\svchost.exe
DESKTOP-A3EGFSV$,2026-04-20 18:01:08.593779+00:00,DESKTOP-A3EGFSV$,4703,,,C:\Windows\System32\svchost.exe
DESKTOP-A3EGFSV$,2026-04-20 18:01:08.616512+00:00,DESKTOP-A3EGFSV$,4703,,,C:\Windows\System32\svchost.exe
DESKTOP-A3EGFSV$,2026-04-20 18:01:08.616526+00:00,DESKTOP-A3EGFSV$,4703,,,C:\Windows\System32\svchost.exe
DESKTOP-A3EGFSV$,2026-04-20 18:01:08.616711+00:00,DESKTOP-A3EGFSV$,4703,,,C:\Windows\System32\svchost.exe
DESKTOP-A3EGFSV$,2026-04-20 18:01:08.616720+00:00,DESKTOP-A3EGFSV$,4703,,,C:\Windows\System32\svchost.exe
DESKTOP-A3EGFSV$,2026-04-20 18:01:08.617777+00:00,DESKTOP-A3EGFSV$,4703,,,C:\Windows\System32\svchost.exe
DESKTOP-A3EGFSV$,2026-04-20 18:01:08.617781+00:00,DESKTOP-A3EGFSV$,4703,,,C:\Windows\System32\svchost.exe
DESKTOP-A3EGFSV$,2026-04-20 18:01:08.617834+00:00,DESKTOP-A3EGFSV$,4703,,,C:\Windows\System32\svchost.exe
DESKTOP-A3EGFSV$,2026-04-20 18:01:08.617836+00:00,DESKTOP-A3EGFSV$,4703,,,C:\Windows\System32\svchost.exe
DESKTOP-A3EGFSV$,2026-04-20 18:01:08.626869+00:00,DESKTOP-A3EGFSV$,4703,,,C:\Windows\System32\svchost.exe
DESKTOP-A3EGFSV$,2026-04-20 18:01:08.626873+00:00,DESKTOP-A3EGFSV$,4703,,,C:\Windows\System32\svchost.exe
DESKTOP-A3EGFSV$,2026-04-20 18:01:08.626936+00:00,DESKTOP-A3EGFSV$,4703,,,C:\Windows\System32\svchost.exe
DESKTOP-A3EGFSV$,2026-04-20 18:01:08.626938+00:00,DESKTOP-A3EGFSV$,4703,,,C:\Windows\System32\svchost.exe
,2026-04-20 18:01:08.857924+00:00,DESKTOP-A3EGFSV$,4689,,,C:\Windows\WinSxS\amd64_microsoft-windows-servicingstack_31bf3856ad364e35_10.0.26100.8247_none_a53a4f5b773e04f9\TiWorker.exe
,2026-04-20 18:01:08.862284+00:00,DESKTOP-A3EGFSV$,4689,,,C:\Windows\servicing\TrustedInstaller.exe
DESKTOP-A3EGFSV$,2026-04-20 18:01:08.891090+00:00,DESKTOP-A3EGFSV$,4703,,,C:\Windows\System32\svchost.exe
DESKTOP-A3EGFSV$,2026-04-20 18:01:08.891415+00:00,DESKTOP-A3EGFSV$,4703,,,C:\Windows\System32\svchost.exe
DESKTOP-A3EGFSV$,2026-04-20 18:01:08.894855+00:00,DESKTOP-A3EGFSV$,4703,,,C:\Windows\System32\svchost.exe
DESKTOP-A3EGFSV$,2026-04-20 18:01:08.895498+00:00,DESKTOP-A3EGFSV$,4703,,,C:\Windows\System32\svchost.exe
DESKTOP-A3EGFSV$,2026-04-20 18:01:08.895794+00:00,DESKTOP-A3EGFSV$,4703,,,C:\Windows\System32\svchost.exe
DESKTOP-A3EGFSV$,2026-04-20 18:01:08.896955+00:00,DESKTOP-A3EGFSV$,4703,,,C:\Windows\System32\svchost.exe
DESKTOP-A3EGFSV$,2026-04-20 18:01:08.950354+00:00,DESKTOP-A3EGFSV$,4703,,,C:\Windows\System32\svchost.exe
DESKTOP-A3EGFSV$,2026-04-20 18:01:08.950672+00:00,DESKTOP-A3EGFSV$,4703,,,C:\Windows\System32\svchost.exe
DESKTOP-A3EGFSV$,2026-04-20 18:01:08.951130+00:00,DESKTOP-A3EGFSV$,4703,,,C:\Windows\System32\svchost.exe
DESKTOP-A3EGFSV$,2026-04-20 18:01:08.952326+00:00,DESKTOP-A3EGFSV$,4703,,,C:\Windows\System32\svchost.exe
pizza,2026-04-20 18:01:09.032562+00:00,DESKTOP-A3EGFSV$,4688,C:\Windows\System32\svchost.exe,C:\WINDOWS\system32\DllHost.exe /Processid:{338B40F9-9D68-4B53-A793-6B9AA0C5F63B},
,2026-04-20 18:01:11.188538+00:00,DESKTOP-A3EGFSV$,4689,,,C:\Windows\System32\svchost.exe
DESKTOP-A3EGFSV$,2026-04-20 18:01:12.004454+00:00,DESKTOP-A3EGFSV$,4703,,,C:\Windows\System32\svchost.exe
DESKTOP-A3EGFSV$,2026-04-20 18:01:12.005388+00:00,DESKTOP-A3EGFSV$,4703,,,C:\Windows\System32\svchost.exe
DESKTOP-A3EGFSV$,2026-04-20 18:01:12.006519+00:00,DESKTOP-A3EGFSV$,4703,,,C:\Windows\System32\svchost.exe
LOCAL SERVICE,2026-04-20 18:01:12.010586+00:00,DESKTOP-A3EGFSV$,4688,C:\Windows\System32\svchost.exe,C:\WINDOWS\system32\wbem\wmiprvse.exe -secured -Embedding,
DESKTOP-A3EGFSV$,2026-04-20 18:01:12.036995+00:00,DESKTOP-A3EGFSV$,4703,,,C:\Windows\System32\svchost.exe
DESKTOP-A3EGFSV$,2026-04-20 18:01:12.038548+00:00,DESKTOP-A3EGFSV$,4703,,,C:\Windows\System32\svchost.exe
DESKTOP-A3EGFSV$,2026-04-20 18:01:12.054413+00:00,DESKTOP-A3EGFSV$,4703,,,C:\Windows\System32\svchost.exe
SYSTEM,2026-04-20 18:01:12.113693+00:00,DESKTOP-A3EGFSV$,4624,,,C:\Windows\System32\services.exe
,2026-04-20 18:01:12.113699+00:00,SYSTEM,4672,,,
-,2026-04-20 18:01:12.115021+00:00,DESKTOP-A3EGFSV$,4688,C:\Windows\System32\services.exe,C:\WINDOWS\System32\svchost.exe -k netsvcs -p -s NetSetupSvc,
DESKTOP-A3EGFSV$,2026-04-20 18:01:12.929344+00:00,DESKTOP-A3EGFSV$,4703,,,C:\Windows\System32\svchost.exe
DESKTOP-A3EGFSV$,2026-04-20 18:01:12.930708+00:00,DESKTOP-A3EGFSV$,4703,,,C:\Windows\System32\svchost.exe
DESKTOP-A3EGFSV$,2026-04-20 18:01:12.938049+00:00,DESKTOP-A3EGFSV$,4703,,,C:\Windows\System32\svchost.exe
DESKTOP-A3EGFSV$,2026-04-20 18:01:12.939013+00:00,DESKTOP-A3EGFSV$,4703,,,C:\Windows\System32\svchost.exe
DESKTOP-A3EGFSV$,2026-04-20 18:01:12.939278+00:00,DESKTOP-A3EGFSV$,4703,,,C:\Windows\System32\svchost.exe
DESKTOP-A3EGFSV$,2026-04-20 18:01:12.940290+00:00,DESKTOP-A3EGFSV$,4703,,,C:\Windows\System32\svchost.exe
DESKTOP-A3EGFSV$,2026-04-20 18:01:12.988712+00:00,DESKTOP-A3EGFSV$,4703,,,C:\Windows\System32\svchost.exe
DESKTOP-A3EGFSV$,2026-04-20 18:01:12.989117+00:00,DESKTOP-A3EGFSV$,4703,,,C:\Windows\System32\svchost.exe
DESKTOP-A3EGFSV$,2026-04-20 18:01:12.992428+00:00,DESKTOP-A3EGFSV$,4703,,,C:\Windows\System32\svchost.exe
DESKTOP-A3EGFSV$,2026-04-20 18:01:12.993210+00:00,DESKTOP-A3EGFSV$,4703,,,C:\Windows\System32\svchost.exe
DESKTOP-A3EGFSV$,2026-04-20 18:01:12.993458+00:00,DESKTOP-A3EGFSV$,4703,,,C:\Windows\System32\svchost.exe
DESKTOP-A3EGFSV$,2026-04-20 18:01:12.994520+00:00,DESKTOP-A3EGFSV$,4703,,,C:\Windows\System32\svchost.exe
DESKTOP-A3EGFSV$,2026-04-20 18:01:13.038216+00:00,DESKTOP-A3EGFSV$,4703,,,C:\Windows\System32\svchost.exe
DESKTOP-A3EGFSV$,2026-04-20 18:01:13.038589+00:00,DESKTOP-A3EGFSV$,4703,,,C:\Windows\System32\svchost.exe
DESKTOP-A3EGFSV$,2026-04-20 18:01:13.041357+00:00,DESKTOP-A3EGFSV$,4703,,,C:\Windows\System32\svchost.exe
DESKTOP-A3EGFSV$,2026-04-20 18:01:13.042191+00:00,DESKTOP-A3EGFSV$,4703,,,C:\Windows\System32\svchost.exe
DESKTOP-A3EGFSV$,2026-04-20 18:01:13.042439+00:00,DESKTOP-A3EGFSV$,4703,,,C:\Windows\System32\svchost.exe
DESKTOP-A3EGFSV$,2026-04-20 18:01:13.043303+00:00,DESKTOP-A3EGFSV$,4703,,,C:\Windows\System32\svchost.exe
DESKTOP-A3EGFSV$,2026-04-20 18:01:13.078941+00:00,DESKTOP-A3EGFSV$,4703,,,C:\Windows\System32\svchost.exe
DESKTOP-A3EGFSV$,2026-04-20 18:01:13.079252+00:00,DESKTOP-A3EGFSV$,4703,,,C:\Windows\System32\svchost.exe
DESKTOP-A3EGFSV$,2026-04-20 18:01:13.082396+00:00,DESKTOP-A3EGFSV$,4703,,,C:\Windows\System32\svchost.exe
DESKTOP-A3EGFSV$,2026-04-20 18:01:13.083061+00:00,DESKTOP-A3EGFSV$,4703,,,C:\Windows\System32\svchost.exe
DESKTOP-A3EGFSV$,2026-04-20 18:01:13.083309+00:00,DESKTOP-A3EGFSV$,4703,,,C:\Windows\System32\svchost.exe
DESKTOP-A3EGFSV$,2026-04-20 18:01:13.084459+00:00,DESKTOP-A3EGFSV$,4703,,,C:\Windows\System32\svchost.exe
DESKTOP-A3EGFSV$,2026-04-20 18:01:13.118923+00:00,DESKTOP-A3EGFSV$,4703,,,C:\Windows\System32\svchost.exe
DESKTOP-A3EGFSV$,2026-04-20 18:01:13.119352+00:00,DESKTOP-A3EGFSV$,4703,,,C:\Windows\System32\svchost.exe
DESKTOP-A3EGFSV$,2026-04-20 18:01:13.122738+00:00,DESKTOP-A3EGFSV$,4703,,,C:\Windows\System32\svchost.exe
DESKTOP-A3EGFSV$,2026-04-20 18:01:13.123240+00:00,DESKTOP-A3EGFSV$,4703,,,C:\Windows\System32\svchost.exe
DESKTOP-A3EGFSV$,2026-04-20 18:01:13.123478+00:00,DESKTOP-A3EGFSV$,4703,,,C:\Windows\System32\svchost.exe
DESKTOP-A3EGFSV$,2026-04-20 18:01:13.125378+00:00,DESKTOP-A3EGFSV$,4703,,,C:\Windows\System32\svchost.exe
DESKTOP-A3EGFSV$,2026-04-20 18:01:13.206652+00:00,DESKTOP-A3EGFSV$,4703,,,C:\Windows\System32\svchost.exe
DESKTOP-A3EGFSV$,2026-04-20 18:01:13.206997+00:00,DESKTOP-A3EGFSV$,4703,,,C:\Windows\System32\svchost.exe
DESKTOP-A3EGFSV$,2026-04-20 18:01:13.210051+00:00,DESKTOP-A3EGFSV$,4703,,,C:\Windows\System32\svchost.exe
DESKTOP-A3EGFSV$,2026-04-20 18:01:13.210701+00:00,DESKTOP-A3EGFSV$,4703,,,C:\Windows\System32\svchost.exe
DESKTOP-A3EGFSV$,2026-04-20 18:01:13.210991+00:00,DESKTOP-A3EGFSV$,4703,,,C:\Windows\System32\svchost.exe
DESKTOP-A3EGFSV$,2026-04-20 18:01:13.211977+00:00,DESKTOP-A3EGFSV$,4703,,,C:\Windows\System32\svchost.exe
DESKTOP-A3EGFSV$,2026-04-20 18:01:13.741962+00:00,DESKTOP-A3EGFSV$,4703,,,C:\Windows\System32\svchost.exe
DESKTOP-A3EGFSV$,2026-04-20 18:01:13.742474+00:00,DESKTOP-A3EGFSV$,4703,,,C:\Windows\System32\svchost.exe
DESKTOP-A3EGFSV$,2026-04-20 18:01:13.745440+00:00,DESKTOP-A3EGFSV$,4703,,,C:\Windows\System32\svchost.exe
DESKTOP-A3EGFSV$,2026-04-20 18:01:13.746029+00:00,DESKTOP-A3EGFSV$,4703,,,C:\Windows\System32\svchost.exe
DESKTOP-A3EGFSV$,2026-04-20 18:01:13.746281+00:00,DESKTOP-A3EGFSV$,4703,,,C:\Windows\System32\svchost.exe
DESKTOP-A3EGFSV$,2026-04-20 18:01:13.747204+00:00,DESKTOP-A3EGFSV$,4703,,,C:\Windows\System32\svchost.exe
DESKTOP-A3EGFSV$,2026-04-20 18:01:13.892717+00:00,DESKTOP-A3EGFSV$,4703,,,C:\Windows\System32\svchost.exe
DESKTOP-A3EGFSV$,2026-04-20 18:01:13.893471+00:00,DESKTOP-A3EGFSV$,4703,,,C:\Windows\System32\svchost.exe
DESKTOP-A3EGFSV$,2026-04-20 18:01:13.893509+00:00,DESKTOP-A3EGFSV$,4703,,,C:\Windows\System32\svchost.exe
DESKTOP-A3EGFSV$,2026-04-20 18:01:13.894560+00:00,DESKTOP-A3EGFSV$,4703,,,C:\Windows\System32\svchost.exe
DESKTOP-A3EGFSV$,2026-04-20 18:01:13.917084+00:00,DESKTOP-A3EGFSV$,4703,,,C:\Windows\System32\svchost.exe
DESKTOP-A3EGFSV$,2026-04-20 18:01:13.917429+00:00,DESKTOP-A3EGFSV$,4703,,,C:\Windows\System32\svchost.exe
DESKTOP-A3EGFSV$,2026-04-20 18:01:13.917479+00:00,DESKTOP-A3EGFSV$,4703,,,C:\Windows\System32\svchost.exe
DESKTOP-A3EGFSV$,2026-04-20 18:01:13.917936+00:00,DESKTOP-A3EGFSV$,4703,,,C:\Windows\System32\svchost.exe
DESKTOP-A3EGFSV$,2026-04-20 18:01:13.951969+00:00,DESKTOP-A3EGFSV$,4703,,,C:\Windows\System32\svchost.exe
DESKTOP-A3EGFSV$,2026-04-20 18:01:13.952133+00:00,DESKTOP-A3EGFSV$,4703,,,C:\Windows\System32\svchost.exe
DESKTOP-A3EGFSV$,2026-04-20 18:01:13.953947+00:00,DESKTOP-A3EGFSV$,4703,,,C:\Windows\System32\svchost.exe
DESKTOP-A3EGFSV$,2026-04-20 18:01:13.954073+00:00,DESKTOP-A3EGFSV$,4703,,,C:\Windows\System32\svchost.exe
DESKTOP-A3EGFSV$,2026-04-20 18:01:13.954903+00:00,DESKTOP-A3EGFSV$,4703,,,C:\Windows\System32\svchost.exe
DESKTOP-A3EGFSV$,2026-04-20 18:01:13.954985+00:00,DESKTOP-A3EGFSV$,4703,,,C:\Windows\System32\svchost.exe
DESKTOP-A3EGFSV$,2026-04-20 18:01:13.956535+00:00,DESKTOP-A3EGFSV$,4703,,,C:\Windows\System32\svchost.exe
DESKTOP-A3EGFSV$,2026-04-20 18:01:13.956745+00:00,DESKTOP-A3EGFSV$,4703,,,C:\Windows\System32\svchost.exe
DESKTOP-A3EGFSV$,2026-04-20 18:01:13.957779+00:00,DESKTOP-A3EGFSV$,4703,,,C:\Windows\System32\svchost.exe
DESKTOP-A3EGFSV$,2026-04-20 18:01:13.957909+00:00,DESKTOP-A3EGFSV$,4703,,,C:\Windows\System32\svchost.exe
DESKTOP-A3EGFSV$,2026-04-20 18:01:13.958973+00:00,DESKTOP-A3EGFSV$,4703,,,C:\Windows\System32\svchost.exe
DESKTOP-A3EGFSV$,2026-04-20 18:01:13.959091+00:00,DESKTOP-A3EGFSV$,4703,,,C:\Windows\System32\svchost.exe
DESKTOP-A3EGFSV$,2026-04-20 18:01:13.960274+00:00,DESKTOP-A3EGFSV$,4703,,,C:\Windows\System32\svchost.exe
DESKTOP-A3EGFSV$,2026-04-20 18:01:13.960396+00:00,DESKTOP-A3EGFSV$,4703,,,C:\Windows\System32\svchost.exe
DESKTOP-A3EGFSV$,2026-04-20 18:01:13.961401+00:00,DESKTOP-A3EGFSV$,4703,,,C:\Windows\System32\svchost.exe
DESKTOP-A3EGFSV$,2026-04-20 18:01:13.961580+00:00,DESKTOP-A3EGFSV$,4703,,,C:\Windows\System32\svchost.exe
DESKTOP-A3EGFSV$,2026-04-20 18:01:13.962774+00:00,DESKTOP-A3EGFSV$,4703,,,C:\Windows\System32\svchost.exe
DESKTOP-A3EGFSV$,2026-04-20 18:01:13.962919+00:00,DESKTOP-A3EGFSV$,4703,,,C:\Windows\System32\svchost.exe
DESKTOP-A3EGFSV$,2026-04-20 18:01:13.963839+00:00,DESKTOP-A3EGFSV$,4703,,,C:\Windows\System32\svchost.exe
DESKTOP-A3EGFSV$,2026-04-20 18:01:13.964005+00:00,DESKTOP-A3EGFSV$,4703,,,C:\Windows\System32\svchost.exe
DESKTOP-A3EGFSV$,2026-04-20 18:01:13.965179+00:00,DESKTOP-A3EGFSV$,4703,,,C:\Windows\System32\svchost.exe
DESKTOP-A3EGFSV$,2026-04-20 18:01:13.965311+00:00,DESKTOP-A3EGFSV$,4703,,,C:\Windows\System32\svchost.exe
DESKTOP-A3EGFSV$,2026-04-20 18:01:13.967083+00:00,DESKTOP-A3EGFSV$,4703,,,C:\Windows\System32\svchost.exe
DESKTOP-A3EGFSV$,2026-04-20 18:01:13.967224+00:00,DESKTOP-A3EGFSV$,4703,,,C:\Windows\System32\svchost.exe
DESKTOP-A3EGFSV$,2026-04-20 18:01:13.967968+00:00,DESKTOP-A3EGFSV$,4703,,,C:\Windows\System32\svchost.exe
DESKTOP-A3EGFSV$,2026-04-20 18:01:13.968109+00:00,DESKTOP-A3EGFSV$,4703,,,C:\Windows\System32\svchost.exe
DESKTOP-A3EGFSV$,2026-04-20 18:01:13.968861+00:00,DESKTOP-A3EGFSV$,4703,,,C:\Windows\System32\svchost.exe
DESKTOP-A3EGFSV$,2026-04-20 18:01:13.968990+00:00,DESKTOP-A3EGFSV$,4703,,,C:\Windows\System32\svchost.exe
DESKTOP-A3EGFSV$,2026-04-20 18:01:13.970448+00:00,DESKTOP-A3EGFSV$,4703,,,C:\Windows\System32\svchost.exe
DESKTOP-A3EGFSV$,2026-04-20 18:01:13.970642+00:00,DESKTOP-A3EGFSV$,4703,,,C:\Windows\System32\svchost.exe
DESKTOP-A3EGFSV$,2026-04-20 18:01:13.971451+00:00,DESKTOP-A3EGFSV$,4703,,,C:\Windows\System32\svchost.exe
DESKTOP-A3EGFSV$,2026-04-20 18:01:13.971584+00:00,DESKTOP-A3EGFSV$,4703,,,C:\Windows\System32\svchost.exe
DESKTOP-A3EGFSV$,2026-04-20 18:01:13.972315+00:00,DESKTOP-A3EGFSV$,4703,,,C:\Windows\System32\svchost.exe
DESKTOP-A3EGFSV$,2026-04-20 18:01:13.972818+00:00,DESKTOP-A3EGFSV$,4703,,,C:\Windows\System32\svchost.exe
DESKTOP-A3EGFSV$,2026-04-20 18:01:13.973892+00:00,DESKTOP-A3EGFSV$,4703,,,C:\Windows\System32\svchost.exe
DESKTOP-A3EGFSV$,2026-04-20 18:01:13.973999+00:00,DESKTOP-A3EGFSV$,4703,,,C:\Windows\System32\svchost.exe
DESKTOP-A3EGFSV$,2026-04-20 18:01:13.975639+00:00,DESKTOP-A3EGFSV$,4703,,,C:\Windows\System32\svchost.exe
DESKTOP-A3EGFSV$,2026-04-20 18:01:13.975828+00:00,DESKTOP-A3EGFSV$,4703,,,C:\Windows\System32\svchost.exe
DESKTOP-A3EGFSV$,2026-04-20 18:01:13.976950+00:00,DESKTOP-A3EGFSV$,4703,,,C:\Windows\System32\svchost.exe
DESKTOP-A3EGFSV$,2026-04-20 18:01:13.977100+00:00,DESKTOP-A3EGFSV$,4703,,,C:\Windows\System32\svchost.exe
DESKTOP-A3EGFSV$,2026-04-20 18:01:13.977922+00:00,DESKTOP-A3EGFSV$,4703,,,C:\Windows\System32\svchost.exe
DESKTOP-A3EGFSV$,2026-04-20 18:01:13.978046+00:00,DESKTOP-A3EGFSV$,4703,,,C:\Windows\System32\svchost.exe
DESKTOP-A3EGFSV$,2026-04-20 18:01:13.979889+00:00,DESKTOP-A3EGFSV$,4703,,,C:\Windows\System32\svchost.exe
DESKTOP-A3EGFSV$,2026-04-20 18:01:13.980013+00:00,DESKTOP-A3EGFSV$,4703,,,C:\Windows\System32\svchost.exe
DESKTOP-A3EGFSV$,2026-04-20 18:01:13.980835+00:00,DESKTOP-A3EGFSV$,4703,,,C:\Windows\System32\svchost.exe
DESKTOP-A3EGFSV$,2026-04-20 18:01:13.980848+00:00,DESKTOP-A3EGFSV$,4703,,,C:\Windows\System32\svchost.exe
DESKTOP-A3EGFSV$,2026-04-20 18:01:13.982822+00:00,DESKTOP-A3EGFSV$,4703,,,C:\Windows\System32\svchost.exe
DESKTOP-A3EGFSV$,2026-04-20 18:01:13.983007+00:00,DESKTOP-A3EGFSV$,4703,,,C:\Windows\System32\svchost.exe
DESKTOP-A3EGFSV$,2026-04-20 18:01:13.984449+00:00,DESKTOP-A3EGFSV$,4703,,,C:\Windows\System32\svchost.exe
DESKTOP-A3EGFSV$,2026-04-20 18:01:13.984581+00:00,DESKTOP-A3EGFSV$,4703,,,C:\Windows\System32\svchost.exe
DESKTOP-A3EGFSV$,2026-04-20 18:01:13.986607+00:00,DESKTOP-A3EGFSV$,4703,,,C:\Windows\System32\svchost.exe
DESKTOP-A3EGFSV$,2026-04-20 18:01:13.986725+00:00,DESKTOP-A3EGFSV$,4703,,,C:\Windows\System32\svchost.exe
DESKTOP-A3EGFSV$,2026-04-20 18:01:13.987600+00:00,DESKTOP-A3EGFSV$,4703,,,C:\Windows\System32\svchost.exe
DESKTOP-A3EGFSV$,2026-04-20 18:01:13.987715+00:00,DESKTOP-A3EGFSV$,4703,,,C:\Windows\System32\svchost.exe
DESKTOP-A3EGFSV$,2026-04-20 18:01:13.988544+00:00,DESKTOP-A3EGFSV$,4703,,,C:\Windows\System32\svchost.exe
DESKTOP-A3EGFSV$,2026-04-20 18:01:13.988672+00:00,DESKTOP-A3EGFSV$,4703,,,C:\Windows\System32\svchost.exe
DESKTOP-A3EGFSV$,2026-04-20 18:01:13.989477+00:00,DESKTOP-A3EGFSV$,4703,,,C:\Windows\System32\svchost.exe
DESKTOP-A3EGFSV$,2026-04-20 18:01:13.989616+00:00,DESKTOP-A3EGFSV$,4703,,,C:\Windows\System32\svchost.exe
DESKTOP-A3EGFSV$,2026-04-20 18:01:13.991091+00:00,DESKTOP-A3EGFSV$,4703,,,C:\Windows\System32\svchost.exe
DESKTOP-A3EGFSV$,2026-04-20 18:01:13.991209+00:00,DESKTOP-A3EGFSV$,4703,,,C:\Windows\System32\svchost.exe
DESKTOP-A3EGFSV$,2026-04-20 18:01:13.992504+00:00,DESKTOP-A3EGFSV$,4703,,,C:\Windows\System32\svchost.exe
DESKTOP-A3EGFSV$,2026-04-20 18:01:13.992662+00:00,DESKTOP-A3EGFSV$,4703,,,C:\Windows\System32\svchost.exe
DESKTOP-A3EGFSV$,2026-04-20 18:01:13.993616+00:00,DESKTOP-A3EGFSV$,4703,,,C:\Windows\System32\svchost.exe
DESKTOP-A3EGFSV$,2026-04-20 18:01:13.993744+00:00,DESKTOP-A3EGFSV$,4703,,,C:\Windows\System32\svchost.exe
DESKTOP-A3EGFSV$,2026-04-20 18:01:13.994526+00:00,DESKTOP-A3EGFSV$,4703,,,C:\Windows\System32\svchost.exe
DESKTOP-A3EGFSV$,2026-04-20 18:01:13.994659+00:00,DESKTOP-A3EGFSV$,4703,,,C:\Windows\System32\svchost.exe
DESKTOP-A3EGFSV$,2026-04-20 18:01:13.995724+00:00,DESKTOP-A3EGFSV$,4703,,,C:\Windows\System32\svchost.exe
DESKTOP-A3EGFSV$,2026-04-20 18:01:13.995874+00:00,DESKTOP-A3EGFSV$,4703,,,C:\Windows\System32\svchost.exe
DESKTOP-A3EGFSV$,2026-04-20 18:01:13.996902+00:00,DESKTOP-A3EGFSV$,4703,,,C:\Windows\System32\svchost.exe
DESKTOP-A3EGFSV$,2026-04-20 18:01:13.997042+00:00,DESKTOP-A3EGFSV$,4703,,,C:\Windows\System32\svchost.exe
DESKTOP-A3EGFSV$,2026-04-20 18:01:13.997889+00:00,DESKTOP-A3EGFSV$,4703,,,C:\Windows\System32\svchost.exe
DESKTOP-A3EGFSV$,2026-04-20 18:01:13.997993+00:00,DESKTOP-A3EGFSV$,4703,,,C:\Windows\System32\svchost.exe
DESKTOP-A3EGFSV$,2026-04-20 18:01:13.999092+00:00,DESKTOP-A3EGFSV$,4703,,,C:\Windows\System32\svchost.exe
DESKTOP-A3EGFSV$,2026-04-20 18:01:13.999222+00:00,DESKTOP-A3EGFSV$,4703,,,C:\Windows\System32\svchost.exe
DESKTOP-A3EGFSV$,2026-04-20 18:01:14.000025+00:00,DESKTOP-A3EGFSV$,4703,,,C:\Windows\System32\svchost.exe
DESKTOP-A3EGFSV$,2026-04-20 18:01:14.000156+00:00,DESKTOP-A3EGFSV$,4703,,,C:\Windows\System32\svchost.exe
DESKTOP-A3EGFSV$,2026-04-20 18:01:14.000937+00:00,DESKTOP-A3EGFSV$,4703,,,C:\Windows\System32\svchost.exe
DESKTOP-A3EGFSV$,2026-04-20 18:01:14.001066+00:00,DESKTOP-A3EGFSV$,4703,,,C:\Windows\System32\svchost.exe
DESKTOP-A3EGFSV$,2026-04-20 18:01:14.002480+00:00,DESKTOP-A3EGFSV$,4703,,,C:\Windows\System32\svchost.exe
DESKTOP-A3EGFSV$,2026-04-20 18:01:14.002619+00:00,DESKTOP-A3EGFSV$,4703,,,C:\Windows\System32\svchost.exe
DESKTOP-A3EGFSV$,2026-04-20 18:01:14.004101+00:00,DESKTOP-A3EGFSV$,4703,,,C:\Windows\System32\svchost.exe
DESKTOP-A3EGFSV$,2026-04-20 18:01:14.004292+00:00,DESKTOP-A3EGFSV$,4703,,,C:\Windows\System32\svchost.exe
DESKTOP-A3EGFSV$,2026-04-20 18:01:14.005075+00:00,DESKTOP-A3EGFSV$,4703,,,C:\Windows\System32\svchost.exe
DESKTOP-A3EGFSV$,2026-04-20 18:01:14.005209+00:00,DESKTOP-A3EGFSV$,4703,,,C:\Windows\System32\svchost.exe
DESKTOP-A3EGFSV$,2026-04-20 18:01:14.005989+00:00,DESKTOP-A3EGFSV$,4703,,,C:\Windows\System32\svchost.exe
DESKTOP-A3EGFSV$,2026-04-20 18:01:14.006124+00:00,DESKTOP-A3EGFSV$,4703,,,C:\Windows\System32\svchost.exe
DESKTOP-A3EGFSV$,2026-04-20 18:01:14.007385+00:00,DESKTOP-A3EGFSV$,4703,,,C:\Windows\System32\svchost.exe
DESKTOP-A3EGFSV$,2026-04-20 18:01:14.007540+00:00,DESKTOP-A3EGFSV$,4703,,,C:\Windows\System32\svchost.exe
DESKTOP-A3EGFSV$,2026-04-20 18:01:14.008287+00:00,DESKTOP-A3EGFSV$,4703,,,C:\Windows\System32\svchost.exe
DESKTOP-A3EGFSV$,2026-04-20 18:01:14.008411+00:00,DESKTOP-A3EGFSV$,4703,,,C:\Windows\System32\svchost.exe
DESKTOP-A3EGFSV$,2026-04-20 18:01:14.009123+00:00,DESKTOP-A3EGFSV$,4703,,,C:\Windows\System32\svchost.exe
DESKTOP-A3EGFSV$,2026-04-20 18:01:14.009249+00:00,DESKTOP-A3EGFSV$,4703,,,C:\Windows\System32\svchost.exe
DESKTOP-A3EGFSV$,2026-04-20 18:01:14.009939+00:00,DESKTOP-A3EGFSV$,4703,,,C:\Windows\System32\svchost.exe
DESKTOP-A3EGFSV$,2026-04-20 18:01:14.010073+00:00,DESKTOP-A3EGFSV$,4703,,,C:\Windows\System32\svchost.exe
DESKTOP-A3EGFSV$,2026-04-20 18:01:14.011223+00:00,DESKTOP-A3EGFSV$,4703,,,C:\Windows\System32\svchost.exe
DESKTOP-A3EGFSV$,2026-04-20 18:01:14.011379+00:00,DESKTOP-A3EGFSV$,4703,,,C:\Windows\System32\svchost.exe
DESKTOP-A3EGFSV$,2026-04-20 18:01:14.012348+00:00,DESKTOP-A3EGFSV$,4703,,,C:\Windows\System32\svchost.exe
DESKTOP-A3EGFSV$,2026-04-20 18:01:14.012484+00:00,DESKTOP-A3EGFSV$,4703,,,C:\Windows\System32\svchost.exe
DESKTOP-A3EGFSV$,2026-04-20 18:01:14.013405+00:00,DESKTOP-A3EGFSV$,4703,,,C:\Windows\System32\svchost.exe
DESKTOP-A3EGFSV$,2026-04-20 18:01:14.013546+00:00,DESKTOP-A3EGFSV$,4703,,,C:\Windows\System32\svchost.exe
DESKTOP-A3EGFSV$,2026-04-20 18:01:14.014618+00:00,DESKTOP-A3EGFSV$,4703,,,C:\Windows\System32\svchost.exe
DESKTOP-A3EGFSV$,2026-04-20 18:01:14.014885+00:00,DESKTOP-A3EGFSV$,4703,,,C:\Windows\System32\svchost.exe
DESKTOP-A3EGFSV$,2026-04-20 18:01:14.016180+00:00,DESKTOP-A3EGFSV$,4703,,,C:\Windows\System32\svchost.exe
DESKTOP-A3EGFSV$,2026-04-20 18:01:14.016319+00:00,DESKTOP-A3EGFSV$,4703,,,C:\Windows\System32\svchost.exe
DESKTOP-A3EGFSV$,2026-04-20 18:01:14.017551+00:00,DESKTOP-A3EGFSV$,4703,,,C:\Windows\System32\svchost.exe
DESKTOP-A3EGFSV$,2026-04-20 18:01:14.017681+00:00,DESKTOP-A3EGFSV$,4703,,,C:\Windows\System32\svchost.exe
DESKTOP-A3EGFSV$,2026-04-20 18:01:14.018419+00:00,DESKTOP-A3EGFSV$,4703,,,C:\Windows\System32\svchost.exe
DESKTOP-A3EGFSV$,2026-04-20 18:01:14.018553+00:00,DESKTOP-A3EGFSV$,4703,,,C:\Windows\System32\svchost.exe
DESKTOP-A3EGFSV$,2026-04-20 18:01:14.019686+00:00,DESKTOP-A3EGFSV$,4703,,,C:\Windows\System32\svchost.exe
DESKTOP-A3EGFSV$,2026-04-20 18:01:14.019821+00:00,DESKTOP-A3EGFSV$,4703,,,C:\Windows\System32\svchost.exe
DESKTOP-A3EGFSV$,2026-04-20 18:01:14.020615+00:00,DESKTOP-A3EGFSV$,4703,,,C:\Windows\System32\svchost.exe
DESKTOP-A3EGFSV$,2026-04-20 18:01:14.020744+00:00,DESKTOP-A3EGFSV$,4703,,,C:\Windows\System32\svchost.exe
DESKTOP-A3EGFSV$,2026-04-20 18:01:14.021521+00:00,DESKTOP-A3EGFSV$,4703,,,C:\Windows\System32\svchost.exe
DESKTOP-A3EGFSV$,2026-04-20 18:01:14.021673+00:00,DESKTOP-A3EGFSV$,4703,,,C:\Windows\System32\svchost.exe
DESKTOP-A3EGFSV$,2026-04-20 18:01:14.023195+00:00,DESKTOP-A3EGFSV$,4703,,,C:\Windows\System32\svchost.exe
DESKTOP-A3EGFSV$,2026-04-20 18:01:14.023335+00:00,DESKTOP-A3EGFSV$,4703,,,C:\Windows\System32\svchost.exe
DESKTOP-A3EGFSV$,2026-04-20 18:01:14.024557+00:00,DESKTOP-A3EGFSV$,4703,,,C:\Windows\System32\svchost.exe
DESKTOP-A3EGFSV$,2026-04-20 18:01:14.024687+00:00,DESKTOP-A3EGFSV$,4703,,,C:\Windows\System32\svchost.exe
DESKTOP-A3EGFSV$,2026-04-20 18:01:14.025843+00:00,DESKTOP-A3EGFSV$,4703,,,C:\Windows\System32\svchost.exe
DESKTOP-A3EGFSV$,2026-04-20 18:01:14.025976+00:00,DESKTOP-A3EGFSV$,4703,,,C:\Windows\System32\svchost.exe
DESKTOP-A3EGFSV$,2026-04-20 18:01:14.026903+00:00,DESKTOP-A3EGFSV$,4703,,,C:\Windows\System32\svchost.exe
DESKTOP-A3EGFSV$,2026-04-20 18:01:14.027029+00:00,DESKTOP-A3EGFSV$,4703,,,C:\Windows\System32\svchost.exe
DESKTOP-A3EGFSV$,2026-04-20 18:01:14.027979+00:00,DESKTOP-A3EGFSV$,4703,,,C:\Windows\System32\svchost.exe
DESKTOP-A3EGFSV$,2026-04-20 18:01:14.028084+00:00,DESKTOP-A3EGFSV$,4703,,,C:\Windows\System32\svchost.exe
DESKTOP-A3EGFSV$,2026-04-20 18:01:14.029541+00:00,DESKTOP-A3EGFSV$,4703,,,C:\Windows\System32\svchost.exe
DESKTOP-A3EGFSV$,2026-04-20 18:01:14.029692+00:00,DESKTOP-A3EGFSV$,4703,,,C:\Windows\System32\svchost.exe
DESKTOP-A3EGFSV$,2026-04-20 18:01:14.030451+00:00,DESKTOP-A3EGFSV$,4703,,,C:\Windows\System32\svchost.exe
DESKTOP-A3EGFSV$,2026-04-20 18:01:14.030575+00:00,DESKTOP-A3EGFSV$,4703,,,C:\Windows\System32\svchost.exe
DESKTOP-A3EGFSV$,2026-04-20 18:01:14.031315+00:00,DESKTOP-A3EGFSV$,4703,,,C:\Windows\System32\svchost.exe
DESKTOP-A3EGFSV$,2026-04-20 18:01:14.031492+00:00,DESKTOP-A3EGFSV$,4703,,,C:\Windows\System32\svchost.exe
DESKTOP-A3EGFSV$,2026-04-20 18:01:14.032240+00:00,DESKTOP-A3EGFSV$,4703,,,C:\Windows\System32\svchost.exe
DESKTOP-A3EGFSV$,2026-04-20 18:01:14.032366+00:00,DESKTOP-A3EGFSV$,4703,,,C:\Windows\System32\svchost.exe
DESKTOP-A3EGFSV$,2026-04-20 18:01:14.033623+00:00,DESKTOP-A3EGFSV$,4703,,,C:\Windows\System32\svchost.exe
DESKTOP-A3EGFSV$,2026-04-20 18:01:14.033760+00:00,DESKTOP-A3EGFSV$,4703,,,C:\Windows\System32\svchost.exe
DESKTOP-A3EGFSV$,2026-04-20 18:01:14.034485+00:00,DESKTOP-A3EGFSV$,4703,,,C:\Windows\System32\svchost.exe
DESKTOP-A3EGFSV$,2026-04-20 18:01:14.034615+00:00,DESKTOP-A3EGFSV$,4703,,,C:\Windows\System32\svchost.exe
DESKTOP-A3EGFSV$,2026-04-20 18:01:14.036045+00:00,DESKTOP-A3EGFSV$,4703,,,C:\Windows\System32\svchost.exe
DESKTOP-A3EGFSV$,2026-04-20 18:01:14.036160+00:00,DESKTOP-A3EGFSV$,4703,,,C:\Windows\System32\svchost.exe
DESKTOP-A3EGFSV$,2026-04-20 18:01:14.038317+00:00,DESKTOP-A3EGFSV$,4703,,,C:\Windows\System32\svchost.exe
DESKTOP-A3EGFSV$,2026-04-20 18:01:14.038462+00:00,DESKTOP-A3EGFSV$,4703,,,C:\Windows\System32\svchost.exe
DESKTOP-A3EGFSV$,2026-04-20 18:01:14.039450+00:00,DESKTOP-A3EGFSV$,4703,,,C:\Windows\System32\svchost.exe
DESKTOP-A3EGFSV$,2026-04-20 18:01:14.039595+00:00,DESKTOP-A3EGFSV$,4703,,,C:\Windows\System32\svchost.exe
DESKTOP-A3EGFSV$,2026-04-20 18:01:14.040300+00:00,DESKTOP-A3EGFSV$,4703,,,C:\Windows\System32\svchost.exe
DESKTOP-A3EGFSV$,2026-04-20 18:01:14.040434+00:00,DESKTOP-A3EGFSV$,4703,,,C:\Windows\System32\svchost.exe
DESKTOP-A3EGFSV$,2026-04-20 18:01:14.041838+00:00,DESKTOP-A3EGFSV$,4703,,,C:\Windows\System32\svchost.exe
DESKTOP-A3EGFSV$,2026-04-20 18:01:14.041964+00:00,DESKTOP-A3EGFSV$,4703,,,C:\Windows\System32\svchost.exe
DESKTOP-A3EGFSV$,2026-04-20 18:01:14.042551+00:00,DESKTOP-A3EGFSV$,4703,,,C:\Windows\System32\svchost.exe
DESKTOP-A3EGFSV$,2026-04-20 18:01:14.042667+00:00,DESKTOP-A3EGFSV$,4703,,,C:\Windows\System32\svchost.exe
DESKTOP-A3EGFSV$,2026-04-20 18:01:14.043194+00:00,DESKTOP-A3EGFSV$,4703,,,C:\Windows\System32\svchost.exe
DESKTOP-A3EGFSV$,2026-04-20 18:01:14.043339+00:00,DESKTOP-A3EGFSV$,4703,,,C:\Windows\System32\svchost.exe
DESKTOP-A3EGFSV$,2026-04-20 18:01:14.045219+00:00,DESKTOP-A3EGFSV$,4703,,,C:\Windows\System32\svchost.exe
DESKTOP-A3EGFSV$,2026-04-20 18:01:14.045412+00:00,DESKTOP-A3EGFSV$,4703,,,C:\Windows\System32\svchost.exe
DESKTOP-A3EGFSV$,2026-04-20 18:01:14.046043+00:00,DESKTOP-A3EGFSV$,4703,,,C:\Windows\System32\svchost.exe
DESKTOP-A3EGFSV$,2026-04-20 18:01:14.046236+00:00,DESKTOP-A3EGFSV$,4703,,,C:\Windows\System32\svchost.exe
DESKTOP-A3EGFSV$,2026-04-20 18:01:14.046890+00:00,DESKTOP-A3EGFSV$,4703,,,C:\Windows\System32\svchost.exe
DESKTOP-A3EGFSV$,2026-04-20 18:01:14.047026+00:00,DESKTOP-A3EGFSV$,4703,,,C:\Windows\System32\svchost.exe
DESKTOP-A3EGFSV$,2026-04-20 18:01:14.048122+00:00,DESKTOP-A3EGFSV$,4703,,,C:\Windows\System32\svchost.exe
DESKTOP-A3EGFSV$,2026-04-20 18:01:14.048262+00:00,DESKTOP-A3EGFSV$,4703,,,C:\Windows\System32\svchost.exe
DESKTOP-A3EGFSV$,2026-04-20 18:01:14.049187+00:00,DESKTOP-A3EGFSV$,4703,,,C:\Windows\System32\svchost.exe
DESKTOP-A3EGFSV$,2026-04-20 18:01:14.049292+00:00,DESKTOP-A3EGFSV$,4703,,,C:\Windows\System32\svchost.exe
DESKTOP-A3EGFSV$,2026-04-20 18:01:14.050253+00:00,DESKTOP-A3EGFSV$,4703,,,C:\Windows\System32\svchost.exe
DESKTOP-A3EGFSV$,2026-04-20 18:01:14.050360+00:00,DESKTOP-A3EGFSV$,4703,,,C:\Windows\System32\svchost.exe
DESKTOP-A3EGFSV$,2026-04-20 18:01:14.051918+00:00,DESKTOP-A3EGFSV$,4703,,,C:\Windows\System32\svchost.exe
DESKTOP-A3EGFSV$,2026-04-20 18:01:14.052065+00:00,DESKTOP-A3EGFSV$,4703,,,C:\Windows\System32\svchost.exe
DESKTOP-A3EGFSV$,2026-04-20 18:01:14.052841+00:00,DESKTOP-A3EGFSV$,4703,,,C:\Windows\System32\svchost.exe
DESKTOP-A3EGFSV$,2026-04-20 18:01:14.053034+00:00,DESKTOP-A3EGFSV$,4703,,,C:\Windows\System32\svchost.exe
DESKTOP-A3EGFSV$,2026-04-20 18:01:14.053677+00:00,DESKTOP-A3EGFSV$,4703,,,C:\Windows\System32\svchost.exe
DESKTOP-A3EGFSV$,2026-04-20 18:01:14.053822+00:00,DESKTOP-A3EGFSV$,4703,,,C:\Windows\System32\svchost.exe
DESKTOP-A3EGFSV$,2026-04-20 18:01:14.055378+00:00,DESKTOP-A3EGFSV$,4703,,,C:\Windows\System32\svchost.exe
DESKTOP-A3EGFSV$,2026-04-20 18:01:14.055555+00:00,DESKTOP-A3EGFSV$,4703,,,C:\Windows\System32\svchost.exe
DESKTOP-A3EGFSV$,2026-04-20 18:01:14.056175+00:00,DESKTOP-A3EGFSV$,4703,,,C:\Windows\System32\svchost.exe
DESKTOP-A3EGFSV$,2026-04-20 18:01:14.056311+00:00,DESKTOP-A3EGFSV$,4703,,,C:\Windows\System32\svchost.exe
DESKTOP-A3EGFSV$,2026-04-20 18:01:14.057018+00:00,DESKTOP-A3EGFSV$,4703,,,C:\Windows\System32\svchost.exe
DESKTOP-A3EGFSV$,2026-04-20 18:01:14.057159+00:00,DESKTOP-A3EGFSV$,4703,,,C:\Windows\System32\svchost.exe
DESKTOP-A3EGFSV$,2026-04-20 18:01:14.059189+00:00,DESKTOP-A3EGFSV$,4703,,,C:\Windows\System32\svchost.exe
DESKTOP-A3EGFSV$,2026-04-20 18:01:14.059343+00:00,DESKTOP-A3EGFSV$,4703,,,C:\Windows\System32\svchost.exe
DESKTOP-A3EGFSV$,2026-04-20 18:01:14.059959+00:00,DESKTOP-A3EGFSV$,4703,,,C:\Windows\System32\svchost.exe
DESKTOP-A3EGFSV$,2026-04-20 18:01:14.060101+00:00,DESKTOP-A3EGFSV$,4703,,,C:\Windows\System32\svchost.exe
DESKTOP-A3EGFSV$,2026-04-20 18:01:14.060732+00:00,DESKTOP-A3EGFSV$,4703,,,C:\Windows\System32\svchost.exe
DESKTOP-A3EGFSV$,2026-04-20 18:01:14.060865+00:00,DESKTOP-A3EGFSV$,4703,,,C:\Windows\System32\svchost.exe
DESKTOP-A3EGFSV$,2026-04-20 18:01:14.062555+00:00,DESKTOP-A3EGFSV$,4703,,,C:\Windows\System32\svchost.exe
DESKTOP-A3EGFSV$,2026-04-20 18:01:14.062691+00:00,DESKTOP-A3EGFSV$,4703,,,C:\Windows\System32\svchost.exe
DESKTOP-A3EGFSV$,2026-04-20 18:01:14.063391+00:00,DESKTOP-A3EGFSV$,4703,,,C:\Windows\System32\svchost.exe
DESKTOP-A3EGFSV$,2026-04-20 18:01:14.063538+00:00,DESKTOP-A3EGFSV$,4703,,,C:\Windows\System32\svchost.exe
DESKTOP-A3EGFSV$,2026-04-20 18:01:14.064392+00:00,DESKTOP-A3EGFSV$,4703,,,C:\Windows\System32\svchost.exe
DESKTOP-A3EGFSV$,2026-04-20 18:01:14.064541+00:00,DESKTOP-A3EGFSV$,4703,,,C:\Windows\System32\svchost.exe
DESKTOP-A3EGFSV$,2026-04-20 18:01:14.066299+00:00,DESKTOP-A3EGFSV$,4703,,,C:\Windows\System32\svchost.exe
DESKTOP-A3EGFSV$,2026-04-20 18:01:14.066477+00:00,DESKTOP-A3EGFSV$,4703,,,C:\Windows\System32\svchost.exe
DESKTOP-A3EGFSV$,2026-04-20 18:01:14.067171+00:00,DESKTOP-A3EGFSV$,4703,,,C:\Windows\System32\svchost.exe
DESKTOP-A3EGFSV$,2026-04-20 18:01:14.067329+00:00,DESKTOP-A3EGFSV$,4703,,,C:\Windows\System32\svchost.exe
DESKTOP-A3EGFSV$,2026-04-20 18:01:14.068232+00:00,DESKTOP-A3EGFSV$,4703,,,C:\Windows\System32\svchost.exe
DESKTOP-A3EGFSV$,2026-04-20 18:01:14.068396+00:00,DESKTOP-A3EGFSV$,4703,,,C:\Windows\System32\svchost.exe
DESKTOP-A3EGFSV$,2026-04-20 18:01:14.070221+00:00,DESKTOP-A3EGFSV$,4703,,,C:\Windows\System32\svchost.exe
DESKTOP-A3EGFSV$,2026-04-20 18:01:14.070351+00:00,DESKTOP-A3EGFSV$,4703,,,C:\Windows\System32\svchost.exe
DESKTOP-A3EGFSV$,2026-04-20 18:01:14.071005+00:00,DESKTOP-A3EGFSV$,4703,,,C:\Windows\System32\svchost.exe
DESKTOP-A3EGFSV$,2026-04-20 18:01:14.071169+00:00,DESKTOP-A3EGFSV$,4703,,,C:\Windows\System32\svchost.exe
DESKTOP-A3EGFSV$,2026-04-20 18:01:14.071875+00:00,DESKTOP-A3EGFSV$,4703,,,C:\Windows\System32\svchost.exe
DESKTOP-A3EGFSV$,2026-04-20 18:01:14.072010+00:00,DESKTOP-A3EGFSV$,4703,,,C:\Windows\System32\svchost.exe
DESKTOP-A3EGFSV$,2026-04-20 18:01:14.073639+00:00,DESKTOP-A3EGFSV$,4703,,,C:\Windows\System32\svchost.exe
DESKTOP-A3EGFSV$,2026-04-20 18:01:14.073769+00:00,DESKTOP-A3EGFSV$,4703,,,C:\Windows\System32\svchost.exe
DESKTOP-A3EGFSV$,2026-04-20 18:01:14.074326+00:00,DESKTOP-A3EGFSV$,4703,,,C:\Windows\System32\svchost.exe
DESKTOP-A3EGFSV$,2026-04-20 18:01:14.074423+00:00,DESKTOP-A3EGFSV$,4703,,,C:\Windows\System32\svchost.exe
DESKTOP-A3EGFSV$,2026-04-20 18:01:14.075008+00:00,DESKTOP-A3EGFSV$,4703,,,C:\Windows\System32\svchost.exe
DESKTOP-A3EGFSV$,2026-04-20 18:01:14.075108+00:00,DESKTOP-A3EGFSV$,4703,,,C:\Windows\System32\svchost.exe
DESKTOP-A3EGFSV$,2026-04-20 18:01:14.076616+00:00,DESKTOP-A3EGFSV$,4703,,,C:\Windows\System32\svchost.exe
DESKTOP-A3EGFSV$,2026-04-20 18:01:14.076738+00:00,DESKTOP-A3EGFSV$,4703,,,C:\Windows\System32\svchost.exe
DESKTOP-A3EGFSV$,2026-04-20 18:01:14.077381+00:00,DESKTOP-A3EGFSV$,4703,,,C:\Windows\System32\svchost.exe
DESKTOP-A3EGFSV$,2026-04-20 18:01:14.077518+00:00,DESKTOP-A3EGFSV$,4703,,,C:\Windows\System32\svchost.exe
DESKTOP-A3EGFSV$,2026-04-20 18:01:14.078436+00:00,DESKTOP-A3EGFSV$,4703,,,C:\Windows\System32\svchost.exe
DESKTOP-A3EGFSV$,2026-04-20 18:01:14.078604+00:00,DESKTOP-A3EGFSV$,4703,,,C:\Windows\System32\svchost.exe
DESKTOP-A3EGFSV$,2026-04-20 18:01:14.079824+00:00,DESKTOP-A3EGFSV$,4703,,,C:\Windows\System32\svchost.exe
DESKTOP-A3EGFSV$,2026-04-20 18:01:14.080046+00:00,DESKTOP-A3EGFSV$,4703,,,C:\Windows\System32\svchost.exe
DESKTOP-A3EGFSV$,2026-04-20 18:01:14.080692+00:00,DESKTOP-A3EGFSV$,4703,,,C:\Windows\System32\svchost.exe
DESKTOP-A3EGFSV$,2026-04-20 18:01:14.080830+00:00,DESKTOP-A3EGFSV$,4703,,,C:\Windows\System32\svchost.exe
DESKTOP-A3EGFSV$,2026-04-20 18:01:14.081619+00:00,DESKTOP-A3EGFSV$,4703,,,C:\Windows\System32\svchost.exe
DESKTOP-A3EGFSV$,2026-04-20 18:01:14.081760+00:00,DESKTOP-A3EGFSV$,4703,,,C:\Windows\System32\svchost.exe
DESKTOP-A3EGFSV$,2026-04-20 18:01:14.083155+00:00,DESKTOP-A3EGFSV$,4703,,,C:\Windows\System32\svchost.exe
DESKTOP-A3EGFSV$,2026-04-20 18:01:14.083418+00:00,DESKTOP-A3EGFSV$,4703,,,C:\Windows\System32\svchost.exe
,2026-04-20 18:01:14.083677+00:00,pizza,4689,,,C:\Windows\System32\dllhost.exe
DESKTOP-A3EGFSV$,2026-04-20 18:01:14.084078+00:00,DESKTOP-A3EGFSV$,4703,,,C:\Windows\System32\svchost.exe
DESKTOP-A3EGFSV$,2026-04-20 18:01:14.084211+00:00,DESKTOP-A3EGFSV$,4703,,,C:\Windows\System32\svchost.exe
DESKTOP-A3EGFSV$,2026-04-20 18:01:14.084816+00:00,DESKTOP-A3EGFSV$,4703,,,C:\Windows\System32\svchost.exe
DESKTOP-A3EGFSV$,2026-04-20 18:01:14.085022+00:00,DESKTOP-A3EGFSV$,4703,,,C:\Windows\System32\svchost.exe
DESKTOP-A3EGFSV$,2026-04-20 18:01:14.086279+00:00,DESKTOP-A3EGFSV$,4703,,,C:\Windows\System32\svchost.exe
DESKTOP-A3EGFSV$,2026-04-20 18:01:14.086441+00:00,DESKTOP-A3EGFSV$,4703,,,C:\Windows\System32\svchost.exe
DESKTOP-A3EGFSV$,2026-04-20 18:01:14.087519+00:00,DESKTOP-A3EGFSV$,4703,,,C:\Windows\System32\svchost.exe
DESKTOP-A3EGFSV$,2026-04-20 18:01:14.087648+00:00,DESKTOP-A3EGFSV$,4703,,,C:\Windows\System32\svchost.exe
DESKTOP-A3EGFSV$,2026-04-20 18:01:14.088402+00:00,DESKTOP-A3EGFSV$,4703,,,C:\Windows\System32\svchost.exe
DESKTOP-A3EGFSV$,2026-04-20 18:01:14.088572+00:00,DESKTOP-A3EGFSV$,4703,,,C:\Windows\System32\svchost.exe
DESKTOP-A3EGFSV$,2026-04-20 18:01:14.089684+00:00,DESKTOP-A3EGFSV$,4703,,,C:\Windows\System32\svchost.exe
DESKTOP-A3EGFSV$,2026-04-20 18:01:14.089828+00:00,DESKTOP-A3EGFSV$,4703,,,C:\Windows\System32\svchost.exe
DESKTOP-A3EGFSV$,2026-04-20 18:01:14.090658+00:00,DESKTOP-A3EGFSV$,4703,,,C:\Windows\System32\svchost.exe
DESKTOP-A3EGFSV$,2026-04-20 18:01:14.090813+00:00,DESKTOP-A3EGFSV$,4703,,,C:\Windows\System32\svchost.exe
DESKTOP-A3EGFSV$,2026-04-20 18:01:14.092022+00:00,DESKTOP-A3EGFSV$,4703,,,C:\Windows\System32\svchost.exe
DESKTOP-A3EGFSV$,2026-04-20 18:01:14.092171+00:00,DESKTOP-A3EGFSV$,4703,,,C:\Windows\System32\svchost.exe
DESKTOP-A3EGFSV$,2026-04-20 18:01:14.092928+00:00,DESKTOP-A3EGFSV$,4703,,,C:\Windows\System32\svchost.exe
DESKTOP-A3EGFSV$,2026-04-20 18:01:14.093056+00:00,DESKTOP-A3EGFSV$,4703,,,C:\Windows\System32\svchost.exe
DESKTOP-A3EGFSV$,2026-04-20 18:01:14.094151+00:00,DESKTOP-A3EGFSV$,4703,,,C:\Windows\System32\svchost.exe
DESKTOP-A3EGFSV$,2026-04-20 18:01:14.094286+00:00,DESKTOP-A3EGFSV$,4703,,,C:\Windows\System32\svchost.exe
DESKTOP-A3EGFSV$,2026-04-20 18:01:14.095419+00:00,DESKTOP-A3EGFSV$,4703,,,C:\Windows\System32\svchost.exe
DESKTOP-A3EGFSV$,2026-04-20 18:01:14.095667+00:00,DESKTOP-A3EGFSV$,4703,,,C:\Windows\System32\svchost.exe
DESKTOP-A3EGFSV$,2026-04-20 18:01:14.097141+00:00,DESKTOP-A3EGFSV$,4703,,,C:\Windows\System32\svchost.exe
DESKTOP-A3EGFSV$,2026-04-20 18:01:14.097279+00:00,DESKTOP-A3EGFSV$,4703,,,C:\Windows\System32\svchost.exe
DESKTOP-A3EGFSV$,2026-04-20 18:01:14.098589+00:00,DESKTOP-A3EGFSV$,4703,,,C:\Windows\System32\svchost.exe
DESKTOP-A3EGFSV$,2026-04-20 18:01:14.098997+00:00,DESKTOP-A3EGFSV$,4703,,,C:\Windows\System32\svchost.exe
DESKTOP-A3EGFSV$,2026-04-20 18:01:14.100046+00:00,DESKTOP-A3EGFSV$,4703,,,C:\Windows\System32\svchost.exe
DESKTOP-A3EGFSV$,2026-04-20 18:01:14.100176+00:00,DESKTOP-A3EGFSV$,4703,,,C:\Windows\System32\svchost.exe
DESKTOP-A3EGFSV$,2026-04-20 18:01:14.101574+00:00,DESKTOP-A3EGFSV$,4703,,,C:\Windows\System32\svchost.exe
DESKTOP-A3EGFSV$,2026-04-20 18:01:14.101707+00:00,DESKTOP-A3EGFSV$,4703,,,C:\Windows\System32\svchost.exe
DESKTOP-A3EGFSV$,2026-04-20 18:01:14.102480+00:00,DESKTOP-A3EGFSV$,4703,,,C:\Windows\System32\svchost.exe
DESKTOP-A3EGFSV$,2026-04-20 18:01:14.102612+00:00,DESKTOP-A3EGFSV$,4703,,,C:\Windows\System32\svchost.exe
DESKTOP-A3EGFSV$,2026-04-20 18:01:14.103336+00:00,DESKTOP-A3EGFSV$,4703,,,C:\Windows\System32\svchost.exe
DESKTOP-A3EGFSV$,2026-04-20 18:01:14.103474+00:00,DESKTOP-A3EGFSV$,4703,,,C:\Windows\System32\svchost.exe
DESKTOP-A3EGFSV$,2026-04-20 18:01:14.104843+00:00,DESKTOP-A3EGFSV$,4703,,,C:\Windows\System32\svchost.exe
DESKTOP-A3EGFSV$,2026-04-20 18:01:14.105001+00:00,DESKTOP-A3EGFSV$,4703,,,C:\Windows\System32\svchost.exe
DESKTOP-A3EGFSV$,2026-04-20 18:01:14.106544+00:00,DESKTOP-A3EGFSV$,4703,,,C:\Windows\System32\svchost.exe
DESKTOP-A3EGFSV$,2026-04-20 18:01:14.106695+00:00,DESKTOP-A3EGFSV$,4703,,,C:\Windows\System32\svchost.exe
DESKTOP-A3EGFSV$,2026-04-20 18:01:14.107485+00:00,DESKTOP-A3EGFSV$,4703,,,C:\Windows\System32\svchost.exe
DESKTOP-A3EGFSV$,2026-04-20 18:01:14.107613+00:00,DESKTOP-A3EGFSV$,4703,,,C:\Windows\System32\svchost.exe
DESKTOP-A3EGFSV$,2026-04-20 18:01:14.108442+00:00,DESKTOP-A3EGFSV$,4703,,,C:\Windows\System32\svchost.exe
DESKTOP-A3EGFSV$,2026-04-20 18:01:14.108589+00:00,DESKTOP-A3EGFSV$,4703,,,C:\Windows\System32\svchost.exe
DESKTOP-A3EGFSV$,2026-04-20 18:01:14.109720+00:00,DESKTOP-A3EGFSV$,4703,,,C:\Windows\System32\svchost.exe
DESKTOP-A3EGFSV$,2026-04-20 18:01:14.109859+00:00,DESKTOP-A3EGFSV$,4703,,,C:\Windows\System32\svchost.exe
DESKTOP-A3EGFSV$,2026-04-20 18:01:14.111315+00:00,DESKTOP-A3EGFSV$,4703,,,C:\Windows\System32\svchost.exe
DESKTOP-A3EGFSV$,2026-04-20 18:01:14.111452+00:00,DESKTOP-A3EGFSV$,4703,,,C:\Windows\System32\svchost.exe
DESKTOP-A3EGFSV$,2026-04-20 18:01:14.112337+00:00,DESKTOP-A3EGFSV$,4703,,,C:\Windows\System32\svchost.exe
DESKTOP-A3EGFSV$,2026-04-20 18:01:14.112726+00:00,DESKTOP-A3EGFSV$,4703,,,C:\Windows\System32\svchost.exe
DESKTOP-A3EGFSV$,2026-04-20 18:01:14.113565+00:00,DESKTOP-A3EGFSV$,4703,,,C:\Windows\System32\svchost.exe
DESKTOP-A3EGFSV$,2026-04-20 18:01:14.113808+00:00,DESKTOP-A3EGFSV$,4703,,,C:\Windows\System32\svchost.exe
DESKTOP-A3EGFSV$,2026-04-20 18:01:14.114777+00:00,DESKTOP-A3EGFSV$,4703,,,C:\Windows\System32\svchost.exe
DESKTOP-A3EGFSV$,2026-04-20 18:01:14.114906+00:00,DESKTOP-A3EGFSV$,4703,,,C:\Windows\System32\svchost.exe
DESKTOP-A3EGFSV$,2026-04-20 18:01:14.115698+00:00,DESKTOP-A3EGFSV$,4703,,,C:\Windows\System32\svchost.exe
DESKTOP-A3EGFSV$,2026-04-20 18:01:14.115849+00:00,DESKTOP-A3EGFSV$,4703,,,C:\Windows\System32\svchost.exe
DESKTOP-A3EGFSV$,2026-04-20 18:01:14.117502+00:00,DESKTOP-A3EGFSV$,4703,,,C:\Windows\System32\svchost.exe
DESKTOP-A3EGFSV$,2026-04-20 18:01:14.117788+00:00,DESKTOP-A3EGFSV$,4703,,,C:\Windows\System32\svchost.exe
DESKTOP-A3EGFSV$,2026-04-20 18:01:14.119276+00:00,DESKTOP-A3EGFSV$,4703,,,C:\Windows\System32\svchost.exe
DESKTOP-A3EGFSV$,2026-04-20 18:01:14.119474+00:00,DESKTOP-A3EGFSV$,4703,,,C:\Windows\System32\svchost.exe
DESKTOP-A3EGFSV$,2026-04-20 18:01:14.121561+00:00,DESKTOP-A3EGFSV$,4703,,,C:\Windows\System32\svchost.exe
DESKTOP-A3EGFSV$,2026-04-20 18:01:14.121704+00:00,DESKTOP-A3EGFSV$,4703,,,C:\Windows\System32\svchost.exe
DESKTOP-A3EGFSV$,2026-04-20 18:01:14.123034+00:00,DESKTOP-A3EGFSV$,4703,,,C:\Windows\System32\svchost.exe
DESKTOP-A3EGFSV$,2026-04-20 18:01:14.123138+00:00,DESKTOP-A3EGFSV$,4703,,,C:\Windows\System32\svchost.exe
DESKTOP-A3EGFSV$,2026-04-20 18:01:14.124098+00:00,DESKTOP-A3EGFSV$,4703,,,C:\Windows\System32\svchost.exe
DESKTOP-A3EGFSV$,2026-04-20 18:01:14.124226+00:00,DESKTOP-A3EGFSV$,4703,,,C:\Windows\System32\svchost.exe
DESKTOP-A3EGFSV$,2026-04-20 18:01:14.125011+00:00,DESKTOP-A3EGFSV$,4703,,,C:\Windows\System32\svchost.exe
DESKTOP-A3EGFSV$,2026-04-20 18:01:14.125179+00:00,DESKTOP-A3EGFSV$,4703,,,C:\Windows\System32\svchost.exe
DESKTOP-A3EGFSV$,2026-04-20 18:01:14.126015+00:00,DESKTOP-A3EGFSV$,4703,,,C:\Windows\System32\svchost.exe
DESKTOP-A3EGFSV$,2026-04-20 18:01:14.126148+00:00,DESKTOP-A3EGFSV$,4703,,,C:\Windows\System32\svchost.exe
DESKTOP-A3EGFSV$,2026-04-20 18:01:14.127363+00:00,DESKTOP-A3EGFSV$,4703,,,C:\Windows\System32\svchost.exe
DESKTOP-A3EGFSV$,2026-04-20 18:01:14.127529+00:00,DESKTOP-A3EGFSV$,4703,,,C:\Windows\System32\svchost.exe
DESKTOP-A3EGFSV$,2026-04-20 18:01:14.128595+00:00,DESKTOP-A3EGFSV$,4703,,,C:\Windows\System32\svchost.exe
DESKTOP-A3EGFSV$,2026-04-20 18:01:14.128771+00:00,DESKTOP-A3EGFSV$,4703,,,C:\Windows\System32\svchost.exe
DESKTOP-A3EGFSV$,2026-04-20 18:01:14.129822+00:00,DESKTOP-A3EGFSV$,4703,,,C:\Windows\System32\svchost.exe
DESKTOP-A3EGFSV$,2026-04-20 18:01:14.129946+00:00,DESKTOP-A3EGFSV$,4703,,,C:\Windows\System32\svchost.exe
DESKTOP-A3EGFSV$,2026-04-20 18:01:14.130728+00:00,DESKTOP-A3EGFSV$,4703,,,C:\Windows\System32\svchost.exe
DESKTOP-A3EGFSV$,2026-04-20 18:01:14.130922+00:00,DESKTOP-A3EGFSV$,4703,,,C:\Windows\System32\svchost.exe
DESKTOP-A3EGFSV$,2026-04-20 18:01:14.132111+00:00,DESKTOP-A3EGFSV$,4703,,,C:\Windows\System32\svchost.exe
DESKTOP-A3EGFSV$,2026-04-20 18:01:14.132256+00:00,DESKTOP-A3EGFSV$,4703,,,C:\Windows\System32\svchost.exe
DESKTOP-A3EGFSV$,2026-04-20 18:01:14.133123+00:00,DESKTOP-A3EGFSV$,4703,,,C:\Windows\System32\svchost.exe
DESKTOP-A3EGFSV$,2026-04-20 18:01:14.133259+00:00,DESKTOP-A3EGFSV$,4703,,,C:\Windows\System32\svchost.exe
DESKTOP-A3EGFSV$,2026-04-20 18:01:14.133984+00:00,DESKTOP-A3EGFSV$,4703,,,C:\Windows\System32\svchost.exe
DESKTOP-A3EGFSV$,2026-04-20 18:01:14.134111+00:00,DESKTOP-A3EGFSV$,4703,,,C:\Windows\System32\svchost.exe
DESKTOP-A3EGFSV$,2026-04-20 18:01:14.134863+00:00,DESKTOP-A3EGFSV$,4703,,,C:\Windows\System32\svchost.exe
DESKTOP-A3EGFSV$,2026-04-20 18:01:14.134991+00:00,DESKTOP-A3EGFSV$,4703,,,C:\Windows\System32\svchost.exe
DESKTOP-A3EGFSV$,2026-04-20 18:01:14.136101+00:00,DESKTOP-A3EGFSV$,4703,,,C:\Windows\System32\svchost.exe
DESKTOP-A3EGFSV$,2026-04-20 18:01:14.136406+00:00,DESKTOP-A3EGFSV$,4703,,,C:\Windows\System32\svchost.exe
DESKTOP-A3EGFSV$,2026-04-20 18:01:14.137657+00:00,DESKTOP-A3EGFSV$,4703,,,C:\Windows\System32\svchost.exe
DESKTOP-A3EGFSV$,2026-04-20 18:01:14.137846+00:00,DESKTOP-A3EGFSV$,4703,,,C:\Windows\System32\svchost.exe
DESKTOP-A3EGFSV$,2026-04-20 18:01:14.139904+00:00,DESKTOP-A3EGFSV$,4703,,,C:\Windows\System32\svchost.exe
DESKTOP-A3EGFSV$,2026-04-20 18:01:14.140060+00:00,DESKTOP-A3EGFSV$,4703,,,C:\Windows\System32\svchost.exe
DESKTOP-A3EGFSV$,2026-04-20 18:01:14.140907+00:00,DESKTOP-A3EGFSV$,4703,,,C:\Windows\System32\svchost.exe
DESKTOP-A3EGFSV$,2026-04-20 18:01:14.141077+00:00,DESKTOP-A3EGFSV$,4703,,,C:\Windows\System32\svchost.exe
DESKTOP-A3EGFSV$,2026-04-20 18:01:14.142715+00:00,DESKTOP-A3EGFSV$,4703,,,C:\Windows\System32\svchost.exe
DESKTOP-A3EGFSV$,2026-04-20 18:01:14.142948+00:00,DESKTOP-A3EGFSV$,4703,,,C:\Windows\System32\svchost.exe
DESKTOP-A3EGFSV$,2026-04-20 18:01:14.143749+00:00,DESKTOP-A3EGFSV$,4703,,,C:\Windows\System32\svchost.exe
DESKTOP-A3EGFSV$,2026-04-20 18:01:14.143890+00:00,DESKTOP-A3EGFSV$,4703,,,C:\Windows\System32\svchost.exe
DESKTOP-A3EGFSV$,2026-04-20 18:01:14.145494+00:00,DESKTOP-A3EGFSV$,4703,,,C:\Windows\System32\svchost.exe
DESKTOP-A3EGFSV$,2026-04-20 18:01:14.145685+00:00,DESKTOP-A3EGFSV$,4703,,,C:\Windows\System32\svchost.exe
DESKTOP-A3EGFSV$,2026-04-20 18:01:14.146708+00:00,DESKTOP-A3EGFSV$,4703,,,C:\Windows\System32\svchost.exe
DESKTOP-A3EGFSV$,2026-04-20 18:01:14.146849+00:00,DESKTOP-A3EGFSV$,4703,,,C:\Windows\System32\svchost.exe
DESKTOP-A3EGFSV$,2026-04-20 18:01:14.148396+00:00,DESKTOP-A3EGFSV$,4703,,,C:\Windows\System32\svchost.exe
DESKTOP-A3EGFSV$,2026-04-20 18:01:14.148609+00:00,DESKTOP-A3EGFSV$,4703,,,C:\Windows\System32\svchost.exe
DESKTOP-A3EGFSV$,2026-04-20 18:01:14.149391+00:00,DESKTOP-A3EGFSV$,4703,,,C:\Windows\System32\svchost.exe
DESKTOP-A3EGFSV$,2026-04-20 18:01:14.149544+00:00,DESKTOP-A3EGFSV$,4703,,,C:\Windows\System32\svchost.exe
DESKTOP-A3EGFSV$,2026-04-20 18:01:14.150301+00:00,DESKTOP-A3EGFSV$,4703,,,C:\Windows\System32\svchost.exe
DESKTOP-A3EGFSV$,2026-04-20 18:01:14.150436+00:00,DESKTOP-A3EGFSV$,4703,,,C:\Windows\System32\svchost.exe
DESKTOP-A3EGFSV$,2026-04-20 18:01:14.151228+00:00,DESKTOP-A3EGFSV$,4703,,,C:\Windows\System32\svchost.exe
DESKTOP-A3EGFSV$,2026-04-20 18:01:14.151363+00:00,DESKTOP-A3EGFSV$,4703,,,C:\Windows\System32\svchost.exe
DESKTOP-A3EGFSV$,2026-04-20 18:01:14.152000+00:00,DESKTOP-A3EGFSV$,4703,,,C:\Windows\System32\svchost.exe
DESKTOP-A3EGFSV$,2026-04-20 18:01:14.152168+00:00,DESKTOP-A3EGFSV$,4703,,,C:\Windows\System32\svchost.exe
DESKTOP-A3EGFSV$,2026-04-20 18:01:14.153433+00:00,DESKTOP-A3EGFSV$,4703,,,C:\Windows\System32\svchost.exe
DESKTOP-A3EGFSV$,2026-04-20 18:01:14.153587+00:00,DESKTOP-A3EGFSV$,4703,,,C:\Windows\System32\svchost.exe
DESKTOP-A3EGFSV$,2026-04-20 18:01:14.154423+00:00,DESKTOP-A3EGFSV$,4703,,,C:\Windows\System32\svchost.exe
DESKTOP-A3EGFSV$,2026-04-20 18:01:14.154551+00:00,DESKTOP-A3EGFSV$,4703,,,C:\Windows\System32\svchost.exe
DESKTOP-A3EGFSV$,2026-04-20 18:01:14.155704+00:00,DESKTOP-A3EGFSV$,4703,,,C:\Windows\System32\svchost.exe
DESKTOP-A3EGFSV$,2026-04-20 18:01:14.155922+00:00,DESKTOP-A3EGFSV$,4703,,,C:\Windows\System32\svchost.exe
DESKTOP-A3EGFSV$,2026-04-20 18:01:14.156765+00:00,DESKTOP-A3EGFSV$,4703,,,C:\Windows\System32\svchost.exe
DESKTOP-A3EGFSV$,2026-04-20 18:01:14.156784+00:00,DESKTOP-A3EGFSV$,4703,,,C:\Windows\System32\svchost.exe
DESKTOP-A3EGFSV$,2026-04-20 18:01:14.157558+00:00,DESKTOP-A3EGFSV$,4703,,,C:\Windows\System32\svchost.exe
DESKTOP-A3EGFSV$,2026-04-20 18:01:14.157698+00:00,DESKTOP-A3EGFSV$,4703,,,C:\Windows\System32\svchost.exe
DESKTOP-A3EGFSV$,2026-04-20 18:01:14.158766+00:00,DESKTOP-A3EGFSV$,4703,,,C:\Windows\System32\svchost.exe
DESKTOP-A3EGFSV$,2026-04-20 18:01:14.158926+00:00,DESKTOP-A3EGFSV$,4703,,,C:\Windows\System32\svchost.exe
DESKTOP-A3EGFSV$,2026-04-20 18:01:14.160414+00:00,DESKTOP-A3EGFSV$,4703,,,C:\Windows\System32\svchost.exe
DESKTOP-A3EGFSV$,2026-04-20 18:01:14.160748+00:00,DESKTOP-A3EGFSV$,4703,,,C:\Windows\System32\svchost.exe
DESKTOP-A3EGFSV$,2026-04-20 18:01:14.162062+00:00,DESKTOP-A3EGFSV$,4703,,,C:\Windows\System32\svchost.exe
DESKTOP-A3EGFSV$,2026-04-20 18:01:14.162365+00:00,DESKTOP-A3EGFSV$,4703,,,C:\Windows\System32\svchost.exe
DESKTOP-A3EGFSV$,2026-04-20 18:01:14.164093+00:00,DESKTOP-A3EGFSV$,4703,,,C:\Windows\System32\svchost.exe
DESKTOP-A3EGFSV$,2026-04-20 18:01:14.164246+00:00,DESKTOP-A3EGFSV$,4703,,,C:\Windows\System32\svchost.exe
DESKTOP-A3EGFSV$,2026-04-20 18:01:14.165663+00:00,DESKTOP-A3EGFSV$,4703,,,C:\Windows\System32\svchost.exe
DESKTOP-A3EGFSV$,2026-04-20 18:01:14.165802+00:00,DESKTOP-A3EGFSV$,4703,,,C:\Windows\System32\svchost.exe
DESKTOP-A3EGFSV$,2026-04-20 18:01:14.166962+00:00,DESKTOP-A3EGFSV$,4703,,,C:\Windows\System32\svchost.exe
DESKTOP-A3EGFSV$,2026-04-20 18:01:14.167095+00:00,DESKTOP-A3EGFSV$,4703,,,C:\Windows\System32\svchost.exe
DESKTOP-A3EGFSV$,2026-04-20 18:01:14.167925+00:00,DESKTOP-A3EGFSV$,4703,,,C:\Windows\System32\svchost.exe
DESKTOP-A3EGFSV$,2026-04-20 18:01:14.168123+00:00,DESKTOP-A3EGFSV$,4703,,,C:\Windows\System32\svchost.exe
DESKTOP-A3EGFSV$,2026-04-20 18:01:14.169239+00:00,DESKTOP-A3EGFSV$,4703,,,C:\Windows\System32\svchost.exe
DESKTOP-A3EGFSV$,2026-04-20 18:01:14.169437+00:00,DESKTOP-A3EGFSV$,4703,,,C:\Windows\System32\svchost.exe
DESKTOP-A3EGFSV$,2026-04-20 18:01:14.170984+00:00,DESKTOP-A3EGFSV$,4703,,,C:\Windows\System32\svchost.exe
DESKTOP-A3EGFSV$,2026-04-20 18:01:14.171127+00:00,DESKTOP-A3EGFSV$,4703,,,C:\Windows\System32\svchost.exe
DESKTOP-A3EGFSV$,2026-04-20 18:01:14.171953+00:00,DESKTOP-A3EGFSV$,4703,,,C:\Windows\System32\svchost.exe
DESKTOP-A3EGFSV$,2026-04-20 18:01:14.172119+00:00,DESKTOP-A3EGFSV$,4703,,,C:\Windows\System32\svchost.exe
DESKTOP-A3EGFSV$,2026-04-20 18:01:14.172935+00:00,DESKTOP-A3EGFSV$,4703,,,C:\Windows\System32\svchost.exe
DESKTOP-A3EGFSV$,2026-04-20 18:01:14.173140+00:00,DESKTOP-A3EGFSV$,4703,,,C:\Windows\System32\svchost.exe
DESKTOP-A3EGFSV$,2026-04-20 18:01:14.173864+00:00,DESKTOP-A3EGFSV$,4703,,,C:\Windows\System32\svchost.exe
DESKTOP-A3EGFSV$,2026-04-20 18:01:14.174000+00:00,DESKTOP-A3EGFSV$,4703,,,C:\Windows\System32\svchost.exe
DESKTOP-A3EGFSV$,2026-04-20 18:01:14.175488+00:00,DESKTOP-A3EGFSV$,4703,,,C:\Windows\System32\svchost.exe
DESKTOP-A3EGFSV$,2026-04-20 18:01:14.175621+00:00,DESKTOP-A3EGFSV$,4703,,,C:\Windows\System32\svchost.exe
DESKTOP-A3EGFSV$,2026-04-20 18:01:14.176464+00:00,DESKTOP-A3EGFSV$,4703,,,C:\Windows\System32\svchost.exe
DESKTOP-A3EGFSV$,2026-04-20 18:01:14.176598+00:00,DESKTOP-A3EGFSV$,4703,,,C:\Windows\System32\svchost.exe
DESKTOP-A3EGFSV$,2026-04-20 18:01:14.177927+00:00,DESKTOP-A3EGFSV$,4703,,,C:\Windows\System32\svchost.exe
DESKTOP-A3EGFSV$,2026-04-20 18:01:14.178040+00:00,DESKTOP-A3EGFSV$,4703,,,C:\Windows\System32\svchost.exe
DESKTOP-A3EGFSV$,2026-04-20 18:01:14.178782+00:00,DESKTOP-A3EGFSV$,4703,,,C:\Windows\System32\svchost.exe
DESKTOP-A3EGFSV$,2026-04-20 18:01:14.178925+00:00,DESKTOP-A3EGFSV$,4703,,,C:\Windows\System32\svchost.exe
DESKTOP-A3EGFSV$,2026-04-20 18:01:14.180254+00:00,DESKTOP-A3EGFSV$,4703,,,C:\Windows\System32\svchost.exe
DESKTOP-A3EGFSV$,2026-04-20 18:01:14.180405+00:00,DESKTOP-A3EGFSV$,4703,,,C:\Windows\System32\svchost.exe
DESKTOP-A3EGFSV$,2026-04-20 18:01:14.181467+00:00,DESKTOP-A3EGFSV$,4703,,,C:\Windows\System32\svchost.exe
DESKTOP-A3EGFSV$,2026-04-20 18:01:14.181694+00:00,DESKTOP-A3EGFSV$,4703,,,C:\Windows\System32\svchost.exe
DESKTOP-A3EGFSV$,2026-04-20 18:01:14.182461+00:00,DESKTOP-A3EGFSV$,4703,,,C:\Windows\System32\svchost.exe
DESKTOP-A3EGFSV$,2026-04-20 18:01:14.182594+00:00,DESKTOP-A3EGFSV$,4703,,,C:\Windows\System32\svchost.exe
DESKTOP-A3EGFSV$,2026-04-20 18:01:14.183872+00:00,DESKTOP-A3EGFSV$,4703,,,C:\Windows\System32\svchost.exe
DESKTOP-A3EGFSV$,2026-04-20 18:01:14.184004+00:00,DESKTOP-A3EGFSV$,4703,,,C:\Windows\System32\svchost.exe
DESKTOP-A3EGFSV$,2026-04-20 18:01:14.184984+00:00,DESKTOP-A3EGFSV$,4703,,,C:\Windows\System32\svchost.exe
DESKTOP-A3EGFSV$,2026-04-20 18:01:14.184986+00:00,DESKTOP-A3EGFSV$,4703,,,C:\Windows\System32\svchost.exe
DESKTOP-A3EGFSV$,2026-04-20 18:01:14.185820+00:00,DESKTOP-A3EGFSV$,4703,,,C:\Windows\System32\svchost.exe
DESKTOP-A3EGFSV$,2026-04-20 18:01:14.185965+00:00,DESKTOP-A3EGFSV$,4703,,,C:\Windows\System32\svchost.exe
DESKTOP-A3EGFSV$,2026-04-20 18:01:14.187286+00:00,DESKTOP-A3EGFSV$,4703,,,C:\Windows\System32\svchost.exe
DESKTOP-A3EGFSV$,2026-04-20 18:01:14.187397+00:00,DESKTOP-A3EGFSV$,4703,,,C:\Windows\System32\svchost.exe
DESKTOP-A3EGFSV$,2026-04-20 18:01:14.188896+00:00,DESKTOP-A3EGFSV$,4703,,,C:\Windows\System32\svchost.exe
DESKTOP-A3EGFSV$,2026-04-20 18:01:14.189096+00:00,DESKTOP-A3EGFSV$,4703,,,C:\Windows\System32\svchost.exe
DESKTOP-A3EGFSV$,2026-04-20 18:01:14.189873+00:00,DESKTOP-A3EGFSV$,4703,,,C:\Windows\System32\svchost.exe
DESKTOP-A3EGFSV$,2026-04-20 18:01:14.190079+00:00,DESKTOP-A3EGFSV$,4703,,,C:\Windows\System32\svchost.exe
DESKTOP-A3EGFSV$,2026-04-20 18:01:14.190872+00:00,DESKTOP-A3EGFSV$,4703,,,C:\Windows\System32\svchost.exe
DESKTOP-A3EGFSV$,2026-04-20 18:01:14.191008+00:00,DESKTOP-A3EGFSV$,4703,,,C:\Windows\System32\svchost.exe
DESKTOP-A3EGFSV$,2026-04-20 18:01:14.191826+00:00,DESKTOP-A3EGFSV$,4703,,,C:\Windows\System32\svchost.exe
DESKTOP-A3EGFSV$,2026-04-20 18:01:14.191965+00:00,DESKTOP-A3EGFSV$,4703,,,C:\Windows\System32\svchost.exe
DESKTOP-A3EGFSV$,2026-04-20 18:01:14.193209+00:00,DESKTOP-A3EGFSV$,4703,,,C:\Windows\System32\svchost.exe
DESKTOP-A3EGFSV$,2026-04-20 18:01:14.193354+00:00,DESKTOP-A3EGFSV$,4703,,,C:\Windows\System32\svchost.exe
DESKTOP-A3EGFSV$,2026-04-20 18:01:14.194551+00:00,DESKTOP-A3EGFSV$,4703,,,C:\Windows\System32\svchost.exe
DESKTOP-A3EGFSV$,2026-04-20 18:01:14.194683+00:00,DESKTOP-A3EGFSV$,4703,,,C:\Windows\System32\svchost.exe
DESKTOP-A3EGFSV$,2026-04-20 18:01:14.195450+00:00,DESKTOP-A3EGFSV$,4703,,,C:\Windows\System32\svchost.exe
DESKTOP-A3EGFSV$,2026-04-20 18:01:14.195585+00:00,DESKTOP-A3EGFSV$,4703,,,C:\Windows\System32\svchost.exe
DESKTOP-A3EGFSV$,2026-04-20 18:01:14.196787+00:00,DESKTOP-A3EGFSV$,4703,,,C:\Windows\System32\svchost.exe
DESKTOP-A3EGFSV$,2026-04-20 18:01:14.196924+00:00,DESKTOP-A3EGFSV$,4703,,,C:\Windows\System32\svchost.exe
DESKTOP-A3EGFSV$,2026-04-20 18:01:14.197803+00:00,DESKTOP-A3EGFSV$,4703,,,C:\Windows\System32\svchost.exe
DESKTOP-A3EGFSV$,2026-04-20 18:01:14.197935+00:00,DESKTOP-A3EGFSV$,4703,,,C:\Windows\System32\svchost.exe
DESKTOP-A3EGFSV$,2026-04-20 18:01:14.198841+00:00,DESKTOP-A3EGFSV$,4703,,,C:\Windows\System32\svchost.exe
DESKTOP-A3EGFSV$,2026-04-20 18:01:14.198973+00:00,DESKTOP-A3EGFSV$,4703,,,C:\Windows\System32\svchost.exe
DESKTOP-A3EGFSV$,2026-04-20 18:01:14.199894+00:00,DESKTOP-A3EGFSV$,4703,,,C:\Windows\System32\svchost.exe
DESKTOP-A3EGFSV$,2026-04-20 18:01:14.199997+00:00,DESKTOP-A3EGFSV$,4703,,,C:\Windows\System32\svchost.exe
DESKTOP-A3EGFSV$,2026-04-20 18:01:14.201366+00:00,DESKTOP-A3EGFSV$,4703,,,C:\Windows\System32\svchost.exe
DESKTOP-A3EGFSV$,2026-04-20 18:01:14.201506+00:00,DESKTOP-A3EGFSV$,4703,,,C:\Windows\System32\svchost.exe
DESKTOP-A3EGFSV$,2026-04-20 18:01:14.202229+00:00,DESKTOP-A3EGFSV$,4703,,,C:\Windows\System32\svchost.exe
DESKTOP-A3EGFSV$,2026-04-20 18:01:14.202494+00:00,DESKTOP-A3EGFSV$,4703,,,C:\Windows\System32\svchost.exe
DESKTOP-A3EGFSV$,2026-04-20 18:01:14.203224+00:00,DESKTOP-A3EGFSV$,4703,,,C:\Windows\System32\svchost.exe
DESKTOP-A3EGFSV$,2026-04-20 18:01:14.203323+00:00,DESKTOP-A3EGFSV$,4703,,,C:\Windows\System32\svchost.exe
DESKTOP-A3EGFSV$,2026-04-20 18:01:14.204033+00:00,DESKTOP-A3EGFSV$,4703,,,C:\Windows\System32\svchost.exe
DESKTOP-A3EGFSV$,2026-04-20 18:01:14.204165+00:00,DESKTOP-A3EGFSV$,4703,,,C:\Windows\System32\svchost.exe
DESKTOP-A3EGFSV$,2026-04-20 18:01:14.205280+00:00,DESKTOP-A3EGFSV$,4703,,,C:\Windows\System32\svchost.exe
DESKTOP-A3EGFSV$,2026-04-20 18:01:14.205418+00:00,DESKTOP-A3EGFSV$,4703,,,C:\Windows\System32\svchost.exe
DESKTOP-A3EGFSV$,2026-04-20 18:01:14.206144+00:00,DESKTOP-A3EGFSV$,4703,,,C:\Windows\System32\svchost.exe
DESKTOP-A3EGFSV$,2026-04-20 18:01:14.206268+00:00,DESKTOP-A3EGFSV$,4703,,,C:\Windows\System32\svchost.exe
DESKTOP-A3EGFSV$,2026-04-20 18:01:14.207100+00:00,DESKTOP-A3EGFSV$,4703,,,C:\Windows\System32\svchost.exe
DESKTOP-A3EGFSV$,2026-04-20 18:01:14.207230+00:00,DESKTOP-A3EGFSV$,4703,,,C:\Windows\System32\svchost.exe
DESKTOP-A3EGFSV$,2026-04-20 18:01:14.208399+00:00,DESKTOP-A3EGFSV$,4703,,,C:\Windows\System32\svchost.exe
DESKTOP-A3EGFSV$,2026-04-20 18:01:14.208509+00:00,DESKTOP-A3EGFSV$,4703,,,C:\Windows\System32\svchost.exe
DESKTOP-A3EGFSV$,2026-04-20 18:01:14.209490+00:00,DESKTOP-A3EGFSV$,4703,,,C:\Windows\System32\svchost.exe
DESKTOP-A3EGFSV$,2026-04-20 18:01:14.209620+00:00,DESKTOP-A3EGFSV$,4703,,,C:\Windows\System32\svchost.exe
DESKTOP-A3EGFSV$,2026-04-20 18:01:14.211029+00:00,DESKTOP-A3EGFSV$,4703,,,C:\Windows\System32\svchost.exe
DESKTOP-A3EGFSV$,2026-04-20 18:01:14.211153+00:00,DESKTOP-A3EGFSV$,4703,,,C:\Windows\System32\svchost.exe
DESKTOP-A3EGFSV$,2026-04-20 18:01:14.211977+00:00,DESKTOP-A3EGFSV$,4703,,,C:\Windows\System32\svchost.exe
DESKTOP-A3EGFSV$,2026-04-20 18:01:14.212099+00:00,DESKTOP-A3EGFSV$,4703,,,C:\Windows\System32\svchost.exe
DESKTOP-A3EGFSV$,2026-04-20 18:01:14.212757+00:00,DESKTOP-A3EGFSV$,4703,,,C:\Windows\System32\svchost.exe
DESKTOP-A3EGFSV$,2026-04-20 18:01:14.212875+00:00,DESKTOP-A3EGFSV$,4703,,,C:\Windows\System32\svchost.exe
DESKTOP-A3EGFSV$,2026-04-20 18:01:14.213560+00:00,DESKTOP-A3EGFSV$,4703,,,C:\Windows\System32\svchost.exe
DESKTOP-A3EGFSV$,2026-04-20 18:01:14.213673+00:00,DESKTOP-A3EGFSV$,4703,,,C:\Windows\System32\svchost.exe
DESKTOP-A3EGFSV$,2026-04-20 18:01:14.215057+00:00,DESKTOP-A3EGFSV$,4703,,,C:\Windows\System32\svchost.exe
DESKTOP-A3EGFSV$,2026-04-20 18:01:14.215178+00:00,DESKTOP-A3EGFSV$,4703,,,C:\Windows\System32\svchost.exe
DESKTOP-A3EGFSV$,2026-04-20 18:01:14.215874+00:00,DESKTOP-A3EGFSV$,4703,,,C:\Windows\System32\svchost.exe
DESKTOP-A3EGFSV$,2026-04-20 18:01:14.216013+00:00,DESKTOP-A3EGFSV$,4703,,,C:\Windows\System32\svchost.exe
DESKTOP-A3EGFSV$,2026-04-20 18:01:14.217024+00:00,DESKTOP-A3EGFSV$,4703,,,C:\Windows\System32\svchost.exe
DESKTOP-A3EGFSV$,2026-04-20 18:01:14.217146+00:00,DESKTOP-A3EGFSV$,4703,,,C:\Windows\System32\svchost.exe
DESKTOP-A3EGFSV$,2026-04-20 18:01:14.217787+00:00,DESKTOP-A3EGFSV$,4703,,,C:\Windows\System32\svchost.exe
DESKTOP-A3EGFSV$,2026-04-20 18:01:14.217892+00:00,DESKTOP-A3EGFSV$,4703,,,C:\Windows\System32\svchost.exe
DESKTOP-A3EGFSV$,2026-04-20 18:01:14.219166+00:00,DESKTOP-A3EGFSV$,4703,,,C:\Windows\System32\svchost.exe
DESKTOP-A3EGFSV$,2026-04-20 18:01:14.219284+00:00,DESKTOP-A3EGFSV$,4703,,,C:\Windows\System32\svchost.exe
DESKTOP-A3EGFSV$,2026-04-20 18:01:14.221350+00:00,DESKTOP-A3EGFSV$,4703,,,C:\Windows\System32\svchost.exe
DESKTOP-A3EGFSV$,2026-04-20 18:01:14.221474+00:00,DESKTOP-A3EGFSV$,4703,,,C:\Windows\System32\svchost.exe
DESKTOP-A3EGFSV$,2026-04-20 18:01:14.222055+00:00,DESKTOP-A3EGFSV$,4703,,,C:\Windows\System32\svchost.exe
DESKTOP-A3EGFSV$,2026-04-20 18:01:14.222189+00:00,DESKTOP-A3EGFSV$,4703,,,C:\Windows\System32\svchost.exe
DESKTOP-A3EGFSV$,2026-04-20 18:01:14.222839+00:00,DESKTOP-A3EGFSV$,4703,,,C:\Windows\System32\svchost.exe
DESKTOP-A3EGFSV$,2026-04-20 18:01:14.222960+00:00,DESKTOP-A3EGFSV$,4703,,,C:\Windows\System32\svchost.exe
DESKTOP-A3EGFSV$,2026-04-20 18:01:14.225304+00:00,DESKTOP-A3EGFSV$,4703,,,C:\Windows\System32\svchost.exe
DESKTOP-A3EGFSV$,2026-04-20 18:01:14.225414+00:00,DESKTOP-A3EGFSV$,4703,,,C:\Windows\System32\svchost.exe
DESKTOP-A3EGFSV$,2026-04-20 18:01:14.225941+00:00,DESKTOP-A3EGFSV$,4703,,,C:\Windows\System32\svchost.exe
DESKTOP-A3EGFSV$,2026-04-20 18:01:14.226034+00:00,DESKTOP-A3EGFSV$,4703,,,C:\Windows\System32\svchost.exe
DESKTOP-A3EGFSV$,2026-04-20 18:01:14.226665+00:00,DESKTOP-A3EGFSV$,4703,,,C:\Windows\System32\svchost.exe
DESKTOP-A3EGFSV$,2026-04-20 18:01:14.226816+00:00,DESKTOP-A3EGFSV$,4703,,,C:\Windows\System32\svchost.exe
DESKTOP-A3EGFSV$,2026-04-20 18:01:14.228724+00:00,DESKTOP-A3EGFSV$,4703,,,C:\Windows\System32\svchost.exe
DESKTOP-A3EGFSV$,2026-04-20 18:01:14.228912+00:00,DESKTOP-A3EGFSV$,4703,,,C:\Windows\System32\svchost.exe
DESKTOP-A3EGFSV$,2026-04-20 18:01:14.229557+00:00,DESKTOP-A3EGFSV$,4703,,,C:\Windows\System32\svchost.exe
DESKTOP-A3EGFSV$,2026-04-20 18:01:14.229689+00:00,DESKTOP-A3EGFSV$,4703,,,C:\Windows\System32\svchost.exe
DESKTOP-A3EGFSV$,2026-04-20 18:01:14.230310+00:00,DESKTOP-A3EGFSV$,4703,,,C:\Windows\System32\svchost.exe
DESKTOP-A3EGFSV$,2026-04-20 18:01:14.230499+00:00,DESKTOP-A3EGFSV$,4703,,,C:\Windows\System32\svchost.exe
DESKTOP-A3EGFSV$,2026-04-20 18:01:14.231365+00:00,DESKTOP-A3EGFSV$,4703,,,C:\Windows\System32\svchost.exe
DESKTOP-A3EGFSV$,2026-04-20 18:01:14.231503+00:00,DESKTOP-A3EGFSV$,4703,,,C:\Windows\System32\svchost.exe
DESKTOP-A3EGFSV$,2026-04-20 18:01:14.232031+00:00,DESKTOP-A3EGFSV$,4703,,,C:\Windows\System32\svchost.exe
DESKTOP-A3EGFSV$,2026-04-20 18:01:14.232138+00:00,DESKTOP-A3EGFSV$,4703,,,C:\Windows\System32\svchost.exe
DESKTOP-A3EGFSV$,2026-04-20 18:01:14.233229+00:00,DESKTOP-A3EGFSV$,4703,,,C:\Windows\System32\svchost.exe
DESKTOP-A3EGFSV$,2026-04-20 18:01:14.233337+00:00,DESKTOP-A3EGFSV$,4703,,,C:\Windows\System32\svchost.exe
DESKTOP-A3EGFSV$,2026-04-20 18:01:14.234819+00:00,DESKTOP-A3EGFSV$,4703,,,C:\Windows\System32\svchost.exe
DESKTOP-A3EGFSV$,2026-04-20 18:01:14.234955+00:00,DESKTOP-A3EGFSV$,4703,,,C:\Windows\System32\svchost.exe
DESKTOP-A3EGFSV$,2026-04-20 18:01:14.235613+00:00,DESKTOP-A3EGFSV$,4703,,,C:\Windows\System32\svchost.exe
DESKTOP-A3EGFSV$,2026-04-20 18:01:14.235708+00:00,DESKTOP-A3EGFSV$,4703,,,C:\Windows\System32\svchost.exe
DESKTOP-A3EGFSV$,2026-04-20 18:01:14.236288+00:00,DESKTOP-A3EGFSV$,4703,,,C:\Windows\System32\svchost.exe
DESKTOP-A3EGFSV$,2026-04-20 18:01:14.236382+00:00,DESKTOP-A3EGFSV$,4703,,,C:\Windows\System32\svchost.exe
DESKTOP-A3EGFSV$,2026-04-20 18:01:14.238113+00:00,DESKTOP-A3EGFSV$,4703,,,C:\Windows\System32\svchost.exe
DESKTOP-A3EGFSV$,2026-04-20 18:01:14.238274+00:00,DESKTOP-A3EGFSV$,4703,,,C:\Windows\System32\svchost.exe
DESKTOP-A3EGFSV$,2026-04-20 18:01:14.239346+00:00,DESKTOP-A3EGFSV$,4703,,,C:\Windows\System32\svchost.exe
DESKTOP-A3EGFSV$,2026-04-20 18:01:14.239532+00:00,DESKTOP-A3EGFSV$,4703,,,C:\Windows\System32\svchost.exe
DESKTOP-A3EGFSV$,2026-04-20 18:01:14.240175+00:00,DESKTOP-A3EGFSV$,4703,,,C:\Windows\System32\svchost.exe
DESKTOP-A3EGFSV$,2026-04-20 18:01:14.240387+00:00,DESKTOP-A3EGFSV$,4703,,,C:\Windows\System32\svchost.exe
DESKTOP-A3EGFSV$,2026-04-20 18:01:14.242256+00:00,DESKTOP-A3EGFSV$,4703,,,C:\Windows\System32\svchost.exe
DESKTOP-A3EGFSV$,2026-04-20 18:01:14.242401+00:00,DESKTOP-A3EGFSV$,4703,,,C:\Windows\System32\svchost.exe
DESKTOP-A3EGFSV$,2026-04-20 18:01:14.243038+00:00,DESKTOP-A3EGFSV$,4703,,,C:\Windows\System32\svchost.exe
DESKTOP-A3EGFSV$,2026-04-20 18:01:14.243187+00:00,DESKTOP-A3EGFSV$,4703,,,C:\Windows\System32\svchost.exe
DESKTOP-A3EGFSV$,2026-04-20 18:01:14.243904+00:00,DESKTOP-A3EGFSV$,4703,,,C:\Windows\System32\svchost.exe
DESKTOP-A3EGFSV$,2026-04-20 18:01:14.244040+00:00,DESKTOP-A3EGFSV$,4703,,,C:\Windows\System32\svchost.exe
DESKTOP-A3EGFSV$,2026-04-20 18:01:14.244808+00:00,DESKTOP-A3EGFSV$,4703,,,C:\Windows\System32\svchost.exe
DESKTOP-A3EGFSV$,2026-04-20 18:01:14.244946+00:00,DESKTOP-A3EGFSV$,4703,,,C:\Windows\System32\svchost.exe
DESKTOP-A3EGFSV$,2026-04-20 18:01:14.245878+00:00,DESKTOP-A3EGFSV$,4703,,,C:\Windows\System32\svchost.exe
DESKTOP-A3EGFSV$,2026-04-20 18:01:14.245983+00:00,DESKTOP-A3EGFSV$,4703,,,C:\Windows\System32\svchost.exe
DESKTOP-A3EGFSV$,2026-04-20 18:01:14.246744+00:00,DESKTOP-A3EGFSV$,4703,,,C:\Windows\System32\svchost.exe
DESKTOP-A3EGFSV$,2026-04-20 18:01:14.246849+00:00,DESKTOP-A3EGFSV$,4703,,,C:\Windows\System32\svchost.exe
DESKTOP-A3EGFSV$,2026-04-20 18:01:14.248756+00:00,DESKTOP-A3EGFSV$,4703,,,C:\Windows\System32\svchost.exe
DESKTOP-A3EGFSV$,2026-04-20 18:01:14.248943+00:00,DESKTOP-A3EGFSV$,4703,,,C:\Windows\System32\svchost.exe
DESKTOP-A3EGFSV$,2026-04-20 18:01:14.249563+00:00,DESKTOP-A3EGFSV$,4703,,,C:\Windows\System32\svchost.exe
DESKTOP-A3EGFSV$,2026-04-20 18:01:14.249741+00:00,DESKTOP-A3EGFSV$,4703,,,C:\Windows\System32\svchost.exe
DESKTOP-A3EGFSV$,2026-04-20 18:01:14.250402+00:00,DESKTOP-A3EGFSV$,4703,,,C:\Windows\System32\svchost.exe
DESKTOP-A3EGFSV$,2026-04-20 18:01:14.250540+00:00,DESKTOP-A3EGFSV$,4703,,,C:\Windows\System32\svchost.exe
DESKTOP-A3EGFSV$,2026-04-20 18:01:14.251705+00:00,DESKTOP-A3EGFSV$,4703,,,C:\Windows\System32\svchost.exe
DESKTOP-A3EGFSV$,2026-04-20 18:01:14.251883+00:00,DESKTOP-A3EGFSV$,4703,,,C:\Windows\System32\svchost.exe
DESKTOP-A3EGFSV$,2026-04-20 18:01:14.252424+00:00,DESKTOP-A3EGFSV$,4703,,,C:\Windows\System32\svchost.exe
DESKTOP-A3EGFSV$,2026-04-20 18:01:14.252533+00:00,DESKTOP-A3EGFSV$,4703,,,C:\Windows\System32\svchost.exe
DESKTOP-A3EGFSV$,2026-04-20 18:01:14.253168+00:00,DESKTOP-A3EGFSV$,4703,,,C:\Windows\System32\svchost.exe
DESKTOP-A3EGFSV$,2026-04-20 18:01:14.253321+00:00,DESKTOP-A3EGFSV$,4703,,,C:\Windows\System32\svchost.exe
DESKTOP-A3EGFSV$,2026-04-20 18:01:14.254532+00:00,DESKTOP-A3EGFSV$,4703,,,C:\Windows\System32\svchost.exe
DESKTOP-A3EGFSV$,2026-04-20 18:01:14.254646+00:00,DESKTOP-A3EGFSV$,4703,,,C:\Windows\System32\svchost.exe
DESKTOP-A3EGFSV$,2026-04-20 18:01:14.255194+00:00,DESKTOP-A3EGFSV$,4703,,,C:\Windows\System32\svchost.exe
DESKTOP-A3EGFSV$,2026-04-20 18:01:14.255297+00:00,DESKTOP-A3EGFSV$,4703,,,C:\Windows\System32\svchost.exe
DESKTOP-A3EGFSV$,2026-04-20 18:01:14.256147+00:00,DESKTOP-A3EGFSV$,4703,,,C:\Windows\System32\svchost.exe
DESKTOP-A3EGFSV$,2026-04-20 18:01:14.256296+00:00,DESKTOP-A3EGFSV$,4703,,,C:\Windows\System32\svchost.exe
DESKTOP-A3EGFSV$,2026-04-20 18:01:14.257818+00:00,DESKTOP-A3EGFSV$,4703,,,C:\Windows\System32\svchost.exe
DESKTOP-A3EGFSV$,2026-04-20 18:01:14.257986+00:00,DESKTOP-A3EGFSV$,4703,,,C:\Windows\System32\svchost.exe
DESKTOP-A3EGFSV$,2026-04-20 18:01:14.258701+00:00,DESKTOP-A3EGFSV$,4703,,,C:\Windows\System32\svchost.exe
DESKTOP-A3EGFSV$,2026-04-20 18:01:14.258854+00:00,DESKTOP-A3EGFSV$,4703,,,C:\Windows\System32\svchost.exe
DESKTOP-A3EGFSV$,2026-04-20 18:01:14.259743+00:00,DESKTOP-A3EGFSV$,4703,,,C:\Windows\System32\svchost.exe
DESKTOP-A3EGFSV$,2026-04-20 18:01:14.259930+00:00,DESKTOP-A3EGFSV$,4703,,,C:\Windows\System32\svchost.exe
DESKTOP-A3EGFSV$,2026-04-20 18:01:14.261948+00:00,DESKTOP-A3EGFSV$,4703,,,C:\Windows\System32\svchost.exe
DESKTOP-A3EGFSV$,2026-04-20 18:01:14.262142+00:00,DESKTOP-A3EGFSV$,4703,,,C:\Windows\System32\svchost.exe
DESKTOP-A3EGFSV$,2026-04-20 18:01:14.263004+00:00,DESKTOP-A3EGFSV$,4703,,,C:\Windows\System32\svchost.exe
DESKTOP-A3EGFSV$,2026-04-20 18:01:14.263136+00:00,DESKTOP-A3EGFSV$,4703,,,C:\Windows\System32\svchost.exe
DESKTOP-A3EGFSV$,2026-04-20 18:01:14.263767+00:00,DESKTOP-A3EGFSV$,4703,,,C:\Windows\System32\svchost.exe
DESKTOP-A3EGFSV$,2026-04-20 18:01:14.263912+00:00,DESKTOP-A3EGFSV$,4703,,,C:\Windows\System32\svchost.exe
DESKTOP-A3EGFSV$,2026-04-20 18:01:14.265360+00:00,DESKTOP-A3EGFSV$,4703,,,C:\Windows\System32\svchost.exe
DESKTOP-A3EGFSV$,2026-04-20 18:01:14.265503+00:00,DESKTOP-A3EGFSV$,4703,,,C:\Windows\System32\svchost.exe
DESKTOP-A3EGFSV$,2026-04-20 18:01:14.266127+00:00,DESKTOP-A3EGFSV$,4703,,,C:\Windows\System32\svchost.exe
DESKTOP-A3EGFSV$,2026-04-20 18:01:14.266254+00:00,DESKTOP-A3EGFSV$,4703,,,C:\Windows\System32\svchost.exe
DESKTOP-A3EGFSV$,2026-04-20 18:01:14.266920+00:00,DESKTOP-A3EGFSV$,4703,,,C:\Windows\System32\svchost.exe
DESKTOP-A3EGFSV$,2026-04-20 18:01:14.267092+00:00,DESKTOP-A3EGFSV$,4703,,,C:\Windows\System32\svchost.exe
DESKTOP-A3EGFSV$,2026-04-20 18:01:14.268251+00:00,DESKTOP-A3EGFSV$,4703,,,C:\Windows\System32\svchost.exe
DESKTOP-A3EGFSV$,2026-04-20 18:01:14.268379+00:00,DESKTOP-A3EGFSV$,4703,,,C:\Windows\System32\svchost.exe
DESKTOP-A3EGFSV$,2026-04-20 18:01:14.269518+00:00,DESKTOP-A3EGFSV$,4703,,,C:\Windows\System32\svchost.exe
DESKTOP-A3EGFSV$,2026-04-20 18:01:14.269653+00:00,DESKTOP-A3EGFSV$,4703,,,C:\Windows\System32\svchost.exe
DESKTOP-A3EGFSV$,2026-04-20 18:01:14.270456+00:00,DESKTOP-A3EGFSV$,4703,,,C:\Windows\System32\svchost.exe
DESKTOP-A3EGFSV$,2026-04-20 18:01:14.270575+00:00,DESKTOP-A3EGFSV$,4703,,,C:\Windows\System32\svchost.exe
DESKTOP-A3EGFSV$,2026-04-20 18:01:14.271542+00:00,DESKTOP-A3EGFSV$,4703,,,C:\Windows\System32\svchost.exe
DESKTOP-A3EGFSV$,2026-04-20 18:01:14.271667+00:00,DESKTOP-A3EGFSV$,4703,,,C:\Windows\System32\svchost.exe
DESKTOP-A3EGFSV$,2026-04-20 18:01:14.272461+00:00,DESKTOP-A3EGFSV$,4703,,,C:\Windows\System32\svchost.exe
DESKTOP-A3EGFSV$,2026-04-20 18:01:14.272594+00:00,DESKTOP-A3EGFSV$,4703,,,C:\Windows\System32\svchost.exe
DESKTOP-A3EGFSV$,2026-04-20 18:01:14.273808+00:00,DESKTOP-A3EGFSV$,4703,,,C:\Windows\System32\svchost.exe
DESKTOP-A3EGFSV$,2026-04-20 18:01:14.273943+00:00,DESKTOP-A3EGFSV$,4703,,,C:\Windows\System32\svchost.exe
DESKTOP-A3EGFSV$,2026-04-20 18:01:14.274708+00:00,DESKTOP-A3EGFSV$,4703,,,C:\Windows\System32\svchost.exe
DESKTOP-A3EGFSV$,2026-04-20 18:01:14.274847+00:00,DESKTOP-A3EGFSV$,4703,,,C:\Windows\System32\svchost.exe
DESKTOP-A3EGFSV$,2026-04-20 18:01:14.275829+00:00,DESKTOP-A3EGFSV$,4703,,,C:\Windows\System32\svchost.exe
DESKTOP-A3EGFSV$,2026-04-20 18:01:14.275986+00:00,DESKTOP-A3EGFSV$,4703,,,C:\Windows\System32\svchost.exe
DESKTOP-A3EGFSV$,2026-04-20 18:01:14.277569+00:00,DESKTOP-A3EGFSV$,4703,,,C:\Windows\System32\svchost.exe
DESKTOP-A3EGFSV$,2026-04-20 18:01:14.277773+00:00,DESKTOP-A3EGFSV$,4703,,,C:\Windows\System32\svchost.exe
DESKTOP-A3EGFSV$,2026-04-20 18:01:14.278753+00:00,DESKTOP-A3EGFSV$,4703,,,C:\Windows\System32\svchost.exe
DESKTOP-A3EGFSV$,2026-04-20 18:01:14.278885+00:00,DESKTOP-A3EGFSV$,4703,,,C:\Windows\System32\svchost.exe
DESKTOP-A3EGFSV$,2026-04-20 18:01:14.279821+00:00,DESKTOP-A3EGFSV$,4703,,,C:\Windows\System32\svchost.exe
DESKTOP-A3EGFSV$,2026-04-20 18:01:14.279955+00:00,DESKTOP-A3EGFSV$,4703,,,C:\Windows\System32\svchost.exe
DESKTOP-A3EGFSV$,2026-04-20 18:01:14.280788+00:00,DESKTOP-A3EGFSV$,4703,,,C:\Windows\System32\svchost.exe
DESKTOP-A3EGFSV$,2026-04-20 18:01:14.280920+00:00,DESKTOP-A3EGFSV$,4703,,,C:\Windows\System32\svchost.exe
DESKTOP-A3EGFSV$,2026-04-20 18:01:14.281994+00:00,DESKTOP-A3EGFSV$,4703,,,C:\Windows\System32\svchost.exe
DESKTOP-A3EGFSV$,2026-04-20 18:01:14.282131+00:00,DESKTOP-A3EGFSV$,4703,,,C:\Windows\System32\svchost.exe
DESKTOP-A3EGFSV$,2026-04-20 18:01:14.282846+00:00,DESKTOP-A3EGFSV$,4703,,,C:\Windows\System32\svchost.exe
DESKTOP-A3EGFSV$,2026-04-20 18:01:14.282984+00:00,DESKTOP-A3EGFSV$,4703,,,C:\Windows\System32\svchost.exe
DESKTOP-A3EGFSV$,2026-04-20 18:01:14.283747+00:00,DESKTOP-A3EGFSV$,4703,,,C:\Windows\System32\svchost.exe
DESKTOP-A3EGFSV$,2026-04-20 18:01:14.283920+00:00,DESKTOP-A3EGFSV$,4703,,,C:\Windows\System32\svchost.exe
DESKTOP-A3EGFSV$,2026-04-20 18:01:14.284664+00:00,DESKTOP-A3EGFSV$,4703,,,C:\Windows\System32\svchost.exe
DESKTOP-A3EGFSV$,2026-04-20 18:01:14.284870+00:00,DESKTOP-A3EGFSV$,4703,,,C:\Windows\System32\svchost.exe
DESKTOP-A3EGFSV$,2026-04-20 18:01:14.285948+00:00,DESKTOP-A3EGFSV$,4703,,,C:\Windows\System32\svchost.exe
DESKTOP-A3EGFSV$,2026-04-20 18:01:14.286085+00:00,DESKTOP-A3EGFSV$,4703,,,C:\Windows\System32\svchost.exe
DESKTOP-A3EGFSV$,2026-04-20 18:01:14.287203+00:00,DESKTOP-A3EGFSV$,4703,,,C:\Windows\System32\svchost.exe
DESKTOP-A3EGFSV$,2026-04-20 18:01:14.287350+00:00,DESKTOP-A3EGFSV$,4703,,,C:\Windows\System32\svchost.exe
DESKTOP-A3EGFSV$,2026-04-20 18:01:14.288071+00:00,DESKTOP-A3EGFSV$,4703,,,C:\Windows\System32\svchost.exe
DESKTOP-A3EGFSV$,2026-04-20 18:01:14.288198+00:00,DESKTOP-A3EGFSV$,4703,,,C:\Windows\System32\svchost.exe
DESKTOP-A3EGFSV$,2026-04-20 18:01:14.289322+00:00,DESKTOP-A3EGFSV$,4703,,,C:\Windows\System32\svchost.exe
DESKTOP-A3EGFSV$,2026-04-20 18:01:14.289455+00:00,DESKTOP-A3EGFSV$,4703,,,C:\Windows\System32\svchost.exe
DESKTOP-A3EGFSV$,2026-04-20 18:01:14.290648+00:00,DESKTOP-A3EGFSV$,4703,,,C:\Windows\System32\svchost.exe
DESKTOP-A3EGFSV$,2026-04-20 18:01:14.290794+00:00,DESKTOP-A3EGFSV$,4703,,,C:\Windows\System32\svchost.exe
DESKTOP-A3EGFSV$,2026-04-20 18:01:14.291565+00:00,DESKTOP-A3EGFSV$,4703,,,C:\Windows\System32\svchost.exe
DESKTOP-A3EGFSV$,2026-04-20 18:01:14.291695+00:00,DESKTOP-A3EGFSV$,4703,,,C:\Windows\System32\svchost.exe
DESKTOP-A3EGFSV$,2026-04-20 18:01:14.292419+00:00,DESKTOP-A3EGFSV$,4703,,,C:\Windows\System32\svchost.exe
DESKTOP-A3EGFSV$,2026-04-20 18:01:14.292555+00:00,DESKTOP-A3EGFSV$,4703,,,C:\Windows\System32\svchost.exe
DESKTOP-A3EGFSV$,2026-04-20 18:01:14.293402+00:00,DESKTOP-A3EGFSV$,4703,,,C:\Windows\System32\svchost.exe
DESKTOP-A3EGFSV$,2026-04-20 18:01:14.293528+00:00,DESKTOP-A3EGFSV$,4703,,,C:\Windows\System32\svchost.exe
DESKTOP-A3EGFSV$,2026-04-20 18:01:14.294266+00:00,DESKTOP-A3EGFSV$,4703,,,C:\Windows\System32\svchost.exe
DESKTOP-A3EGFSV$,2026-04-20 18:01:14.294411+00:00,DESKTOP-A3EGFSV$,4703,,,C:\Windows\System32\svchost.exe
DESKTOP-A3EGFSV$,2026-04-20 18:01:14.295967+00:00,DESKTOP-A3EGFSV$,4703,,,C:\Windows\System32\svchost.exe
DESKTOP-A3EGFSV$,2026-04-20 18:01:14.296162+00:00,DESKTOP-A3EGFSV$,4703,,,C:\Windows\System32\svchost.exe
DESKTOP-A3EGFSV$,2026-04-20 18:01:14.297466+00:00,DESKTOP-A3EGFSV$,4703,,,C:\Windows\System32\svchost.exe
DESKTOP-A3EGFSV$,2026-04-20 18:01:14.297670+00:00,DESKTOP-A3EGFSV$,4703,,,C:\Windows\System32\svchost.exe
DESKTOP-A3EGFSV$,2026-04-20 18:01:14.299084+00:00,DESKTOP-A3EGFSV$,4703,,,C:\Windows\System32\svchost.exe
DESKTOP-A3EGFSV$,2026-04-20 18:01:14.299225+00:00,DESKTOP-A3EGFSV$,4703,,,C:\Windows\System32\svchost.exe
DESKTOP-A3EGFSV$,2026-04-20 18:01:14.299961+00:00,DESKTOP-A3EGFSV$,4703,,,C:\Windows\System32\svchost.exe
DESKTOP-A3EGFSV$,2026-04-20 18:01:14.300085+00:00,DESKTOP-A3EGFSV$,4703,,,C:\Windows\System32\svchost.exe
DESKTOP-A3EGFSV$,2026-04-20 18:01:14.300947+00:00,DESKTOP-A3EGFSV$,4703,,,C:\Windows\System32\svchost.exe
DESKTOP-A3EGFSV$,2026-04-20 18:01:14.301102+00:00,DESKTOP-A3EGFSV$,4703,,,C:\Windows\System32\svchost.exe
DESKTOP-A3EGFSV$,2026-04-20 18:01:14.302418+00:00,DESKTOP-A3EGFSV$,4703,,,C:\Windows\System32\svchost.exe
DESKTOP-A3EGFSV$,2026-04-20 18:01:14.302561+00:00,DESKTOP-A3EGFSV$,4703,,,C:\Windows\System32\svchost.exe
DESKTOP-A3EGFSV$,2026-04-20 18:01:14.303446+00:00,DESKTOP-A3EGFSV$,4703,,,C:\Windows\System32\svchost.exe
DESKTOP-A3EGFSV$,2026-04-20 18:01:14.303591+00:00,DESKTOP-A3EGFSV$,4703,,,C:\Windows\System32\svchost.exe
DESKTOP-A3EGFSV$,2026-04-20 18:01:14.305096+00:00,DESKTOP-A3EGFSV$,4703,,,C:\Windows\System32\svchost.exe
DESKTOP-A3EGFSV$,2026-04-20 18:01:14.305258+00:00,DESKTOP-A3EGFSV$,4703,,,C:\Windows\System32\svchost.exe
DESKTOP-A3EGFSV$,2026-04-20 18:01:14.306007+00:00,DESKTOP-A3EGFSV$,4703,,,C:\Windows\System32\svchost.exe
DESKTOP-A3EGFSV$,2026-04-20 18:01:14.306253+00:00,DESKTOP-A3EGFSV$,4703,,,C:\Windows\System32\svchost.exe
DESKTOP-A3EGFSV$,2026-04-20 18:01:14.307224+00:00,DESKTOP-A3EGFSV$,4703,,,C:\Windows\System32\svchost.exe
DESKTOP-A3EGFSV$,2026-04-20 18:01:14.307356+00:00,DESKTOP-A3EGFSV$,4703,,,C:\Windows\System32\svchost.exe
DESKTOP-A3EGFSV$,2026-04-20 18:01:14.308115+00:00,DESKTOP-A3EGFSV$,4703,,,C:\Windows\System32\svchost.exe
DESKTOP-A3EGFSV$,2026-04-20 18:01:14.308235+00:00,DESKTOP-A3EGFSV$,4703,,,C:\Windows\System32\svchost.exe
DESKTOP-A3EGFSV$,2026-04-20 18:01:14.309372+00:00,DESKTOP-A3EGFSV$,4703,,,C:\Windows\System32\svchost.exe
DESKTOP-A3EGFSV$,2026-04-20 18:01:14.309488+00:00,DESKTOP-A3EGFSV$,4703,,,C:\Windows\System32\svchost.exe
DESKTOP-A3EGFSV$,2026-04-20 18:01:14.310213+00:00,DESKTOP-A3EGFSV$,4703,,,C:\Windows\System32\svchost.exe
DESKTOP-A3EGFSV$,2026-04-20 18:01:14.310322+00:00,DESKTOP-A3EGFSV$,4703,,,C:\Windows\System32\svchost.exe
DESKTOP-A3EGFSV$,2026-04-20 18:01:14.310934+00:00,DESKTOP-A3EGFSV$,4703,,,C:\Windows\System32\svchost.exe
DESKTOP-A3EGFSV$,2026-04-20 18:01:14.311100+00:00,DESKTOP-A3EGFSV$,4703,,,C:\Windows\System32\svchost.exe
DESKTOP-A3EGFSV$,2026-04-20 18:01:14.311762+00:00,DESKTOP-A3EGFSV$,4703,,,C:\Windows\System32\svchost.exe
DESKTOP-A3EGFSV$,2026-04-20 18:01:14.311907+00:00,DESKTOP-A3EGFSV$,4703,,,C:\Windows\System32\svchost.exe
DESKTOP-A3EGFSV$,2026-04-20 18:01:14.312954+00:00,DESKTOP-A3EGFSV$,4703,,,C:\Windows\System32\svchost.exe
DESKTOP-A3EGFSV$,2026-04-20 18:01:14.313068+00:00,DESKTOP-A3EGFSV$,4703,,,C:\Windows\System32\svchost.exe
DESKTOP-A3EGFSV$,2026-04-20 18:01:14.313761+00:00,DESKTOP-A3EGFSV$,4703,,,C:\Windows\System32\svchost.exe
DESKTOP-A3EGFSV$,2026-04-20 18:01:14.313866+00:00,DESKTOP-A3EGFSV$,4703,,,C:\Windows\System32\svchost.exe
DESKTOP-A3EGFSV$,2026-04-20 18:01:14.315983+00:00,DESKTOP-A3EGFSV$,4703,,,C:\Windows\System32\svchost.exe
DESKTOP-A3EGFSV$,2026-04-20 18:01:14.316126+00:00,DESKTOP-A3EGFSV$,4703,,,C:\Windows\System32\svchost.exe
DESKTOP-A3EGFSV$,2026-04-20 18:01:14.317015+00:00,DESKTOP-A3EGFSV$,4703,,,C:\Windows\System32\svchost.exe
DESKTOP-A3EGFSV$,2026-04-20 18:01:14.317133+00:00,DESKTOP-A3EGFSV$,4703,,,C:\Windows\System32\svchost.exe
DESKTOP-A3EGFSV$,2026-04-20 18:01:14.318415+00:00,DESKTOP-A3EGFSV$,4703,,,C:\Windows\System32\svchost.exe
DESKTOP-A3EGFSV$,2026-04-20 18:01:14.318598+00:00,DESKTOP-A3EGFSV$,4703,,,C:\Windows\System32\svchost.exe
DESKTOP-A3EGFSV$,2026-04-20 18:01:14.319427+00:00,DESKTOP-A3EGFSV$,4703,,,C:\Windows\System32\svchost.exe
DESKTOP-A3EGFSV$,2026-04-20 18:01:14.319540+00:00,DESKTOP-A3EGFSV$,4703,,,C:\Windows\System32\svchost.exe
DESKTOP-A3EGFSV$,2026-04-20 18:01:14.322704+00:00,DESKTOP-A3EGFSV$,4703,,,C:\Windows\System32\svchost.exe
DESKTOP-A3EGFSV$,2026-04-20 18:01:14.323088+00:00,DESKTOP-A3EGFSV$,4703,,,C:\Windows\System32\svchost.exe
DESKTOP-A3EGFSV$,2026-04-20 18:01:14.323997+00:00,DESKTOP-A3EGFSV$,4703,,,C:\Windows\System32\svchost.exe
DESKTOP-A3EGFSV$,2026-04-20 18:01:14.324131+00:00,DESKTOP-A3EGFSV$,4703,,,C:\Windows\System32\svchost.exe
DESKTOP-A3EGFSV$,2026-04-20 18:01:14.325117+00:00,DESKTOP-A3EGFSV$,4703,,,C:\Windows\System32\svchost.exe
DESKTOP-A3EGFSV$,2026-04-20 18:01:14.325243+00:00,DESKTOP-A3EGFSV$,4703,,,C:\Windows\System32\svchost.exe
DESKTOP-A3EGFSV$,2026-04-20 18:01:14.326021+00:00,DESKTOP-A3EGFSV$,4703,,,C:\Windows\System32\svchost.exe
DESKTOP-A3EGFSV$,2026-04-20 18:01:14.326159+00:00,DESKTOP-A3EGFSV$,4703,,,C:\Windows\System32\svchost.exe
DESKTOP-A3EGFSV$,2026-04-20 18:01:14.328337+00:00,DESKTOP-A3EGFSV$,4703,,,C:\Windows\System32\svchost.exe
DESKTOP-A3EGFSV$,2026-04-20 18:01:14.328461+00:00,DESKTOP-A3EGFSV$,4703,,,C:\Windows\System32\svchost.exe
DESKTOP-A3EGFSV$,2026-04-20 18:01:14.329327+00:00,DESKTOP-A3EGFSV$,4703,,,C:\Windows\System32\svchost.exe
DESKTOP-A3EGFSV$,2026-04-20 18:01:14.329466+00:00,DESKTOP-A3EGFSV$,4703,,,C:\Windows\System32\svchost.exe
DESKTOP-A3EGFSV$,2026-04-20 18:01:14.330256+00:00,DESKTOP-A3EGFSV$,4703,,,C:\Windows\System32\svchost.exe
DESKTOP-A3EGFSV$,2026-04-20 18:01:14.330376+00:00,DESKTOP-A3EGFSV$,4703,,,C:\Windows\System32\svchost.exe
DESKTOP-A3EGFSV$,2026-04-20 18:01:14.331093+00:00,DESKTOP-A3EGFSV$,4703,,,C:\Windows\System32\svchost.exe
DESKTOP-A3EGFSV$,2026-04-20 18:01:14.331280+00:00,DESKTOP-A3EGFSV$,4703,,,C:\Windows\System32\svchost.exe
DESKTOP-A3EGFSV$,2026-04-20 18:01:14.332754+00:00,DESKTOP-A3EGFSV$,4703,,,C:\Windows\System32\svchost.exe
DESKTOP-A3EGFSV$,2026-04-20 18:01:14.332880+00:00,DESKTOP-A3EGFSV$,4703,,,C:\Windows\System32\svchost.exe
DESKTOP-A3EGFSV$,2026-04-20 18:01:14.333794+00:00,DESKTOP-A3EGFSV$,4703,,,C:\Windows\System32\svchost.exe
DESKTOP-A3EGFSV$,2026-04-20 18:01:14.333933+00:00,DESKTOP-A3EGFSV$,4703,,,C:\Windows\System32\svchost.exe
DESKTOP-A3EGFSV$,2026-04-20 18:01:14.334944+00:00,DESKTOP-A3EGFSV$,4703,,,C:\Windows\System32\svchost.exe
DESKTOP-A3EGFSV$,2026-04-20 18:01:14.335077+00:00,DESKTOP-A3EGFSV$,4703,,,C:\Windows\System32\svchost.exe
DESKTOP-A3EGFSV$,2026-04-20 18:01:14.336052+00:00,DESKTOP-A3EGFSV$,4703,,,C:\Windows\System32\svchost.exe
DESKTOP-A3EGFSV$,2026-04-20 18:01:14.336155+00:00,DESKTOP-A3EGFSV$,4703,,,C:\Windows\System32\svchost.exe
DESKTOP-A3EGFSV$,2026-04-20 18:01:14.337408+00:00,DESKTOP-A3EGFSV$,4703,,,C:\Windows\System32\svchost.exe
DESKTOP-A3EGFSV$,2026-04-20 18:01:14.337551+00:00,DESKTOP-A3EGFSV$,4703,,,C:\Windows\System32\svchost.exe
DESKTOP-A3EGFSV$,2026-04-20 18:01:14.338469+00:00,DESKTOP-A3EGFSV$,4703,,,C:\Windows\System32\svchost.exe
DESKTOP-A3EGFSV$,2026-04-20 18:01:14.338612+00:00,DESKTOP-A3EGFSV$,4703,,,C:\Windows\System32\svchost.exe
DESKTOP-A3EGFSV$,2026-04-20 18:01:14.339628+00:00,DESKTOP-A3EGFSV$,4703,,,C:\Windows\System32\svchost.exe
DESKTOP-A3EGFSV$,2026-04-20 18:01:14.339863+00:00,DESKTOP-A3EGFSV$,4703,,,C:\Windows\System32\svchost.exe
DESKTOP-A3EGFSV$,2026-04-20 18:01:14.340740+00:00,DESKTOP-A3EGFSV$,4703,,,C:\Windows\System32\svchost.exe
DESKTOP-A3EGFSV$,2026-04-20 18:01:14.340942+00:00,DESKTOP-A3EGFSV$,4703,,,C:\Windows\System32\svchost.exe
DESKTOP-A3EGFSV$,2026-04-20 18:01:14.342880+00:00,DESKTOP-A3EGFSV$,4703,,,C:\Windows\System32\svchost.exe
DESKTOP-A3EGFSV$,2026-04-20 18:01:14.342989+00:00,DESKTOP-A3EGFSV$,4703,,,C:\Windows\System32\svchost.exe
DESKTOP-A3EGFSV$,2026-04-20 18:01:14.343851+00:00,DESKTOP-A3EGFSV$,4703,,,C:\Windows\System32\svchost.exe
DESKTOP-A3EGFSV$,2026-04-20 18:01:14.343979+00:00,DESKTOP-A3EGFSV$,4703,,,C:\Windows\System32\svchost.exe
DESKTOP-A3EGFSV$,2026-04-20 18:01:14.345058+00:00,DESKTOP-A3EGFSV$,4703,,,C:\Windows\System32\svchost.exe
DESKTOP-A3EGFSV$,2026-04-20 18:01:14.345196+00:00,DESKTOP-A3EGFSV$,4703,,,C:\Windows\System32\svchost.exe
DESKTOP-A3EGFSV$,2026-04-20 18:01:14.346392+00:00,DESKTOP-A3EGFSV$,4703,,,C:\Windows\System32\svchost.exe
DESKTOP-A3EGFSV$,2026-04-20 18:01:14.346535+00:00,DESKTOP-A3EGFSV$,4703,,,C:\Windows\System32\svchost.exe
DESKTOP-A3EGFSV$,2026-04-20 18:01:14.347767+00:00,DESKTOP-A3EGFSV$,4703,,,C:\Windows\System32\svchost.exe
DESKTOP-A3EGFSV$,2026-04-20 18:01:14.347900+00:00,DESKTOP-A3EGFSV$,4703,,,C:\Windows\System32\svchost.exe
DESKTOP-A3EGFSV$,2026-04-20 18:01:14.349688+00:00,DESKTOP-A3EGFSV$,4703,,,C:\Windows\System32\svchost.exe
DESKTOP-A3EGFSV$,2026-04-20 18:01:14.349789+00:00,DESKTOP-A3EGFSV$,4703,,,C:\Windows\System32\svchost.exe
DESKTOP-A3EGFSV$,2026-04-20 18:01:14.350994+00:00,DESKTOP-A3EGFSV$,4703,,,C:\Windows\System32\svchost.exe
DESKTOP-A3EGFSV$,2026-04-20 18:01:14.351225+00:00,DESKTOP-A3EGFSV$,4703,,,C:\Windows\System32\svchost.exe
DESKTOP-A3EGFSV$,2026-04-20 18:01:14.351719+00:00,DESKTOP-A3EGFSV$,4703,,,C:\Windows\System32\svchost.exe
DESKTOP-A3EGFSV$,2026-04-20 18:01:14.351816+00:00,DESKTOP-A3EGFSV$,4703,,,C:\Windows\System32\svchost.exe
DESKTOP-A3EGFSV$,2026-04-20 18:01:14.352446+00:00,DESKTOP-A3EGFSV$,4703,,,C:\Windows\System32\svchost.exe
DESKTOP-A3EGFSV$,2026-04-20 18:01:14.352541+00:00,DESKTOP-A3EGFSV$,4703,,,C:\Windows\System32\svchost.exe
DESKTOP-A3EGFSV$,2026-04-20 18:01:14.353630+00:00,DESKTOP-A3EGFSV$,4703,,,C:\Windows\System32\svchost.exe
DESKTOP-A3EGFSV$,2026-04-20 18:01:14.353729+00:00,DESKTOP-A3EGFSV$,4703,,,C:\Windows\System32\svchost.exe
DESKTOP-A3EGFSV$,2026-04-20 18:01:14.354248+00:00,DESKTOP-A3EGFSV$,4703,,,C:\Windows\System32\svchost.exe
DESKTOP-A3EGFSV$,2026-04-20 18:01:14.354380+00:00,DESKTOP-A3EGFSV$,4703,,,C:\Windows\System32\svchost.exe
DESKTOP-A3EGFSV$,2026-04-20 18:01:14.354904+00:00,DESKTOP-A3EGFSV$,4703,,,C:\Windows\System32\svchost.exe
DESKTOP-A3EGFSV$,2026-04-20 18:01:14.355011+00:00,DESKTOP-A3EGFSV$,4703,,,C:\Windows\System32\svchost.exe
DESKTOP-A3EGFSV$,2026-04-20 18:01:14.356604+00:00,DESKTOP-A3EGFSV$,4703,,,C:\Windows\System32\svchost.exe
DESKTOP-A3EGFSV$,2026-04-20 18:01:14.356737+00:00,DESKTOP-A3EGFSV$,4703,,,C:\Windows\System32\svchost.exe
DESKTOP-A3EGFSV$,2026-04-20 18:01:14.357330+00:00,DESKTOP-A3EGFSV$,4703,,,C:\Windows\System32\svchost.exe
DESKTOP-A3EGFSV$,2026-04-20 18:01:14.357468+00:00,DESKTOP-A3EGFSV$,4703,,,C:\Windows\System32\svchost.exe
DESKTOP-A3EGFSV$,2026-04-20 18:01:14.358297+00:00,DESKTOP-A3EGFSV$,4703,,,C:\Windows\System32\svchost.exe
DESKTOP-A3EGFSV$,2026-04-20 18:01:14.358456+00:00,DESKTOP-A3EGFSV$,4703,,,C:\Windows\System32\svchost.exe
DESKTOP-A3EGFSV$,2026-04-20 18:01:14.359303+00:00,DESKTOP-A3EGFSV$,4703,,,C:\Windows\System32\svchost.exe
DESKTOP-A3EGFSV$,2026-04-20 18:01:14.359451+00:00,DESKTOP-A3EGFSV$,4703,,,C:\Windows\System32\svchost.exe
DESKTOP-A3EGFSV$,2026-04-20 18:01:14.359953+00:00,DESKTOP-A3EGFSV$,4703,,,C:\Windows\System32\svchost.exe
DESKTOP-A3EGFSV$,2026-04-20 18:01:14.360085+00:00,DESKTOP-A3EGFSV$,4703,,,C:\Windows\System32\svchost.exe
DESKTOP-A3EGFSV$,2026-04-20 18:01:14.360699+00:00,DESKTOP-A3EGFSV$,4703,,,C:\Windows\System32\svchost.exe
DESKTOP-A3EGFSV$,2026-04-20 18:01:14.360790+00:00,DESKTOP-A3EGFSV$,4703,,,C:\Windows\System32\svchost.exe
DESKTOP-A3EGFSV$,2026-04-20 18:01:14.362236+00:00,DESKTOP-A3EGFSV$,4703,,,C:\Windows\System32\svchost.exe
DESKTOP-A3EGFSV$,2026-04-20 18:01:14.362385+00:00,DESKTOP-A3EGFSV$,4703,,,C:\Windows\System32\svchost.exe
DESKTOP-A3EGFSV$,2026-04-20 18:01:14.363033+00:00,DESKTOP-A3EGFSV$,4703,,,C:\Windows\System32\svchost.exe
DESKTOP-A3EGFSV$,2026-04-20 18:01:14.363159+00:00,DESKTOP-A3EGFSV$,4703,,,C:\Windows\System32\svchost.exe
DESKTOP-A3EGFSV$,2026-04-20 18:01:14.363752+00:00,DESKTOP-A3EGFSV$,4703,,,C:\Windows\System32\svchost.exe
DESKTOP-A3EGFSV$,2026-04-20 18:01:14.363935+00:00,DESKTOP-A3EGFSV$,4703,,,C:\Windows\System32\svchost.exe
DESKTOP-A3EGFSV$,2026-04-20 18:01:14.365026+00:00,DESKTOP-A3EGFSV$,4703,,,C:\Windows\System32\svchost.exe
DESKTOP-A3EGFSV$,2026-04-20 18:01:14.365170+00:00,DESKTOP-A3EGFSV$,4703,,,C:\Windows\System32\svchost.exe
DESKTOP-A3EGFSV$,2026-04-20 18:01:14.365677+00:00,DESKTOP-A3EGFSV$,4703,,,C:\Windows\System32\svchost.exe
DESKTOP-A3EGFSV$,2026-04-20 18:01:14.365797+00:00,DESKTOP-A3EGFSV$,4703,,,C:\Windows\System32\svchost.exe
DESKTOP-A3EGFSV$,2026-04-20 18:01:14.366755+00:00,DESKTOP-A3EGFSV$,4703,,,C:\Windows\System32\svchost.exe
DESKTOP-A3EGFSV$,2026-04-20 18:01:14.366909+00:00,DESKTOP-A3EGFSV$,4703,,,C:\Windows\System32\svchost.exe
DESKTOP-A3EGFSV$,2026-04-20 18:01:14.368746+00:00,DESKTOP-A3EGFSV$,4703,,,C:\Windows\System32\svchost.exe
DESKTOP-A3EGFSV$,2026-04-20 18:01:14.368893+00:00,DESKTOP-A3EGFSV$,4703,,,C:\Windows\System32\svchost.exe
DESKTOP-A3EGFSV$,2026-04-20 18:01:14.369436+00:00,DESKTOP-A3EGFSV$,4703,,,C:\Windows\System32\svchost.exe
DESKTOP-A3EGFSV$,2026-04-20 18:01:14.369640+00:00,DESKTOP-A3EGFSV$,4703,,,C:\Windows\System32\svchost.exe
DESKTOP-A3EGFSV$,2026-04-20 18:01:14.370056+00:00,DESKTOP-A3EGFSV$,4703,,,C:\Windows\System32\svchost.exe
DESKTOP-A3EGFSV$,2026-04-20 18:01:14.370218+00:00,DESKTOP-A3EGFSV$,4703,,,C:\Windows\System32\svchost.exe
DESKTOP-A3EGFSV$,2026-04-20 18:01:14.372221+00:00,DESKTOP-A3EGFSV$,4703,,,C:\Windows\System32\svchost.exe
DESKTOP-A3EGFSV$,2026-04-20 18:01:14.372402+00:00,DESKTOP-A3EGFSV$,4703,,,C:\Windows\System32\svchost.exe
DESKTOP-A3EGFSV$,2026-04-20 18:01:14.373032+00:00,DESKTOP-A3EGFSV$,4703,,,C:\Windows\System32\svchost.exe
DESKTOP-A3EGFSV$,2026-04-20 18:01:14.373148+00:00,DESKTOP-A3EGFSV$,4703,,,C:\Windows\System32\svchost.exe
DESKTOP-A3EGFSV$,2026-04-20 18:01:14.373745+00:00,DESKTOP-A3EGFSV$,4703,,,C:\Windows\System32\svchost.exe
DESKTOP-A3EGFSV$,2026-04-20 18:01:14.373878+00:00,DESKTOP-A3EGFSV$,4703,,,C:\Windows\System32\svchost.exe
DESKTOP-A3EGFSV$,2026-04-20 18:01:14.375296+00:00,DESKTOP-A3EGFSV$,4703,,,C:\Windows\System32\svchost.exe
DESKTOP-A3EGFSV$,2026-04-20 18:01:14.375462+00:00,DESKTOP-A3EGFSV$,4703,,,C:\Windows\System32\svchost.exe
DESKTOP-A3EGFSV$,2026-04-20 18:01:14.376060+00:00,DESKTOP-A3EGFSV$,4703,,,C:\Windows\System32\svchost.exe
DESKTOP-A3EGFSV$,2026-04-20 18:01:14.376202+00:00,DESKTOP-A3EGFSV$,4703,,,C:\Windows\System32\svchost.exe
DESKTOP-A3EGFSV$,2026-04-20 18:01:14.376818+00:00,DESKTOP-A3EGFSV$,4703,,,C:\Windows\System32\svchost.exe
DESKTOP-A3EGFSV$,2026-04-20 18:01:14.376980+00:00,DESKTOP-A3EGFSV$,4703,,,C:\Windows\System32\svchost.exe
DESKTOP-A3EGFSV$,2026-04-20 18:01:14.378466+00:00,DESKTOP-A3EGFSV$,4703,,,C:\Windows\System32\svchost.exe
DESKTOP-A3EGFSV$,2026-04-20 18:01:14.378597+00:00,DESKTOP-A3EGFSV$,4703,,,C:\Windows\System32\svchost.exe
DESKTOP-A3EGFSV$,2026-04-20 18:01:14.379251+00:00,DESKTOP-A3EGFSV$,4703,,,C:\Windows\System32\svchost.exe
DESKTOP-A3EGFSV$,2026-04-20 18:01:14.379589+00:00,DESKTOP-A3EGFSV$,4703,,,C:\Windows\System32\svchost.exe
DESKTOP-A3EGFSV$,2026-04-20 18:01:14.380373+00:00,DESKTOP-A3EGFSV$,4703,,,C:\Windows\System32\svchost.exe
DESKTOP-A3EGFSV$,2026-04-20 18:01:14.380507+00:00,DESKTOP-A3EGFSV$,4703,,,C:\Windows\System32\svchost.exe
DESKTOP-A3EGFSV$,2026-04-20 18:01:14.381935+00:00,DESKTOP-A3EGFSV$,4703,,,C:\Windows\System32\svchost.exe
DESKTOP-A3EGFSV$,2026-04-20 18:01:14.382507+00:00,DESKTOP-A3EGFSV$,4703,,,C:\Windows\System32\svchost.exe
DESKTOP-A3EGFSV$,2026-04-20 18:01:14.384399+00:00,DESKTOP-A3EGFSV$,4703,,,C:\Windows\System32\svchost.exe
DESKTOP-A3EGFSV$,2026-04-20 18:01:14.384552+00:00,DESKTOP-A3EGFSV$,4703,,,C:\Windows\System32\svchost.exe
DESKTOP-A3EGFSV$,2026-04-20 18:01:14.385069+00:00,DESKTOP-A3EGFSV$,4703,,,C:\Windows\System32\svchost.exe
DESKTOP-A3EGFSV$,2026-04-20 18:01:14.385210+00:00,DESKTOP-A3EGFSV$,4703,,,C:\Windows\System32\svchost.exe
DESKTOP-A3EGFSV$,2026-04-20 18:01:14.386549+00:00,DESKTOP-A3EGFSV$,4703,,,C:\Windows\System32\svchost.exe
DESKTOP-A3EGFSV$,2026-04-20 18:01:14.386690+00:00,DESKTOP-A3EGFSV$,4703,,,C:\Windows\System32\svchost.exe
DESKTOP-A3EGFSV$,2026-04-20 18:01:14.387253+00:00,DESKTOP-A3EGFSV$,4703,,,C:\Windows\System32\svchost.exe
DESKTOP-A3EGFSV$,2026-04-20 18:01:14.387346+00:00,DESKTOP-A3EGFSV$,4703,,,C:\Windows\System32\svchost.exe
DESKTOP-A3EGFSV$,2026-04-20 18:01:14.387835+00:00,DESKTOP-A3EGFSV$,4703,,,C:\Windows\System32\svchost.exe
DESKTOP-A3EGFSV$,2026-04-20 18:01:14.388031+00:00,DESKTOP-A3EGFSV$,4703,,,C:\Windows\System32\svchost.exe
DESKTOP-A3EGFSV$,2026-04-20 18:01:14.388777+00:00,DESKTOP-A3EGFSV$,4703,,,C:\Windows\System32\svchost.exe
DESKTOP-A3EGFSV$,2026-04-20 18:01:14.388895+00:00,DESKTOP-A3EGFSV$,4703,,,C:\Windows\System32\svchost.exe
DESKTOP-A3EGFSV$,2026-04-20 18:01:14.389425+00:00,DESKTOP-A3EGFSV$,4703,,,C:\Windows\System32\svchost.exe
DESKTOP-A3EGFSV$,2026-04-20 18:01:14.389544+00:00,DESKTOP-A3EGFSV$,4703,,,C:\Windows\System32\svchost.exe
DESKTOP-A3EGFSV$,2026-04-20 18:01:14.390177+00:00,DESKTOP-A3EGFSV$,4703,,,C:\Windows\System32\svchost.exe
DESKTOP-A3EGFSV$,2026-04-20 18:01:14.390194+00:00,DESKTOP-A3EGFSV$,4703,,,C:\Windows\System32\svchost.exe
DESKTOP-A3EGFSV$,2026-04-20 18:01:14.390938+00:00,DESKTOP-A3EGFSV$,4703,,,C:\Windows\System32\svchost.exe
DESKTOP-A3EGFSV$,2026-04-20 18:01:14.391066+00:00,DESKTOP-A3EGFSV$,4703,,,C:\Windows\System32\svchost.exe
DESKTOP-A3EGFSV$,2026-04-20 18:01:14.391537+00:00,DESKTOP-A3EGFSV$,4703,,,C:\Windows\System32\svchost.exe
DESKTOP-A3EGFSV$,2026-04-20 18:01:14.391674+00:00,DESKTOP-A3EGFSV$,4703,,,C:\Windows\System32\svchost.exe
DESKTOP-A3EGFSV$,2026-04-20 18:01:14.392729+00:00,DESKTOP-A3EGFSV$,4703,,,C:\Windows\System32\svchost.exe
DESKTOP-A3EGFSV$,2026-04-20 18:01:14.392830+00:00,DESKTOP-A3EGFSV$,4703,,,C:\Windows\System32\svchost.exe
DESKTOP-A3EGFSV$,2026-04-20 18:01:14.394178+00:00,DESKTOP-A3EGFSV$,4703,,,C:\Windows\System32\svchost.exe
DESKTOP-A3EGFSV$,2026-04-20 18:01:14.394306+00:00,DESKTOP-A3EGFSV$,4703,,,C:\Windows\System32\svchost.exe
DESKTOP-A3EGFSV$,2026-04-20 18:01:14.395412+00:00,DESKTOP-A3EGFSV$,4703,,,C:\Windows\System32\svchost.exe
DESKTOP-A3EGFSV$,2026-04-20 18:01:14.395538+00:00,DESKTOP-A3EGFSV$,4703,,,C:\Windows\System32\svchost.exe
DESKTOP-A3EGFSV$,2026-04-20 18:01:14.396549+00:00,DESKTOP-A3EGFSV$,4703,,,C:\Windows\System32\svchost.exe
DESKTOP-A3EGFSV$,2026-04-20 18:01:14.396688+00:00,DESKTOP-A3EGFSV$,4703,,,C:\Windows\System32\svchost.exe
DESKTOP-A3EGFSV$,2026-04-20 18:01:14.397909+00:00,DESKTOP-A3EGFSV$,4703,,,C:\Windows\System32\svchost.exe
DESKTOP-A3EGFSV$,2026-04-20 18:01:14.398037+00:00,DESKTOP-A3EGFSV$,4703,,,C:\Windows\System32\svchost.exe
DESKTOP-A3EGFSV$,2026-04-20 18:01:14.398735+00:00,DESKTOP-A3EGFSV$,4703,,,C:\Windows\System32\svchost.exe
DESKTOP-A3EGFSV$,2026-04-20 18:01:14.399019+00:00,DESKTOP-A3EGFSV$,4703,,,C:\Windows\System32\svchost.exe
DESKTOP-A3EGFSV$,2026-04-20 18:01:14.399714+00:00,DESKTOP-A3EGFSV$,4703,,,C:\Windows\System32\svchost.exe
DESKTOP-A3EGFSV$,2026-04-20 18:01:14.399836+00:00,DESKTOP-A3EGFSV$,4703,,,C:\Windows\System32\svchost.exe
DESKTOP-A3EGFSV$,2026-04-20 18:01:14.400507+00:00,DESKTOP-A3EGFSV$,4703,,,C:\Windows\System32\svchost.exe
DESKTOP-A3EGFSV$,2026-04-20 18:01:14.400633+00:00,DESKTOP-A3EGFSV$,4703,,,C:\Windows\System32\svchost.exe
DESKTOP-A3EGFSV$,2026-04-20 18:01:14.401850+00:00,DESKTOP-A3EGFSV$,4703,,,C:\Windows\System32\svchost.exe
DESKTOP-A3EGFSV$,2026-04-20 18:01:14.401970+00:00,DESKTOP-A3EGFSV$,4703,,,C:\Windows\System32\svchost.exe
DESKTOP-A3EGFSV$,2026-04-20 18:01:14.402643+00:00,DESKTOP-A3EGFSV$,4703,,,C:\Windows\System32\svchost.exe
DESKTOP-A3EGFSV$,2026-04-20 18:01:14.402765+00:00,DESKTOP-A3EGFSV$,4703,,,C:\Windows\System32\svchost.exe
DESKTOP-A3EGFSV$,2026-04-20 18:01:14.403482+00:00,DESKTOP-A3EGFSV$,4703,,,C:\Windows\System32\svchost.exe
DESKTOP-A3EGFSV$,2026-04-20 18:01:14.403631+00:00,DESKTOP-A3EGFSV$,4703,,,C:\Windows\System32\svchost.exe
DESKTOP-A3EGFSV$,2026-04-20 18:01:14.405340+00:00,DESKTOP-A3EGFSV$,4703,,,C:\Windows\System32\svchost.exe
DESKTOP-A3EGFSV$,2026-04-20 18:01:14.405573+00:00,DESKTOP-A3EGFSV$,4703,,,C:\Windows\System32\svchost.exe
DESKTOP-A3EGFSV$,2026-04-20 18:01:14.406668+00:00,DESKTOP-A3EGFSV$,4703,,,C:\Windows\System32\svchost.exe
DESKTOP-A3EGFSV$,2026-04-20 18:01:14.406809+00:00,DESKTOP-A3EGFSV$,4703,,,C:\Windows\System32\svchost.exe
DESKTOP-A3EGFSV$,2026-04-20 18:01:14.407677+00:00,DESKTOP-A3EGFSV$,4703,,,C:\Windows\System32\svchost.exe
DESKTOP-A3EGFSV$,2026-04-20 18:01:14.407787+00:00,DESKTOP-A3EGFSV$,4703,,,C:\Windows\System32\svchost.exe
DESKTOP-A3EGFSV$,2026-04-20 18:01:14.408953+00:00,DESKTOP-A3EGFSV$,4703,,,C:\Windows\System32\svchost.exe
DESKTOP-A3EGFSV$,2026-04-20 18:01:14.409077+00:00,DESKTOP-A3EGFSV$,4703,,,C:\Windows\System32\svchost.exe
DESKTOP-A3EGFSV$,2026-04-20 18:01:14.409952+00:00,DESKTOP-A3EGFSV$,4703,,,C:\Windows\System32\svchost.exe
DESKTOP-A3EGFSV$,2026-04-20 18:01:14.410084+00:00,DESKTOP-A3EGFSV$,4703,,,C:\Windows\System32\svchost.exe
DESKTOP-A3EGFSV$,2026-04-20 18:01:14.410881+00:00,DESKTOP-A3EGFSV$,4703,,,C:\Windows\System32\svchost.exe
DESKTOP-A3EGFSV$,2026-04-20 18:01:14.411005+00:00,DESKTOP-A3EGFSV$,4703,,,C:\Windows\System32\svchost.exe
DESKTOP-A3EGFSV$,2026-04-20 18:01:14.412247+00:00,DESKTOP-A3EGFSV$,4703,,,C:\Windows\System32\svchost.exe
DESKTOP-A3EGFSV$,2026-04-20 18:01:14.412395+00:00,DESKTOP-A3EGFSV$,4703,,,C:\Windows\System32\svchost.exe
DESKTOP-A3EGFSV$,2026-04-20 18:01:14.414261+00:00,DESKTOP-A3EGFSV$,4703,,,C:\Windows\System32\svchost.exe
DESKTOP-A3EGFSV$,2026-04-20 18:01:14.414371+00:00,DESKTOP-A3EGFSV$,4703,,,C:\Windows\System32\svchost.exe
DESKTOP-A3EGFSV$,2026-04-20 18:01:14.415882+00:00,DESKTOP-A3EGFSV$,4703,,,C:\Windows\System32\svchost.exe
DESKTOP-A3EGFSV$,2026-04-20 18:01:14.416016+00:00,DESKTOP-A3EGFSV$,4703,,,C:\Windows\System32\svchost.exe
DESKTOP-A3EGFSV$,2026-04-20 18:01:14.416958+00:00,DESKTOP-A3EGFSV$,4703,,,C:\Windows\System32\svchost.exe
DESKTOP-A3EGFSV$,2026-04-20 18:01:14.417082+00:00,DESKTOP-A3EGFSV$,4703,,,C:\Windows\System32\svchost.exe
DESKTOP-A3EGFSV$,2026-04-20 18:01:14.418283+00:00,DESKTOP-A3EGFSV$,4703,,,C:\Windows\System32\svchost.exe
DESKTOP-A3EGFSV$,2026-04-20 18:01:14.418411+00:00,DESKTOP-A3EGFSV$,4703,,,C:\Windows\System32\svchost.exe
DESKTOP-A3EGFSV$,2026-04-20 18:01:14.419279+00:00,DESKTOP-A3EGFSV$,4703,,,C:\Windows\System32\svchost.exe
DESKTOP-A3EGFSV$,2026-04-20 18:01:14.419405+00:00,DESKTOP-A3EGFSV$,4703,,,C:\Windows\System32\svchost.exe
DESKTOP-A3EGFSV$,2026-04-20 18:01:14.420525+00:00,DESKTOP-A3EGFSV$,4703,,,C:\Windows\System32\svchost.exe
DESKTOP-A3EGFSV$,2026-04-20 18:01:14.420656+00:00,DESKTOP-A3EGFSV$,4703,,,C:\Windows\System32\svchost.exe
DESKTOP-A3EGFSV$,2026-04-20 18:01:14.421604+00:00,DESKTOP-A3EGFSV$,4703,,,C:\Windows\System32\svchost.exe
DESKTOP-A3EGFSV$,2026-04-20 18:01:14.421743+00:00,DESKTOP-A3EGFSV$,4703,,,C:\Windows\System32\svchost.exe
DESKTOP-A3EGFSV$,2026-04-20 18:01:14.423008+00:00,DESKTOP-A3EGFSV$,4703,,,C:\Windows\System32\svchost.exe
DESKTOP-A3EGFSV$,2026-04-20 18:01:14.423141+00:00,DESKTOP-A3EGFSV$,4703,,,C:\Windows\System32\svchost.exe
DESKTOP-A3EGFSV$,2026-04-20 18:01:14.424091+00:00,DESKTOP-A3EGFSV$,4703,,,C:\Windows\System32\svchost.exe
DESKTOP-A3EGFSV$,2026-04-20 18:01:14.424231+00:00,DESKTOP-A3EGFSV$,4703,,,C:\Windows\System32\svchost.exe
DESKTOP-A3EGFSV$,2026-04-20 18:01:14.425047+00:00,DESKTOP-A3EGFSV$,4703,,,C:\Windows\System32\svchost.exe
DESKTOP-A3EGFSV$,2026-04-20 18:01:14.425175+00:00,DESKTOP-A3EGFSV$,4703,,,C:\Windows\System32\svchost.exe
DESKTOP-A3EGFSV$,2026-04-20 18:01:14.426048+00:00,DESKTOP-A3EGFSV$,4703,,,C:\Windows\System32\svchost.exe
DESKTOP-A3EGFSV$,2026-04-20 18:01:14.426188+00:00,DESKTOP-A3EGFSV$,4703,,,C:\Windows\System32\svchost.exe
DESKTOP-A3EGFSV$,2026-04-20 18:01:14.429087+00:00,DESKTOP-A3EGFSV$,4703,,,C:\Windows\System32\svchost.exe
DESKTOP-A3EGFSV$,2026-04-20 18:01:14.429092+00:00,DESKTOP-A3EGFSV$,4703,,,C:\Windows\System32\svchost.exe
DESKTOP-A3EGFSV$,2026-04-20 18:01:14.429094+00:00,DESKTOP-A3EGFSV$,4703,,,C:\Windows\System32\svchost.exe
DESKTOP-A3EGFSV$,2026-04-20 18:01:14.429096+00:00,DESKTOP-A3EGFSV$,4703,,,C:\Windows\System32\svchost.exe
DESKTOP-A3EGFSV$,2026-04-20 18:01:14.430140+00:00,DESKTOP-A3EGFSV$,4703,,,C:\Windows\System32\svchost.exe
DESKTOP-A3EGFSV$,2026-04-20 18:01:14.430676+00:00,DESKTOP-A3EGFSV$,4703,,,C:\Windows\System32\svchost.exe
DESKTOP-A3EGFSV$,2026-04-20 18:01:14.432022+00:00,DESKTOP-A3EGFSV$,4703,,,C:\Windows\System32\svchost.exe
DESKTOP-A3EGFSV$,2026-04-20 18:01:14.432026+00:00,DESKTOP-A3EGFSV$,4703,,,C:\Windows\System32\svchost.exe
DESKTOP-A3EGFSV$,2026-04-20 18:01:14.433069+00:00,DESKTOP-A3EGFSV$,4703,,,C:\Windows\System32\svchost.exe
DESKTOP-A3EGFSV$,2026-04-20 18:01:14.433195+00:00,DESKTOP-A3EGFSV$,4703,,,C:\Windows\System32\svchost.exe
DESKTOP-A3EGFSV$,2026-04-20 18:01:14.433680+00:00,DESKTOP-A3EGFSV$,4703,,,C:\Windows\System32\svchost.exe
DESKTOP-A3EGFSV$,2026-04-20 18:01:14.433809+00:00,DESKTOP-A3EGFSV$,4703,,,C:\Windows\System32\svchost.exe
DESKTOP-A3EGFSV$,2026-04-20 18:01:14.436335+00:00,DESKTOP-A3EGFSV$,4703,,,C:\Windows\System32\svchost.exe
DESKTOP-A3EGFSV$,2026-04-20 18:01:14.436546+00:00,DESKTOP-A3EGFSV$,4703,,,C:\Windows\System32\svchost.exe
DESKTOP-A3EGFSV$,2026-04-20 18:01:14.437347+00:00,DESKTOP-A3EGFSV$,4703,,,C:\Windows\System32\svchost.exe
DESKTOP-A3EGFSV$,2026-04-20 18:01:14.437494+00:00,DESKTOP-A3EGFSV$,4703,,,C:\Windows\System32\svchost.exe
DESKTOP-A3EGFSV$,2026-04-20 18:01:14.438272+00:00,DESKTOP-A3EGFSV$,4703,,,C:\Windows\System32\svchost.exe
DESKTOP-A3EGFSV$,2026-04-20 18:01:14.438377+00:00,DESKTOP-A3EGFSV$,4703,,,C:\Windows\System32\svchost.exe
DESKTOP-A3EGFSV$,2026-04-20 18:01:14.438931+00:00,DESKTOP-A3EGFSV$,4703,,,C:\Windows\System32\svchost.exe
DESKTOP-A3EGFSV$,2026-04-20 18:01:14.439081+00:00,DESKTOP-A3EGFSV$,4703,,,C:\Windows\System32\svchost.exe
DESKTOP-A3EGFSV$,2026-04-20 18:01:14.439617+00:00,DESKTOP-A3EGFSV$,4703,,,C:\Windows\System32\svchost.exe
DESKTOP-A3EGFSV$,2026-04-20 18:01:14.439775+00:00,DESKTOP-A3EGFSV$,4703,,,C:\Windows\System32\svchost.exe
DESKTOP-A3EGFSV$,2026-04-20 18:01:14.440287+00:00,DESKTOP-A3EGFSV$,4703,,,C:\Windows\System32\svchost.exe
DESKTOP-A3EGFSV$,2026-04-20 18:01:14.440424+00:00,DESKTOP-A3EGFSV$,4703,,,C:\Windows\System32\svchost.exe
DESKTOP-A3EGFSV$,2026-04-20 18:01:14.440916+00:00,DESKTOP-A3EGFSV$,4703,,,C:\Windows\System32\svchost.exe
DESKTOP-A3EGFSV$,2026-04-20 18:01:14.441093+00:00,DESKTOP-A3EGFSV$,4703,,,C:\Windows\System32\svchost.exe
DESKTOP-A3EGFSV$,2026-04-20 18:01:14.441580+00:00,DESKTOP-A3EGFSV$,4703,,,C:\Windows\System32\svchost.exe
DESKTOP-A3EGFSV$,2026-04-20 18:01:14.441711+00:00,DESKTOP-A3EGFSV$,4703,,,C:\Windows\System32\svchost.exe
DESKTOP-A3EGFSV$,2026-04-20 18:01:14.442862+00:00,DESKTOP-A3EGFSV$,4703,,,C:\Windows\System32\svchost.exe
DESKTOP-A3EGFSV$,2026-04-20 18:01:14.442995+00:00,DESKTOP-A3EGFSV$,4703,,,C:\Windows\System32\svchost.exe
DESKTOP-A3EGFSV$,2026-04-20 18:01:14.443661+00:00,DESKTOP-A3EGFSV$,4703,,,C:\Windows\System32\svchost.exe
DESKTOP-A3EGFSV$,2026-04-20 18:01:14.443758+00:00,DESKTOP-A3EGFSV$,4703,,,C:\Windows\System32\svchost.exe
DESKTOP-A3EGFSV$,2026-04-20 18:01:14.444399+00:00,DESKTOP-A3EGFSV$,4703,,,C:\Windows\System32\svchost.exe
DESKTOP-A3EGFSV$,2026-04-20 18:01:14.444403+00:00,DESKTOP-A3EGFSV$,4703,,,C:\Windows\System32\svchost.exe
DESKTOP-A3EGFSV$,2026-04-20 18:01:14.445606+00:00,DESKTOP-A3EGFSV$,4703,,,C:\Windows\System32\svchost.exe
DESKTOP-A3EGFSV$,2026-04-20 18:01:14.445810+00:00,DESKTOP-A3EGFSV$,4703,,,C:\Windows\System32\svchost.exe
DESKTOP-A3EGFSV$,2026-04-20 18:01:14.446758+00:00,DESKTOP-A3EGFSV$,4703,,,C:\Windows\System32\svchost.exe
DESKTOP-A3EGFSV$,2026-04-20 18:01:14.446861+00:00,DESKTOP-A3EGFSV$,4703,,,C:\Windows\System32\svchost.exe
DESKTOP-A3EGFSV$,2026-04-20 18:01:14.447388+00:00,DESKTOP-A3EGFSV$,4703,,,C:\Windows\System32\svchost.exe
DESKTOP-A3EGFSV$,2026-04-20 18:01:14.447556+00:00,DESKTOP-A3EGFSV$,4703,,,C:\Windows\System32\svchost.exe
DESKTOP-A3EGFSV$,2026-04-20 18:01:14.448011+00:00,DESKTOP-A3EGFSV$,4703,,,C:\Windows\System32\svchost.exe
DESKTOP-A3EGFSV$,2026-04-20 18:01:14.448151+00:00,DESKTOP-A3EGFSV$,4703,,,C:\Windows\System32\svchost.exe
DESKTOP-A3EGFSV$,2026-04-20 18:01:14.448826+00:00,DESKTOP-A3EGFSV$,4703,,,C:\Windows\System32\svchost.exe
DESKTOP-A3EGFSV$,2026-04-20 18:01:14.448956+00:00,DESKTOP-A3EGFSV$,4703,,,C:\Windows\System32\svchost.exe
DESKTOP-A3EGFSV$,2026-04-20 18:01:14.450169+00:00,DESKTOP-A3EGFSV$,4703,,,C:\Windows\System32\svchost.exe
DESKTOP-A3EGFSV$,2026-04-20 18:01:14.450375+00:00,DESKTOP-A3EGFSV$,4703,,,C:\Windows\System32\svchost.exe
DESKTOP-A3EGFSV$,2026-04-20 18:01:14.451145+00:00,DESKTOP-A3EGFSV$,4703,,,C:\Windows\System32\svchost.exe
DESKTOP-A3EGFSV$,2026-04-20 18:01:14.451227+00:00,DESKTOP-A3EGFSV$,4703,,,C:\Windows\System32\svchost.exe
DESKTOP-A3EGFSV$,2026-04-20 18:01:14.452511+00:00,DESKTOP-A3EGFSV$,4703,,,C:\Windows\System32\svchost.exe
DESKTOP-A3EGFSV$,2026-04-20 18:01:14.452646+00:00,DESKTOP-A3EGFSV$,4703,,,C:\Windows\System32\svchost.exe
DESKTOP-A3EGFSV$,2026-04-20 18:01:14.453531+00:00,DESKTOP-A3EGFSV$,4703,,,C:\Windows\System32\svchost.exe
DESKTOP-A3EGFSV$,2026-04-20 18:01:14.453629+00:00,DESKTOP-A3EGFSV$,4703,,,C:\Windows\System32\svchost.exe
DESKTOP-A3EGFSV$,2026-04-20 18:01:14.454657+00:00,DESKTOP-A3EGFSV$,4703,,,C:\Windows\System32\svchost.exe
DESKTOP-A3EGFSV$,2026-04-20 18:01:14.454802+00:00,DESKTOP-A3EGFSV$,4703,,,C:\Windows\System32\svchost.exe
DESKTOP-A3EGFSV$,2026-04-20 18:01:14.455845+00:00,DESKTOP-A3EGFSV$,4703,,,C:\Windows\System32\svchost.exe
DESKTOP-A3EGFSV$,2026-04-20 18:01:14.455984+00:00,DESKTOP-A3EGFSV$,4703,,,C:\Windows\System32\svchost.exe
DESKTOP-A3EGFSV$,2026-04-20 18:01:14.457043+00:00,DESKTOP-A3EGFSV$,4703,,,C:\Windows\System32\svchost.exe
DESKTOP-A3EGFSV$,2026-04-20 18:01:14.457256+00:00,DESKTOP-A3EGFSV$,4703,,,C:\Windows\System32\svchost.exe
DESKTOP-A3EGFSV$,2026-04-20 18:01:14.457874+00:00,DESKTOP-A3EGFSV$,4703,,,C:\Windows\System32\svchost.exe
DESKTOP-A3EGFSV$,2026-04-20 18:01:14.458040+00:00,DESKTOP-A3EGFSV$,4703,,,C:\Windows\System32\svchost.exe
DESKTOP-A3EGFSV$,2026-04-20 18:01:14.458651+00:00,DESKTOP-A3EGFSV$,4703,,,C:\Windows\System32\svchost.exe
DESKTOP-A3EGFSV$,2026-04-20 18:01:14.458899+00:00,DESKTOP-A3EGFSV$,4703,,,C:\Windows\System32\svchost.exe
DESKTOP-A3EGFSV$,2026-04-20 18:01:14.459427+00:00,DESKTOP-A3EGFSV$,4703,,,C:\Windows\System32\svchost.exe
DESKTOP-A3EGFSV$,2026-04-20 18:01:14.459644+00:00,DESKTOP-A3EGFSV$,4703,,,C:\Windows\System32\svchost.exe
DESKTOP-A3EGFSV$,2026-04-20 18:01:14.460190+00:00,DESKTOP-A3EGFSV$,4703,,,C:\Windows\System32\svchost.exe
DESKTOP-A3EGFSV$,2026-04-20 18:01:14.460300+00:00,DESKTOP-A3EGFSV$,4703,,,C:\Windows\System32\svchost.exe
DESKTOP-A3EGFSV$,2026-04-20 18:01:14.460863+00:00,DESKTOP-A3EGFSV$,4703,,,C:\Windows\System32\svchost.exe
DESKTOP-A3EGFSV$,2026-04-20 18:01:14.461185+00:00,DESKTOP-A3EGFSV$,4703,,,C:\Windows\System32\svchost.exe
DESKTOP-A3EGFSV$,2026-04-20 18:01:14.462357+00:00,DESKTOP-A3EGFSV$,4703,,,C:\Windows\System32\svchost.exe
DESKTOP-A3EGFSV$,2026-04-20 18:01:14.462524+00:00,DESKTOP-A3EGFSV$,4703,,,C:\Windows\System32\svchost.exe
DESKTOP-A3EGFSV$,2026-04-20 18:01:14.463135+00:00,DESKTOP-A3EGFSV$,4703,,,C:\Windows\System32\svchost.exe
DESKTOP-A3EGFSV$,2026-04-20 18:01:14.463356+00:00,DESKTOP-A3EGFSV$,4703,,,C:\Windows\System32\svchost.exe
DESKTOP-A3EGFSV$,2026-04-20 18:01:14.463926+00:00,DESKTOP-A3EGFSV$,4703,,,C:\Windows\System32\svchost.exe
DESKTOP-A3EGFSV$,2026-04-20 18:01:14.464085+00:00,DESKTOP-A3EGFSV$,4703,,,C:\Windows\System32\svchost.exe
DESKTOP-A3EGFSV$,2026-04-20 18:01:14.465040+00:00,DESKTOP-A3EGFSV$,4703,,,C:\Windows\System32\svchost.exe
DESKTOP-A3EGFSV$,2026-04-20 18:01:14.465137+00:00,DESKTOP-A3EGFSV$,4703,,,C:\Windows\System32\svchost.exe
DESKTOP-A3EGFSV$,2026-04-20 18:01:14.466061+00:00,DESKTOP-A3EGFSV$,4703,,,C:\Windows\System32\svchost.exe
DESKTOP-A3EGFSV$,2026-04-20 18:01:14.466244+00:00,DESKTOP-A3EGFSV$,4703,,,C:\Windows\System32\svchost.exe
DESKTOP-A3EGFSV$,2026-04-20 18:01:14.466801+00:00,DESKTOP-A3EGFSV$,4703,,,C:\Windows\System32\svchost.exe
DESKTOP-A3EGFSV$,2026-04-20 18:01:14.466955+00:00,DESKTOP-A3EGFSV$,4703,,,C:\Windows\System32\svchost.exe
DESKTOP-A3EGFSV$,2026-04-20 18:01:14.467470+00:00,DESKTOP-A3EGFSV$,4703,,,C:\Windows\System32\svchost.exe
DESKTOP-A3EGFSV$,2026-04-20 18:01:14.467567+00:00,DESKTOP-A3EGFSV$,4703,,,C:\Windows\System32\svchost.exe
DESKTOP-A3EGFSV$,2026-04-20 18:01:14.468424+00:00,DESKTOP-A3EGFSV$,4703,,,C:\Windows\System32\svchost.exe
DESKTOP-A3EGFSV$,2026-04-20 18:01:14.468555+00:00,DESKTOP-A3EGFSV$,4703,,,C:\Windows\System32\svchost.exe
DESKTOP-A3EGFSV$,2026-04-20 18:01:14.469124+00:00,DESKTOP-A3EGFSV$,4703,,,C:\Windows\System32\svchost.exe
DESKTOP-A3EGFSV$,2026-04-20 18:01:14.469227+00:00,DESKTOP-A3EGFSV$,4703,,,C:\Windows\System32\svchost.exe
DESKTOP-A3EGFSV$,2026-04-20 18:01:14.470034+00:00,DESKTOP-A3EGFSV$,4703,,,C:\Windows\System32\svchost.exe
DESKTOP-A3EGFSV$,2026-04-20 18:01:14.470171+00:00,DESKTOP-A3EGFSV$,4703,,,C:\Windows\System32\svchost.exe
DESKTOP-A3EGFSV$,2026-04-20 18:01:14.470654+00:00,DESKTOP-A3EGFSV$,4703,,,C:\Windows\System32\svchost.exe
DESKTOP-A3EGFSV$,2026-04-20 18:01:14.470785+00:00,DESKTOP-A3EGFSV$,4703,,,C:\Windows\System32\svchost.exe
DESKTOP-A3EGFSV$,2026-04-20 18:01:14.471807+00:00,DESKTOP-A3EGFSV$,4703,,,C:\Windows\System32\svchost.exe
DESKTOP-A3EGFSV$,2026-04-20 18:01:14.472078+00:00,DESKTOP-A3EGFSV$,4703,,,C:\Windows\System32\svchost.exe
DESKTOP-A3EGFSV$,2026-04-20 18:01:14.473360+00:00,DESKTOP-A3EGFSV$,4703,,,C:\Windows\System32\svchost.exe
DESKTOP-A3EGFSV$,2026-04-20 18:01:14.473509+00:00,DESKTOP-A3EGFSV$,4703,,,C:\Windows\System32\svchost.exe
DESKTOP-A3EGFSV$,2026-04-20 18:01:14.474405+00:00,DESKTOP-A3EGFSV$,4703,,,C:\Windows\System32\svchost.exe
DESKTOP-A3EGFSV$,2026-04-20 18:01:14.474831+00:00,DESKTOP-A3EGFSV$,4703,,,C:\Windows\System32\svchost.exe
DESKTOP-A3EGFSV$,2026-04-20 18:01:14.475590+00:00,DESKTOP-A3EGFSV$,4703,,,C:\Windows\System32\svchost.exe
DESKTOP-A3EGFSV$,2026-04-20 18:01:14.475695+00:00,DESKTOP-A3EGFSV$,4703,,,C:\Windows\System32\svchost.exe
DESKTOP-A3EGFSV$,2026-04-20 18:01:14.476187+00:00,DESKTOP-A3EGFSV$,4703,,,C:\Windows\System32\svchost.exe
DESKTOP-A3EGFSV$,2026-04-20 18:01:14.476316+00:00,DESKTOP-A3EGFSV$,4703,,,C:\Windows\System32\svchost.exe
DESKTOP-A3EGFSV$,2026-04-20 18:01:14.476946+00:00,DESKTOP-A3EGFSV$,4703,,,C:\Windows\System32\svchost.exe
DESKTOP-A3EGFSV$,2026-04-20 18:01:14.477087+00:00,DESKTOP-A3EGFSV$,4703,,,C:\Windows\System32\svchost.exe
DESKTOP-A3EGFSV$,2026-04-20 18:01:14.478863+00:00,DESKTOP-A3EGFSV$,4703,,,C:\Windows\System32\svchost.exe
DESKTOP-A3EGFSV$,2026-04-20 18:01:14.479000+00:00,DESKTOP-A3EGFSV$,4703,,,C:\Windows\System32\svchost.exe
DESKTOP-A3EGFSV$,2026-04-20 18:01:14.479715+00:00,DESKTOP-A3EGFSV$,4703,,,C:\Windows\System32\svchost.exe
DESKTOP-A3EGFSV$,2026-04-20 18:01:14.479818+00:00,DESKTOP-A3EGFSV$,4703,,,C:\Windows\System32\svchost.exe
DESKTOP-A3EGFSV$,2026-04-20 18:01:14.480534+00:00,DESKTOP-A3EGFSV$,4703,,,C:\Windows\System32\svchost.exe
DESKTOP-A3EGFSV$,2026-04-20 18:01:14.480692+00:00,DESKTOP-A3EGFSV$,4703,,,C:\Windows\System32\svchost.exe
DESKTOP-A3EGFSV$,2026-04-20 18:01:14.481909+00:00,DESKTOP-A3EGFSV$,4703,,,C:\Windows\System32\svchost.exe
DESKTOP-A3EGFSV$,2026-04-20 18:01:14.482052+00:00,DESKTOP-A3EGFSV$,4703,,,C:\Windows\System32\svchost.exe
DESKTOP-A3EGFSV$,2026-04-20 18:01:14.482567+00:00,DESKTOP-A3EGFSV$,4703,,,C:\Windows\System32\svchost.exe
DESKTOP-A3EGFSV$,2026-04-20 18:01:14.482725+00:00,DESKTOP-A3EGFSV$,4703,,,C:\Windows\System32\svchost.exe
DESKTOP-A3EGFSV$,2026-04-20 18:01:14.483204+00:00,DESKTOP-A3EGFSV$,4703,,,C:\Windows\System32\svchost.exe
DESKTOP-A3EGFSV$,2026-04-20 18:01:14.483330+00:00,DESKTOP-A3EGFSV$,4703,,,C:\Windows\System32\svchost.exe
DESKTOP-A3EGFSV$,2026-04-20 18:01:14.483910+00:00,DESKTOP-A3EGFSV$,4703,,,C:\Windows\System32\svchost.exe
DESKTOP-A3EGFSV$,2026-04-20 18:01:14.484035+00:00,DESKTOP-A3EGFSV$,4703,,,C:\Windows\System32\svchost.exe
DESKTOP-A3EGFSV$,2026-04-20 18:01:14.486204+00:00,DESKTOP-A3EGFSV$,4703,,,C:\Windows\System32\svchost.exe
DESKTOP-A3EGFSV$,2026-04-20 18:01:14.486208+00:00,DESKTOP-A3EGFSV$,4703,,,C:\Windows\System32\svchost.exe
DESKTOP-A3EGFSV$,2026-04-20 18:01:14.486774+00:00,DESKTOP-A3EGFSV$,4703,,,C:\Windows\System32\svchost.exe
DESKTOP-A3EGFSV$,2026-04-20 18:01:14.486780+00:00,DESKTOP-A3EGFSV$,4703,,,C:\Windows\System32\svchost.exe
DESKTOP-A3EGFSV$,2026-04-20 18:01:14.487251+00:00,DESKTOP-A3EGFSV$,4703,,,C:\Windows\System32\svchost.exe
DESKTOP-A3EGFSV$,2026-04-20 18:01:14.487471+00:00,DESKTOP-A3EGFSV$,4703,,,C:\Windows\System32\svchost.exe
DESKTOP-A3EGFSV$,2026-04-20 18:01:14.488024+00:00,DESKTOP-A3EGFSV$,4703,,,C:\Windows\System32\svchost.exe
DESKTOP-A3EGFSV$,2026-04-20 18:01:14.488190+00:00,DESKTOP-A3EGFSV$,4703,,,C:\Windows\System32\svchost.exe
DESKTOP-A3EGFSV$,2026-04-20 18:01:14.488712+00:00,DESKTOP-A3EGFSV$,4703,,,C:\Windows\System32\svchost.exe
DESKTOP-A3EGFSV$,2026-04-20 18:01:14.488871+00:00,DESKTOP-A3EGFSV$,4703,,,C:\Windows\System32\svchost.exe
DESKTOP-A3EGFSV$,2026-04-20 18:01:14.489346+00:00,DESKTOP-A3EGFSV$,4703,,,C:\Windows\System32\svchost.exe
DESKTOP-A3EGFSV$,2026-04-20 18:01:14.489491+00:00,DESKTOP-A3EGFSV$,4703,,,C:\Windows\System32\svchost.exe
DESKTOP-A3EGFSV$,2026-04-20 18:01:14.490255+00:00,DESKTOP-A3EGFSV$,4703,,,C:\Windows\System32\svchost.exe
DESKTOP-A3EGFSV$,2026-04-20 18:01:14.490849+00:00,DESKTOP-A3EGFSV$,4703,,,C:\Windows\System32\svchost.exe
DESKTOP-A3EGFSV$,2026-04-20 18:01:14.491577+00:00,DESKTOP-A3EGFSV$,4703,,,C:\Windows\System32\svchost.exe
DESKTOP-A3EGFSV$,2026-04-20 18:01:14.491673+00:00,DESKTOP-A3EGFSV$,4703,,,C:\Windows\System32\svchost.exe
DESKTOP-A3EGFSV$,2026-04-20 18:01:14.492146+00:00,DESKTOP-A3EGFSV$,4703,,,C:\Windows\System32\svchost.exe
DESKTOP-A3EGFSV$,2026-04-20 18:01:14.492271+00:00,DESKTOP-A3EGFSV$,4703,,,C:\Windows\System32\svchost.exe
DESKTOP-A3EGFSV$,2026-04-20 18:01:14.492773+00:00,DESKTOP-A3EGFSV$,4703,,,C:\Windows\System32\svchost.exe
DESKTOP-A3EGFSV$,2026-04-20 18:01:14.492903+00:00,DESKTOP-A3EGFSV$,4703,,,C:\Windows\System32\svchost.exe
DESKTOP-A3EGFSV$,2026-04-20 18:01:14.493399+00:00,DESKTOP-A3EGFSV$,4703,,,C:\Windows\System32\svchost.exe
DESKTOP-A3EGFSV$,2026-04-20 18:01:14.493526+00:00,DESKTOP-A3EGFSV$,4703,,,C:\Windows\System32\svchost.exe
DESKTOP-A3EGFSV$,2026-04-20 18:01:14.494003+00:00,DESKTOP-A3EGFSV$,4703,,,C:\Windows\System32\svchost.exe
DESKTOP-A3EGFSV$,2026-04-20 18:01:14.494123+00:00,DESKTOP-A3EGFSV$,4703,,,C:\Windows\System32\svchost.exe
DESKTOP-A3EGFSV$,2026-04-20 18:01:14.494596+00:00,DESKTOP-A3EGFSV$,4703,,,C:\Windows\System32\svchost.exe
DESKTOP-A3EGFSV$,2026-04-20 18:01:14.494736+00:00,DESKTOP-A3EGFSV$,4703,,,C:\Windows\System32\svchost.exe
DESKTOP-A3EGFSV$,2026-04-20 18:01:14.495644+00:00,DESKTOP-A3EGFSV$,4703,,,C:\Windows\System32\svchost.exe
DESKTOP-A3EGFSV$,2026-04-20 18:01:14.495741+00:00,DESKTOP-A3EGFSV$,4703,,,C:\Windows\System32\svchost.exe
DESKTOP-A3EGFSV$,2026-04-20 18:01:14.496237+00:00,DESKTOP-A3EGFSV$,4703,,,C:\Windows\System32\svchost.exe
DESKTOP-A3EGFSV$,2026-04-20 18:01:14.496334+00:00,DESKTOP-A3EGFSV$,4703,,,C:\Windows\System32\svchost.exe
DESKTOP-A3EGFSV$,2026-04-20 18:01:14.497463+00:00,DESKTOP-A3EGFSV$,4703,,,C:\Windows\System32\svchost.exe
DESKTOP-A3EGFSV$,2026-04-20 18:01:14.497639+00:00,DESKTOP-A3EGFSV$,4703,,,C:\Windows\System32\svchost.exe
DESKTOP-A3EGFSV$,2026-04-20 18:01:14.498106+00:00,DESKTOP-A3EGFSV$,4703,,,C:\Windows\System32\svchost.exe
DESKTOP-A3EGFSV$,2026-04-20 18:01:14.498238+00:00,DESKTOP-A3EGFSV$,4703,,,C:\Windows\System32\svchost.exe
DESKTOP-A3EGFSV$,2026-04-20 18:01:14.498734+00:00,DESKTOP-A3EGFSV$,4703,,,C:\Windows\System32\svchost.exe
DESKTOP-A3EGFSV$,2026-04-20 18:01:14.498859+00:00,DESKTOP-A3EGFSV$,4703,,,C:\Windows\System32\svchost.exe
DESKTOP-A3EGFSV$,2026-04-20 18:01:14.499344+00:00,DESKTOP-A3EGFSV$,4703,,,C:\Windows\System32\svchost.exe
DESKTOP-A3EGFSV$,2026-04-20 18:01:14.499485+00:00,DESKTOP-A3EGFSV$,4703,,,C:\Windows\System32\svchost.exe
DESKTOP-A3EGFSV$,2026-04-20 18:01:14.499979+00:00,DESKTOP-A3EGFSV$,4703,,,C:\Windows\System32\svchost.exe
DESKTOP-A3EGFSV$,2026-04-20 18:01:14.500109+00:00,DESKTOP-A3EGFSV$,4703,,,C:\Windows\System32\svchost.exe
DESKTOP-A3EGFSV$,2026-04-20 18:01:14.500582+00:00,DESKTOP-A3EGFSV$,4703,,,C:\Windows\System32\svchost.exe
DESKTOP-A3EGFSV$,2026-04-20 18:01:14.500727+00:00,DESKTOP-A3EGFSV$,4703,,,C:\Windows\System32\svchost.exe
DESKTOP-A3EGFSV$,2026-04-20 18:01:14.502504+00:00,DESKTOP-A3EGFSV$,4703,,,C:\Windows\System32\svchost.exe
DESKTOP-A3EGFSV$,2026-04-20 18:01:14.502693+00:00,DESKTOP-A3EGFSV$,4703,,,C:\Windows\System32\svchost.exe
DESKTOP-A3EGFSV$,2026-04-20 18:01:14.503582+00:00,DESKTOP-A3EGFSV$,4703,,,C:\Windows\System32\svchost.exe
DESKTOP-A3EGFSV$,2026-04-20 18:01:14.503696+00:00,DESKTOP-A3EGFSV$,4703,,,C:\Windows\System32\svchost.exe
DESKTOP-A3EGFSV$,2026-04-20 18:01:14.504292+00:00,DESKTOP-A3EGFSV$,4703,,,C:\Windows\System32\svchost.exe
DESKTOP-A3EGFSV$,2026-04-20 18:01:14.504398+00:00,DESKTOP-A3EGFSV$,4703,,,C:\Windows\System32\svchost.exe
DESKTOP-A3EGFSV$,2026-04-20 18:01:14.506178+00:00,DESKTOP-A3EGFSV$,4703,,,C:\Windows\System32\svchost.exe
DESKTOP-A3EGFSV$,2026-04-20 18:01:14.506311+00:00,DESKTOP-A3EGFSV$,4703,,,C:\Windows\System32\svchost.exe
DESKTOP-A3EGFSV$,2026-04-20 18:01:14.506859+00:00,DESKTOP-A3EGFSV$,4703,,,C:\Windows\System32\svchost.exe
DESKTOP-A3EGFSV$,2026-04-20 18:01:14.506989+00:00,DESKTOP-A3EGFSV$,4703,,,C:\Windows\System32\svchost.exe
DESKTOP-A3EGFSV$,2026-04-20 18:01:14.507456+00:00,DESKTOP-A3EGFSV$,4703,,,C:\Windows\System32\svchost.exe
DESKTOP-A3EGFSV$,2026-04-20 18:01:14.507681+00:00,DESKTOP-A3EGFSV$,4703,,,C:\Windows\System32\svchost.exe
DESKTOP-A3EGFSV$,2026-04-20 18:01:14.508852+00:00,DESKTOP-A3EGFSV$,4703,,,C:\Windows\System32\svchost.exe
DESKTOP-A3EGFSV$,2026-04-20 18:01:14.508940+00:00,DESKTOP-A3EGFSV$,4703,,,C:\Windows\System32\svchost.exe
DESKTOP-A3EGFSV$,2026-04-20 18:01:14.509401+00:00,DESKTOP-A3EGFSV$,4703,,,C:\Windows\System32\svchost.exe
DESKTOP-A3EGFSV$,2026-04-20 18:01:14.509550+00:00,DESKTOP-A3EGFSV$,4703,,,C:\Windows\System32\svchost.exe
DESKTOP-A3EGFSV$,2026-04-20 18:01:14.510168+00:00,DESKTOP-A3EGFSV$,4703,,,C:\Windows\System32\svchost.exe
DESKTOP-A3EGFSV$,2026-04-20 18:01:14.510298+00:00,DESKTOP-A3EGFSV$,4703,,,C:\Windows\System32\svchost.exe
DESKTOP-A3EGFSV$,2026-04-20 18:01:14.511181+00:00,DESKTOP-A3EGFSV$,4703,,,C:\Windows\System32\svchost.exe
DESKTOP-A3EGFSV$,2026-04-20 18:01:14.511272+00:00,DESKTOP-A3EGFSV$,4703,,,C:\Windows\System32\svchost.exe
DESKTOP-A3EGFSV$,2026-04-20 18:01:14.512096+00:00,DESKTOP-A3EGFSV$,4703,,,C:\Windows\System32\svchost.exe
DESKTOP-A3EGFSV$,2026-04-20 18:01:14.512220+00:00,DESKTOP-A3EGFSV$,4703,,,C:\Windows\System32\svchost.exe
DESKTOP-A3EGFSV$,2026-04-20 18:01:14.512669+00:00,DESKTOP-A3EGFSV$,4703,,,C:\Windows\System32\svchost.exe
DESKTOP-A3EGFSV$,2026-04-20 18:01:14.512802+00:00,DESKTOP-A3EGFSV$,4703,,,C:\Windows\System32\svchost.exe
DESKTOP-A3EGFSV$,2026-04-20 18:01:14.513262+00:00,DESKTOP-A3EGFSV$,4703,,,C:\Windows\System32\svchost.exe
DESKTOP-A3EGFSV$,2026-04-20 18:01:14.513386+00:00,DESKTOP-A3EGFSV$,4703,,,C:\Windows\System32\svchost.exe
DESKTOP-A3EGFSV$,2026-04-20 18:01:14.513922+00:00,DESKTOP-A3EGFSV$,4703,,,C:\Windows\System32\svchost.exe
DESKTOP-A3EGFSV$,2026-04-20 18:01:14.514063+00:00,DESKTOP-A3EGFSV$,4703,,,C:\Windows\System32\svchost.exe
DESKTOP-A3EGFSV$,2026-04-20 18:01:14.514595+00:00,DESKTOP-A3EGFSV$,4703,,,C:\Windows\System32\svchost.exe
DESKTOP-A3EGFSV$,2026-04-20 18:01:14.514618+00:00,DESKTOP-A3EGFSV$,4703,,,C:\Windows\System32\svchost.exe
DESKTOP-A3EGFSV$,2026-04-20 18:01:14.515074+00:00,DESKTOP-A3EGFSV$,4703,,,C:\Windows\System32\svchost.exe
DESKTOP-A3EGFSV$,2026-04-20 18:01:14.515244+00:00,DESKTOP-A3EGFSV$,4703,,,C:\Windows\System32\svchost.exe
DESKTOP-A3EGFSV$,2026-04-20 18:01:14.515686+00:00,DESKTOP-A3EGFSV$,4703,,,C:\Windows\System32\svchost.exe
DESKTOP-A3EGFSV$,2026-04-20 18:01:14.515812+00:00,DESKTOP-A3EGFSV$,4703,,,C:\Windows\System32\svchost.exe
DESKTOP-A3EGFSV$,2026-04-20 18:01:14.517673+00:00,DESKTOP-A3EGFSV$,4703,,,C:\Windows\System32\svchost.exe
DESKTOP-A3EGFSV$,2026-04-20 18:01:14.517876+00:00,DESKTOP-A3EGFSV$,4703,,,C:\Windows\System32\svchost.exe
DESKTOP-A3EGFSV$,2026-04-20 18:01:14.519165+00:00,DESKTOP-A3EGFSV$,4703,,,C:\Windows\System32\svchost.exe
DESKTOP-A3EGFSV$,2026-04-20 18:01:14.519341+00:00,DESKTOP-A3EGFSV$,4703,,,C:\Windows\System32\svchost.exe
DESKTOP-A3EGFSV$,2026-04-20 18:01:14.520357+00:00,DESKTOP-A3EGFSV$,4703,,,C:\Windows\System32\svchost.exe
DESKTOP-A3EGFSV$,2026-04-20 18:01:14.520693+00:00,DESKTOP-A3EGFSV$,4703,,,C:\Windows\System32\svchost.exe
DESKTOP-A3EGFSV$,2026-04-20 18:01:14.521074+00:00,DESKTOP-A3EGFSV$,4703,,,C:\Windows\System32\svchost.exe
DESKTOP-A3EGFSV$,2026-04-20 18:01:14.521200+00:00,DESKTOP-A3EGFSV$,4703,,,C:\Windows\System32\svchost.exe
DESKTOP-A3EGFSV$,2026-04-20 18:01:14.522202+00:00,DESKTOP-A3EGFSV$,4703,,,C:\Windows\System32\svchost.exe
DESKTOP-A3EGFSV$,2026-04-20 18:01:14.522339+00:00,DESKTOP-A3EGFSV$,4703,,,C:\Windows\System32\svchost.exe
DESKTOP-A3EGFSV$,2026-04-20 18:01:14.522882+00:00,DESKTOP-A3EGFSV$,4703,,,C:\Windows\System32\svchost.exe
DESKTOP-A3EGFSV$,2026-04-20 18:01:14.523058+00:00,DESKTOP-A3EGFSV$,4703,,,C:\Windows\System32\svchost.exe
DESKTOP-A3EGFSV$,2026-04-20 18:01:14.523502+00:00,DESKTOP-A3EGFSV$,4703,,,C:\Windows\System32\svchost.exe
DESKTOP-A3EGFSV$,2026-04-20 18:01:14.523623+00:00,DESKTOP-A3EGFSV$,4703,,,C:\Windows\System32\svchost.exe
DESKTOP-A3EGFSV$,2026-04-20 18:01:14.524734+00:00,DESKTOP-A3EGFSV$,4703,,,C:\Windows\System32\svchost.exe
DESKTOP-A3EGFSV$,2026-04-20 18:01:14.524864+00:00,DESKTOP-A3EGFSV$,4703,,,C:\Windows\System32\svchost.exe
DESKTOP-A3EGFSV$,2026-04-20 18:01:14.525311+00:00,DESKTOP-A3EGFSV$,4703,,,C:\Windows\System32\svchost.exe
DESKTOP-A3EGFSV$,2026-04-20 18:01:14.525442+00:00,DESKTOP-A3EGFSV$,4703,,,C:\Windows\System32\svchost.exe
DESKTOP-A3EGFSV$,2026-04-20 18:01:14.526133+00:00,DESKTOP-A3EGFSV$,4703,,,C:\Windows\System32\svchost.exe
DESKTOP-A3EGFSV$,2026-04-20 18:01:14.526264+00:00,DESKTOP-A3EGFSV$,4703,,,C:\Windows\System32\svchost.exe
DESKTOP-A3EGFSV$,2026-04-20 18:01:14.526724+00:00,DESKTOP-A3EGFSV$,4703,,,C:\Windows\System32\svchost.exe
DESKTOP-A3EGFSV$,2026-04-20 18:01:14.526831+00:00,DESKTOP-A3EGFSV$,4703,,,C:\Windows\System32\svchost.exe
DESKTOP-A3EGFSV$,2026-04-20 18:01:14.527227+00:00,DESKTOP-A3EGFSV$,4703,,,C:\Windows\System32\svchost.exe
DESKTOP-A3EGFSV$,2026-04-20 18:01:14.527321+00:00,DESKTOP-A3EGFSV$,4703,,,C:\Windows\System32\svchost.exe
DESKTOP-A3EGFSV$,2026-04-20 18:01:14.527735+00:00,DESKTOP-A3EGFSV$,4703,,,C:\Windows\System32\svchost.exe
DESKTOP-A3EGFSV$,2026-04-20 18:01:14.527840+00:00,DESKTOP-A3EGFSV$,4703,,,C:\Windows\System32\svchost.exe
DESKTOP-A3EGFSV$,2026-04-20 18:01:14.528627+00:00,DESKTOP-A3EGFSV$,4703,,,C:\Windows\System32\svchost.exe
DESKTOP-A3EGFSV$,2026-04-20 18:01:14.528887+00:00,DESKTOP-A3EGFSV$,4703,,,C:\Windows\System32\svchost.exe
DESKTOP-A3EGFSV$,2026-04-20 18:01:14.529472+00:00,DESKTOP-A3EGFSV$,4703,,,C:\Windows\System32\svchost.exe
DESKTOP-A3EGFSV$,2026-04-20 18:01:14.529600+00:00,DESKTOP-A3EGFSV$,4703,,,C:\Windows\System32\svchost.exe
DESKTOP-A3EGFSV$,2026-04-20 18:01:14.530308+00:00,DESKTOP-A3EGFSV$,4703,,,C:\Windows\System32\svchost.exe
DESKTOP-A3EGFSV$,2026-04-20 18:01:14.530516+00:00,DESKTOP-A3EGFSV$,4703,,,C:\Windows\System32\svchost.exe
DESKTOP-A3EGFSV$,2026-04-20 18:01:14.531633+00:00,DESKTOP-A3EGFSV$,4703,,,C:\Windows\System32\svchost.exe
DESKTOP-A3EGFSV$,2026-04-20 18:01:14.531775+00:00,DESKTOP-A3EGFSV$,4703,,,C:\Windows\System32\svchost.exe
DESKTOP-A3EGFSV$,2026-04-20 18:01:14.533365+00:00,DESKTOP-A3EGFSV$,4703,,,C:\Windows\System32\svchost.exe
DESKTOP-A3EGFSV$,2026-04-20 18:01:14.533503+00:00,DESKTOP-A3EGFSV$,4703,,,C:\Windows\System32\svchost.exe
DESKTOP-A3EGFSV$,2026-04-20 18:01:14.533947+00:00,DESKTOP-A3EGFSV$,4703,,,C:\Windows\System32\svchost.exe
DESKTOP-A3EGFSV$,2026-04-20 18:01:14.534069+00:00,DESKTOP-A3EGFSV$,4703,,,C:\Windows\System32\svchost.exe
DESKTOP-A3EGFSV$,2026-04-20 18:01:14.535690+00:00,DESKTOP-A3EGFSV$,4703,,,C:\Windows\System32\svchost.exe
DESKTOP-A3EGFSV$,2026-04-20 18:01:14.535879+00:00,DESKTOP-A3EGFSV$,4703,,,C:\Windows\System32\svchost.exe
DESKTOP-A3EGFSV$,2026-04-20 18:01:14.537296+00:00,DESKTOP-A3EGFSV$,4703,,,C:\Windows\System32\svchost.exe
DESKTOP-A3EGFSV$,2026-04-20 18:01:14.537529+00:00,DESKTOP-A3EGFSV$,4703,,,C:\Windows\System32\svchost.exe
DESKTOP-A3EGFSV$,2026-04-20 18:01:14.538719+00:00,DESKTOP-A3EGFSV$,4703,,,C:\Windows\System32\svchost.exe
DESKTOP-A3EGFSV$,2026-04-20 18:01:14.538736+00:00,DESKTOP-A3EGFSV$,4703,,,C:\Windows\System32\svchost.exe
DESKTOP-A3EGFSV$,2026-04-20 18:01:14.539755+00:00,DESKTOP-A3EGFSV$,4703,,,C:\Windows\System32\svchost.exe
DESKTOP-A3EGFSV$,2026-04-20 18:01:14.539909+00:00,DESKTOP-A3EGFSV$,4703,,,C:\Windows\System32\svchost.exe
DESKTOP-A3EGFSV$,2026-04-20 18:01:14.540411+00:00,DESKTOP-A3EGFSV$,4703,,,C:\Windows\System32\svchost.exe
DESKTOP-A3EGFSV$,2026-04-20 18:01:14.540533+00:00,DESKTOP-A3EGFSV$,4703,,,C:\Windows\System32\svchost.exe
DESKTOP-A3EGFSV$,2026-04-20 18:01:14.541506+00:00,DESKTOP-A3EGFSV$,4703,,,C:\Windows\System32\svchost.exe
DESKTOP-A3EGFSV$,2026-04-20 18:01:14.541584+00:00,DESKTOP-A3EGFSV$,4703,,,C:\Windows\System32\svchost.exe
DESKTOP-A3EGFSV$,2026-04-20 18:01:14.542122+00:00,DESKTOP-A3EGFSV$,4703,,,C:\Windows\System32\svchost.exe
DESKTOP-A3EGFSV$,2026-04-20 18:01:14.542246+00:00,DESKTOP-A3EGFSV$,4703,,,C:\Windows\System32\svchost.exe
DESKTOP-A3EGFSV$,2026-04-20 18:01:14.542742+00:00,DESKTOP-A3EGFSV$,4703,,,C:\Windows\System32\svchost.exe
DESKTOP-A3EGFSV$,2026-04-20 18:01:14.542856+00:00,DESKTOP-A3EGFSV$,4703,,,C:\Windows\System32\svchost.exe
DESKTOP-A3EGFSV$,2026-04-20 18:01:14.543392+00:00,DESKTOP-A3EGFSV$,4703,,,C:\Windows\System32\svchost.exe
DESKTOP-A3EGFSV$,2026-04-20 18:01:14.543604+00:00,DESKTOP-A3EGFSV$,4703,,,C:\Windows\System32\svchost.exe
DESKTOP-A3EGFSV$,2026-04-20 18:01:14.544147+00:00,DESKTOP-A3EGFSV$,4703,,,C:\Windows\System32\svchost.exe
DESKTOP-A3EGFSV$,2026-04-20 18:01:14.544275+00:00,DESKTOP-A3EGFSV$,4703,,,C:\Windows\System32\svchost.exe
DESKTOP-A3EGFSV$,2026-04-20 18:01:14.545017+00:00,DESKTOP-A3EGFSV$,4703,,,C:\Windows\System32\svchost.exe
DESKTOP-A3EGFSV$,2026-04-20 18:01:14.545156+00:00,DESKTOP-A3EGFSV$,4703,,,C:\Windows\System32\svchost.exe
DESKTOP-A3EGFSV$,2026-04-20 18:01:14.546368+00:00,DESKTOP-A3EGFSV$,4703,,,C:\Windows\System32\svchost.exe
DESKTOP-A3EGFSV$,2026-04-20 18:01:14.546593+00:00,DESKTOP-A3EGFSV$,4703,,,C:\Windows\System32\svchost.exe
DESKTOP-A3EGFSV$,2026-04-20 18:01:14.547686+00:00,DESKTOP-A3EGFSV$,4703,,,C:\Windows\System32\svchost.exe
DESKTOP-A3EGFSV$,2026-04-20 18:01:14.547821+00:00,DESKTOP-A3EGFSV$,4703,,,C:\Windows\System32\svchost.exe
DESKTOP-A3EGFSV$,2026-04-20 18:01:14.548313+00:00,DESKTOP-A3EGFSV$,4703,,,C:\Windows\System32\svchost.exe
DESKTOP-A3EGFSV$,2026-04-20 18:01:14.548512+00:00,DESKTOP-A3EGFSV$,4703,,,C:\Windows\System32\svchost.exe
DESKTOP-A3EGFSV$,2026-04-20 18:01:14.549042+00:00,DESKTOP-A3EGFSV$,4703,,,C:\Windows\System32\svchost.exe
DESKTOP-A3EGFSV$,2026-04-20 18:01:14.549202+00:00,DESKTOP-A3EGFSV$,4703,,,C:\Windows\System32\svchost.exe
DESKTOP-A3EGFSV$,2026-04-20 18:01:14.549973+00:00,DESKTOP-A3EGFSV$,4703,,,C:\Windows\System32\svchost.exe
DESKTOP-A3EGFSV$,2026-04-20 18:01:14.550076+00:00,DESKTOP-A3EGFSV$,4703,,,C:\Windows\System32\svchost.exe
DESKTOP-A3EGFSV$,2026-04-20 18:01:14.551208+00:00,DESKTOP-A3EGFSV$,4703,,,C:\Windows\System32\svchost.exe
DESKTOP-A3EGFSV$,2026-04-20 18:01:14.551414+00:00,DESKTOP-A3EGFSV$,4703,,,C:\Windows\System32\svchost.exe
DESKTOP-A3EGFSV$,2026-04-20 18:01:14.552156+00:00,DESKTOP-A3EGFSV$,4703,,,C:\Windows\System32\svchost.exe
DESKTOP-A3EGFSV$,2026-04-20 18:01:14.552319+00:00,DESKTOP-A3EGFSV$,4703,,,C:\Windows\System32\svchost.exe
DESKTOP-A3EGFSV$,2026-04-20 18:01:14.554155+00:00,DESKTOP-A3EGFSV$,4703,,,C:\Windows\System32\svchost.exe
DESKTOP-A3EGFSV$,2026-04-20 18:01:14.554285+00:00,DESKTOP-A3EGFSV$,4703,,,C:\Windows\System32\svchost.exe
DESKTOP-A3EGFSV$,2026-04-20 18:01:14.555223+00:00,DESKTOP-A3EGFSV$,4703,,,C:\Windows\System32\svchost.exe
DESKTOP-A3EGFSV$,2026-04-20 18:01:14.555408+00:00,DESKTOP-A3EGFSV$,4703,,,C:\Windows\System32\svchost.exe
DESKTOP-A3EGFSV$,2026-04-20 18:01:14.556133+00:00,DESKTOP-A3EGFSV$,4703,,,C:\Windows\System32\svchost.exe
DESKTOP-A3EGFSV$,2026-04-20 18:01:14.556252+00:00,DESKTOP-A3EGFSV$,4703,,,C:\Windows\System32\svchost.exe
DESKTOP-A3EGFSV$,2026-04-20 18:01:14.557560+00:00,DESKTOP-A3EGFSV$,4703,,,C:\Windows\System32\svchost.exe
DESKTOP-A3EGFSV$,2026-04-20 18:01:14.557783+00:00,DESKTOP-A3EGFSV$,4703,,,C:\Windows\System32\svchost.exe
DESKTOP-A3EGFSV$,2026-04-20 18:01:14.558664+00:00,DESKTOP-A3EGFSV$,4703,,,C:\Windows\System32\svchost.exe
DESKTOP-A3EGFSV$,2026-04-20 18:01:14.558870+00:00,DESKTOP-A3EGFSV$,4703,,,C:\Windows\System32\svchost.exe
DESKTOP-A3EGFSV$,2026-04-20 18:01:14.559566+00:00,DESKTOP-A3EGFSV$,4703,,,C:\Windows\System32\svchost.exe
DESKTOP-A3EGFSV$,2026-04-20 18:01:14.559771+00:00,DESKTOP-A3EGFSV$,4703,,,C:\Windows\System32\svchost.exe
DESKTOP-A3EGFSV$,2026-04-20 18:01:14.560230+00:00,DESKTOP-A3EGFSV$,4703,,,C:\Windows\System32\svchost.exe
DESKTOP-A3EGFSV$,2026-04-20 18:01:14.560362+00:00,DESKTOP-A3EGFSV$,4703,,,C:\Windows\System32\svchost.exe
DESKTOP-A3EGFSV$,2026-04-20 18:01:14.560856+00:00,DESKTOP-A3EGFSV$,4703,,,C:\Windows\System32\svchost.exe
DESKTOP-A3EGFSV$,2026-04-20 18:01:14.560957+00:00,DESKTOP-A3EGFSV$,4703,,,C:\Windows\System32\svchost.exe
DESKTOP-A3EGFSV$,2026-04-20 18:01:14.561651+00:00,DESKTOP-A3EGFSV$,4703,,,C:\Windows\System32\svchost.exe
DESKTOP-A3EGFSV$,2026-04-20 18:01:14.561781+00:00,DESKTOP-A3EGFSV$,4703,,,C:\Windows\System32\svchost.exe
DESKTOP-A3EGFSV$,2026-04-20 18:01:14.562576+00:00,DESKTOP-A3EGFSV$,4703,,,C:\Windows\System32\svchost.exe
DESKTOP-A3EGFSV$,2026-04-20 18:01:14.562717+00:00,DESKTOP-A3EGFSV$,4703,,,C:\Windows\System32\svchost.exe
DESKTOP-A3EGFSV$,2026-04-20 18:01:14.563238+00:00,DESKTOP-A3EGFSV$,4703,,,C:\Windows\System32\svchost.exe
DESKTOP-A3EGFSV$,2026-04-20 18:01:14.563381+00:00,DESKTOP-A3EGFSV$,4703,,,C:\Windows\System32\svchost.exe
DESKTOP-A3EGFSV$,2026-04-20 18:01:14.563816+00:00,DESKTOP-A3EGFSV$,4703,,,C:\Windows\System32\svchost.exe
DESKTOP-A3EGFSV$,2026-04-20 18:01:14.563950+00:00,DESKTOP-A3EGFSV$,4703,,,C:\Windows\System32\svchost.exe
DESKTOP-A3EGFSV$,2026-04-20 18:01:14.564482+00:00,DESKTOP-A3EGFSV$,4703,,,C:\Windows\System32\svchost.exe
DESKTOP-A3EGFSV$,2026-04-20 18:01:14.564604+00:00,DESKTOP-A3EGFSV$,4703,,,C:\Windows\System32\svchost.exe
DESKTOP-A3EGFSV$,2026-04-20 18:01:14.565786+00:00,DESKTOP-A3EGFSV$,4703,,,C:\Windows\System32\svchost.exe
DESKTOP-A3EGFSV$,2026-04-20 18:01:14.565916+00:00,DESKTOP-A3EGFSV$,4703,,,C:\Windows\System32\svchost.exe
DESKTOP-A3EGFSV$,2026-04-20 18:01:14.567287+00:00,DESKTOP-A3EGFSV$,4703,,,C:\Windows\System32\svchost.exe
DESKTOP-A3EGFSV$,2026-04-20 18:01:14.567581+00:00,DESKTOP-A3EGFSV$,4703,,,C:\Windows\System32\svchost.exe
DESKTOP-A3EGFSV$,2026-04-20 18:01:14.568052+00:00,DESKTOP-A3EGFSV$,4703,,,C:\Windows\System32\svchost.exe
DESKTOP-A3EGFSV$,2026-04-20 18:01:14.568184+00:00,DESKTOP-A3EGFSV$,4703,,,C:\Windows\System32\svchost.exe
DESKTOP-A3EGFSV$,2026-04-20 18:01:14.568951+00:00,DESKTOP-A3EGFSV$,4703,,,C:\Windows\System32\svchost.exe
DESKTOP-A3EGFSV$,2026-04-20 18:01:14.569098+00:00,DESKTOP-A3EGFSV$,4703,,,C:\Windows\System32\svchost.exe
DESKTOP-A3EGFSV$,2026-04-20 18:01:14.569927+00:00,DESKTOP-A3EGFSV$,4703,,,C:\Windows\System32\svchost.exe
DESKTOP-A3EGFSV$,2026-04-20 18:01:14.570057+00:00,DESKTOP-A3EGFSV$,4703,,,C:\Windows\System32\svchost.exe
DESKTOP-A3EGFSV$,2026-04-20 18:01:14.570797+00:00,DESKTOP-A3EGFSV$,4703,,,C:\Windows\System32\svchost.exe
DESKTOP-A3EGFSV$,2026-04-20 18:01:14.571045+00:00,DESKTOP-A3EGFSV$,4703,,,C:\Windows\System32\svchost.exe
DESKTOP-A3EGFSV$,2026-04-20 18:01:14.571682+00:00,DESKTOP-A3EGFSV$,4703,,,C:\Windows\System32\svchost.exe
DESKTOP-A3EGFSV$,2026-04-20 18:01:14.571800+00:00,DESKTOP-A3EGFSV$,4703,,,C:\Windows\System32\svchost.exe
DESKTOP-A3EGFSV$,2026-04-20 18:01:14.572504+00:00,DESKTOP-A3EGFSV$,4703,,,C:\Windows\System32\svchost.exe
DESKTOP-A3EGFSV$,2026-04-20 18:01:14.572624+00:00,DESKTOP-A3EGFSV$,4703,,,C:\Windows\System32\svchost.exe
DESKTOP-A3EGFSV$,2026-04-20 18:01:14.574234+00:00,DESKTOP-A3EGFSV$,4703,,,C:\Windows\System32\svchost.exe
DESKTOP-A3EGFSV$,2026-04-20 18:01:14.574427+00:00,DESKTOP-A3EGFSV$,4703,,,C:\Windows\System32\svchost.exe
DESKTOP-A3EGFSV$,2026-04-20 18:01:14.575159+00:00,DESKTOP-A3EGFSV$,4703,,,C:\Windows\System32\svchost.exe
DESKTOP-A3EGFSV$,2026-04-20 18:01:14.575281+00:00,DESKTOP-A3EGFSV$,4703,,,C:\Windows\System32\svchost.exe
DESKTOP-A3EGFSV$,2026-04-20 18:01:14.576172+00:00,DESKTOP-A3EGFSV$,4703,,,C:\Windows\System32\svchost.exe
DESKTOP-A3EGFSV$,2026-04-20 18:01:14.576298+00:00,DESKTOP-A3EGFSV$,4703,,,C:\Windows\System32\svchost.exe
DESKTOP-A3EGFSV$,2026-04-20 18:01:14.576914+00:00,DESKTOP-A3EGFSV$,4703,,,C:\Windows\System32\svchost.exe
DESKTOP-A3EGFSV$,2026-04-20 18:01:14.577047+00:00,DESKTOP-A3EGFSV$,4703,,,C:\Windows\System32\svchost.exe
DESKTOP-A3EGFSV$,2026-04-20 18:01:14.577570+00:00,DESKTOP-A3EGFSV$,4703,,,C:\Windows\System32\svchost.exe
DESKTOP-A3EGFSV$,2026-04-20 18:01:14.577694+00:00,DESKTOP-A3EGFSV$,4703,,,C:\Windows\System32\svchost.exe
DESKTOP-A3EGFSV$,2026-04-20 18:01:14.578421+00:00,DESKTOP-A3EGFSV$,4703,,,C:\Windows\System32\svchost.exe
DESKTOP-A3EGFSV$,2026-04-20 18:01:14.578541+00:00,DESKTOP-A3EGFSV$,4703,,,C:\Windows\System32\svchost.exe
DESKTOP-A3EGFSV$,2026-04-20 18:01:14.579882+00:00,DESKTOP-A3EGFSV$,4703,,,C:\Windows\System32\svchost.exe
DESKTOP-A3EGFSV$,2026-04-20 18:01:14.580156+00:00,DESKTOP-A3EGFSV$,4703,,,C:\Windows\System32\svchost.exe
DESKTOP-A3EGFSV$,2026-04-20 18:01:14.580826+00:00,DESKTOP-A3EGFSV$,4703,,,C:\Windows\System32\svchost.exe
DESKTOP-A3EGFSV$,2026-04-20 18:01:14.580965+00:00,DESKTOP-A3EGFSV$,4703,,,C:\Windows\System32\svchost.exe
DESKTOP-A3EGFSV$,2026-04-20 18:01:14.581570+00:00,DESKTOP-A3EGFSV$,4703,,,C:\Windows\System32\svchost.exe
DESKTOP-A3EGFSV$,2026-04-20 18:01:14.581699+00:00,DESKTOP-A3EGFSV$,4703,,,C:\Windows\System32\svchost.exe
DESKTOP-A3EGFSV$,2026-04-20 18:01:14.583321+00:00,DESKTOP-A3EGFSV$,4703,,,C:\Windows\System32\svchost.exe
DESKTOP-A3EGFSV$,2026-04-20 18:01:14.583483+00:00,DESKTOP-A3EGFSV$,4703,,,C:\Windows\System32\svchost.exe
DESKTOP-A3EGFSV$,2026-04-20 18:01:14.584410+00:00,DESKTOP-A3EGFSV$,4703,,,C:\Windows\System32\svchost.exe
DESKTOP-A3EGFSV$,2026-04-20 18:01:14.584511+00:00,DESKTOP-A3EGFSV$,4703,,,C:\Windows\System32\svchost.exe
DESKTOP-A3EGFSV$,2026-04-20 18:01:14.585598+00:00,DESKTOP-A3EGFSV$,4703,,,C:\Windows\System32\svchost.exe
DESKTOP-A3EGFSV$,2026-04-20 18:01:14.585722+00:00,DESKTOP-A3EGFSV$,4703,,,C:\Windows\System32\svchost.exe
DESKTOP-A3EGFSV$,2026-04-20 18:01:14.586489+00:00,DESKTOP-A3EGFSV$,4703,,,C:\Windows\System32\svchost.exe
DESKTOP-A3EGFSV$,2026-04-20 18:01:14.586611+00:00,DESKTOP-A3EGFSV$,4703,,,C:\Windows\System32\svchost.exe
DESKTOP-A3EGFSV$,2026-04-20 18:01:14.587303+00:00,DESKTOP-A3EGFSV$,4703,,,C:\Windows\System32\svchost.exe
DESKTOP-A3EGFSV$,2026-04-20 18:01:14.587448+00:00,DESKTOP-A3EGFSV$,4703,,,C:\Windows\System32\svchost.exe
DESKTOP-A3EGFSV$,2026-04-20 18:01:14.588108+00:00,DESKTOP-A3EGFSV$,4703,,,C:\Windows\System32\svchost.exe
DESKTOP-A3EGFSV$,2026-04-20 18:01:14.588234+00:00,DESKTOP-A3EGFSV$,4703,,,C:\Windows\System32\svchost.exe
DESKTOP-A3EGFSV$,2026-04-20 18:01:14.588684+00:00,DESKTOP-A3EGFSV$,4703,,,C:\Windows\System32\svchost.exe
DESKTOP-A3EGFSV$,2026-04-20 18:01:14.588812+00:00,DESKTOP-A3EGFSV$,4703,,,C:\Windows\System32\svchost.exe
DESKTOP-A3EGFSV$,2026-04-20 18:01:14.589924+00:00,DESKTOP-A3EGFSV$,4703,,,C:\Windows\System32\svchost.exe
DESKTOP-A3EGFSV$,2026-04-20 18:01:14.590052+00:00,DESKTOP-A3EGFSV$,4703,,,C:\Windows\System32\svchost.exe
DESKTOP-A3EGFSV$,2026-04-20 18:01:14.590517+00:00,DESKTOP-A3EGFSV$,4703,,,C:\Windows\System32\svchost.exe
DESKTOP-A3EGFSV$,2026-04-20 18:01:14.590641+00:00,DESKTOP-A3EGFSV$,4703,,,C:\Windows\System32\svchost.exe
DESKTOP-A3EGFSV$,2026-04-20 18:01:14.591133+00:00,DESKTOP-A3EGFSV$,4703,,,C:\Windows\System32\svchost.exe
DESKTOP-A3EGFSV$,2026-04-20 18:01:14.591213+00:00,DESKTOP-A3EGFSV$,4703,,,C:\Windows\System32\svchost.exe
DESKTOP-A3EGFSV$,2026-04-20 18:01:14.592049+00:00,DESKTOP-A3EGFSV$,4703,,,C:\Windows\System32\svchost.exe
DESKTOP-A3EGFSV$,2026-04-20 18:01:14.592215+00:00,DESKTOP-A3EGFSV$,4703,,,C:\Windows\System32\svchost.exe
DESKTOP-A3EGFSV$,2026-04-20 18:01:14.593040+00:00,DESKTOP-A3EGFSV$,4703,,,C:\Windows\System32\svchost.exe
DESKTOP-A3EGFSV$,2026-04-20 18:01:14.593201+00:00,DESKTOP-A3EGFSV$,4703,,,C:\Windows\System32\svchost.exe
DESKTOP-A3EGFSV$,2026-04-20 18:01:14.593952+00:00,DESKTOP-A3EGFSV$,4703,,,C:\Windows\System32\svchost.exe
DESKTOP-A3EGFSV$,2026-04-20 18:01:14.594072+00:00,DESKTOP-A3EGFSV$,4703,,,C:\Windows\System32\svchost.exe
DESKTOP-A3EGFSV$,2026-04-20 18:01:14.594519+00:00,DESKTOP-A3EGFSV$,4703,,,C:\Windows\System32\svchost.exe
DESKTOP-A3EGFSV$,2026-04-20 18:01:14.594658+00:00,DESKTOP-A3EGFSV$,4703,,,C:\Windows\System32\svchost.exe
DESKTOP-A3EGFSV$,2026-04-20 18:01:14.595110+00:00,DESKTOP-A3EGFSV$,4703,,,C:\Windows\System32\svchost.exe
DESKTOP-A3EGFSV$,2026-04-20 18:01:14.595228+00:00,DESKTOP-A3EGFSV$,4703,,,C:\Windows\System32\svchost.exe
DESKTOP-A3EGFSV$,2026-04-20 18:01:14.595678+00:00,DESKTOP-A3EGFSV$,4703,,,C:\Windows\System32\svchost.exe
DESKTOP-A3EGFSV$,2026-04-20 18:01:14.595797+00:00,DESKTOP-A3EGFSV$,4703,,,C:\Windows\System32\svchost.exe
DESKTOP-A3EGFSV$,2026-04-20 18:01:14.597233+00:00,DESKTOP-A3EGFSV$,4703,,,C:\Windows\System32\svchost.exe
DESKTOP-A3EGFSV$,2026-04-20 18:01:14.597359+00:00,DESKTOP-A3EGFSV$,4703,,,C:\Windows\System32\svchost.exe
DESKTOP-A3EGFSV$,2026-04-20 18:01:14.598383+00:00,DESKTOP-A3EGFSV$,4703,,,C:\Windows\System32\svchost.exe
DESKTOP-A3EGFSV$,2026-04-20 18:01:14.598707+00:00,DESKTOP-A3EGFSV$,4703,,,C:\Windows\System32\svchost.exe
DESKTOP-A3EGFSV$,2026-04-20 18:01:14.599691+00:00,DESKTOP-A3EGFSV$,4703,,,C:\Windows\System32\svchost.exe
DESKTOP-A3EGFSV$,2026-04-20 18:01:14.599836+00:00,DESKTOP-A3EGFSV$,4703,,,C:\Windows\System32\svchost.exe
DESKTOP-A3EGFSV$,2026-04-20 18:01:14.600544+00:00,DESKTOP-A3EGFSV$,4703,,,C:\Windows\System32\svchost.exe
DESKTOP-A3EGFSV$,2026-04-20 18:01:14.600668+00:00,DESKTOP-A3EGFSV$,4703,,,C:\Windows\System32\svchost.exe
DESKTOP-A3EGFSV$,2026-04-20 18:01:14.601479+00:00,DESKTOP-A3EGFSV$,4703,,,C:\Windows\System32\svchost.exe
DESKTOP-A3EGFSV$,2026-04-20 18:01:14.601624+00:00,DESKTOP-A3EGFSV$,4703,,,C:\Windows\System32\svchost.exe
DESKTOP-A3EGFSV$,2026-04-20 18:01:14.602432+00:00,DESKTOP-A3EGFSV$,4703,,,C:\Windows\System32\svchost.exe
DESKTOP-A3EGFSV$,2026-04-20 18:01:14.602558+00:00,DESKTOP-A3EGFSV$,4703,,,C:\Windows\System32\svchost.exe
DESKTOP-A3EGFSV$,2026-04-20 18:01:14.603107+00:00,DESKTOP-A3EGFSV$,4703,,,C:\Windows\System32\svchost.exe
DESKTOP-A3EGFSV$,2026-04-20 18:01:14.603155+00:00,DESKTOP-A3EGFSV$,4703,,,C:\Windows\System32\svchost.exe
DESKTOP-A3EGFSV$,2026-04-20 18:01:14.604683+00:00,DESKTOP-A3EGFSV$,4703,,,C:\Windows\System32\svchost.exe
DESKTOP-A3EGFSV$,2026-04-20 18:01:14.604805+00:00,DESKTOP-A3EGFSV$,4703,,,C:\Windows\System32\svchost.exe
DESKTOP-A3EGFSV$,2026-04-20 18:01:14.605642+00:00,DESKTOP-A3EGFSV$,4703,,,C:\Windows\System32\svchost.exe
DESKTOP-A3EGFSV$,2026-04-20 18:01:14.605778+00:00,DESKTOP-A3EGFSV$,4703,,,C:\Windows\System32\svchost.exe
DESKTOP-A3EGFSV$,2026-04-20 18:01:14.606911+00:00,DESKTOP-A3EGFSV$,4703,,,C:\Windows\System32\svchost.exe
DESKTOP-A3EGFSV$,2026-04-20 18:01:14.607119+00:00,DESKTOP-A3EGFSV$,4703,,,C:\Windows\System32\svchost.exe
DESKTOP-A3EGFSV$,2026-04-20 18:01:14.607809+00:00,DESKTOP-A3EGFSV$,4703,,,C:\Windows\System32\svchost.exe
DESKTOP-A3EGFSV$,2026-04-20 18:01:14.607952+00:00,DESKTOP-A3EGFSV$,4703,,,C:\Windows\System32\svchost.exe
DESKTOP-A3EGFSV$,2026-04-20 18:01:14.608599+00:00,DESKTOP-A3EGFSV$,4703,,,C:\Windows\System32\svchost.exe
DESKTOP-A3EGFSV$,2026-04-20 18:01:14.608727+00:00,DESKTOP-A3EGFSV$,4703,,,C:\Windows\System32\svchost.exe
DESKTOP-A3EGFSV$,2026-04-20 18:01:14.609547+00:00,DESKTOP-A3EGFSV$,4703,,,C:\Windows\System32\svchost.exe
DESKTOP-A3EGFSV$,2026-04-20 18:01:14.609669+00:00,DESKTOP-A3EGFSV$,4703,,,C:\Windows\System32\svchost.exe
DESKTOP-A3EGFSV$,2026-04-20 18:01:14.610395+00:00,DESKTOP-A3EGFSV$,4703,,,C:\Windows\System32\svchost.exe
DESKTOP-A3EGFSV$,2026-04-20 18:01:14.610569+00:00,DESKTOP-A3EGFSV$,4703,,,C:\Windows\System32\svchost.exe
DESKTOP-A3EGFSV$,2026-04-20 18:01:14.611603+00:00,DESKTOP-A3EGFSV$,4703,,,C:\Windows\System32\svchost.exe
DESKTOP-A3EGFSV$,2026-04-20 18:01:14.611744+00:00,DESKTOP-A3EGFSV$,4703,,,C:\Windows\System32\svchost.exe
DESKTOP-A3EGFSV$,2026-04-20 18:01:14.612461+00:00,DESKTOP-A3EGFSV$,4703,,,C:\Windows\System32\svchost.exe
DESKTOP-A3EGFSV$,2026-04-20 18:01:14.612583+00:00,DESKTOP-A3EGFSV$,4703,,,C:\Windows\System32\svchost.exe
DESKTOP-A3EGFSV$,2026-04-20 18:01:14.613331+00:00,DESKTOP-A3EGFSV$,4703,,,C:\Windows\System32\svchost.exe
DESKTOP-A3EGFSV$,2026-04-20 18:01:14.613462+00:00,DESKTOP-A3EGFSV$,4703,,,C:\Windows\System32\svchost.exe
DESKTOP-A3EGFSV$,2026-04-20 18:01:14.614149+00:00,DESKTOP-A3EGFSV$,4703,,,C:\Windows\System32\svchost.exe
DESKTOP-A3EGFSV$,2026-04-20 18:01:14.614563+00:00,DESKTOP-A3EGFSV$,4703,,,C:\Windows\System32\svchost.exe
DESKTOP-A3EGFSV$,2026-04-20 18:01:14.615574+00:00,DESKTOP-A3EGFSV$,4703,,,C:\Windows\System32\svchost.exe
DESKTOP-A3EGFSV$,2026-04-20 18:01:14.615704+00:00,DESKTOP-A3EGFSV$,4703,,,C:\Windows\System32\svchost.exe
DESKTOP-A3EGFSV$,2026-04-20 18:01:14.616779+00:00,DESKTOP-A3EGFSV$,4703,,,C:\Windows\System32\svchost.exe
DESKTOP-A3EGFSV$,2026-04-20 18:01:14.617002+00:00,DESKTOP-A3EGFSV$,4703,,,C:\Windows\System32\svchost.exe
DESKTOP-A3EGFSV$,2026-04-20 18:01:14.617464+00:00,DESKTOP-A3EGFSV$,4703,,,C:\Windows\System32\svchost.exe
DESKTOP-A3EGFSV$,2026-04-20 18:01:14.617538+00:00,DESKTOP-A3EGFSV$,4703,,,C:\Windows\System32\svchost.exe
DESKTOP-A3EGFSV$,2026-04-20 18:01:14.618458+00:00,DESKTOP-A3EGFSV$,4703,,,C:\Windows\System32\svchost.exe
DESKTOP-A3EGFSV$,2026-04-20 18:01:14.618582+00:00,DESKTOP-A3EGFSV$,4703,,,C:\Windows\System32\svchost.exe
DESKTOP-A3EGFSV$,2026-04-20 18:01:14.619278+00:00,DESKTOP-A3EGFSV$,4703,,,C:\Windows\System32\svchost.exe
DESKTOP-A3EGFSV$,2026-04-20 18:01:14.619423+00:00,DESKTOP-A3EGFSV$,4703,,,C:\Windows\System32\svchost.exe
DESKTOP-A3EGFSV$,2026-04-20 18:01:14.619967+00:00,DESKTOP-A3EGFSV$,4703,,,C:\Windows\System32\svchost.exe
DESKTOP-A3EGFSV$,2026-04-20 18:01:14.620117+00:00,DESKTOP-A3EGFSV$,4703,,,C:\Windows\System32\svchost.exe
DESKTOP-A3EGFSV$,2026-04-20 18:01:14.620565+00:00,DESKTOP-A3EGFSV$,4703,,,C:\Windows\System32\svchost.exe
DESKTOP-A3EGFSV$,2026-04-20 18:01:14.620693+00:00,DESKTOP-A3EGFSV$,4703,,,C:\Windows\System32\svchost.exe
DESKTOP-A3EGFSV$,2026-04-20 18:01:14.621126+00:00,DESKTOP-A3EGFSV$,4703,,,C:\Windows\System32\svchost.exe
DESKTOP-A3EGFSV$,2026-04-20 18:01:14.621273+00:00,DESKTOP-A3EGFSV$,4703,,,C:\Windows\System32\svchost.exe
DESKTOP-A3EGFSV$,2026-04-20 18:01:14.623203+00:00,DESKTOP-A3EGFSV$,4703,,,C:\Windows\System32\svchost.exe
DESKTOP-A3EGFSV$,2026-04-20 18:01:14.623400+00:00,DESKTOP-A3EGFSV$,4703,,,C:\Windows\System32\svchost.exe
DESKTOP-A3EGFSV$,2026-04-20 18:01:14.624601+00:00,DESKTOP-A3EGFSV$,4703,,,C:\Windows\System32\svchost.exe
DESKTOP-A3EGFSV$,2026-04-20 18:01:14.624784+00:00,DESKTOP-A3EGFSV$,4703,,,C:\Windows\System32\svchost.exe
DESKTOP-A3EGFSV$,2026-04-20 18:01:14.626024+00:00,DESKTOP-A3EGFSV$,4703,,,C:\Windows\System32\svchost.exe
DESKTOP-A3EGFSV$,2026-04-20 18:01:14.626169+00:00,DESKTOP-A3EGFSV$,4703,,,C:\Windows\System32\svchost.exe
DESKTOP-A3EGFSV$,2026-04-20 18:01:14.626638+00:00,DESKTOP-A3EGFSV$,4703,,,C:\Windows\System32\svchost.exe
DESKTOP-A3EGFSV$,2026-04-20 18:01:14.626772+00:00,DESKTOP-A3EGFSV$,4703,,,C:\Windows\System32\svchost.exe
DESKTOP-A3EGFSV$,2026-04-20 18:01:14.627802+00:00,DESKTOP-A3EGFSV$,4703,,,C:\Windows\System32\svchost.exe
DESKTOP-A3EGFSV$,2026-04-20 18:01:14.627928+00:00,DESKTOP-A3EGFSV$,4703,,,C:\Windows\System32\svchost.exe
DESKTOP-A3EGFSV$,2026-04-20 18:01:14.628658+00:00,DESKTOP-A3EGFSV$,4703,,,C:\Windows\System32\svchost.exe
DESKTOP-A3EGFSV$,2026-04-20 18:01:14.628788+00:00,DESKTOP-A3EGFSV$,4703,,,C:\Windows\System32\svchost.exe
DESKTOP-A3EGFSV$,2026-04-20 18:01:14.629250+00:00,DESKTOP-A3EGFSV$,4703,,,C:\Windows\System32\svchost.exe
DESKTOP-A3EGFSV$,2026-04-20 18:01:14.629381+00:00,DESKTOP-A3EGFSV$,4703,,,C:\Windows\System32\svchost.exe
DESKTOP-A3EGFSV$,2026-04-20 18:01:14.630503+00:00,DESKTOP-A3EGFSV$,4703,,,C:\Windows\System32\svchost.exe
DESKTOP-A3EGFSV$,2026-04-20 18:01:14.630600+00:00,DESKTOP-A3EGFSV$,4703,,,C:\Windows\System32\svchost.exe
DESKTOP-A3EGFSV$,2026-04-20 18:01:14.631071+00:00,DESKTOP-A3EGFSV$,4703,,,C:\Windows\System32\svchost.exe
DESKTOP-A3EGFSV$,2026-04-20 18:01:14.631254+00:00,DESKTOP-A3EGFSV$,4703,,,C:\Windows\System32\svchost.exe
DESKTOP-A3EGFSV$,2026-04-20 18:01:14.631977+00:00,DESKTOP-A3EGFSV$,4703,,,C:\Windows\System32\svchost.exe
DESKTOP-A3EGFSV$,2026-04-20 18:01:14.632078+00:00,DESKTOP-A3EGFSV$,4703,,,C:\Windows\System32\svchost.exe
DESKTOP-A3EGFSV$,2026-04-20 18:01:14.632864+00:00,DESKTOP-A3EGFSV$,4703,,,C:\Windows\System32\svchost.exe
DESKTOP-A3EGFSV$,2026-04-20 18:01:14.632992+00:00,DESKTOP-A3EGFSV$,4703,,,C:\Windows\System32\svchost.exe
DESKTOP-A3EGFSV$,2026-04-20 18:01:14.634047+00:00,DESKTOP-A3EGFSV$,4703,,,C:\Windows\System32\svchost.exe
DESKTOP-A3EGFSV$,2026-04-20 18:01:14.634218+00:00,DESKTOP-A3EGFSV$,4703,,,C:\Windows\System32\svchost.exe
DESKTOP-A3EGFSV$,2026-04-20 18:01:14.634851+00:00,DESKTOP-A3EGFSV$,4703,,,C:\Windows\System32\svchost.exe
DESKTOP-A3EGFSV$,2026-04-20 18:01:14.635050+00:00,DESKTOP-A3EGFSV$,4703,,,C:\Windows\System32\svchost.exe
DESKTOP-A3EGFSV$,2026-04-20 18:01:14.635784+00:00,DESKTOP-A3EGFSV$,4703,,,C:\Windows\System32\svchost.exe
DESKTOP-A3EGFSV$,2026-04-20 18:01:14.635910+00:00,DESKTOP-A3EGFSV$,4703,,,C:\Windows\System32\svchost.exe
DESKTOP-A3EGFSV$,2026-04-20 18:01:14.636606+00:00,DESKTOP-A3EGFSV$,4703,,,C:\Windows\System32\svchost.exe
DESKTOP-A3EGFSV$,2026-04-20 18:01:14.636738+00:00,DESKTOP-A3EGFSV$,4703,,,C:\Windows\System32\svchost.exe
DESKTOP-A3EGFSV$,2026-04-20 18:01:14.637470+00:00,DESKTOP-A3EGFSV$,4703,,,C:\Windows\System32\svchost.exe
DESKTOP-A3EGFSV$,2026-04-20 18:01:14.637598+00:00,DESKTOP-A3EGFSV$,4703,,,C:\Windows\System32\svchost.exe
DESKTOP-A3EGFSV$,2026-04-20 18:01:14.638525+00:00,DESKTOP-A3EGFSV$,4703,,,C:\Windows\System32\svchost.exe
DESKTOP-A3EGFSV$,2026-04-20 18:01:14.638630+00:00,DESKTOP-A3EGFSV$,4703,,,C:\Windows\System32\svchost.exe
DESKTOP-A3EGFSV$,2026-04-20 18:01:14.640722+00:00,DESKTOP-A3EGFSV$,4703,,,C:\Windows\System32\svchost.exe
DESKTOP-A3EGFSV$,2026-04-20 18:01:14.640871+00:00,DESKTOP-A3EGFSV$,4703,,,C:\Windows\System32\svchost.exe
DESKTOP-A3EGFSV$,2026-04-20 18:01:14.642015+00:00,DESKTOP-A3EGFSV$,4703,,,C:\Windows\System32\svchost.exe
DESKTOP-A3EGFSV$,2026-04-20 18:01:14.642220+00:00,DESKTOP-A3EGFSV$,4703,,,C:\Windows\System32\svchost.exe
DESKTOP-A3EGFSV$,2026-04-20 18:01:14.646841+00:00,DESKTOP-A3EGFSV$,4703,,,C:\Windows\System32\svchost.exe
DESKTOP-A3EGFSV$,2026-04-20 18:01:14.647045+00:00,DESKTOP-A3EGFSV$,4703,,,C:\Windows\System32\svchost.exe
DESKTOP-A3EGFSV$,2026-04-20 18:01:14.648396+00:00,DESKTOP-A3EGFSV$,4703,,,C:\Windows\System32\svchost.exe
DESKTOP-A3EGFSV$,2026-04-20 18:01:14.648525+00:00,DESKTOP-A3EGFSV$,4703,,,C:\Windows\System32\svchost.exe
DESKTOP-A3EGFSV$,2026-04-20 18:01:14.649347+00:00,DESKTOP-A3EGFSV$,4703,,,C:\Windows\System32\svchost.exe
DESKTOP-A3EGFSV$,2026-04-20 18:01:14.649477+00:00,DESKTOP-A3EGFSV$,4703,,,C:\Windows\System32\svchost.exe
DESKTOP-A3EGFSV$,2026-04-20 18:01:14.650808+00:00,DESKTOP-A3EGFSV$,4703,,,C:\Windows\System32\svchost.exe
DESKTOP-A3EGFSV$,2026-04-20 18:01:14.651007+00:00,DESKTOP-A3EGFSV$,4703,,,C:\Windows\System32\svchost.exe
DESKTOP-A3EGFSV$,2026-04-20 18:01:14.652130+00:00,DESKTOP-A3EGFSV$,4703,,,C:\Windows\System32\svchost.exe
DESKTOP-A3EGFSV$,2026-04-20 18:01:14.652277+00:00,DESKTOP-A3EGFSV$,4703,,,C:\Windows\System32\svchost.exe
DESKTOP-A3EGFSV$,2026-04-20 18:01:14.653292+00:00,DESKTOP-A3EGFSV$,4703,,,C:\Windows\System32\svchost.exe
DESKTOP-A3EGFSV$,2026-04-20 18:01:14.653421+00:00,DESKTOP-A3EGFSV$,4703,,,C:\Windows\System32\svchost.exe
DESKTOP-A3EGFSV$,2026-04-20 18:01:14.654396+00:00,DESKTOP-A3EGFSV$,4703,,,C:\Windows\System32\svchost.exe
DESKTOP-A3EGFSV$,2026-04-20 18:01:14.654522+00:00,DESKTOP-A3EGFSV$,4703,,,C:\Windows\System32\svchost.exe
DESKTOP-A3EGFSV$,2026-04-20 18:01:14.657106+00:00,DESKTOP-A3EGFSV$,4703,,,C:\Windows\System32\svchost.exe
DESKTOP-A3EGFSV$,2026-04-20 18:01:14.657310+00:00,DESKTOP-A3EGFSV$,4703,,,C:\Windows\System32\svchost.exe
DESKTOP-A3EGFSV$,2026-04-20 18:01:14.658312+00:00,DESKTOP-A3EGFSV$,4703,,,C:\Windows\System32\svchost.exe
DESKTOP-A3EGFSV$,2026-04-20 18:01:14.658445+00:00,DESKTOP-A3EGFSV$,4703,,,C:\Windows\System32\svchost.exe
DESKTOP-A3EGFSV$,2026-04-20 18:01:14.661491+00:00,DESKTOP-A3EGFSV$,4703,,,C:\Windows\System32\svchost.exe
DESKTOP-A3EGFSV$,2026-04-20 18:01:14.661661+00:00,DESKTOP-A3EGFSV$,4703,,,C:\Windows\System32\svchost.exe
DESKTOP-A3EGFSV$,2026-04-20 18:01:14.663082+00:00,DESKTOP-A3EGFSV$,4703,,,C:\Windows\System32\svchost.exe
DESKTOP-A3EGFSV$,2026-04-20 18:01:14.663265+00:00,DESKTOP-A3EGFSV$,4703,,,C:\Windows\System32\svchost.exe
DESKTOP-A3EGFSV$,2026-04-20 18:01:14.664341+00:00,DESKTOP-A3EGFSV$,4703,,,C:\Windows\System32\svchost.exe
DESKTOP-A3EGFSV$,2026-04-20 18:01:14.664553+00:00,DESKTOP-A3EGFSV$,4703,,,C:\Windows\System32\svchost.exe
DESKTOP-A3EGFSV$,2026-04-20 18:01:14.665871+00:00,DESKTOP-A3EGFSV$,4703,,,C:\Windows\System32\svchost.exe
DESKTOP-A3EGFSV$,2026-04-20 18:01:14.666058+00:00,DESKTOP-A3EGFSV$,4703,,,C:\Windows\System32\svchost.exe
DESKTOP-A3EGFSV$,2026-04-20 18:01:14.671093+00:00,DESKTOP-A3EGFSV$,4703,,,C:\Windows\System32\svchost.exe
DESKTOP-A3EGFSV$,2026-04-20 18:01:14.671301+00:00,DESKTOP-A3EGFSV$,4703,,,C:\Windows\System32\svchost.exe
DESKTOP-A3EGFSV$,2026-04-20 18:01:14.672821+00:00,DESKTOP-A3EGFSV$,4703,,,C:\Windows\System32\svchost.exe
DESKTOP-A3EGFSV$,2026-04-20 18:01:14.673019+00:00,DESKTOP-A3EGFSV$,4703,,,C:\Windows\System32\svchost.exe
DESKTOP-A3EGFSV$,2026-04-20 18:01:14.674456+00:00,DESKTOP-A3EGFSV$,4703,,,C:\Windows\System32\svchost.exe
DESKTOP-A3EGFSV$,2026-04-20 18:01:14.674664+00:00,DESKTOP-A3EGFSV$,4703,,,C:\Windows\System32\svchost.exe
DESKTOP-A3EGFSV$,2026-04-20 18:01:14.675922+00:00,DESKTOP-A3EGFSV$,4703,,,C:\Windows\System32\svchost.exe
DESKTOP-A3EGFSV$,2026-04-20 18:01:14.676115+00:00,DESKTOP-A3EGFSV$,4703,,,C:\Windows\System32\svchost.exe
DESKTOP-A3EGFSV$,2026-04-20 18:01:14.680643+00:00,DESKTOP-A3EGFSV$,4703,,,C:\Windows\System32\svchost.exe
DESKTOP-A3EGFSV$,2026-04-20 18:01:14.680992+00:00,DESKTOP-A3EGFSV$,4703,,,C:\Windows\System32\svchost.exe
DESKTOP-A3EGFSV$,2026-04-20 18:01:14.683538+00:00,DESKTOP-A3EGFSV$,4703,,,C:\Windows\System32\svchost.exe
DESKTOP-A3EGFSV$,2026-04-20 18:01:14.683811+00:00,DESKTOP-A3EGFSV$,4703,,,C:\Windows\System32\svchost.exe
DESKTOP-A3EGFSV$,2026-04-20 18:01:14.684929+00:00,DESKTOP-A3EGFSV$,4703,,,C:\Windows\System32\svchost.exe
DESKTOP-A3EGFSV$,2026-04-20 18:01:14.685081+00:00,DESKTOP-A3EGFSV$,4703,,,C:\Windows\System32\svchost.exe
DESKTOP-A3EGFSV$,2026-04-20 18:01:14.686157+00:00,DESKTOP-A3EGFSV$,4703,,,C:\Windows\System32\svchost.exe
DESKTOP-A3EGFSV$,2026-04-20 18:01:14.686316+00:00,DESKTOP-A3EGFSV$,4703,,,C:\Windows\System32\svchost.exe
DESKTOP-A3EGFSV$,2026-04-20 18:01:14.687357+00:00,DESKTOP-A3EGFSV$,4703,,,C:\Windows\System32\svchost.exe
DESKTOP-A3EGFSV$,2026-04-20 18:01:14.687506+00:00,DESKTOP-A3EGFSV$,4703,,,C:\Windows\System32\svchost.exe
DESKTOP-A3EGFSV$,2026-04-20 18:01:14.688974+00:00,DESKTOP-A3EGFSV$,4703,,,C:\Windows\System32\svchost.exe
DESKTOP-A3EGFSV$,2026-04-20 18:01:14.689184+00:00,DESKTOP-A3EGFSV$,4703,,,C:\Windows\System32\svchost.exe
DESKTOP-A3EGFSV$,2026-04-20 18:01:14.709787+00:00,DESKTOP-A3EGFSV$,4703,,,C:\Windows\System32\svchost.exe
DESKTOP-A3EGFSV$,2026-04-20 18:01:14.710085+00:00,DESKTOP-A3EGFSV$,4703,,,C:\Windows\System32\svchost.exe
DESKTOP-A3EGFSV$,2026-04-20 18:01:14.710129+00:00,DESKTOP-A3EGFSV$,4703,,,C:\Windows\System32\svchost.exe
DESKTOP-A3EGFSV$,2026-04-20 18:01:14.710657+00:00,DESKTOP-A3EGFSV$,4703,,,C:\Windows\System32\svchost.exe
DESKTOP-A3EGFSV$,2026-04-20 18:01:14.720110+00:00,DESKTOP-A3EGFSV$,4703,,,C:\Windows\System32\svchost.exe
DESKTOP-A3EGFSV$,2026-04-20 18:01:14.720253+00:00,DESKTOP-A3EGFSV$,4703,,,C:\Windows\System32\svchost.exe
DESKTOP-A3EGFSV$,2026-04-20 18:01:14.721518+00:00,DESKTOP-A3EGFSV$,4703,,,C:\Windows\System32\svchost.exe
DESKTOP-A3EGFSV$,2026-04-20 18:01:14.721687+00:00,DESKTOP-A3EGFSV$,4703,,,C:\Windows\System32\svchost.exe
DESKTOP-A3EGFSV$,2026-04-20 18:01:14.722420+00:00,DESKTOP-A3EGFSV$,4703,,,C:\Windows\System32\svchost.exe
DESKTOP-A3EGFSV$,2026-04-20 18:01:14.722555+00:00,DESKTOP-A3EGFSV$,4703,,,C:\Windows\System32\svchost.exe
DESKTOP-A3EGFSV$,2026-04-20 18:01:14.723471+00:00,DESKTOP-A3EGFSV$,4703,,,C:\Windows\System32\svchost.exe
DESKTOP-A3EGFSV$,2026-04-20 18:01:14.723667+00:00,DESKTOP-A3EGFSV$,4703,,,C:\Windows\System32\svchost.exe
DESKTOP-A3EGFSV$,2026-04-20 18:01:14.724663+00:00,DESKTOP-A3EGFSV$,4703,,,C:\Windows\System32\svchost.exe
DESKTOP-A3EGFSV$,2026-04-20 18:01:14.724882+00:00,DESKTOP-A3EGFSV$,4703,,,C:\Windows\System32\svchost.exe
DESKTOP-A3EGFSV$,2026-04-20 18:01:14.726032+00:00,DESKTOP-A3EGFSV$,4703,,,C:\Windows\System32\svchost.exe
DESKTOP-A3EGFSV$,2026-04-20 18:01:14.726179+00:00,DESKTOP-A3EGFSV$,4703,,,C:\Windows\System32\svchost.exe
DESKTOP-A3EGFSV$,2026-04-20 18:01:14.727106+00:00,DESKTOP-A3EGFSV$,4703,,,C:\Windows\System32\svchost.exe
DESKTOP-A3EGFSV$,2026-04-20 18:01:14.727110+00:00,DESKTOP-A3EGFSV$,4703,,,C:\Windows\System32\svchost.exe
DESKTOP-A3EGFSV$,2026-04-20 18:01:14.727694+00:00,DESKTOP-A3EGFSV$,4703,,,C:\Windows\System32\svchost.exe
DESKTOP-A3EGFSV$,2026-04-20 18:01:14.727835+00:00,DESKTOP-A3EGFSV$,4703,,,C:\Windows\System32\svchost.exe
DESKTOP-A3EGFSV$,2026-04-20 18:01:14.729183+00:00,DESKTOP-A3EGFSV$,4703,,,C:\Windows\System32\svchost.exe
DESKTOP-A3EGFSV$,2026-04-20 18:01:14.729319+00:00,DESKTOP-A3EGFSV$,4703,,,C:\Windows\System32\svchost.exe
DESKTOP-A3EGFSV$,2026-04-20 18:01:14.730364+00:00,DESKTOP-A3EGFSV$,4703,,,C:\Windows\System32\svchost.exe
DESKTOP-A3EGFSV$,2026-04-20 18:01:14.730511+00:00,DESKTOP-A3EGFSV$,4703,,,C:\Windows\System32\svchost.exe
DESKTOP-A3EGFSV$,2026-04-20 18:01:14.731213+00:00,DESKTOP-A3EGFSV$,4703,,,C:\Windows\System32\svchost.exe
DESKTOP-A3EGFSV$,2026-04-20 18:01:14.731340+00:00,DESKTOP-A3EGFSV$,4703,,,C:\Windows\System32\svchost.exe
DESKTOP-A3EGFSV$,2026-04-20 18:01:14.732376+00:00,DESKTOP-A3EGFSV$,4703,,,C:\Windows\System32\svchost.exe
DESKTOP-A3EGFSV$,2026-04-20 18:01:14.732525+00:00,DESKTOP-A3EGFSV$,4703,,,C:\Windows\System32\svchost.exe
DESKTOP-A3EGFSV$,2026-04-20 18:01:14.733774+00:00,DESKTOP-A3EGFSV$,4703,,,C:\Windows\System32\svchost.exe
DESKTOP-A3EGFSV$,2026-04-20 18:01:14.733906+00:00,DESKTOP-A3EGFSV$,4703,,,C:\Windows\System32\svchost.exe
DESKTOP-A3EGFSV$,2026-04-20 18:01:14.752476+00:00,DESKTOP-A3EGFSV$,4703,,,C:\Windows\System32\svchost.exe
DESKTOP-A3EGFSV$,2026-04-20 18:01:14.752750+00:00,DESKTOP-A3EGFSV$,4703,,,C:\Windows\System32\svchost.exe
DESKTOP-A3EGFSV$,2026-04-20 18:01:14.752804+00:00,DESKTOP-A3EGFSV$,4703,,,C:\Windows\System32\svchost.exe
DESKTOP-A3EGFSV$,2026-04-20 18:01:14.753664+00:00,DESKTOP-A3EGFSV$,4703,,,C:\Windows\System32\svchost.exe
DESKTOP-A3EGFSV$,2026-04-20 18:01:14.753860+00:00,DESKTOP-A3EGFSV$,4703,,,C:\Windows\System32\svchost.exe
DESKTOP-A3EGFSV$,2026-04-20 18:01:14.754833+00:00,DESKTOP-A3EGFSV$,4703,,,C:\Windows\System32\svchost.exe
DESKTOP-A3EGFSV$,2026-04-20 18:01:14.789349+00:00,DESKTOP-A3EGFSV$,4703,,,C:\Windows\System32\svchost.exe
DESKTOP-A3EGFSV$,2026-04-20 18:01:14.794674+00:00,DESKTOP-A3EGFSV$,4703,,,C:\Windows\System32\svchost.exe
DESKTOP-A3EGFSV$,2026-04-20 18:01:14.804354+00:00,DESKTOP-A3EGFSV$,4703,,,C:\Windows\System32\svchost.exe
DESKTOP-A3EGFSV$,2026-04-20 18:01:14.805227+00:00,DESKTOP-A3EGFSV$,4703,,,C:\Windows\System32\svchost.exe
DESKTOP-A3EGFSV$,2026-04-20 18:01:14.805487+00:00,DESKTOP-A3EGFSV$,4703,,,C:\Windows\System32\svchost.exe
DESKTOP-A3EGFSV$,2026-04-20 18:01:14.806547+00:00,DESKTOP-A3EGFSV$,4703,,,C:\Windows\System32\svchost.exe
-,2026-04-20 18:01:15.966257+00:00,pizza,4688,C:\Program Files (x86)\Microsoft\Edge\Application\msedge.exe,"""C:\Program Files (x86)\Microsoft\Edge\Application\msedge.exe"" --type=utility --utility-sub-type=unzip.mojom.Unzipper --lang=en-US --service-sandbox-type=service --ram-no-pressure-read-main-dll --metrics-shmem-handle=9900,i,13988381660196516063,17013663050613677552,524288 --field-trial-handle=2316,i,11653587304601885560,1287113618954745513,262144 --variations-seed-version --pseudonymization-salt-handle=2368,i,15542423599154470718,16582211970420337290,4 --trace-process-track-uuid=3190709013486085115 --mojo-platform-channel-handle=9968 /prefetch:14",
DESKTOP-A3EGFSV$,2026-04-20 18:01:16.565126+00:00,DESKTOP-A3EGFSV$,4703,,,C:\Windows\System32\svchost.exe
DESKTOP-A3EGFSV$,2026-04-20 18:01:16.565435+00:00,DESKTOP-A3EGFSV$,4703,,,C:\Windows\System32\svchost.exe
DESKTOP-A3EGFSV$,2026-04-20 18:01:16.565454+00:00,DESKTOP-A3EGFSV$,4703,,,C:\Windows\System32\svchost.exe
DESKTOP-A3EGFSV$,2026-04-20 18:01:16.566048+00:00,DESKTOP-A3EGFSV$,4703,,,C:\Windows\System32\svchost.exe
DESKTOP-A3EGFSV$,2026-04-20 18:01:16.566200+00:00,DESKTOP-A3EGFSV$,4703,,,C:\Windows\System32\svchost.exe
DESKTOP-A3EGFSV$,2026-04-20 18:01:16.566666+00:00,DESKTOP-A3EGFSV$,4703,,,C:\Windows\System32\svchost.exe
DESKTOP-A3EGFSV$,2026-04-20 18:01:16.586155+00:00,DESKTOP-A3EGFSV$,4703,,,C:\Windows\System32\svchost.exe
DESKTOP-A3EGFSV$,2026-04-20 18:01:16.590364+00:00,DESKTOP-A3EGFSV$,4703,,,C:\Windows\System32\svchost.exe
DESKTOP-A3EGFSV$,2026-04-20 18:01:16.608082+00:00,DESKTOP-A3EGFSV$,4703,,,C:\Windows\System32\svchost.exe
DESKTOP-A3EGFSV$,2026-04-20 18:01:16.610445+00:00,DESKTOP-A3EGFSV$,4703,,,C:\Windows\System32\svchost.exe
DESKTOP-A3EGFSV$,2026-04-20 18:01:16.610826+00:00,DESKTOP-A3EGFSV$,4703,,,C:\Windows\System32\svchost.exe
DESKTOP-A3EGFSV$,2026-04-20 18:01:16.612795+00:00,DESKTOP-A3EGFSV$,4703,,,C:\Windows\System32\svchost.exe
,2026-04-20 18:01:16.641697+00:00,DESKTOP-A3EGFSV$,4689,,,C:\Windows\System32\svchost.exe
DESKTOP-A3EGFSV$,2026-04-20 18:01:16.747877+00:00,DESKTOP-A3EGFSV$,4703,,,C:\Windows\System32\svchost.exe
DESKTOP-A3EGFSV$,2026-04-20 18:01:16.748146+00:00,DESKTOP-A3EGFSV$,4703,,,C:\Windows\System32\svchost.exe
DESKTOP-A3EGFSV$,2026-04-20 18:01:16.748178+00:00,DESKTOP-A3EGFSV$,4703,,,C:\Windows\System32\svchost.exe
DESKTOP-A3EGFSV$,2026-04-20 18:01:16.748999+00:00,DESKTOP-A3EGFSV$,4703,,,C:\Windows\System32\svchost.exe
DESKTOP-A3EGFSV$,2026-04-20 18:01:16.749256+00:00,DESKTOP-A3EGFSV$,4703,,,C:\Windows\System32\svchost.exe
DESKTOP-A3EGFSV$,2026-04-20 18:01:16.749752+00:00,DESKTOP-A3EGFSV$,4703,,,C:\Windows\System32\svchost.exe
DESKTOP-A3EGFSV$,2026-04-20 18:01:16.754160+00:00,DESKTOP-A3EGFSV$,4703,,,C:\Windows\System32\svchost.exe
DESKTOP-A3EGFSV$,2026-04-20 18:01:16.771935+00:00,DESKTOP-A3EGFSV$,4703,,,C:\Windows\System32\svchost.exe
DESKTOP-A3EGFSV$,2026-04-20 18:01:16.778200+00:00,DESKTOP-A3EGFSV$,4703,,,C:\Windows\System32\svchost.exe
DESKTOP-A3EGFSV$,2026-04-20 18:01:16.780540+00:00,DESKTOP-A3EGFSV$,4703,,,C:\Windows\System32\svchost.exe
DESKTOP-A3EGFSV$,2026-04-20 18:01:16.780844+00:00,DESKTOP-A3EGFSV$,4703,,,C:\Windows\System32\svchost.exe
DESKTOP-A3EGFSV$,2026-04-20 18:01:16.782103+00:00,DESKTOP-A3EGFSV$,4703,,,C:\Windows\System32\svchost.exe
DESKTOP-A3EGFSV$,2026-04-20 18:01:16.854334+00:00,DESKTOP-A3EGFSV$,4703,,,C:\Windows\System32\svchost.exe
DESKTOP-A3EGFSV$,2026-04-20 18:01:16.855232+00:00,DESKTOP-A3EGFSV$,4703,,,C:\Windows\System32\svchost.exe
DESKTOP-A3EGFSV$,2026-04-20 18:01:16.855587+00:00,DESKTOP-A3EGFSV$,4703,,,C:\Windows\System32\svchost.exe
DESKTOP-A3EGFSV$,2026-04-20 18:01:16.856413+00:00,DESKTOP-A3EGFSV$,4703,,,C:\Windows\System32\svchost.exe
DESKTOP-A3EGFSV$,2026-04-20 18:01:16.856880+00:00,DESKTOP-A3EGFSV$,4703,,,C:\Windows\System32\svchost.exe
DESKTOP-A3EGFSV$,2026-04-20 18:01:16.856884+00:00,DESKTOP-A3EGFSV$,4703,,,C:\Windows\System32\svchost.exe
,2026-04-20 18:01:16.872375+00:00,pizza,4689,,,C:\Program Files (x86)\Microsoft\Edge\Application\msedge.exe
DESKTOP-A3EGFSV$,2026-04-20 18:01:16.887831+00:00,DESKTOP-A3EGFSV$,4703,,,C:\Windows\System32\svchost.exe
DESKTOP-A3EGFSV$,2026-04-20 18:01:16.889494+00:00,DESKTOP-A3EGFSV$,4703,,,C:\Windows\System32\svchost.exe
DESKTOP-A3EGFSV$,2026-04-20 18:01:16.890732+00:00,DESKTOP-A3EGFSV$,4703,,,C:\Windows\System32\svchost.exe
DESKTOP-A3EGFSV$,2026-04-20 18:01:16.890736+00:00,DESKTOP-A3EGFSV$,4703,,,C:\Windows\System32\svchost.exe
DESKTOP-A3EGFSV$,2026-04-20 18:01:17.106640+00:00,DESKTOP-A3EGFSV$,4703,,,C:\Windows\System32\svchost.exe
DESKTOP-A3EGFSV$,2026-04-20 18:01:17.107283+00:00,DESKTOP-A3EGFSV$,4703,,,C:\Windows\System32\svchost.exe
DESKTOP-A3EGFSV$,2026-04-20 18:01:17.111023+00:00,DESKTOP-A3EGFSV$,4703,,,C:\Windows\System32\svchost.exe
DESKTOP-A3EGFSV$,2026-04-20 18:01:17.111908+00:00,DESKTOP-A3EGFSV$,4703,,,C:\Windows\System32\svchost.exe
DESKTOP-A3EGFSV$,2026-04-20 18:01:17.112219+00:00,DESKTOP-A3EGFSV$,4703,,,C:\Windows\System32\svchost.exe
DESKTOP-A3EGFSV$,2026-04-20 18:01:17.113398+00:00,DESKTOP-A3EGFSV$,4703,,,C:\Windows\System32\svchost.exe
DESKTOP-A3EGFSV$,2026-04-20 18:01:17.435434+00:00,DESKTOP-A3EGFSV$,4703,,,C:\Windows\System32\svchost.exe
DESKTOP-A3EGFSV$,2026-04-20 18:01:17.435799+00:00,DESKTOP-A3EGFSV$,4703,,,C:\Windows\System32\svchost.exe
DESKTOP-A3EGFSV$,2026-04-20 18:01:17.438747+00:00,DESKTOP-A3EGFSV$,4703,,,C:\Windows\System32\svchost.exe
DESKTOP-A3EGFSV$,2026-04-20 18:01:17.439499+00:00,DESKTOP-A3EGFSV$,4703,,,C:\Windows\System32\svchost.exe
DESKTOP-A3EGFSV$,2026-04-20 18:01:17.439745+00:00,DESKTOP-A3EGFSV$,4703,,,C:\Windows\System32\svchost.exe
DESKTOP-A3EGFSV$,2026-04-20 18:01:17.440792+00:00,DESKTOP-A3EGFSV$,4703,,,C:\Windows\System32\svchost.exe
DESKTOP-A3EGFSV$,2026-04-20 18:01:17.444593+00:00,DESKTOP-A3EGFSV$,4703,,,C:\Windows\System32\svchost.exe
DESKTOP-A3EGFSV$,2026-04-20 18:01:17.444855+00:00,DESKTOP-A3EGFSV$,4703,,,C:\Windows\System32\svchost.exe
DESKTOP-A3EGFSV$,2026-04-20 18:01:17.448805+00:00,DESKTOP-A3EGFSV$,4703,,,C:\Windows\System32\svchost.exe
DESKTOP-A3EGFSV$,2026-04-20 18:01:17.449455+00:00,DESKTOP-A3EGFSV$,4703,,,C:\Windows\System32\svchost.exe
DESKTOP-A3EGFSV$,2026-04-20 18:01:17.449684+00:00,DESKTOP-A3EGFSV$,4703,,,C:\Windows\System32\svchost.exe
DESKTOP-A3EGFSV$,2026-04-20 18:01:17.450760+00:00,DESKTOP-A3EGFSV$,4703,,,C:\Windows\System32\svchost.exe
DESKTOP-A3EGFSV$,2026-04-20 18:01:17.868408+00:00,DESKTOP-A3EGFSV$,4703,,,C:\Windows\System32\svchost.exe
DESKTOP-A3EGFSV$,2026-04-20 18:01:17.868902+00:00,DESKTOP-A3EGFSV$,4703,,,C:\Windows\System32\svchost.exe
DESKTOP-A3EGFSV$,2026-04-20 18:01:17.869463+00:00,DESKTOP-A3EGFSV$,4703,,,C:\Windows\System32\svchost.exe
DESKTOP-A3EGFSV$,2026-04-20 18:01:17.869926+00:00,DESKTOP-A3EGFSV$,4703,,,C:\Windows\System32\svchost.exe
DESKTOP-A3EGFSV$,2026-04-20 18:01:17.870188+00:00,DESKTOP-A3EGFSV$,4703,,,C:\Windows\System32\svchost.exe
DESKTOP-A3EGFSV$,2026-04-20 18:01:17.870581+00:00,DESKTOP-A3EGFSV$,4703,,,C:\Windows\System32\svchost.exe
pizza,2026-04-20 18:01:18.047691+00:00,DESKTOP-A3EGFSV$,4688,C:\Windows\System32\svchost.exe,"C:\WINDOWS\system32\rundll32.exe C:\WINDOWS\system32\AppXDeploymentExtensions.OneCore.dll,ShellRefresh",
DESKTOP-A3EGFSV$,2026-04-20 18:01:18.168287+00:00,DESKTOP-A3EGFSV$,4703,,,C:\Windows\System32\svchost.exe
DESKTOP-A3EGFSV$,2026-04-20 18:01:18.168291+00:00,DESKTOP-A3EGFSV$,4703,,,C:\Windows\System32\svchost.exe
,2026-04-20 18:01:18.535667+00:00,DESKTOP-A3EGFSV$,4689,,,C:\Windows\System32\UsoClient.exe
-,2026-04-20 18:01:23.506905+00:00,pizza,4688,C:\Program Files (x86)\Microsoft\EdgeWebView\Application\147.0.3912.72\msedgewebview2.exe,"""C:\Program Files (x86)\Microsoft\EdgeWebView\Application\147.0.3912.72\msedgewebview2.exe"" --type=gpu-process --disable-gpu-sandbox --use-gl=disabled --gpu-vendor-id=5140 --gpu-device-id=140 --gpu-sub-system-id=0 --gpu-revision=0 --gpu-driver-version=10.0.26100.8246 --noerrdialogs --user-agent=""Mozilla/5.0 (Windows NT 10.0; Win64; x64; Cortana 1.18.9.23723; 10.0.0.0.26200.8246) AppleWebKit/537.36 (KHTML, like Gecko) Chrome/70.0.3538.102 Safari/537.36 Edge/18.26200 IsWebView2/True (WebView2Version 147.0.3912.72)"" --user-data-dir=""C:\Users\pizza\AppData\Local\Packages\MicrosoftWindows.Client.CBS_cw5n1h2txyewy\LocalState\EBWebView"" --webview-exe-name=SearchHost.exe --webview-exe-version=2126.5604.40.0 --embedded-browser-webview=1 --gpu-preferences=SAAAAAAAAADoAAAEAAAAAAAAAAAAAGAAAQAAAAAAAAAAAAAAAAAAAEIAAAAAAAAAAAAAAAAAAAAQAAAAAAAAABAAAAAAAAAACAAAAAAAAAAIAAAAAAAAAA== --ram-no-pressure-read-main-dll --metrics-shmem-handle=4856,i,9453695685293589230,437198763875817751,262144 --field-trial-handle=1944,i,7681501516636727822,2849419308626960785,262144 --enable-features=msEdgeFluentOverlayScrollbar --disable-features=msSmartScreenProtection --variations-seed-version --pseudonymization-salt-handle=1948,i,13395680486559811969,402269886371125603,4 --trace-process-track-uuid=3190708991934122588 --mojo-platform-channel-handle=4544 /prefetch:10 /pfhostedapp:71605ac00f46126b891160bd09c966621e306630",
,2026-04-20 18:01:23.614687+00:00,pizza,4689,,,C:\Program Files (x86)\Microsoft\EdgeWebView\Application\147.0.3912.72\msedgewebview2.exe
,2026-04-20 18:01:28.136057+00:00,pizza,4689,,,C:\Windows\System32\rundll32.exe
pizza,2026-04-20 18:01:28.926376+00:00,DESKTOP-A3EGFSV$,4688,C:\Windows\System32\svchost.exe,C:\WINDOWS\system32\DllHost.exe /Processid:{AB8902B4-09CA-4BB6-B78D-A8F59079A8D5},
LOCAL SERVICE,2026-04-20 18:01:29.796719+00:00,DESKTOP-A3EGFSV$,4688,C:\Windows\System32\svchost.exe,"""C:\WINDOWS\system32\appidcertstorecheck.exe""",
-,2026-04-20 18:01:29.802662+00:00,LOCAL SERVICE,4688,C:\Windows\System32\appidcertstorecheck.exe,\??\C:\WINDOWS\system32\conhost.exe 0xffffffff -ForceV1,
,2026-04-20 18:01:29.885920+00:00,LOCAL SERVICE,4689,,,C:\Windows\System32\appidcertstorecheck.exe
,2026-04-20 18:01:29.888067+00:00,LOCAL SERVICE,4689,,,C:\Windows\System32\conhost.exe
,2026-04-20 18:01:31.623690+00:00,DESKTOP-A3EGFSV$,4689,,,C:\Windows\System32\sppsvc.exe
-,2026-04-20 18:01:33.963696+00:00,pizza,4688,C:\Program Files (x86)\Microsoft\Edge\Application\msedge.exe,"""C:\Program Files (x86)\Microsoft\Edge\Application\msedge.exe"" --type=renderer --instant-process --pdf-upsell-enabled --disable-gpu-compositing --video-capture-use-gpu-memory-buffer --lang=en-US --js-flags --device-scale-factor=1 --num-raster-threads=1 --renderer-client-id=31 --time-ticks-at-unix-epoch=-1776707916405761 --launch-time-ticks=177555744 --skip-read-main-dll --metrics-shmem-handle=10000,i,12457890237624288759,13129668230876611555,2097152 --field-trial-handle=2316,i,11653587304601885560,1287113618954745513,262144 --variations-seed-version --pseudonymization-salt-handle=2368,i,15542423599154470718,16582211970420337290,4 --trace-process-track-uuid=3190709015360168813 --mojo-platform-channel-handle=10060 /prefetch:1",
,2026-04-20 18:01:33.981382+00:00,pizza,4689,,,C:\Windows\System32\dllhost.exe
-,2026-04-20 18:01:34.257433+00:00,pizza,4688,C:\Program Files (x86)\Microsoft\Edge\Application\msedge.exe,"""C:\Program Files (x86)\Microsoft\Edge\Application\msedge.exe"" --type=gpu-process --disable-gpu-sandbox --use-gl=disabled --gpu-vendor-id=5140 --gpu-device-id=140 --gpu-sub-system-id=0 --gpu-revision=0 --gpu-driver-version=10.0.26100.8246 --gpu-preferences=SAAAAAAAAADoAAAEAAAAAAAAAAAAAGAAAQAAAAAAAAAAAAAAAAAAAEIAAAAAAAAAAAAAAAAAAAAQAAAAAAAAABAAAAAAAAAACAAAAAAAAAAIAAAAAAAAAA== --skip-read-main-dll --metrics-shmem-handle=10048,i,7744205152700367268,17865938876120710776,262144 --field-trial-handle=2316,i,11653587304601885560,1287113618954745513,262144 --variations-seed-version --pseudonymization-salt-handle=2368,i,15542423599154470718,16582211970420337290,4 --trace-process-track-uuid=3190709016297210662 --mojo-platform-channel-handle=9904 /prefetch:10",
,2026-04-20 18:01:34.331324+00:00,pizza,4689,,,C:\Program Files (x86)\Microsoft\Edge\Application\msedge.exe
,2026-04-20 18:01:42.473818+00:00,pizza,4689,,,C:\Windows\System32\RuntimeBroker.exe
,2026-04-20 18:01:48.400620+00:00,DESKTOP-A3EGFSV$,4689,,,C:\Windows\System32\svchost.exe
,2026-04-20 18:01:49.696646+00:00,pizza,4689,,,C:\Windows\System32\SearchProtocolHost.exe
,2026-04-20 18:01:55.561893+00:00,DESKTOP-A3EGFSV$,4689,,,C:\Windows\System32\svchost.exe
-,2026-04-20 18:01:56.584934+00:00,DESKTOP-A3EGFSV$,4688,C:\Windows\System32\svchost.exe,"""C:\WINDOWS\system32\wermgr.exe"" -upload",
-,2026-04-20 18:01:56.586494+00:00,DESKTOP-A3EGFSV$,4688,C:\Windows\System32\svchost.exe,taskhostw.exe,
,2026-04-20 18:01:56.773003+00:00,DESKTOP-A3EGFSV$,4689,,,C:\Windows\System32\wermgr.exe
,2026-04-20 18:01:57.136454+00:00,DESKTOP-A3EGFSV$,4689,,,C:\Windows\System32\taskhostw.exe
,2026-04-20 18:02:02.566799+00:00,DESKTOP-A3EGFSV$,4689,,,C:\Windows\System32\svchost.exe
pizza,2026-04-20 18:02:05.588633+00:00,DESKTOP-A3EGFSV$,4688,C:\Windows\System32\svchost.exe,"""C:\WINDOWS\system32\backgroundTaskHost.exe"" -ServerName:App.AppXmtcan0h2tfbfy7k9kn8hbxb6dmzz1zh0.mca",
,2026-04-20 18:02:06.021921+00:00,pizza,4689,,,C:\Windows\System32\backgroundTaskHost.exe
,2026-04-20 18:02:18.946270+00:00,DESKTOP-A3EGFSV$,4689,,,C:\Windows\UUS\Packages\Preview\amd64\MoUsoCoreWorker.exe
LOCAL SERVICE,2026-04-20 18:02:29.950848+00:00,DESKTOP-A3EGFSV$,4688,C:\Windows\System32\svchost.exe,"""C:\WINDOWS\system32\appidcertstorecheck.exe""",
-,2026-04-20 18:02:29.956610+00:00,LOCAL SERVICE,4688,C:\Windows\System32\appidcertstorecheck.exe,\??\C:\WINDOWS\system32\conhost.exe 0xffffffff -ForceV1,
,2026-04-20 18:02:30.045055+00:00,LOCAL SERVICE,4689,,,C:\Windows\System32\appidcertstorecheck.exe
,2026-04-20 18:02:30.047560+00:00,LOCAL SERVICE,4689,,,C:\Windows\System32\conhost.exe
pizza,2026-04-20 18:02:34.083614+00:00,DESKTOP-A3EGFSV$,4688,C:\Windows\System32\SearchIndexer.exe,"""C:\WINDOWS\System32\SearchProtocolHost.exe"" Global\UsGthrFltPipeMssGthrPipe_S-1-5-21-659606535-1042573559-2797446579-10013_ Global\UsGthrCtrlFltPipeMssGthrPipe_S-1-5-21-659606535-1042573559-2797446579-10013 1 -2147483646 ""Software\Microsoft\Windows Search"" ""Mozilla/4.0 (compatible; MSIE 6.0; Windows NT; MS Search 4.0 Robot)"" ""C:\ProgramData\Microsoft\Search\Data\Temp\usgthrsvc"" ""DownLevelDaemon""  ""1""",
pizza,2026-04-20 18:02:35.555723+00:00,DESKTOP-A3EGFSV$,4688,C:\Windows\System32\svchost.exe,"""C:\WINDOWS\system32\backgroundTaskHost.exe"" -ServerName:Global.Accounts.AppXqe94epy97qwa6w3j6w132e8zvcs117nd.mca",
pizza,2026-04-20 18:02:35.581699+00:00,DESKTOP-A3EGFSV$,4688,C:\Windows\System32\svchost.exe,"""C:\WINDOWS\system32\backgroundTaskHost.exe"" -ServerName:Global.IrisService.AppXwt29n3t7x7q6fgyrrbbqxwzkqjfjaw4y.mca",
pizza,2026-04-20 18:02:35.586502+00:00,DESKTOP-A3EGFSV$,4688,C:\Windows\System32\svchost.exe,"""C:\WINDOWS\system32\backgroundTaskHost.exe"" -ServerName:App.AppXpybpk6fj2fe0gb0jan49e6dncngk3pa1.mca",
,2026-04-20 18:02:35.892876+00:00,pizza,5379,,,
,2026-04-20 18:02:35.894434+00:00,pizza,5379,,,
,2026-04-20 18:02:35.894531+00:00,pizza,5379,,,
,2026-04-20 18:02:35.898060+00:00,pizza,5379,,,
,2026-04-20 18:02:35.900869+00:00,pizza,5379,,,
pizza,2026-04-20 18:02:36.273954+00:00,DESKTOP-A3EGFSV$,4688,C:\Windows\System32\svchost.exe,C:\Windows\System32\RuntimeBroker.exe -Embedding,
,2026-04-20 18:02:36.408184+00:00,pizza,5379,,,
,2026-04-20 18:02:36.408422+00:00,pizza,5379,,,
,2026-04-20 18:02:36.408800+00:00,pizza,5379,,,
,2026-04-20 18:02:36.408968+00:00,pizza,5379,,,
,2026-04-20 18:02:36.409149+00:00,pizza,5379,,,
,2026-04-20 18:02:36.409321+00:00,pizza,5379,,,
,2026-04-20 18:02:36.409565+00:00,pizza,5379,,,
,2026-04-20 18:02:36.409714+00:00,pizza,5379,,,
,2026-04-20 18:02:36.409924+00:00,pizza,5379,,,
,2026-04-20 18:02:36.410051+00:00,pizza,5379,,,
,2026-04-20 18:02:36.410217+00:00,pizza,5379,,,
,2026-04-20 18:02:36.410404+00:00,pizza,5379,,,
,2026-04-20 18:02:36.410601+00:00,pizza,5379,,,
,2026-04-20 18:02:36.410748+00:00,pizza,5379,,,
,2026-04-20 18:02:36.411123+00:00,pizza,5379,,,
,2026-04-20 18:02:36.411573+00:00,pizza,5379,,,
,2026-04-20 18:02:36.416672+00:00,pizza,5379,,,
,2026-04-20 18:02:36.416843+00:00,pizza,5379,,,
,2026-04-20 18:02:36.417023+00:00,pizza,5379,,,
,2026-04-20 18:02:36.417150+00:00,pizza,5379,,,
,2026-04-20 18:02:36.417356+00:00,pizza,5379,,,
,2026-04-20 18:02:36.417484+00:00,pizza,5379,,,
,2026-04-20 18:02:36.417627+00:00,pizza,5379,,,
,2026-04-20 18:02:36.417757+00:00,pizza,5379,,,
,2026-04-20 18:02:36.417896+00:00,pizza,5379,,,
,2026-04-20 18:02:36.418036+00:00,pizza,5379,,,
,2026-04-20 18:02:36.418184+00:00,pizza,5379,,,
,2026-04-20 18:02:36.418301+00:00,pizza,5379,,,
,2026-04-20 18:02:36.418447+00:00,pizza,5379,,,
,2026-04-20 18:02:36.423956+00:00,pizza,5379,,,
,2026-04-20 18:02:36.424152+00:00,pizza,5379,,,
,2026-04-20 18:02:36.424387+00:00,pizza,5379,,,
,2026-04-20 18:02:36.424524+00:00,pizza,5379,,,
,2026-04-20 18:02:36.424692+00:00,pizza,5379,,,
,2026-04-20 18:02:36.424809+00:00,pizza,5379,,,
,2026-04-20 18:02:36.425060+00:00,pizza,5379,,,
,2026-04-20 18:02:36.425215+00:00,pizza,5379,,,
,2026-04-20 18:02:36.425417+00:00,pizza,5379,,,
,2026-04-20 18:02:36.425583+00:00,pizza,5379,,,
,2026-04-20 18:02:36.425730+00:00,pizza,5379,,,
,2026-04-20 18:02:36.425844+00:00,pizza,5379,,,
,2026-04-20 18:02:36.425985+00:00,pizza,5379,,,
,2026-04-20 18:02:36.428024+00:00,pizza,5379,,,
,2026-04-20 18:02:36.428312+00:00,pizza,5379,,,
,2026-04-20 18:02:36.461596+00:00,pizza,5379,,,
,2026-04-20 18:02:36.461851+00:00,pizza,5379,,,
,2026-04-20 18:02:36.462061+00:00,pizza,5379,,,
,2026-04-20 18:02:36.462221+00:00,pizza,5379,,,
,2026-04-20 18:02:36.462408+00:00,pizza,5379,,,
,2026-04-20 18:02:36.462551+00:00,pizza,5379,,,
,2026-04-20 18:02:36.462934+00:00,pizza,5379,,,
,2026-04-20 18:02:36.463753+00:00,pizza,5379,,,
,2026-04-20 18:02:36.464067+00:00,pizza,5379,,,
,2026-04-20 18:02:36.464272+00:00,pizza,5379,,,
,2026-04-20 18:02:36.464581+00:00,pizza,5379,,,
,2026-04-20 18:02:36.464766+00:00,pizza,5379,,,
,2026-04-20 18:02:36.464952+00:00,pizza,5379,,,
,2026-04-20 18:02:36.465126+00:00,pizza,5379,,,
pizza,2026-04-20 18:02:36.852322+00:00,DESKTOP-A3EGFSV$,4688,C:\Windows\System32\svchost.exe,"""C:\Program Files\WindowsApps\Microsoft.DesktopAppInstaller_1.26.509.0_x64__8wekyb3d8bbwe\WindowsPackageManagerServer.exe"" -Embedding",
DESKTOP-A3EGFSV$,2026-04-20 18:02:36.862328+00:00,DESKTOP-A3EGFSV$,4703,,,C:\Windows\System32\svchost.exe
DESKTOP-A3EGFSV$,2026-04-20 18:02:36.862331+00:00,DESKTOP-A3EGFSV$,4703,,,C:\Windows\System32\svchost.exe
pizza,2026-04-20 18:02:37.878860+00:00,DESKTOP-A3EGFSV$,4688,C:\Windows\System32\svchost.exe,"""C:\WINDOWS\system32\backgroundTaskHost.exe"" -ServerName:App.AppXmtcan0h2tfbfy7k9kn8hbxb6dmzz1zh0.mca",
pizza,2026-04-20 18:02:38.194624+00:00,DESKTOP-A3EGFSV$,4688,C:\Windows\System32\svchost.exe,C:\Windows\System32\RuntimeBroker.exe -Embedding,
pizza,2026-04-20 18:02:38.322781+00:00,DESKTOP-A3EGFSV$,4688,C:\Windows\System32\svchost.exe,"""C:\WINDOWS\system32\BackgroundTaskHost.exe"" -ServerName:BackgroundTaskHost.WebAccountProvider",
,2026-04-20 18:02:38.354963+00:00,pizza,5382,,,
pizza,2026-04-20 18:02:38.397631+00:00,DESKTOP-A3EGFSV$,4688,C:\Windows\System32\svchost.exe,C:\WINDOWS\system32\DllHost.exe /Processid:{D4872B74-3AFC-47CD-B8A2-9E4F998539BC},
pizza,2026-04-20 18:02:38.423065+00:00,DESKTOP-A3EGFSV$,4688,C:\Windows\System32\svchost.exe,C:\Windows\System32\RuntimeBroker.exe -Embedding,
,2026-04-20 18:02:38.507114+00:00,pizza,4689,,,C:\Windows\System32\backgroundTaskHost.exe
,2026-04-20 18:02:38.947695+00:00,pizza,4689,,,C:\Program Files (x86)\Microsoft\Edge\Application\msedge.exe
,2026-04-20 18:02:38.980301+00:00,pizza,4689,,,C:\Program Files (x86)\Microsoft\Edge\Application\msedge.exe
-,2026-04-20 18:02:38.984383+00:00,pizza,4688,C:\Program Files (x86)\Microsoft\Edge\Application\msedge.exe,"""C:\Program Files (x86)\Microsoft\Edge\Application\msedge.exe"" --no-startup-window",
,2026-04-20 18:02:38.986813+00:00,pizza,4689,,,C:\Program Files (x86)\Microsoft\Edge\Application\msedge.exe
,2026-04-20 18:02:39.012239+00:00,pizza,4689,,,C:\Program Files (x86)\Microsoft\Edge\Application\msedge.exe
,2026-04-20 18:02:39.012505+00:00,pizza,4689,,,C:\Program Files (x86)\Microsoft\Edge\Application\msedge.exe
,2026-04-20 18:02:39.012642+00:00,pizza,4689,,,C:\Program Files (x86)\Microsoft\Edge\Application\msedge.exe
,2026-04-20 18:02:39.012819+00:00,pizza,4689,,,C:\Program Files (x86)\Microsoft\Edge\Application\msedge.exe
-,2026-04-20 18:02:39.043629+00:00,pizza,4688,C:\Program Files (x86)\Microsoft\Edge\Application\msedge.exe,"""C:\Program Files (x86)\Microsoft\Edge\Application\msedge.exe"" --type=crashpad-handler ""--user-data-dir=C:\Users\pizza\AppData\Local\Microsoft\Edge\User Data"" /prefetch:4 --monitor-self-annotation=ptype=crashpad-handler ""--database=C:\Users\pizza\AppData\Local\Microsoft\Edge\User Data\Crashpad"" ""--metrics-dir=C:\Users\pizza\AppData\Local\Microsoft\Edge\User Data"" --annotation=IsOfficialBuild=1 --annotation=channel= --annotation=chromium-version=147.0.7727.102 ""--annotation=exe=C:\Program Files (x86)\Microsoft\Edge\Application\msedge.exe"" --annotation=plat=Win64 --annotation=prod=Edge --annotation=ver=147.0.3912.72 --initial-client-data=0x264,0x268,0x26c,0x260,0x1c0,0x7fff1b180d58,0x7fff1b180d64,0x7fff1b180d70",
,2026-04-20 18:02:39.081013+00:00,pizza,4695,,,
,2026-04-20 18:02:39.101969+00:00,pizza,4689,,,C:\Program Files (x86)\Microsoft\Edge\Application\msedge.exe
,2026-04-20 18:02:39.102861+00:00,pizza,4689,,,C:\Program Files (x86)\Microsoft\Edge\Application\msedge.exe
,2026-04-20 18:02:39.108780+00:00,pizza,4695,,,
,2026-04-20 18:02:39.108986+00:00,pizza,4695,,,
-,2026-04-20 18:02:39.140278+00:00,pizza,4688,C:\Program Files (x86)\Microsoft\Edge\Application\msedge.exe,"""C:\Program Files (x86)\Microsoft\Edge\Application\msedge.exe"" --type=gpu-process --gpu-preferences=SAAAAAAAAADgAAAEAAAAAAAAAAAAAGAAAQAAAAAAAAAAAAAAAAAAAAIAAAAAAAAAAAAAAAAAAAAQAAAAAAAAABAAAAAAAAAACAAAAAAAAAAIAAAAAAAAAA== --startup-read-main-dll --metrics-shmem-handle=1636,i,7873314519504195335,844810883513945121,262144 --field-trial-handle=2240,i,11143945296944085888,12671325936974232131,262144 --variations-seed-version --pseudonymization-salt-handle=2244,i,12724185471366048909,17944344586131369896,4 --trace-process-track-uuid=3190708988185955192 --mojo-platform-channel-handle=2236 /prefetch:2",
-,2026-04-20 18:02:39.213875+00:00,pizza,4688,C:\Program Files (x86)\Microsoft\Edge\Application\msedge.exe,"""C:\Program Files (x86)\Microsoft\Edge\Application\msedge.exe"" --type=utility --utility-sub-type=network.mojom.NetworkService --lang=en-US --service-sandbox-type=none --startup-read-main-dll --metrics-shmem-handle=1840,i,15119956159337158063,14370846379845429331,524288 --field-trial-handle=2240,i,11143945296944085888,12671325936974232131,262144 --variations-seed-version --pseudonymization-salt-handle=2244,i,12724185471366048909,17944344586131369896,4 --trace-process-track-uuid=3190708989122997041 --mojo-platform-channel-handle=2308 /prefetch:11",
-,2026-04-20 18:02:39.243652+00:00,DESKTOP-A3EGFSV$,4688,C:\Windows\System32\services.exe,"""C:\Program Files (x86)\Microsoft\Edge\Application\147.0.3912.72\elevation_service.exe""",
-,2026-04-20 18:02:39.251066+00:00,pizza,4688,C:\Program Files (x86)\Microsoft\Edge\Application\msedge.exe,"""C:\Program Files (x86)\Microsoft\Edge\Application\msedge.exe"" --type=utility --utility-sub-type=storage.mojom.StorageService --lang=en-US --service-sandbox-type=service --startup-read-main-dll --metrics-shmem-handle=2220,i,14049975660444297531,6097710217206350486,524288 --field-trial-handle=2240,i,11143945296944085888,12671325936974232131,262144 --variations-seed-version --pseudonymization-salt-handle=2244,i,12724185471366048909,17944344586131369896,4 --trace-process-track-uuid=3190708990060038890 --mojo-platform-channel-handle=3584 /prefetch:13",
-,2026-04-20 18:02:39.252655+00:00,pizza,4688,C:\Program Files (x86)\Microsoft\Edge\Application\msedge.exe,"""C:\Program Files (x86)\Microsoft\Edge\Application\msedge.exe"" --type=utility --utility-sub-type=edge_collections.mojom.CollectionsDataManager --lang=en-US --service-sandbox-type=collections --ram-no-pressure-read-main-dll --metrics-shmem-handle=2768,i,16059749585467193130,4123614304295842575,524288 --field-trial-handle=2240,i,11143945296944085888,12671325936974232131,262144 --variations-seed-version --pseudonymization-salt-handle=2244,i,12724185471366048909,17944344586131369896,4 --trace-process-track-uuid=3190708990997080739 --mojo-platform-channel-handle=3700 /prefetch:14",
,2026-04-20 18:02:39.513783+00:00,DESKTOP-A3EGFSV$,4695,,,
,2026-04-20 18:02:39.514374+00:00,pizza,4695,,,
,2026-04-20 18:02:39.587729+00:00,DESKTOP-A3EGFSV$,4689,,,C:\Program Files (x86)\Microsoft\Edge\Application\147.0.3912.72\elevation_service.exe
SYSTEM,2026-04-20 18:02:39.588671+00:00,DESKTOP-A3EGFSV$,4624,,,C:\Windows\System32\services.exe
,2026-04-20 18:02:39.588676+00:00,SYSTEM,4672,,,
-,2026-04-20 18:02:39.589802+00:00,DESKTOP-A3EGFSV$,4688,C:\Windows\System32\services.exe,C:\WINDOWS\system32\svchost.exe -k LocalSystemNetworkRestricted -p -s NgcSvc,
,2026-04-20 18:02:39.675568+00:00,pizza,5379,,,
,2026-04-20 18:02:39.676819+00:00,pizza,5379,,,
,2026-04-20 18:02:39.676870+00:00,pizza,5379,,,
,2026-04-20 18:02:39.681192+00:00,pizza,5379,,,
,2026-04-20 18:02:39.683187+00:00,pizza,5379,,,
,2026-04-20 18:02:39.837523+00:00,pizza,4689,,,C:\Program Files (x86)\Microsoft\Edge\Application\msedge.exe
-,2026-04-20 18:02:39.886341+00:00,pizza,4688,C:\Program Files (x86)\Microsoft\Edge\Application\msedge.exe,"""C:\Program Files (x86)\Microsoft\Edge\Application\147.0.3912.72\identity_helper.exe"" --type=utility --utility-sub-type=winrt_app_id.mojom.WinrtAppIdService --lang=en-US --service-sandbox-type=windows_package_identity --video-capture-use-gpu-memory-buffer --skip-read-main-dll --metrics-shmem-handle=5688,i,1404859448001943162,4414181274957215665,524288 --field-trial-handle=2240,i,11143945296944085888,12671325936974232131,262144 --variations-seed-version --pseudonymization-salt-handle=2244,i,12724185471366048909,17944344586131369896,4 --trace-process-track-uuid=3190708991934122588 --mojo-platform-channel-handle=5724 /prefetch:14",
,2026-04-20 18:02:39.896086+00:00,pizza,4689,,,C:\Program Files (x86)\Microsoft\Edge\Application\147.0.3912.72\identity_helper.exe
-,2026-04-20 18:02:39.899153+00:00,pizza,4688,C:\Program Files (x86)\Microsoft\Edge\Application\msedge.exe,"""C:\Program Files (x86)\Microsoft\Edge\Application\147.0.3912.72\identity_helper.exe"" --type=utility --utility-sub-type=winrt_app_id.mojom.WinrtAppIdService --lang=en-US --service-sandbox-type=windows_package_identity --video-capture-use-gpu-memory-buffer --skip-read-main-dll --metrics-shmem-handle=5688,i,1404859448001943162,4414181274957215665,524288 --field-trial-handle=2240,i,11143945296944085888,12671325936974232131,262144 --variations-seed-version --pseudonymization-salt-handle=2244,i,12724185471366048909,17944344586131369896,4 --trace-process-track-uuid=3190708991934122588 --mojo-platform-channel-handle=5724 /prefetch:14",
,2026-04-20 18:02:40.111122+00:00,pizza,4689,,,C:\Program Files\WindowsApps\Microsoft.WindowsNotepad_11.2512.26.0_x64__8wekyb3d8bbwe\Notepad\Notepad.exe
,2026-04-20 18:02:40.263657+00:00,pizza,5379,,,
,2026-04-20 18:02:40.263960+00:00,pizza,5379,,,
,2026-04-20 18:02:40.265379+00:00,pizza,5379,,,
,2026-04-20 18:02:40.265600+00:00,pizza,5379,,,
,2026-04-20 18:02:40.265800+00:00,pizza,5379,,,
,2026-04-20 18:02:40.265913+00:00,pizza,5379,,,
,2026-04-20 18:02:40.266163+00:00,pizza,5379,,,
,2026-04-20 18:02:40.266384+00:00,pizza,5379,,,
,2026-04-20 18:02:40.266586+00:00,pizza,5379,,,
,2026-04-20 18:02:40.266687+00:00,pizza,5379,,,
,2026-04-20 18:02:40.266893+00:00,pizza,5379,,,
,2026-04-20 18:02:40.267080+00:00,pizza,5379,,,
,2026-04-20 18:02:40.270214+00:00,pizza,5379,,,
,2026-04-20 18:02:40.270409+00:00,pizza,5379,,,
,2026-04-20 18:02:40.271511+00:00,pizza,5379,,,
,2026-04-20 18:02:40.273190+00:00,pizza,5379,,,
,2026-04-20 18:02:40.282558+00:00,pizza,5379,,,
,2026-04-20 18:02:40.283075+00:00,pizza,5379,,,
,2026-04-20 18:02:40.283321+00:00,pizza,5379,,,
,2026-04-20 18:02:40.283600+00:00,pizza,5379,,,
,2026-04-20 18:02:40.283808+00:00,pizza,5379,,,
,2026-04-20 18:02:40.283998+00:00,pizza,5379,,,
,2026-04-20 18:02:40.284189+00:00,pizza,5379,,,
,2026-04-20 18:02:40.284298+00:00,pizza,5379,,,
,2026-04-20 18:02:40.284473+00:00,pizza,5379,,,
,2026-04-20 18:02:40.284580+00:00,pizza,5379,,,
,2026-04-20 18:02:40.284771+00:00,pizza,5379,,,
,2026-04-20 18:02:40.284876+00:00,pizza,5379,,,
,2026-04-20 18:02:40.285048+00:00,pizza,5379,,,
,2026-04-20 18:02:40.293398+00:00,pizza,5379,,,
,2026-04-20 18:02:40.293596+00:00,pizza,5379,,,
,2026-04-20 18:02:40.293819+00:00,pizza,5379,,,
,2026-04-20 18:02:40.293945+00:00,pizza,5379,,,
,2026-04-20 18:02:40.294138+00:00,pizza,5379,,,
,2026-04-20 18:02:40.294247+00:00,pizza,5379,,,
,2026-04-20 18:02:40.294422+00:00,pizza,5379,,,
,2026-04-20 18:02:40.294641+00:00,pizza,5379,,,
,2026-04-20 18:02:40.294819+00:00,pizza,5379,,,
,2026-04-20 18:02:40.294922+00:00,pizza,5379,,,
,2026-04-20 18:02:40.295219+00:00,pizza,5379,,,
,2026-04-20 18:02:40.295357+00:00,pizza,5379,,,
,2026-04-20 18:02:40.295551+00:00,pizza,5379,,,
,2026-04-20 18:02:40.307571+00:00,pizza,5379,,,
,2026-04-20 18:02:40.307873+00:00,pizza,5379,,,
,2026-04-20 18:02:40.337933+00:00,pizza,5379,,,
,2026-04-20 18:02:40.338293+00:00,pizza,5379,,,
,2026-04-20 18:02:40.338514+00:00,pizza,5379,,,
,2026-04-20 18:02:40.338690+00:00,pizza,5379,,,
,2026-04-20 18:02:40.338861+00:00,pizza,5379,,,
,2026-04-20 18:02:40.338966+00:00,pizza,5379,,,
,2026-04-20 18:02:40.339254+00:00,pizza,5379,,,
,2026-04-20 18:02:40.339396+00:00,pizza,5379,,,
,2026-04-20 18:02:40.339663+00:00,pizza,5379,,,
,2026-04-20 18:02:40.339798+00:00,pizza,5379,,,
,2026-04-20 18:02:40.339956+00:00,pizza,5379,,,
,2026-04-20 18:02:40.340105+00:00,pizza,5379,,,
,2026-04-20 18:02:40.340300+00:00,pizza,5379,,,
,2026-04-20 18:02:40.340410+00:00,pizza,5379,,,
,2026-04-20 18:02:40.678799+00:00,pizza,4689,,,C:\Program Files (x86)\Microsoft\Edge\Application\msedge.exe
,2026-04-20 18:02:40.679165+00:00,pizza,4689,,,C:\Program Files (x86)\Microsoft\Edge\Application\msedge.exe
,2026-04-20 18:02:40.681150+00:00,pizza,4689,,,C:\Program Files (x86)\Microsoft\Edge\Application\msedge.exe
,2026-04-20 18:02:40.683952+00:00,pizza,4689,,,C:\Program Files (x86)\Microsoft\Edge\Application\msedge.exe
,2026-04-20 18:02:40.727196+00:00,pizza,4689,,,C:\Program Files (x86)\Microsoft\Edge\Application\msedge.exe
,2026-04-20 18:02:40.748487+00:00,pizza,4689,,,C:\Program Files (x86)\Microsoft\Edge\Application\msedge.exe
,2026-04-20 18:02:41.164446+00:00,pizza,5379,,,
,2026-04-20 18:02:41.165539+00:00,pizza,5379,,,
,2026-04-20 18:02:41.165604+00:00,pizza,5379,,,
,2026-04-20 18:02:41.168217+00:00,pizza,5379,,,
,2026-04-20 18:02:41.170029+00:00,pizza,5379,,,
,2026-04-20 18:02:41.403791+00:00,pizza,5379,,,
,2026-04-20 18:02:41.403992+00:00,pizza,5379,,,
,2026-04-20 18:02:41.404184+00:00,pizza,5379,,,
,2026-04-20 18:02:41.404291+00:00,pizza,5379,,,
,2026-04-20 18:02:41.404470+00:00,pizza,5379,,,
,2026-04-20 18:02:41.404591+00:00,pizza,5379,,,
,2026-04-20 18:02:41.404753+00:00,pizza,5379,,,
,2026-04-20 18:02:41.404888+00:00,pizza,5379,,,
,2026-04-20 18:02:41.405046+00:00,pizza,5379,,,
,2026-04-20 18:02:41.405157+00:00,pizza,5379,,,
,2026-04-20 18:02:41.405319+00:00,pizza,5379,,,
,2026-04-20 18:02:41.405430+00:00,pizza,5379,,,
,2026-04-20 18:02:41.405579+00:00,pizza,5379,,,
,2026-04-20 18:02:41.405689+00:00,pizza,5379,,,
,2026-04-20 18:02:41.405895+00:00,pizza,5379,,,
,2026-04-20 18:02:41.406246+00:00,pizza,5379,,,
,2026-04-20 18:02:41.414927+00:00,pizza,5379,,,
,2026-04-20 18:02:41.415115+00:00,pizza,5379,,,
,2026-04-20 18:02:41.415293+00:00,pizza,5379,,,
,2026-04-20 18:02:41.415415+00:00,pizza,5379,,,
,2026-04-20 18:02:41.415577+00:00,pizza,5379,,,
,2026-04-20 18:02:41.415695+00:00,pizza,5379,,,
,2026-04-20 18:02:41.415836+00:00,pizza,5379,,,
,2026-04-20 18:02:41.415945+00:00,pizza,5379,,,
,2026-04-20 18:02:41.416080+00:00,pizza,5379,,,
,2026-04-20 18:02:41.416187+00:00,pizza,5379,,,
,2026-04-20 18:02:41.416348+00:00,pizza,5379,,,
,2026-04-20 18:02:41.416454+00:00,pizza,5379,,,
,2026-04-20 18:02:41.416595+00:00,pizza,5379,,,
,2026-04-20 18:02:41.423048+00:00,pizza,5379,,,
,2026-04-20 18:02:41.423223+00:00,pizza,5379,,,
,2026-04-20 18:02:41.423399+00:00,pizza,5379,,,
,2026-04-20 18:02:41.423525+00:00,pizza,5379,,,
,2026-04-20 18:02:41.423714+00:00,pizza,5379,,,
,2026-04-20 18:02:41.423853+00:00,pizza,5379,,,
,2026-04-20 18:02:41.424034+00:00,pizza,5379,,,
,2026-04-20 18:02:41.424156+00:00,pizza,5379,,,
,2026-04-20 18:02:41.424294+00:00,pizza,5379,,,
,2026-04-20 18:02:41.424427+00:00,pizza,5379,,,
,2026-04-20 18:02:41.424564+00:00,pizza,5379,,,
,2026-04-20 18:02:41.424673+00:00,pizza,5379,,,
,2026-04-20 18:02:41.424812+00:00,pizza,5379,,,
,2026-04-20 18:02:41.426329+00:00,pizza,5379,,,
,2026-04-20 18:02:41.426594+00:00,pizza,5379,,,
,2026-04-20 18:08:01.574669+00:00,,1101,,,
-,2026-04-20 18:07:58.958967+00:00,-,4688,,,
-,2026-04-20 18:07:58.959118+00:00,-,4696,,,
,2026-04-20 18:07:58.959122+00:00,-,4826,,,
-,2026-04-20 18:07:58.962400+00:00,-,4688,,,
-,2026-04-20 18:07:59.421204+00:00,-,4688,C:\Windows\System32\smss.exe,,
-,2026-04-20 18:07:59.645664+00:00,-,4688,C:\Windows\System32\smss.exe,,
-,2026-04-20 18:07:59.723251+00:00,-,4688,C:\Windows\System32\smss.exe,,
-,2026-04-20 18:07:59.831991+00:00,-,4688,C:\Windows\System32\smss.exe,,
-,2026-04-20 18:07:59.835608+00:00,-,4688,C:\Windows\System32\smss.exe,,
-,2026-04-20 18:07:59.838045+00:00,-,4688,C:\Windows\System32\smss.exe,,
-,2026-04-20 18:07:59.859486+00:00,-,4688,C:\Windows\System32\smss.exe,,
-,2026-04-20 18:07:59.956900+00:00,-,4688,C:\Windows\System32\wininit.exe,,
-,2026-04-20 18:08:00.023918+00:00,-,4688,C:\Windows\System32\wininit.exe,,
,2026-04-20 18:08:00.128414+00:00,,6417,,,C:\Windows\System32\lsass.exe
,2026-04-20 18:08:00.132179+00:00,,4608,,,
SYSTEM,2026-04-20 18:08:00.141685+00:00,-,4624,,,
,2026-04-20 18:08:00.330967+00:00,,4902,,,
UMFD-0,2026-04-20 18:08:00.386835+00:00,DESKTOP-A3EGFSV$,4648,,,C:\Windows\System32\wininit.exe
UMFD-0,2026-04-20 18:08:00.386862+00:00,DESKTOP-A3EGFSV$,4624,,,C:\Windows\System32\wininit.exe
UMFD-1,2026-04-20 18:08:00.387880+00:00,DESKTOP-A3EGFSV$,4648,,,C:\Windows\System32\winlogon.exe
UMFD-1,2026-04-20 18:08:00.387890+00:00,DESKTOP-A3EGFSV$,4624,,,C:\Windows\System32\winlogon.exe
SYSTEM,2026-04-20 18:08:00.391825+00:00,DESKTOP-A3EGFSV$,4624,,,C:\Windows\System32\services.exe
,2026-04-20 18:08:00.391830+00:00,SYSTEM,4672,,,
-,2026-04-20 18:08:00.396746+00:00,DESKTOP-A3EGFSV$,4688,C:\Windows\System32\services.exe,C:\WINDOWS\system32\svchost.exe -k DcomLaunch -p,
UMFD-0,2026-04-20 18:08:00.410547+00:00,DESKTOP-A3EGFSV$,4688,C:\Windows\System32\wininit.exe,"""fontdrvhost.exe""",
UMFD-1,2026-04-20 18:08:00.410551+00:00,DESKTOP-A3EGFSV$,4688,C:\Windows\System32\winlogon.exe,"""fontdrvhost.exe""",
NETWORK SERVICE,2026-04-20 18:08:00.555155+00:00,DESKTOP-A3EGFSV$,4624,,,C:\Windows\System32\services.exe
,2026-04-20 18:08:00.555159+00:00,NETWORK SERVICE,4672,,,
DESKTOP-A3EGFSV$,2026-04-20 18:08:00.556017+00:00,DESKTOP-A3EGFSV$,4703,,,C:\Windows\System32\services.exe
DESKTOP-A3EGFSV$,2026-04-20 18:08:00.640411+00:00,DESKTOP-A3EGFSV$,4703,,,C:\Windows\System32\services.exe
DESKTOP-A3EGFSV$,2026-04-20 18:08:00.642477+00:00,DESKTOP-A3EGFSV$,4688,C:\Windows\System32\services.exe,C:\WINDOWS\system32\svchost.exe -k RPCSS -p,
SYSTEM,2026-04-20 18:08:00.681591+00:00,DESKTOP-A3EGFSV$,4624,,,C:\Windows\System32\services.exe
,2026-04-20 18:08:00.681597+00:00,SYSTEM,4672,,,
-,2026-04-20 18:08:00.682541+00:00,DESKTOP-A3EGFSV$,4688,C:\Windows\System32\services.exe,C:\WINDOWS\system32\svchost.exe -k DcomLaunch -p -s LSM,
-,2026-04-20 18:08:00.793047+00:00,DESKTOP-A3EGFSV$,4688,C:\Windows\System32\winlogon.exe,"""LogonUI.exe"" /flags:0x2 /state0:0xa3bd5855 /state1:0x41c64e6d",
DWM-1,2026-04-20 18:08:00.793489+00:00,DESKTOP-A3EGFSV$,4648,,,C:\Windows\System32\winlogon.exe
DWM-1,2026-04-20 18:08:00.793501+00:00,DESKTOP-A3EGFSV$,4624,,,C:\Windows\System32\winlogon.exe
DWM-1,2026-04-20 18:08:00.793510+00:00,DESKTOP-A3EGFSV$,4624,,,C:\Windows\System32\winlogon.exe
,2026-04-20 18:08:00.793512+00:00,DWM-1,4672,,,
,2026-04-20 18:08:00.793512+00:00,DWM-1,4672,,,
DWM-1,2026-04-20 18:08:00.796183+00:00,DESKTOP-A3EGFSV$,4688,C:\Windows\System32\winlogon.exe,"""dwm.exe""",
SYSTEM,2026-04-20 18:08:00.904268+00:00,DESKTOP-A3EGFSV$,4624,,,C:\Windows\System32\services.exe
,2026-04-20 18:08:00.904272+00:00,SYSTEM,4672,,,
SYSTEM,2026-04-20 18:08:00.904902+00:00,DESKTOP-A3EGFSV$,4624,,,C:\Windows\System32\services.exe
,2026-04-20 18:08:00.904909+00:00,SYSTEM,4672,,,
-,2026-04-20 18:08:00.905455+00:00,DESKTOP-A3EGFSV$,4688,C:\Windows\System32\services.exe,C:\WINDOWS\system32\svchost.exe -k GPSvcGroup,
-,2026-04-20 18:08:00.906046+00:00,DESKTOP-A3EGFSV$,4688,C:\Windows\System32\services.exe,C:\WINDOWS\System32\svchost.exe -k LocalSystemNetworkRestricted -p -s PrintDeviceConfigurationService,
DESKTOP-A3EGFSV$,2026-04-20 18:08:00.907724+00:00,DESKTOP-A3EGFSV$,4688,C:\Windows\System32\services.exe,C:\WINDOWS\system32\svchost.exe -k NetworkService -p,
LOCAL SERVICE,2026-04-20 18:08:00.937368+00:00,DESKTOP-A3EGFSV$,4624,,,C:\Windows\System32\services.exe
,2026-04-20 18:08:00.937374+00:00,LOCAL SERVICE,4672,,,
DESKTOP-A3EGFSV$,2026-04-20 18:08:00.937975+00:00,DESKTOP-A3EGFSV$,4703,,,C:\Windows\System32\services.exe
DESKTOP-A3EGFSV$,2026-04-20 18:08:00.943081+00:00,DESKTOP-A3EGFSV$,4703,,,C:\Windows\System32\services.exe
SYSTEM,2026-04-20 18:08:00.977324+00:00,DESKTOP-A3EGFSV$,4624,,,C:\Windows\System32\services.exe
,2026-04-20 18:08:00.977329+00:00,SYSTEM,4672,,,
-,2026-04-20 18:08:00.978376+00:00,DESKTOP-A3EGFSV$,4688,C:\Windows\System32\services.exe,C:\WINDOWS\System32\svchost.exe -k LocalSystemNetworkRestricted -p -s NcbService,
SYSTEM,2026-04-20 18:08:00.987871+00:00,DESKTOP-A3EGFSV$,4624,,,C:\Windows\System32\services.exe
,2026-04-20 18:08:00.987877+00:00,SYSTEM,4672,,,
-,2026-04-20 18:08:00.988930+00:00,DESKTOP-A3EGFSV$,4688,C:\Windows\System32\services.exe,C:\WINDOWS\system32\svchost.exe -k netsvcs -p -s Schedule,
DESKTOP-A3EGFSV$,2026-04-20 18:08:01.014458+00:00,DESKTOP-A3EGFSV$,4703,,,C:\Windows\System32\services.exe
LOCAL SERVICE,2026-04-20 18:08:01.016644+00:00,DESKTOP-A3EGFSV$,4688,C:\Windows\System32\services.exe,C:\WINDOWS\System32\svchost.exe -k LocalServiceNetworkRestricted -p -s lmhosts,
LOCAL SERVICE,2026-04-20 18:08:01.017059+00:00,DESKTOP-A3EGFSV$,4688,C:\Windows\System32\services.exe,C:\WINDOWS\system32\svchost.exe -k LocalServiceNoNetwork -p,
LOCAL SERVICE,2026-04-20 18:08:01.018610+00:00,DESKTOP-A3EGFSV$,4688,C:\Windows\System32\services.exe,C:\WINDOWS\system32\svchost.exe -k LocalServiceNetworkRestricted -p -s TimeBrokerSvc,
LOCAL SERVICE,2026-04-20 18:08:01.020494+00:00,DESKTOP-A3EGFSV$,4688,C:\Windows\System32\services.exe,C:\WINDOWS\system32\svchost.exe -k LocalServiceNetworkRestricted -p -s AppIDSvc,
SYSTEM,2026-04-20 18:08:01.048046+00:00,DESKTOP-A3EGFSV$,4624,,,C:\Windows\System32\services.exe
,2026-04-20 18:08:01.048050+00:00,SYSTEM,4672,,,
-,2026-04-20 18:08:01.049387+00:00,DESKTOP-A3EGFSV$,4688,C:\Windows\System32\services.exe,C:\WINDOWS\system32\svchost.exe -k UserProfileService -p -s ProfSvc,
LOCAL SERVICE,2026-04-20 18:08:01.091164+00:00,DESKTOP-A3EGFSV$,4688,C:\Windows\System32\services.exe,C:\WINDOWS\system32\svchost.exe -k LocalService -p -s nsi,
SYSTEM,2026-04-20 18:08:01.117346+00:00,DESKTOP-A3EGFSV$,4624,,,C:\Windows\System32\services.exe
,2026-04-20 18:08:01.117352+00:00,SYSTEM,4672,,,
-,2026-04-20 18:08:01.118601+00:00,DESKTOP-A3EGFSV$,4688,C:\Windows\System32\services.exe,C:\WINDOWS\system32\svchost.exe -k netsvcs -p -s UserManager,
DESKTOP-A3EGFSV$,2026-04-20 18:08:01.120512+00:00,DESKTOP-A3EGFSV$,4703,,,C:\Windows\System32\services.exe
SYSTEM,2026-04-20 18:08:01.142315+00:00,DESKTOP-A3EGFSV$,4624,,,C:\Windows\System32\services.exe
,2026-04-20 18:08:01.142319+00:00,SYSTEM,4672,,,
-,2026-04-20 18:08:01.143608+00:00,DESKTOP-A3EGFSV$,4688,C:\Windows\System32\services.exe,C:\WINDOWS\system32\svchost.exe -k LocalSystemNetworkRestricted -s WPDBusEnum,
-,2026-04-20 18:08:01.150652+00:00,DESKTOP-A3EGFSV$,4688,C:\Windows\System32\services.exe,C:\WINDOWS\System32\Upfc.exe /launchtype boot /cv PF0rFyn/oUe5zqw37hhFWw.0,
DESKTOP-A3EGFSV$,2026-04-20 18:08:01.155518+00:00,DESKTOP-A3EGFSV$,4688,C:\Windows\System32\services.exe,C:\WINDOWS\System32\svchost.exe -k netprofm -p -s netprofm,
DESKTOP-A3EGFSV$,2026-04-20 18:08:01.159101+00:00,DESKTOP-A3EGFSV$,4703,,,C:\Windows\System32\services.exe
DESKTOP-A3EGFSV$,2026-04-20 18:08:01.170532+00:00,DESKTOP-A3EGFSV$,4703,,,C:\Windows\System32\services.exe
DESKTOP-A3EGFSV$,2026-04-20 18:08:01.183804+00:00,DESKTOP-A3EGFSV$,4703,,,C:\Windows\System32\services.exe
DESKTOP-A3EGFSV$,2026-04-20 18:08:01.216187+00:00,DESKTOP-A3EGFSV$,4703,,,C:\Windows\System32\services.exe
DESKTOP-A3EGFSV$,2026-04-20 18:08:01.231836+00:00,DESKTOP-A3EGFSV$,4703,,,C:\Windows\System32\services.exe
,2026-04-20 18:08:01.270605+00:00,DESKTOP-A3EGFSV$,4689,,,C:\Windows\System32\upfc.exe
DESKTOP-A3EGFSV$,2026-04-20 18:08:01.272400+00:00,DESKTOP-A3EGFSV$,4703,,,C:\Windows\System32\services.exe
DESKTOP-A3EGFSV$,2026-04-20 18:08:01.279839+00:00,DESKTOP-A3EGFSV$,4703,,,C:\Windows\System32\services.exe
DESKTOP-A3EGFSV$,2026-04-20 18:08:01.289412+00:00,DESKTOP-A3EGFSV$,4703,,,C:\Windows\System32\services.exe
LOCAL SERVICE,2026-04-20 18:08:01.300644+00:00,DESKTOP-A3EGFSV$,4688,C:\Windows\System32\services.exe,C:\WINDOWS\system32\svchost.exe -k LocalService -p -s DispBrokerDesktopSvc,
LOCAL SERVICE,2026-04-20 18:08:01.302795+00:00,DESKTOP-A3EGFSV$,4688,C:\Windows\System32\services.exe,C:\WINDOWS\System32\svchost.exe -k LocalServiceNetworkRestricted -p -s EventLog,
LOCAL SERVICE,2026-04-20 18:08:01.361208+00:00,DESKTOP-A3EGFSV$,4688,C:\Windows\System32\services.exe,C:\WINDOWS\system32\svchost.exe -k LocalServiceRedirectionGuard -p -s EventSystem,
SYSTEM,2026-04-20 18:08:01.367140+00:00,DESKTOP-A3EGFSV$,4624,,,C:\Windows\System32\services.exe
,2026-04-20 18:08:01.367146+00:00,SYSTEM,4672,,,
-,2026-04-20 18:08:01.369057+00:00,DESKTOP-A3EGFSV$,4688,C:\Windows\System32\services.exe,C:\WINDOWS\system32\svchost.exe -k LocalSystemNetworkRestricted -p -s SysMain,
SYSTEM,2026-04-20 18:08:01.371447+00:00,DESKTOP-A3EGFSV$,4624,,,C:\Windows\System32\services.exe
,2026-04-20 18:08:01.371452+00:00,SYSTEM,4672,,,
-,2026-04-20 18:08:01.373110+00:00,DESKTOP-A3EGFSV$,4688,C:\Windows\System32\svchost.exe,taskhostw.exe ExploitGuardPolicy,
-,2026-04-20 18:08:01.373178+00:00,DESKTOP-A3EGFSV$,4688,C:\Windows\System32\services.exe,C:\WINDOWS\System32\svchost.exe -k netsvcs -p -s Themes,
SYSTEM,2026-04-20 18:08:01.527386+00:00,DESKTOP-A3EGFSV$,4624,,,C:\Windows\System32\services.exe
,2026-04-20 18:08:01.527393+00:00,SYSTEM,4672,,,
-,2026-04-20 18:08:01.530752+00:00,DESKTOP-A3EGFSV$,4688,C:\Windows\System32\services.exe,C:\WINDOWS\system32\svchost.exe -k netsvcsRedirectionGuard -p -s SENS,
-,2026-04-20 18:08:01.548803+00:00,DESKTOP-A3EGFSV$,4688,,,
Administrators,2026-04-20 18:08:01.552925+00:00,DESKTOP-A3EGFSV$,4799,,,
-,2026-04-20 18:08:01.564203+00:00,DESKTOP-A3EGFSV$,4688,C:\Windows\System32\svchost.exe,"""C:\WINDOWS\system32\dxgiadaptercache.exe""",
DESKTOP-A3EGFSV$,2026-04-20 18:08:01.564533+00:00,DESKTOP-A3EGFSV$,4688,C:\Windows\System32\services.exe,C:\WINDOWS\system32\svchost.exe -k NetworkService -p,
SYSTEM,2026-04-20 18:08:01.589342+00:00,DESKTOP-A3EGFSV$,4624,,,C:\Windows\System32\services.exe
,2026-04-20 18:08:01.589346+00:00,SYSTEM,4672,,,
-,2026-04-20 18:08:01.590405+00:00,DESKTOP-A3EGFSV$,4688,C:\Windows\System32\services.exe,C:\WINDOWS\System32\svchost.exe -k LocalSystemNetworkRestricted -p -s AudioEndpointBuilder,
LOCAL SERVICE,2026-04-20 18:08:01.604475+00:00,DESKTOP-A3EGFSV$,4688,C:\Windows\System32\services.exe,C:\WINDOWS\system32\svchost.exe -k LocalService -p -s FontCache,
LOCAL SERVICE,2026-04-20 18:08:01.739063+00:00,DESKTOP-A3EGFSV$,4688,C:\Windows\System32\services.exe,C:\WINDOWS\System32\svchost.exe -k LocalServiceNetworkRestricted -p,
LOCAL SERVICE,2026-04-20 18:08:01.773619+00:00,DESKTOP-A3EGFSV$,4688,C:\Windows\System32\services.exe,C:\WINDOWS\system32\svchost.exe -k LocalServiceNetworkRestricted -p -s Dhcp,
,2026-04-20 18:08:01.781534+00:00,DESKTOP-A3EGFSV$,6416,,,
,2026-04-20 18:08:01.787395+00:00,DESKTOP-A3EGFSV$,6416,,,
SYSTEM,2026-04-20 18:08:01.924984+00:00,DESKTOP-A3EGFSV$,4624,,,C:\Windows\System32\services.exe
,2026-04-20 18:08:01.924990+00:00,SYSTEM,4672,,,
-,2026-04-20 18:08:01.926315+00:00,DESKTOP-A3EGFSV$,4688,C:\Windows\System32\services.exe,C:\WINDOWS\System32\svchost.exe -k LocalSystemNetworkRestricted -p -s TextInputManagementService,
DESKTOP-A3EGFSV$,2026-04-20 18:08:01.970495+00:00,DESKTOP-A3EGFSV$,4703,,,C:\Windows\System32\services.exe
DESKTOP-A3EGFSV$,2026-04-20 18:08:01.973244+00:00,DESKTOP-A3EGFSV$,4703,,,C:\Windows\System32\services.exe
DESKTOP-A3EGFSV$,2026-04-20 18:08:01.973934+00:00,DESKTOP-A3EGFSV$,4703,,,C:\Windows\System32\services.exe
DESKTOP-A3EGFSV$,2026-04-20 18:08:01.976364+00:00,DESKTOP-A3EGFSV$,4703,,,C:\Windows\System32\services.exe
LOCAL SERVICE,2026-04-20 18:08:01.999252+00:00,DESKTOP-A3EGFSV$,4688,C:\Windows\System32\services.exe,C:\WINDOWS\System32\svchost.exe -k LocalServiceNetworkRestricted -p -s DusmSvc,
LOCAL SERVICE,2026-04-20 18:08:02.039118+00:00,DESKTOP-A3EGFSV$,4688,C:\Windows\System32\services.exe,C:\WINDOWS\system32\svchost.exe -k LocalServiceHttp -p,
SYSTEM,2026-04-20 18:08:02.077559+00:00,DESKTOP-A3EGFSV$,4624,,,C:\Windows\System32\services.exe
,2026-04-20 18:08:02.077564+00:00,SYSTEM,4672,,,
-,2026-04-20 18:08:02.079441+00:00,DESKTOP-A3EGFSV$,4688,C:\Windows\System32\services.exe,C:\WINDOWS\system32\svchost.exe -k appmodel -p -s StateRepository,
DESKTOP-A3EGFSV$,2026-04-20 18:08:02.146570+00:00,DESKTOP-A3EGFSV$,4703,,,C:\Windows\System32\services.exe
-,2026-04-20 18:08:02.158552+00:00,LOCAL SERVICE,4688,C:\Windows\System32\svchost.exe,C:\WINDOWS\system32\AUDIODG.EXE 0x0000000000000234 0x0000000000000450,
LOCAL SERVICE,2026-04-20 18:08:02.172411+00:00,DESKTOP-A3EGFSV$,4688,C:\Windows\System32\services.exe,C:\WINDOWS\system32\svchost.exe -k LocalServiceNetworkRestricted -p -s Wcmsvc,
SYSTEM,2026-04-20 18:08:02.287035+00:00,DESKTOP-A3EGFSV$,4624,,,C:\Windows\System32\services.exe
,2026-04-20 18:08:02.287041+00:00,SYSTEM,4672,,,
-,2026-04-20 18:08:02.289261+00:00,DESKTOP-A3EGFSV$,4688,C:\Windows\System32\services.exe,C:\WINDOWS\System32\svchost.exe -k netsvcs -p -s ShellHWDetection,
LOCAL SERVICE,2026-04-20 18:08:03.100168+00:00,DESKTOP-A3EGFSV$,4688,C:\Windows\System32\services.exe,C:\WINDOWS\System32\svchost.exe -k LocalServiceNetworkRestricted -s RmSvc,
DESKTOP-A3EGFSV$,2026-04-20 18:08:03.105310+00:00,DESKTOP-A3EGFSV$,4703,,,C:\Windows\System32\services.exe
SYSTEM,2026-04-20 18:08:03.167250+00:00,DESKTOP-A3EGFSV$,4624,,,C:\Windows\System32\services.exe
,2026-04-20 18:08:03.167255+00:00,SYSTEM,4672,,,
-,2026-04-20 18:08:03.175859+00:00,DESKTOP-A3EGFSV$,4688,C:\Windows\System32\services.exe,C:\WINDOWS\System32\spoolsv.exe,
pizza,2026-04-20 18:08:03.266275+00:00,DESKTOP-A3EGFSV$,4798,,,
DESKTOP-A3EGFSV$,2026-04-20 18:08:03.305071+00:00,DESKTOP-A3EGFSV$,4703,,,C:\Windows\System32\services.exe
DESKTOP-A3EGFSV$,2026-04-20 18:08:03.311991+00:00,DESKTOP-A3EGFSV$,4703,,,C:\Windows\System32\services.exe
LOCAL SERVICE,2026-04-20 18:08:03.312321+00:00,DESKTOP-A3EGFSV$,4688,C:\Windows\System32\services.exe,C:\WINDOWS\system32\svchost.exe -k LocalServiceNoNetworkFirewall -p,
DESKTOP-A3EGFSV$,2026-04-20 18:08:03.316818+00:00,DESKTOP-A3EGFSV$,4703,,,C:\Windows\System32\services.exe
,2026-04-20 18:08:03.327045+00:00,,5033,,,
DESKTOP-A3EGFSV$,2026-04-20 18:08:03.343170+00:00,DESKTOP-A3EGFSV$,4703,,,C:\Windows\System32\services.exe
DESKTOP-A3EGFSV$,2026-04-20 18:08:03.355400+00:00,DESKTOP-A3EGFSV$,4688,C:\Windows\System32\services.exe,C:\WINDOWS\System32\svchost.exe -k NetworkService -p -s LanmanWorkstation,
-,2026-04-20 18:08:03.454412+00:00,DESKTOP-A3EGFSV$,4688,C:\Windows\System32\svchost.exe,"""C:\WINDOWS\system32\ClipRenew.exe"" -e",
LOCAL SERVICE,2026-04-20 18:08:03.616804+00:00,DESKTOP-A3EGFSV$,4688,C:\Windows\System32\svchost.exe,taskhostw.exe TimeSyncTask,
LOCAL SERVICE,2026-04-20 18:08:03.680099+00:00,DESKTOP-A3EGFSV$,4688,C:\Windows\System32\services.exe,C:\WINDOWS\System32\svchost.exe -k LocalServiceNoNetwork -p -s DPS,
SYSTEM,2026-04-20 18:08:03.682285+00:00,DESKTOP-A3EGFSV$,4624,,,C:\Windows\System32\services.exe
,2026-04-20 18:08:03.682293+00:00,SYSTEM,4672,,,
-,2026-04-20 18:08:03.683435+00:00,DESKTOP-A3EGFSV$,4688,C:\Windows\System32\services.exe,C:\WINDOWS\System32\svchost.exe -k utcsvc -p,
SYSTEM,2026-04-20 18:08:03.684826+00:00,DESKTOP-A3EGFSV$,4624,,,C:\Windows\System32\services.exe
,2026-04-20 18:08:03.684832+00:00,SYSTEM,4672,,,
-,2026-04-20 18:08:03.686054+00:00,DESKTOP-A3EGFSV$,4688,C:\Windows\System32\services.exe,C:\WINDOWS\System32\svchost.exe -k NetSvcs -p -s iphlpsvc,
DESKTOP-A3EGFSV$,2026-04-20 18:08:03.688568+00:00,DESKTOP-A3EGFSV$,4703,,,C:\Windows\System32\services.exe
DESKTOP-A3EGFSV$,2026-04-20 18:08:03.700335+00:00,DESKTOP-A3EGFSV$,4703,,,C:\Windows\System32\services.exe
DESKTOP-A3EGFSV$,2026-04-20 18:08:03.701141+00:00,DESKTOP-A3EGFSV$,4703,,,C:\Windows\System32\services.exe
DESKTOP-A3EGFSV$,2026-04-20 18:08:03.737228+00:00,DESKTOP-A3EGFSV$,4703,,,C:\Windows\System32\services.exe
DESKTOP-A3EGFSV$,2026-04-20 18:08:03.737583+00:00,DESKTOP-A3EGFSV$,4703,,,C:\Windows\System32\svchost.exe
DESKTOP-A3EGFSV$,2026-04-20 18:08:03.745872+00:00,DESKTOP-A3EGFSV$,4703,,,C:\Windows\System32\services.exe
SYSTEM,2026-04-20 18:08:03.747051+00:00,DESKTOP-A3EGFSV$,4624,,,C:\Windows\System32\services.exe
,2026-04-20 18:08:03.747059+00:00,SYSTEM,4672,,,
-,2026-04-20 18:08:03.752707+00:00,DESKTOP-A3EGFSV$,4688,C:\Windows\System32\services.exe,C:\WINDOWS\system32\svchost.exe -k netsvcs -p -s LanmanServer,
DESKTOP-A3EGFSV$,2026-04-20 18:08:03.756666+00:00,DESKTOP-A3EGFSV$,4703,,,C:\Windows\System32\services.exe
SYSTEM,2026-04-20 18:08:03.760868+00:00,DESKTOP-A3EGFSV$,4624,,,C:\Windows\System32\services.exe
,2026-04-20 18:08:03.760880+00:00,SYSTEM,4672,,,
-,2026-04-20 18:08:03.762903+00:00,DESKTOP-A3EGFSV$,4688,C:\Windows\System32\services.exe,C:\WINDOWS\System32\svchost.exe -k LocalSystemNetworkRestricted -p -s TrkWks,
SYSTEM,2026-04-20 18:08:03.771816+00:00,DESKTOP-A3EGFSV$,4624,,,C:\Windows\System32\services.exe
,2026-04-20 18:08:03.771820+00:00,SYSTEM,4672,,,
SYSTEM,2026-04-20 18:08:03.774704+00:00,DESKTOP-A3EGFSV$,4624,,,C:\Windows\System32\services.exe
,2026-04-20 18:08:03.774710+00:00,SYSTEM,4672,,,
-,2026-04-20 18:08:03.776400+00:00,DESKTOP-A3EGFSV$,4688,C:\Windows\System32\services.exe,C:\WINDOWS\system32\svchost.exe -k netsvcs -p -s Winmgmt,
-,2026-04-20 18:08:03.777870+00:00,DESKTOP-A3EGFSV$,4688,C:\Windows\System32\services.exe,"""C:\Program Files (x86)\ossec-agent\wazuh-agent.exe""",
SYSTEM,2026-04-20 18:08:03.783972+00:00,DESKTOP-A3EGFSV$,4624,,,C:\Windows\System32\services.exe
,2026-04-20 18:08:03.783979+00:00,SYSTEM,4672,,,
-,2026-04-20 18:08:03.785734+00:00,DESKTOP-A3EGFSV$,4688,C:\Windows\System32\services.exe,C:\WINDOWS\system32\svchost.exe -k netsvcs -p -s WpnService,
DESKTOP-A3EGFSV$,2026-04-20 18:08:03.813517+00:00,DESKTOP-A3EGFSV$,4703,,,C:\Windows\System32\services.exe
-,2026-04-20 18:08:03.845898+00:00,DESKTOP-A3EGFSV$,4688,C:\Windows\System32\services.exe,"""C:\Program Files\Windows Defender\MsMpEng.exe""",
DESKTOP-A3EGFSV$,2026-04-20 18:08:04.227779+00:00,DESKTOP-A3EGFSV$,4703,,,C:\Program Files\Windows Defender\MsMpEng.exe
DESKTOP-A3EGFSV$,2026-04-20 18:08:04.292103+00:00,DESKTOP-A3EGFSV$,4703,,,C:\Windows\System32\services.exe
DESKTOP-A3EGFSV$,2026-04-20 18:08:04.296789+00:00,DESKTOP-A3EGFSV$,4703,,,C:\Windows\System32\services.exe
SYSTEM,2026-04-20 18:08:04.787359+00:00,DESKTOP-A3EGFSV$,4624,,,C:\Windows\System32\services.exe
,2026-04-20 18:08:04.787365+00:00,SYSTEM,4672,,,
SYSTEM,2026-04-20 18:08:04.788013+00:00,DESKTOP-A3EGFSV$,4624,,,C:\Windows\System32\services.exe
,2026-04-20 18:08:04.788019+00:00,SYSTEM,4672,,,
-,2026-04-20 18:08:04.789200+00:00,DESKTOP-A3EGFSV$,4688,C:\Windows\System32\services.exe,C:\WINDOWS\system32\svchost.exe -k wsappx -p -s AppXSvc,
-,2026-04-20 18:08:04.790274+00:00,DESKTOP-A3EGFSV$,4688,C:\Windows\System32\services.exe,C:\WINDOWS\system32\svchost.exe -k osprivacy -p -s camsvc,
LOCAL SERVICE,2026-04-20 18:08:05.018270+00:00,DESKTOP-A3EGFSV$,4688,C:\Windows\System32\services.exe,C:\WINDOWS\system32\svchost.exe -k WSAIFabricSvcGroup -p -s WSAIFabricSvc,
DESKTOP-A3EGFSV$,2026-04-20 18:08:05.136307+00:00,DESKTOP-A3EGFSV$,4703,,,C:\Windows\System32\lsass.exe
-,2026-04-20 18:08:05.380987+00:00,DESKTOP-A3EGFSV$,4688,C:\Windows\System32\svchost.exe,AggregatorHost.exe,
,2026-04-20 18:08:05.779848+00:00,,5024,,,
-,2026-04-20 18:08:05.817617+00:00,DESKTOP-A3EGFSV$,4688,C:\Program Files (x86)\ossec-agent\wazuh-agent.exe,"powershell secedit /export /cfg $env:TEMP\secpol.cfg; Get-Content $env:TEMP\secpol.cfg | Select-String ""PasswordHistorySize""; Remove-Item $env:TEMP\secpol.cfg",
DESKTOP-A3EGFSV$,2026-04-20 18:08:05.857695+00:00,DESKTOP-A3EGFSV$,4703,,,C:\Windows\System32\services.exe
-,2026-04-20 18:08:05.985605+00:00,DESKTOP-A3EGFSV$,4688,C:\Windows\System32\svchost.exe,"""C:\WINDOWS\system32\wermgr.exe"" -upload",
DESKTOP-A3EGFSV$,2026-04-20 18:08:06.099588+00:00,DESKTOP-A3EGFSV$,4688,C:\Windows\System32\svchost.exe,taskhostw.exe network,
Administrators,2026-04-20 18:08:06.149118+00:00,DESKTOP-A3EGFSV$,4799,,,
-,2026-04-20 18:08:06.345581+00:00,DESKTOP-A3EGFSV$,4688,C:\Windows\SysWOW64\WindowsPowerShell\v1.0\powershell.exe,\??\C:\WINDOWS\system32\conhost.exe 0xffffffff -ForceV1,
SYSTEM,2026-04-20 18:08:07.077459+00:00,DESKTOP-A3EGFSV$,4624,,,C:\Windows\System32\services.exe
,2026-04-20 18:08:07.077463+00:00,SYSTEM,4672,,,
-,2026-04-20 18:08:07.078672+00:00,DESKTOP-A3EGFSV$,4688,C:\Windows\System32\services.exe,C:\WINDOWS\System32\svchost.exe -k LocalSystemNetworkRestricted -p -s WdiSystemHost,
SYSTEM,2026-04-20 18:08:07.106775+00:00,DESKTOP-A3EGFSV$,4624,,,C:\Windows\System32\services.exe
,2026-04-20 18:08:07.106781+00:00,SYSTEM,4672,,,
-,2026-04-20 18:08:07.108000+00:00,DESKTOP-A3EGFSV$,4688,C:\Windows\System32\services.exe,C:\WINDOWS\system32\svchost.exe -k LocalSystemNetworkRestricted -p -s PcaSvc,
DESKTOP-A3EGFSV$,2026-04-20 18:08:07.323895+00:00,DESKTOP-A3EGFSV$,4703,,,C:\Windows\System32\svchost.exe
DESKTOP-A3EGFSV$,2026-04-20 18:08:07.327459+00:00,DESKTOP-A3EGFSV$,4703,,,C:\Windows\System32\svchost.exe
DESKTOP-A3EGFSV$,2026-04-20 18:08:07.329535+00:00,DESKTOP-A3EGFSV$,4703,,,C:\Windows\System32\svchost.exe
DESKTOP-A3EGFSV$,2026-04-20 18:08:07.331062+00:00,DESKTOP-A3EGFSV$,4703,,,C:\Windows\System32\svchost.exe
DESKTOP-A3EGFSV$,2026-04-20 18:08:07.332724+00:00,DESKTOP-A3EGFSV$,4703,,,C:\Windows\System32\svchost.exe
DESKTOP-A3EGFSV$,2026-04-20 18:08:07.333147+00:00,DESKTOP-A3EGFSV$,4703,,,C:\Windows\System32\svchost.exe
DESKTOP-A3EGFSV$,2026-04-20 18:08:07.340256+00:00,DESKTOP-A3EGFSV$,4688,C:\Windows\System32\svchost.exe,C:\WINDOWS\system32\wbem\wmiprvse.exe -secured -Embedding,
DESKTOP-A3EGFSV$,2026-04-20 18:08:07.368357+00:00,DESKTOP-A3EGFSV$,4703,,,C:\Windows\System32\svchost.exe
DESKTOP-A3EGFSV$,2026-04-20 18:08:07.370155+00:00,DESKTOP-A3EGFSV$,4703,,,C:\Windows\System32\svchost.exe
,2026-04-20 18:08:07.379568+00:00,LOCAL SERVICE,4689,,,C:\Windows\System32\taskhostw.exe
DESKTOP-A3EGFSV$,2026-04-20 18:08:07.394644+00:00,DESKTOP-A3EGFSV$,4703,,,C:\Windows\System32\svchost.exe
DESKTOP-A3EGFSV$,2026-04-20 18:08:07.396242+00:00,DESKTOP-A3EGFSV$,4703,,,C:\Windows\System32\svchost.exe
DESKTOP-A3EGFSV$,2026-04-20 18:08:07.396797+00:00,DESKTOP-A3EGFSV$,4703,,,C:\Windows\System32\svchost.exe
DESKTOP-A3EGFSV$,2026-04-20 18:08:07.397720+00:00,DESKTOP-A3EGFSV$,4703,,,C:\Windows\System32\svchost.exe
SYSTEM,2026-04-20 18:08:07.403379+00:00,DESKTOP-A3EGFSV$,4624,,,C:\Windows\System32\services.exe
,2026-04-20 18:08:07.403383+00:00,SYSTEM,4672,,,
-,2026-04-20 18:08:07.406078+00:00,DESKTOP-A3EGFSV$,4688,C:\Windows\System32\services.exe,C:\WINDOWS\servicing\TrustedInstaller.exe,
-,2026-04-20 18:08:07.442146+00:00,DESKTOP-A3EGFSV$,4688,C:\Windows\System32\svchost.exe,C:\WINDOWS\winsxs\amd64_microsoft-windows-servicingstack_31bf3856ad364e35_10.0.26100.8247_none_a53a4f5b773e04f9\TiWorker.exe -Embedding,
DESKTOP-A3EGFSV$,2026-04-20 18:08:07.473711+00:00,DESKTOP-A3EGFSV$,4703,,,C:\Windows\WinSxS\amd64_microsoft-windows-servicingstack_31bf3856ad364e35_10.0.26100.8247_none_a53a4f5b773e04f9\TiWorker.exe
,2026-04-20 18:08:07.943861+00:00,DESKTOP-A3EGFSV$,4689,,,C:\Windows\System32\dxgiadaptercache.exe
DESKTOP-A3EGFSV$,2026-04-20 18:08:08.329031+00:00,DESKTOP-A3EGFSV$,4703,,,C:\Windows\System32\svchost.exe
DESKTOP-A3EGFSV$,2026-04-20 18:08:08.372398+00:00,DESKTOP-A3EGFSV$,4688,C:\Windows\System32\services.exe,C:\WINDOWS\system32\sppsvc.exe,
SYSTEM,2026-04-20 18:08:08.470274+00:00,DESKTOP-A3EGFSV$,4624,,,C:\Windows\System32\services.exe
,2026-04-20 18:08:08.470280+00:00,SYSTEM,4672,,,
-,2026-04-20 18:08:08.471397+00:00,DESKTOP-A3EGFSV$,4688,C:\Windows\System32\services.exe,C:\WINDOWS\system32\svchost.exe -k netsvcs -p -s wuauserv,
,2026-04-20 18:08:08.626186+00:00,DESKTOP-A3EGFSV$,4689,,,C:\Windows\System32\ClipRenew.exe
DESKTOP-A3EGFSV$,2026-04-20 18:08:08.745449+00:00,DESKTOP-A3EGFSV$,4688,C:\Windows\System32\svchost.exe,C:\WINDOWS\system32\SppExtComObj.exe -Embedding,
-,2026-04-20 18:08:08.773390+00:00,DESKTOP-A3EGFSV$,4688,C:\Windows\System32\SppExtComObj.Exe,"""C:\WINDOWS\System32\SLUI.exe"" RuleId=31e71c49-8da7-4a2f-ad92-45d98a1c79ba;Action=AutoActivate;AppId=55c92734-d682-4d71-983e-d6ec3f16059f;SkuId=2b1f36bb-c1cd-4306-bf5c-a0367c2d97d8;NotificationInterval=1440;Trigger=NetworkAvailable",
DESKTOP-A3EGFSV$,2026-04-20 18:08:08.833755+00:00,DESKTOP-A3EGFSV$,4703,,,C:\Windows\System32\svchost.exe
DESKTOP-A3EGFSV$,2026-04-20 18:08:08.834076+00:00,DESKTOP-A3EGFSV$,4703,,,C:\Windows\System32\svchost.exe
DESKTOP-A3EGFSV$,2026-04-20 18:08:08.834309+00:00,DESKTOP-A3EGFSV$,4703,,,C:\Windows\System32\svchost.exe
DESKTOP-A3EGFSV$,2026-04-20 18:08:08.834654+00:00,DESKTOP-A3EGFSV$,4703,,,C:\Windows\System32\svchost.exe
DESKTOP-A3EGFSV$,2026-04-20 18:08:08.835705+00:00,DESKTOP-A3EGFSV$,4703,,,C:\Windows\System32\svchost.exe
DESKTOP-A3EGFSV$,2026-04-20 18:08:08.878601+00:00,DESKTOP-A3EGFSV$,4703,,,C:\Windows\System32\svchost.exe
LOCAL SERVICE,2026-04-20 18:08:08.899307+00:00,DESKTOP-A3EGFSV$,4688,C:\Windows\System32\services.exe,C:\WINDOWS\System32\svchost.exe -k LocalService -p -s LicenseManager,
,2026-04-20 18:08:08.909481+00:00,DESKTOP-A3EGFSV$,4689,,,C:\Windows\System32\taskhostw.exe
SYSTEM,2026-04-20 18:08:08.987314+00:00,DESKTOP-A3EGFSV$,4624,,,C:\Windows\System32\services.exe
,2026-04-20 18:08:08.987320+00:00,SYSTEM,4672,,,
-,2026-04-20 18:08:08.989046+00:00,DESKTOP-A3EGFSV$,4688,C:\Windows\System32\services.exe,C:\WINDOWS\System32\svchost.exe -k wsappx -p -s ClipSVC,
SYSTEM,2026-04-20 18:08:09.070303+00:00,DESKTOP-A3EGFSV$,4624,,,C:\Windows\System32\services.exe
,2026-04-20 18:08:09.070307+00:00,SYSTEM,4672,,,
-,2026-04-20 18:08:09.071749+00:00,DESKTOP-A3EGFSV$,4688,C:\Windows\System32\services.exe,C:\WINDOWS\system32\svchost.exe -k netsvcs -p -s TokenBroker,
,2026-04-20 18:08:09.427073+00:00,DESKTOP-A3EGFSV$,4689,,,C:\Windows\System32\slui.exe
,2026-04-20 18:08:09.452169+00:00,DESKTOP-A3EGFSV$,4689,,,C:\Windows\System32\wermgr.exe
SYSTEM,2026-04-20 18:08:09.866846+00:00,DESKTOP-A3EGFSV$,4624,,,C:\Windows\System32\services.exe
,2026-04-20 18:08:09.866850+00:00,SYSTEM,4672,,,
-,2026-04-20 18:08:09.867914+00:00,DESKTOP-A3EGFSV$,4688,C:\Windows\System32\services.exe,C:\WINDOWS\system32\svchost.exe -k LocalSystemNetworkRestricted -p -s NgcSvc,
DESKTOP-A3EGFSV$,2026-04-20 18:08:10.253534+00:00,DESKTOP-A3EGFSV$,4703,,,C:\Windows\System32\services.exe
LOCAL SERVICE,2026-04-20 18:08:10.459240+00:00,DESKTOP-A3EGFSV$,4688,C:\Windows\System32\services.exe,"""C:\Program Files\Windows Defender\NisSrv.exe""",
-,2026-04-20 18:08:10.769129+00:00,DESKTOP-A3EGFSV$,4688,C:\Windows\SysWOW64\WindowsPowerShell\v1.0\powershell.exe,"""C:\WINDOWS\system32\SecEdit.exe"" /export /cfg C:\WINDOWS\TEMP\secpol.cfg",
,2026-04-20 18:08:10.901724+00:00,DESKTOP-A3EGFSV$,4689,,,C:\Windows\SysWOW64\SecEdit.exe
,2026-04-20 18:08:12.178185+00:00,DESKTOP-A3EGFSV$,4689,,,C:\Windows\SysWOW64\WindowsPowerShell\v1.0\powershell.exe
,2026-04-20 18:08:12.180216+00:00,DESKTOP-A3EGFSV$,4689,,,C:\Windows\System32\conhost.exe
-,2026-04-20 18:08:12.187626+00:00,DESKTOP-A3EGFSV$,4688,C:\Program Files (x86)\ossec-agent\wazuh-agent.exe,"powershell secedit /export /cfg $env:TEMP\secpol.cfg; Get-Content $env:TEMP\secpol.cfg | Select-String ""MaximumPasswordAge""; Remove-Item $env:TEMP\secpol.cfg",
-,2026-04-20 18:08:12.199211+00:00,DESKTOP-A3EGFSV$,4688,C:\Windows\SysWOW64\WindowsPowerShell\v1.0\powershell.exe,\??\C:\WINDOWS\system32\conhost.exe 0xffffffff -ForceV1,
DESKTOP-A3EGFSV$,2026-04-20 18:08:12.572401+00:00,DESKTOP-A3EGFSV$,4703,,,C:\Windows\System32\svchost.exe
DESKTOP-A3EGFSV$,2026-04-20 18:08:12.574036+00:00,DESKTOP-A3EGFSV$,4703,,,C:\Windows\System32\svchost.exe
DESKTOP-A3EGFSV$,2026-04-20 18:08:12.574631+00:00,DESKTOP-A3EGFSV$,4703,,,C:\Windows\System32\svchost.exe
DESKTOP-A3EGFSV$,2026-04-20 18:08:12.574932+00:00,DESKTOP-A3EGFSV$,4703,,,C:\Windows\System32\svchost.exe
DESKTOP-A3EGFSV$,2026-04-20 18:08:12.577093+00:00,DESKTOP-A3EGFSV$,4703,,,C:\Windows\System32\svchost.exe
DESKTOP-A3EGFSV$,2026-04-20 18:08:12.586485+00:00,DESKTOP-A3EGFSV$,4703,,,C:\Windows\System32\svchost.exe
DESKTOP-A3EGFSV$,2026-04-20 18:08:12.587418+00:00,DESKTOP-A3EGFSV$,4703,,,C:\Windows\System32\svchost.exe
DESKTOP-A3EGFSV$,2026-04-20 18:08:12.592850+00:00,DESKTOP-A3EGFSV$,4703,,,C:\Windows\System32\svchost.exe
DESKTOP-A3EGFSV$,2026-04-20 18:08:12.596415+00:00,DESKTOP-A3EGFSV$,4703,,,C:\Windows\System32\svchost.exe
DESKTOP-A3EGFSV$,2026-04-20 18:08:12.596788+00:00,DESKTOP-A3EGFSV$,4703,,,C:\Windows\System32\svchost.exe
DESKTOP-A3EGFSV$,2026-04-20 18:08:12.601625+00:00,DESKTOP-A3EGFSV$,4703,,,C:\Windows\System32\svchost.exe
DESKTOP-A3EGFSV$,2026-04-20 18:08:12.602196+00:00,DESKTOP-A3EGFSV$,4703,,,C:\Windows\System32\svchost.exe
DESKTOP-A3EGFSV$,2026-04-20 18:08:12.602545+00:00,DESKTOP-A3EGFSV$,4703,,,C:\Windows\System32\svchost.exe
DESKTOP-A3EGFSV$,2026-04-20 18:08:12.603884+00:00,DESKTOP-A3EGFSV$,4703,,,C:\Windows\System32\svchost.exe
Administrator,2026-04-20 18:08:13.127405+00:00,DESKTOP-A3EGFSV$,4798,,,
DefaultAccount,2026-04-20 18:08:13.128242+00:00,DESKTOP-A3EGFSV$,4798,,,
Guest,2026-04-20 18:08:13.128904+00:00,DESKTOP-A3EGFSV$,4798,,,
pizza,2026-04-20 18:08:13.129778+00:00,DESKTOP-A3EGFSV$,4798,,,
WDAGUtilityAccount,2026-04-20 18:08:13.130489+00:00,DESKTOP-A3EGFSV$,4798,,,
WDAGUtilityAccount,2026-04-20 18:08:13.131016+00:00,DESKTOP-A3EGFSV$,4798,,,
Administrator,2026-04-20 18:08:13.132992+00:00,DESKTOP-A3EGFSV$,4798,,,
DefaultAccount,2026-04-20 18:08:13.133272+00:00,DESKTOP-A3EGFSV$,4798,,,
Guest,2026-04-20 18:08:13.133530+00:00,DESKTOP-A3EGFSV$,4798,,,
pizza,2026-04-20 18:08:13.133877+00:00,DESKTOP-A3EGFSV$,4798,,,
WDAGUtilityAccount,2026-04-20 18:08:13.134155+00:00,DESKTOP-A3EGFSV$,4798,,,
-,2026-04-20 18:08:13.287792+00:00,DESKTOP-A3EGFSV$,4688,C:\Windows\SysWOW64\WindowsPowerShell\v1.0\powershell.exe,"""C:\WINDOWS\system32\SecEdit.exe"" /export /cfg C:\WINDOWS\TEMP\secpol.cfg",
,2026-04-20 18:08:13.378584+00:00,DESKTOP-A3EGFSV$,4689,,,C:\Windows\SysWOW64\SecEdit.exe
,2026-04-20 18:08:14.305332+00:00,DESKTOP-A3EGFSV$,4689,,,C:\Windows\SysWOW64\WindowsPowerShell\v1.0\powershell.exe
-,2026-04-20 18:08:14.314281+00:00,DESKTOP-A3EGFSV$,4688,C:\Program Files (x86)\ossec-agent\wazuh-agent.exe,"powershell secedit /export /cfg $env:TEMP\secpol.cfg; Get-Content $env:TEMP\secpol.cfg | Select-String ""MaximumPasswordAge""; Remove-Item $env:TEMP\secpol.cfg",
,2026-04-20 18:08:14.316587+00:00,DESKTOP-A3EGFSV$,4689,,,C:\Windows\System32\conhost.exe
-,2026-04-20 18:08:14.323734+00:00,DESKTOP-A3EGFSV$,4688,C:\Windows\SysWOW64\WindowsPowerShell\v1.0\powershell.exe,\??\C:\WINDOWS\system32\conhost.exe 0xffffffff -ForceV1,
,2026-04-20 18:08:14.354939+00:00,DESKTOP-A3EGFSV$,4689,,,C:\Windows\System32\taskhostw.exe
-,2026-04-20 18:08:14.992548+00:00,DESKTOP-A3EGFSV$,4688,C:\Windows\SysWOW64\WindowsPowerShell\v1.0\powershell.exe,"""C:\WINDOWS\system32\SecEdit.exe"" /export /cfg C:\WINDOWS\TEMP\secpol.cfg",
,2026-04-20 18:08:15.059793+00:00,DESKTOP-A3EGFSV$,4689,,,C:\Windows\SysWOW64\SecEdit.exe
,2026-04-20 18:08:15.495314+00:00,DESKTOP-A3EGFSV$,4689,,,C:\Windows\SysWOW64\WindowsPowerShell\v1.0\powershell.exe
,2026-04-20 18:08:15.497183+00:00,DESKTOP-A3EGFSV$,4689,,,C:\Windows\System32\conhost.exe
-,2026-04-20 18:08:15.502787+00:00,DESKTOP-A3EGFSV$,4688,C:\Program Files (x86)\ossec-agent\wazuh-agent.exe,"powershell secedit /export /cfg $env:TEMP\secpol.cfg; Get-Content $env:TEMP\secpol.cfg | Select-String ""MinimumPasswordAge""; Remove-Item $env:TEMP\secpol.cfg",
-,2026-04-20 18:08:15.512751+00:00,DESKTOP-A3EGFSV$,4688,C:\Windows\SysWOW64\WindowsPowerShell\v1.0\powershell.exe,\??\C:\WINDOWS\system32\conhost.exe 0xffffffff -ForceV1,
-,2026-04-20 18:08:16.156025+00:00,DESKTOP-A3EGFSV$,4688,C:\Windows\SysWOW64\WindowsPowerShell\v1.0\powershell.exe,"""C:\WINDOWS\system32\SecEdit.exe"" /export /cfg C:\WINDOWS\TEMP\secpol.cfg",
,2026-04-20 18:08:16.220486+00:00,DESKTOP-A3EGFSV$,4689,,,C:\Windows\SysWOW64\SecEdit.exe
,2026-04-20 18:08:16.644375+00:00,DESKTOP-A3EGFSV$,4689,,,C:\Windows\SysWOW64\WindowsPowerShell\v1.0\powershell.exe
,2026-04-20 18:08:16.646273+00:00,DESKTOP-A3EGFSV$,4689,,,C:\Windows\System32\conhost.exe
-,2026-04-20 18:08:16.652168+00:00,DESKTOP-A3EGFSV$,4688,C:\Program Files (x86)\ossec-agent\wazuh-agent.exe,"powershell secedit /export /cfg $env:TEMP\secpol.cfg; Get-Content $env:TEMP\secpol.cfg | Select-String ""MinimumPasswordLength""; Remove-Item $env:TEMP\secpol.cfg",
-,2026-04-20 18:08:16.661633+00:00,DESKTOP-A3EGFSV$,4688,C:\Windows\SysWOW64\WindowsPowerShell\v1.0\powershell.exe,\??\C:\WINDOWS\system32\conhost.exe 0xffffffff -ForceV1,
-,2026-04-20 18:08:17.275103+00:00,DESKTOP-A3EGFSV$,4688,C:\Windows\SysWOW64\WindowsPowerShell\v1.0\powershell.exe,"""C:\WINDOWS\system32\SecEdit.exe"" /export /cfg C:\WINDOWS\TEMP\secpol.cfg",
,2026-04-20 18:08:17.339256+00:00,DESKTOP-A3EGFSV$,4689,,,C:\Windows\SysWOW64\SecEdit.exe
,2026-04-20 18:08:17.782513+00:00,DESKTOP-A3EGFSV$,4689,,,C:\Windows\SysWOW64\WindowsPowerShell\v1.0\powershell.exe
,2026-04-20 18:08:17.784403+00:00,DESKTOP-A3EGFSV$,4689,,,C:\Windows\System32\conhost.exe
-,2026-04-20 18:08:17.790112+00:00,DESKTOP-A3EGFSV$,4688,C:\Program Files (x86)\ossec-agent\wazuh-agent.exe,"powershell secedit /export /cfg $env:TEMP\secpol.cfg; Get-Content $env:TEMP\secpol.cfg | Select-String ""LockoutDuration""; Remove-Item $env:TEMP\secpol.cfg",
-,2026-04-20 18:08:17.801901+00:00,DESKTOP-A3EGFSV$,4688,C:\Windows\SysWOW64\WindowsPowerShell\v1.0\powershell.exe,\??\C:\WINDOWS\system32\conhost.exe 0xffffffff -ForceV1,
-,2026-04-20 18:08:18.429453+00:00,DESKTOP-A3EGFSV$,4688,C:\Windows\SysWOW64\WindowsPowerShell\v1.0\powershell.exe,"""C:\WINDOWS\system32\SecEdit.exe"" /export /cfg C:\WINDOWS\TEMP\secpol.cfg",
,2026-04-20 18:08:18.493507+00:00,DESKTOP-A3EGFSV$,4689,,,C:\Windows\SysWOW64\SecEdit.exe
,2026-04-20 18:08:18.871931+00:00,DESKTOP-A3EGFSV$,4689,,,C:\Windows\SysWOW64\WindowsPowerShell\v1.0\powershell.exe
,2026-04-20 18:08:18.873529+00:00,DESKTOP-A3EGFSV$,4689,,,C:\Windows\System32\conhost.exe
-,2026-04-20 18:08:18.879042+00:00,DESKTOP-A3EGFSV$,4688,C:\Program Files (x86)\ossec-agent\wazuh-agent.exe,"powershell secedit /export /cfg $env:TEMP\secpol.cfg; Get-Content $env:TEMP\secpol.cfg | Select-String ""LockoutBadCount""; Remove-Item $env:TEMP\secpol.cfg",
-,2026-04-20 18:08:18.888062+00:00,DESKTOP-A3EGFSV$,4688,C:\Windows\SysWOW64\WindowsPowerShell\v1.0\powershell.exe,\??\C:\WINDOWS\system32\conhost.exe 0xffffffff -ForceV1,
-,2026-04-20 18:08:19.488029+00:00,DESKTOP-A3EGFSV$,4688,C:\Windows\SysWOW64\WindowsPowerShell\v1.0\powershell.exe,"""C:\WINDOWS\system32\SecEdit.exe"" /export /cfg C:\WINDOWS\TEMP\secpol.cfg",
,2026-04-20 18:08:19.551390+00:00,DESKTOP-A3EGFSV$,4689,,,C:\Windows\SysWOW64\SecEdit.exe
,2026-04-20 18:08:20.006430+00:00,DESKTOP-A3EGFSV$,4689,,,C:\Windows\SysWOW64\WindowsPowerShell\v1.0\powershell.exe
,2026-04-20 18:08:20.008123+00:00,DESKTOP-A3EGFSV$,4689,,,C:\Windows\System32\conhost.exe
-,2026-04-20 18:08:20.013832+00:00,DESKTOP-A3EGFSV$,4688,C:\Program Files (x86)\ossec-agent\wazuh-agent.exe,"powershell secedit /export /cfg $env:TEMP\secpol.cfg; Get-Content $env:TEMP\secpol.cfg | Select-String ""LockoutBadCount""; Remove-Item $env:TEMP\secpol.cfg",
-,2026-04-20 18:08:20.018354+00:00,DESKTOP-A3EGFSV$,4688,C:\Windows\SysWOW64\WindowsPowerShell\v1.0\powershell.exe,\??\C:\WINDOWS\system32\conhost.exe 0xffffffff -ForceV1,
-,2026-04-20 18:08:20.612951+00:00,DESKTOP-A3EGFSV$,4688,C:\Windows\SysWOW64\WindowsPowerShell\v1.0\powershell.exe,"""C:\WINDOWS\system32\SecEdit.exe"" /export /cfg C:\WINDOWS\TEMP\secpol.cfg",
,2026-04-20 18:08:20.680620+00:00,DESKTOP-A3EGFSV$,4689,,,C:\Windows\SysWOW64\SecEdit.exe
,2026-04-20 18:08:21.096254+00:00,DESKTOP-A3EGFSV$,4689,,,C:\Windows\SysWOW64\WindowsPowerShell\v1.0\powershell.exe
,2026-04-20 18:08:21.097977+00:00,DESKTOP-A3EGFSV$,4689,,,C:\Windows\System32\conhost.exe
-,2026-04-20 18:08:21.103430+00:00,DESKTOP-A3EGFSV$,4688,C:\Program Files (x86)\ossec-agent\wazuh-agent.exe,"powershell secedit /export /cfg $env:TEMP\secpol.cfg; Get-Content $env:TEMP\secpol.cfg | Select-String ""ResetLockoutCount""; Remove-Item $env:TEMP\secpol.cfg",
-,2026-04-20 18:08:21.112286+00:00,DESKTOP-A3EGFSV$,4688,C:\Windows\SysWOW64\WindowsPowerShell\v1.0\powershell.exe,\??\C:\WINDOWS\system32\conhost.exe 0xffffffff -ForceV1,
-,2026-04-20 18:08:21.755018+00:00,DESKTOP-A3EGFSV$,4688,C:\Windows\SysWOW64\WindowsPowerShell\v1.0\powershell.exe,"""C:\WINDOWS\system32\SecEdit.exe"" /export /cfg C:\WINDOWS\TEMP\secpol.cfg",
,2026-04-20 18:08:21.824717+00:00,DESKTOP-A3EGFSV$,4689,,,C:\Windows\SysWOW64\SecEdit.exe
,2026-04-20 18:08:22.183338+00:00,DESKTOP-A3EGFSV$,4689,,,C:\Windows\SysWOW64\WindowsPowerShell\v1.0\powershell.exe
,2026-04-20 18:08:22.184929+00:00,DESKTOP-A3EGFSV$,4689,,,C:\Windows\System32\conhost.exe
-,2026-04-20 18:08:22.190367+00:00,DESKTOP-A3EGFSV$,4688,C:\Program Files (x86)\ossec-agent\wazuh-agent.exe,"powershell -NoProfile -Command ""[bool](Get-CimInstance -Query 'SELECT * FROM Win32_UserAccount WHERE LocalAccount = TRUE AND SID LIKE ''S-1-5-21-%-501''' | Where-Object -Property Disabled)""",
-,2026-04-20 18:08:22.197899+00:00,DESKTOP-A3EGFSV$,4688,C:\Windows\SysWOW64\WindowsPowerShell\v1.0\powershell.exe,\??\C:\WINDOWS\system32\conhost.exe 0xffffffff -ForceV1,
DESKTOP-A3EGFSV$,2026-04-20 18:08:23.658125+00:00,DESKTOP-A3EGFSV$,4703,,,C:\Windows\SysWOW64\WindowsPowerShell\v1.0\powershell.exe
DESKTOP-A3EGFSV$,2026-04-20 18:08:23.681200+00:00,DESKTOP-A3EGFSV$,4703,,,C:\Windows\System32\svchost.exe
DESKTOP-A3EGFSV$,2026-04-20 18:08:23.681644+00:00,DESKTOP-A3EGFSV$,4703,,,C:\Windows\System32\svchost.exe
DESKTOP-A3EGFSV$,2026-04-20 18:08:23.682829+00:00,DESKTOP-A3EGFSV$,4703,,,C:\Windows\System32\svchost.exe
DESKTOP-A3EGFSV$,2026-04-20 18:08:23.683294+00:00,DESKTOP-A3EGFSV$,4703,,,C:\Windows\System32\svchost.exe
DESKTOP-A3EGFSV$,2026-04-20 18:08:23.683636+00:00,DESKTOP-A3EGFSV$,4703,,,C:\Windows\System32\svchost.exe
Administrator,2026-04-20 18:08:23.687996+00:00,DESKTOP-A3EGFSV$,4798,,,
DefaultAccount,2026-04-20 18:08:23.688280+00:00,DESKTOP-A3EGFSV$,4798,,,
Guest,2026-04-20 18:08:23.688456+00:00,DESKTOP-A3EGFSV$,4798,,,
pizza,2026-04-20 18:08:23.688648+00:00,DESKTOP-A3EGFSV$,4798,,,
WDAGUtilityAccount,2026-04-20 18:08:23.688913+00:00,DESKTOP-A3EGFSV$,4798,,,
DESKTOP-A3EGFSV$,2026-04-20 18:08:23.702002+00:00,DESKTOP-A3EGFSV$,4703,,,C:\Windows\System32\svchost.exe
,2026-04-20 18:08:23.761965+00:00,DESKTOP-A3EGFSV$,4689,,,C:\Windows\SysWOW64\WindowsPowerShell\v1.0\powershell.exe
,2026-04-20 18:08:23.763880+00:00,DESKTOP-A3EGFSV$,4689,,,C:\Windows\System32\conhost.exe
-,2026-04-20 18:08:23.772396+00:00,DESKTOP-A3EGFSV$,4688,C:\Program Files (x86)\ossec-agent\wazuh-agent.exe,net user,
-,2026-04-20 18:08:23.779457+00:00,DESKTOP-A3EGFSV$,4688,C:\Windows\SysWOW64\net.exe,\??\C:\WINDOWS\system32\conhost.exe 0xffffffff -ForceV1,
-,2026-04-20 18:08:23.812777+00:00,DESKTOP-A3EGFSV$,4688,C:\Windows\SysWOW64\net.exe,C:\WINDOWS\system32\net1 user,
,2026-04-20 18:08:23.839823+00:00,DESKTOP-A3EGFSV$,4689,,,C:\Windows\SysWOW64\net1.exe
,2026-04-20 18:08:23.841015+00:00,DESKTOP-A3EGFSV$,4689,,,C:\Windows\SysWOW64\net.exe
,2026-04-20 18:08:23.842255+00:00,DESKTOP-A3EGFSV$,4689,,,C:\Windows\System32\conhost.exe
-,2026-04-20 18:08:23.842617+00:00,DESKTOP-A3EGFSV$,4688,C:\Program Files (x86)\ossec-agent\wazuh-agent.exe,net user,
-,2026-04-20 18:08:23.846731+00:00,DESKTOP-A3EGFSV$,4688,C:\Windows\SysWOW64\net.exe,\??\C:\WINDOWS\system32\conhost.exe 0xffffffff -ForceV1,
-,2026-04-20 18:08:23.869003+00:00,DESKTOP-A3EGFSV$,4688,C:\Windows\SysWOW64\net.exe,C:\WINDOWS\system32\net1 user,
,2026-04-20 18:08:23.881788+00:00,DESKTOP-A3EGFSV$,4689,,,C:\Windows\SysWOW64\net1.exe
,2026-04-20 18:08:23.882887+00:00,DESKTOP-A3EGFSV$,4689,,,C:\Windows\SysWOW64\net.exe
,2026-04-20 18:08:23.884275+00:00,DESKTOP-A3EGFSV$,4689,,,C:\Windows\System32\conhost.exe
-,2026-04-20 18:08:23.889462+00:00,DESKTOP-A3EGFSV$,4688,C:\Program Files (x86)\ossec-agent\wazuh-agent.exe,reg query HKLM\SOFTWARE\Microsoft\Windows\CurrentVersion\Policies\system /v legalnoticetext,
-,2026-04-20 18:08:23.897758+00:00,DESKTOP-A3EGFSV$,4688,C:\Windows\SysWOW64\reg.exe,\??\C:\WINDOWS\system32\conhost.exe 0xffffffff -ForceV1,
,2026-04-20 18:08:23.921526+00:00,DESKTOP-A3EGFSV$,4689,,,C:\Windows\SysWOW64\reg.exe
,2026-04-20 18:08:23.922468+00:00,DESKTOP-A3EGFSV$,4689,,,C:\Windows\System32\conhost.exe
-,2026-04-20 18:08:23.923100+00:00,DESKTOP-A3EGFSV$,4688,C:\Program Files (x86)\ossec-agent\wazuh-agent.exe,reg query HKLM\SOFTWARE\Microsoft\Windows\CurrentVersion\Policies\system /v legalnoticecaption,
-,2026-04-20 18:08:23.930019+00:00,DESKTOP-A3EGFSV$,4688,C:\Windows\SysWOW64\reg.exe,\??\C:\WINDOWS\system32\conhost.exe 0xffffffff -ForceV1,
,2026-04-20 18:08:23.950407+00:00,DESKTOP-A3EGFSV$,4689,,,C:\Windows\SysWOW64\reg.exe
,2026-04-20 18:08:23.951250+00:00,DESKTOP-A3EGFSV$,4689,,,C:\Windows\System32\conhost.exe
-,2026-04-20 18:08:23.970097+00:00,DESKTOP-A3EGFSV$,4688,C:\Program Files (x86)\ossec-agent\wazuh-agent.exe,"auditpol.exe /get /subcategory:""Credential Validation""",
-,2026-04-20 18:08:23.976099+00:00,DESKTOP-A3EGFSV$,4688,C:\Windows\SysWOW64\auditpol.exe,\??\C:\WINDOWS\system32\conhost.exe 0xffffffff -ForceV1,
DESKTOP-A3EGFSV$,2026-04-20 18:08:24.005711+00:00,DESKTOP-A3EGFSV$,4703,,,C:\Windows\SysWOW64\auditpol.exe
,2026-04-20 18:08:24.014397+00:00,DESKTOP-A3EGFSV$,4689,,,C:\Windows\SysWOW64\auditpol.exe
,2026-04-20 18:08:24.015806+00:00,DESKTOP-A3EGFSV$,4689,,,C:\Windows\System32\conhost.exe
-,2026-04-20 18:08:24.015997+00:00,DESKTOP-A3EGFSV$,4688,C:\Program Files (x86)\ossec-agent\wazuh-agent.exe,"auditpol.exe /get /subcategory:""Application Group Management""",
-,2026-04-20 18:08:24.021326+00:00,DESKTOP-A3EGFSV$,4688,C:\Windows\SysWOW64\auditpol.exe,\??\C:\WINDOWS\system32\conhost.exe 0xffffffff -ForceV1,
DESKTOP-A3EGFSV$,2026-04-20 18:08:24.044538+00:00,DESKTOP-A3EGFSV$,4703,,,C:\Windows\SysWOW64\auditpol.exe
,2026-04-20 18:08:24.045202+00:00,DESKTOP-A3EGFSV$,4689,,,C:\Windows\SysWOW64\auditpol.exe
,2026-04-20 18:08:24.046518+00:00,DESKTOP-A3EGFSV$,4689,,,C:\Windows\System32\conhost.exe
-,2026-04-20 18:08:24.046886+00:00,DESKTOP-A3EGFSV$,4688,C:\Program Files (x86)\ossec-agent\wazuh-agent.exe,"auditpol.exe /get /subcategory:""Security Group Management""",
-,2026-04-20 18:08:24.051662+00:00,DESKTOP-A3EGFSV$,4688,C:\Windows\SysWOW64\auditpol.exe,\??\C:\WINDOWS\system32\conhost.exe 0xffffffff -ForceV1,
DESKTOP-A3EGFSV$,2026-04-20 18:08:24.075830+00:00,DESKTOP-A3EGFSV$,4703,,,C:\Windows\SysWOW64\auditpol.exe
,2026-04-20 18:08:24.076420+00:00,DESKTOP-A3EGFSV$,4689,,,C:\Windows\SysWOW64\auditpol.exe
,2026-04-20 18:08:24.077599+00:00,DESKTOP-A3EGFSV$,4689,,,C:\Windows\System32\conhost.exe
-,2026-04-20 18:08:24.077799+00:00,DESKTOP-A3EGFSV$,4688,C:\Program Files (x86)\ossec-agent\wazuh-agent.exe,"auditpol.exe /get /subcategory:""User Account Management""",
-,2026-04-20 18:08:24.082394+00:00,DESKTOP-A3EGFSV$,4688,C:\Windows\SysWOW64\auditpol.exe,\??\C:\WINDOWS\system32\conhost.exe 0xffffffff -ForceV1,
DESKTOP-A3EGFSV$,2026-04-20 18:08:24.105309+00:00,DESKTOP-A3EGFSV$,4703,,,C:\Windows\SysWOW64\auditpol.exe
,2026-04-20 18:08:24.105934+00:00,DESKTOP-A3EGFSV$,4689,,,C:\Windows\SysWOW64\auditpol.exe
,2026-04-20 18:08:24.107038+00:00,DESKTOP-A3EGFSV$,4689,,,C:\Windows\System32\conhost.exe
-,2026-04-20 18:08:24.107437+00:00,DESKTOP-A3EGFSV$,4688,C:\Program Files (x86)\ossec-agent\wazuh-agent.exe,"auditpol.exe /get /subcategory:""Plug and Play Events""",
-,2026-04-20 18:08:24.111839+00:00,DESKTOP-A3EGFSV$,4688,C:\Windows\SysWOW64\auditpol.exe,\??\C:\WINDOWS\system32\conhost.exe 0xffffffff -ForceV1,
DESKTOP-A3EGFSV$,2026-04-20 18:08:24.137636+00:00,DESKTOP-A3EGFSV$,4703,,,C:\Windows\SysWOW64\auditpol.exe
,2026-04-20 18:08:24.138189+00:00,DESKTOP-A3EGFSV$,4689,,,C:\Windows\SysWOW64\auditpol.exe
,2026-04-20 18:08:24.139370+00:00,DESKTOP-A3EGFSV$,4689,,,C:\Windows\System32\conhost.exe
-,2026-04-20 18:08:24.139874+00:00,DESKTOP-A3EGFSV$,4688,C:\Program Files (x86)\ossec-agent\wazuh-agent.exe,"auditpol.exe /get /subcategory:""Process Creation""",
-,2026-04-20 18:08:24.144562+00:00,DESKTOP-A3EGFSV$,4688,C:\Windows\SysWOW64\auditpol.exe,\??\C:\WINDOWS\system32\conhost.exe 0xffffffff -ForceV1,
DESKTOP-A3EGFSV$,2026-04-20 18:08:24.168482+00:00,DESKTOP-A3EGFSV$,4703,,,C:\Windows\SysWOW64\auditpol.exe
,2026-04-20 18:08:24.169048+00:00,DESKTOP-A3EGFSV$,4689,,,C:\Windows\SysWOW64\auditpol.exe
,2026-04-20 18:08:24.170288+00:00,DESKTOP-A3EGFSV$,4689,,,C:\Windows\System32\conhost.exe
-,2026-04-20 18:08:24.170536+00:00,DESKTOP-A3EGFSV$,4688,C:\Program Files (x86)\ossec-agent\wazuh-agent.exe,"auditpol.exe /get /subcategory:""Account Lockout""",
-,2026-04-20 18:08:24.175404+00:00,DESKTOP-A3EGFSV$,4688,C:\Windows\SysWOW64\auditpol.exe,\??\C:\WINDOWS\system32\conhost.exe 0xffffffff -ForceV1,
DESKTOP-A3EGFSV$,2026-04-20 18:08:24.199560+00:00,DESKTOP-A3EGFSV$,4703,,,C:\Windows\SysWOW64\auditpol.exe
,2026-04-20 18:08:24.200132+00:00,DESKTOP-A3EGFSV$,4689,,,C:\Windows\SysWOW64\auditpol.exe
,2026-04-20 18:08:24.201307+00:00,DESKTOP-A3EGFSV$,4689,,,C:\Windows\System32\conhost.exe
-,2026-04-20 18:08:24.201664+00:00,DESKTOP-A3EGFSV$,4688,C:\Program Files (x86)\ossec-agent\wazuh-agent.exe,"auditpol.exe /get /subcategory:""Group Membership""",
-,2026-04-20 18:08:24.207176+00:00,DESKTOP-A3EGFSV$,4688,C:\Windows\SysWOW64\auditpol.exe,\??\C:\WINDOWS\system32\conhost.exe 0xffffffff -ForceV1,
DESKTOP-A3EGFSV$,2026-04-20 18:08:24.231304+00:00,DESKTOP-A3EGFSV$,4703,,,C:\Windows\SysWOW64\auditpol.exe
,2026-04-20 18:08:24.231876+00:00,DESKTOP-A3EGFSV$,4689,,,C:\Windows\SysWOW64\auditpol.exe
,2026-04-20 18:08:24.233131+00:00,DESKTOP-A3EGFSV$,4689,,,C:\Windows\System32\conhost.exe
-,2026-04-20 18:08:24.233339+00:00,DESKTOP-A3EGFSV$,4688,C:\Program Files (x86)\ossec-agent\wazuh-agent.exe,"auditpol.exe /get /subcategory:""Logoff""",
-,2026-04-20 18:08:24.237991+00:00,DESKTOP-A3EGFSV$,4688,C:\Windows\SysWOW64\auditpol.exe,\??\C:\WINDOWS\system32\conhost.exe 0xffffffff -ForceV1,
DESKTOP-A3EGFSV$,2026-04-20 18:08:24.261808+00:00,DESKTOP-A3EGFSV$,4703,,,C:\Windows\SysWOW64\auditpol.exe
,2026-04-20 18:08:24.262432+00:00,DESKTOP-A3EGFSV$,4689,,,C:\Windows\SysWOW64\auditpol.exe
,2026-04-20 18:08:24.263697+00:00,DESKTOP-A3EGFSV$,4689,,,C:\Windows\System32\conhost.exe
-,2026-04-20 18:08:24.263887+00:00,DESKTOP-A3EGFSV$,4688,C:\Program Files (x86)\ossec-agent\wazuh-agent.exe,"auditpol.exe /get /subcategory:""Logon""",
-,2026-04-20 18:08:24.268827+00:00,DESKTOP-A3EGFSV$,4688,C:\Windows\SysWOW64\auditpol.exe,\??\C:\WINDOWS\system32\conhost.exe 0xffffffff -ForceV1,
DESKTOP-A3EGFSV$,2026-04-20 18:08:24.291735+00:00,DESKTOP-A3EGFSV$,4703,,,C:\Windows\SysWOW64\auditpol.exe
,2026-04-20 18:08:24.292303+00:00,DESKTOP-A3EGFSV$,4689,,,C:\Windows\SysWOW64\auditpol.exe
,2026-04-20 18:08:24.293385+00:00,DESKTOP-A3EGFSV$,4689,,,C:\Windows\System32\conhost.exe
-,2026-04-20 18:08:24.293932+00:00,DESKTOP-A3EGFSV$,4688,C:\Program Files (x86)\ossec-agent\wazuh-agent.exe,"auditpol.exe /get /subcategory:""Other Logon/Logoff Events""",
-,2026-04-20 18:08:24.298447+00:00,DESKTOP-A3EGFSV$,4688,C:\Windows\SysWOW64\auditpol.exe,\??\C:\WINDOWS\system32\conhost.exe 0xffffffff -ForceV1,
DESKTOP-A3EGFSV$,2026-04-20 18:08:24.320673+00:00,DESKTOP-A3EGFSV$,4703,,,C:\Windows\SysWOW64\auditpol.exe
,2026-04-20 18:08:24.321243+00:00,DESKTOP-A3EGFSV$,4689,,,C:\Windows\SysWOW64\auditpol.exe
,2026-04-20 18:08:24.322327+00:00,DESKTOP-A3EGFSV$,4689,,,C:\Windows\System32\conhost.exe
-,2026-04-20 18:08:24.322716+00:00,DESKTOP-A3EGFSV$,4688,C:\Program Files (x86)\ossec-agent\wazuh-agent.exe,"auditpol.exe /get /subcategory:""Special Logon""",
-,2026-04-20 18:08:24.328297+00:00,DESKTOP-A3EGFSV$,4688,C:\Windows\SysWOW64\auditpol.exe,\??\C:\WINDOWS\system32\conhost.exe 0xffffffff -ForceV1,
DESKTOP-A3EGFSV$,2026-04-20 18:08:24.351231+00:00,DESKTOP-A3EGFSV$,4703,,,C:\Windows\SysWOW64\auditpol.exe
,2026-04-20 18:08:24.351858+00:00,DESKTOP-A3EGFSV$,4689,,,C:\Windows\SysWOW64\auditpol.exe
,2026-04-20 18:08:24.352926+00:00,DESKTOP-A3EGFSV$,4689,,,C:\Windows\System32\conhost.exe
-,2026-04-20 18:08:24.353371+00:00,DESKTOP-A3EGFSV$,4688,C:\Program Files (x86)\ossec-agent\wazuh-agent.exe,"auditpol.exe /get /subcategory:""Detailed File Share""",
-,2026-04-20 18:08:24.357937+00:00,DESKTOP-A3EGFSV$,4688,C:\Windows\SysWOW64\auditpol.exe,\??\C:\WINDOWS\system32\conhost.exe 0xffffffff -ForceV1,
DESKTOP-A3EGFSV$,2026-04-20 18:08:24.380226+00:00,DESKTOP-A3EGFSV$,4703,,,C:\Windows\SysWOW64\auditpol.exe
,2026-04-20 18:08:24.380825+00:00,DESKTOP-A3EGFSV$,4689,,,C:\Windows\SysWOW64\auditpol.exe
,2026-04-20 18:08:24.382109+00:00,DESKTOP-A3EGFSV$,4689,,,C:\Windows\System32\conhost.exe
-,2026-04-20 18:08:24.382252+00:00,DESKTOP-A3EGFSV$,4688,C:\Program Files (x86)\ossec-agent\wazuh-agent.exe,"auditpol.exe /get /subcategory:""File Share""",
-,2026-04-20 18:08:24.386856+00:00,DESKTOP-A3EGFSV$,4688,C:\Windows\SysWOW64\auditpol.exe,\??\C:\WINDOWS\system32\conhost.exe 0xffffffff -ForceV1,
DESKTOP-A3EGFSV$,2026-04-20 18:08:24.410170+00:00,DESKTOP-A3EGFSV$,4703,,,C:\Windows\SysWOW64\auditpol.exe
,2026-04-20 18:08:24.410751+00:00,DESKTOP-A3EGFSV$,4689,,,C:\Windows\SysWOW64\auditpol.exe
,2026-04-20 18:08:24.412098+00:00,DESKTOP-A3EGFSV$,4689,,,C:\Windows\System32\conhost.exe
-,2026-04-20 18:08:24.412302+00:00,DESKTOP-A3EGFSV$,4688,C:\Program Files (x86)\ossec-agent\wazuh-agent.exe,"auditpol.exe /get /subcategory:""Other Object Access Events""",
-,2026-04-20 18:08:24.417091+00:00,DESKTOP-A3EGFSV$,4688,C:\Windows\SysWOW64\auditpol.exe,\??\C:\WINDOWS\system32\conhost.exe 0xffffffff -ForceV1,
DESKTOP-A3EGFSV$,2026-04-20 18:08:24.440260+00:00,DESKTOP-A3EGFSV$,4703,,,C:\Windows\SysWOW64\auditpol.exe
,2026-04-20 18:08:24.440844+00:00,DESKTOP-A3EGFSV$,4689,,,C:\Windows\SysWOW64\auditpol.exe
,2026-04-20 18:08:24.442043+00:00,DESKTOP-A3EGFSV$,4689,,,C:\Windows\System32\conhost.exe
-,2026-04-20 18:08:24.442242+00:00,DESKTOP-A3EGFSV$,4688,C:\Program Files (x86)\ossec-agent\wazuh-agent.exe,"auditpol.exe /get /subcategory:""Removable Storage""",
-,2026-04-20 18:08:24.446812+00:00,DESKTOP-A3EGFSV$,4688,C:\Windows\SysWOW64\auditpol.exe,\??\C:\WINDOWS\system32\conhost.exe 0xffffffff -ForceV1,
DESKTOP-A3EGFSV$,2026-04-20 18:08:24.470381+00:00,DESKTOP-A3EGFSV$,4703,,,C:\Windows\SysWOW64\auditpol.exe
,2026-04-20 18:08:24.470898+00:00,DESKTOP-A3EGFSV$,4689,,,C:\Windows\SysWOW64\auditpol.exe
,2026-04-20 18:08:24.472240+00:00,DESKTOP-A3EGFSV$,4689,,,C:\Windows\System32\conhost.exe
-,2026-04-20 18:08:24.472498+00:00,DESKTOP-A3EGFSV$,4688,C:\Program Files (x86)\ossec-agent\wazuh-agent.exe,"auditpol.exe /get /subcategory:""Audit Policy Change""",
-,2026-04-20 18:08:24.477055+00:00,DESKTOP-A3EGFSV$,4688,C:\Windows\SysWOW64\auditpol.exe,\??\C:\WINDOWS\system32\conhost.exe 0xffffffff -ForceV1,
DESKTOP-A3EGFSV$,2026-04-20 18:08:24.501356+00:00,DESKTOP-A3EGFSV$,4703,,,C:\Windows\SysWOW64\auditpol.exe
,2026-04-20 18:08:24.502028+00:00,DESKTOP-A3EGFSV$,4689,,,C:\Windows\SysWOW64\auditpol.exe
,2026-04-20 18:08:24.503473+00:00,DESKTOP-A3EGFSV$,4689,,,C:\Windows\System32\conhost.exe
-,2026-04-20 18:08:24.503542+00:00,DESKTOP-A3EGFSV$,4688,C:\Program Files (x86)\ossec-agent\wazuh-agent.exe,"auditpol.exe /get /subcategory:""Authentication Policy Change""",
-,2026-04-20 18:08:24.508547+00:00,DESKTOP-A3EGFSV$,4688,C:\Windows\SysWOW64\auditpol.exe,\??\C:\WINDOWS\system32\conhost.exe 0xffffffff -ForceV1,
DESKTOP-A3EGFSV$,2026-04-20 18:08:24.530994+00:00,DESKTOP-A3EGFSV$,4703,,,C:\Windows\SysWOW64\auditpol.exe
,2026-04-20 18:08:24.531488+00:00,DESKTOP-A3EGFSV$,4689,,,C:\Windows\SysWOW64\auditpol.exe
,2026-04-20 18:08:24.532747+00:00,DESKTOP-A3EGFSV$,4689,,,C:\Windows\System32\conhost.exe
-,2026-04-20 18:08:24.533194+00:00,DESKTOP-A3EGFSV$,4688,C:\Program Files (x86)\ossec-agent\wazuh-agent.exe,"auditpol.exe /get /subcategory:""Authorization Policy Change""",
-,2026-04-20 18:08:24.538248+00:00,DESKTOP-A3EGFSV$,4688,C:\Windows\SysWOW64\auditpol.exe,\??\C:\WINDOWS\system32\conhost.exe 0xffffffff -ForceV1,
DESKTOP-A3EGFSV$,2026-04-20 18:08:24.560480+00:00,DESKTOP-A3EGFSV$,4703,,,C:\Windows\SysWOW64\auditpol.exe
,2026-04-20 18:08:24.561043+00:00,DESKTOP-A3EGFSV$,4689,,,C:\Windows\SysWOW64\auditpol.exe
,2026-04-20 18:08:24.562515+00:00,DESKTOP-A3EGFSV$,4689,,,C:\Windows\System32\conhost.exe
-,2026-04-20 18:08:24.562704+00:00,DESKTOP-A3EGFSV$,4688,C:\Program Files (x86)\ossec-agent\wazuh-agent.exe,"auditpol.exe /get /subcategory:""MPSSVC Rule-Level Policy Change""",
-,2026-04-20 18:08:24.567064+00:00,DESKTOP-A3EGFSV$,4688,C:\Windows\SysWOW64\auditpol.exe,\??\C:\WINDOWS\system32\conhost.exe 0xffffffff -ForceV1,
DESKTOP-A3EGFSV$,2026-04-20 18:08:24.589613+00:00,DESKTOP-A3EGFSV$,4703,,,C:\Windows\SysWOW64\auditpol.exe
,2026-04-20 18:08:24.590134+00:00,DESKTOP-A3EGFSV$,4689,,,C:\Windows\SysWOW64\auditpol.exe
,2026-04-20 18:08:24.591295+00:00,DESKTOP-A3EGFSV$,4689,,,C:\Windows\System32\conhost.exe
-,2026-04-20 18:08:24.591618+00:00,DESKTOP-A3EGFSV$,4688,C:\Program Files (x86)\ossec-agent\wazuh-agent.exe,"auditpol.exe /get /subcategory:""Other Policy Change Events""",
-,2026-04-20 18:08:24.596743+00:00,DESKTOP-A3EGFSV$,4688,C:\Windows\SysWOW64\auditpol.exe,\??\C:\WINDOWS\system32\conhost.exe 0xffffffff -ForceV1,
DESKTOP-A3EGFSV$,2026-04-20 18:08:24.620626+00:00,DESKTOP-A3EGFSV$,4703,,,C:\Windows\SysWOW64\auditpol.exe
,2026-04-20 18:08:24.621277+00:00,DESKTOP-A3EGFSV$,4689,,,C:\Windows\SysWOW64\auditpol.exe
,2026-04-20 18:08:24.622238+00:00,DESKTOP-A3EGFSV$,4689,,,C:\Windows\System32\conhost.exe
-,2026-04-20 18:08:24.623192+00:00,DESKTOP-A3EGFSV$,4688,C:\Program Files (x86)\ossec-agent\wazuh-agent.exe,"auditpol.exe /get /subcategory:""Sensitive Privilege Use""",
-,2026-04-20 18:08:24.628077+00:00,DESKTOP-A3EGFSV$,4688,C:\Windows\SysWOW64\auditpol.exe,\??\C:\WINDOWS\system32\conhost.exe 0xffffffff -ForceV1,
DESKTOP-A3EGFSV$,2026-04-20 18:08:24.650269+00:00,DESKTOP-A3EGFSV$,4703,,,C:\Windows\SysWOW64\auditpol.exe
,2026-04-20 18:08:24.650826+00:00,DESKTOP-A3EGFSV$,4689,,,C:\Windows\SysWOW64\auditpol.exe
,2026-04-20 18:08:24.651930+00:00,DESKTOP-A3EGFSV$,4689,,,C:\Windows\System32\conhost.exe
-,2026-04-20 18:08:24.652397+00:00,DESKTOP-A3EGFSV$,4688,C:\Program Files (x86)\ossec-agent\wazuh-agent.exe,"auditpol.exe /get /subcategory:""IPsec Driver""",
-,2026-04-20 18:08:24.656929+00:00,DESKTOP-A3EGFSV$,4688,C:\Windows\SysWOW64\auditpol.exe,\??\C:\WINDOWS\system32\conhost.exe 0xffffffff -ForceV1,
DESKTOP-A3EGFSV$,2026-04-20 18:08:24.679945+00:00,DESKTOP-A3EGFSV$,4703,,,C:\Windows\SysWOW64\auditpol.exe
,2026-04-20 18:08:24.680470+00:00,DESKTOP-A3EGFSV$,4689,,,C:\Windows\SysWOW64\auditpol.exe
,2026-04-20 18:08:24.681580+00:00,DESKTOP-A3EGFSV$,4689,,,C:\Windows\System32\conhost.exe
-,2026-04-20 18:08:24.681974+00:00,DESKTOP-A3EGFSV$,4688,C:\Program Files (x86)\ossec-agent\wazuh-agent.exe,"auditpol.exe /get /subcategory:""Other System Events""",
-,2026-04-20 18:08:24.686367+00:00,DESKTOP-A3EGFSV$,4688,C:\Windows\SysWOW64\auditpol.exe,\??\C:\WINDOWS\system32\conhost.exe 0xffffffff -ForceV1,
DESKTOP-A3EGFSV$,2026-04-20 18:08:24.708204+00:00,DESKTOP-A3EGFSV$,4703,,,C:\Windows\SysWOW64\auditpol.exe
,2026-04-20 18:08:24.708746+00:00,DESKTOP-A3EGFSV$,4689,,,C:\Windows\SysWOW64\auditpol.exe
,2026-04-20 18:08:24.709724+00:00,DESKTOP-A3EGFSV$,4689,,,C:\Windows\System32\conhost.exe
-,2026-04-20 18:08:24.710215+00:00,DESKTOP-A3EGFSV$,4688,C:\Program Files (x86)\ossec-agent\wazuh-agent.exe,"auditpol.exe /get /subcategory:""Security State Change""",
-,2026-04-20 18:08:24.717466+00:00,DESKTOP-A3EGFSV$,4688,C:\Windows\SysWOW64\auditpol.exe,\??\C:\WINDOWS\system32\conhost.exe 0xffffffff -ForceV1,
DESKTOP-A3EGFSV$,2026-04-20 18:08:24.739388+00:00,DESKTOP-A3EGFSV$,4703,,,C:\Windows\SysWOW64\auditpol.exe
,2026-04-20 18:08:24.739933+00:00,DESKTOP-A3EGFSV$,4689,,,C:\Windows\SysWOW64\auditpol.exe
,2026-04-20 18:08:24.740782+00:00,DESKTOP-A3EGFSV$,4689,,,C:\Windows\System32\conhost.exe
-,2026-04-20 18:08:24.741695+00:00,DESKTOP-A3EGFSV$,4688,C:\Program Files (x86)\ossec-agent\wazuh-agent.exe,"auditpol.exe /get /subcategory:""Security System Extension""",
-,2026-04-20 18:08:24.745937+00:00,DESKTOP-A3EGFSV$,4688,C:\Windows\SysWOW64\auditpol.exe,\??\C:\WINDOWS\system32\conhost.exe 0xffffffff -ForceV1,
DESKTOP-A3EGFSV$,2026-04-20 18:08:24.768404+00:00,DESKTOP-A3EGFSV$,4703,,,C:\Windows\SysWOW64\auditpol.exe
,2026-04-20 18:08:24.769028+00:00,DESKTOP-A3EGFSV$,4689,,,C:\Windows\SysWOW64\auditpol.exe
,2026-04-20 18:08:24.770157+00:00,DESKTOP-A3EGFSV$,4689,,,C:\Windows\System32\conhost.exe
-,2026-04-20 18:08:24.770605+00:00,DESKTOP-A3EGFSV$,4688,C:\Program Files (x86)\ossec-agent\wazuh-agent.exe,"auditpol.exe /get /subcategory:""System Integrity""",
-,2026-04-20 18:08:24.775320+00:00,DESKTOP-A3EGFSV$,4688,C:\Windows\SysWOW64\auditpol.exe,\??\C:\WINDOWS\system32\conhost.exe 0xffffffff -ForceV1,
DESKTOP-A3EGFSV$,2026-04-20 18:08:24.799456+00:00,DESKTOP-A3EGFSV$,4703,,,C:\Windows\SysWOW64\auditpol.exe
,2026-04-20 18:08:24.800026+00:00,DESKTOP-A3EGFSV$,4689,,,C:\Windows\SysWOW64\auditpol.exe
,2026-04-20 18:08:24.801577+00:00,DESKTOP-A3EGFSV$,4689,,,C:\Windows\System32\conhost.exe
,2026-04-20 18:08:39.447882+00:00,DESKTOP-A3EGFSV$,4689,,,C:\Windows\System32\SppExtComObj.Exe
,2026-04-20 18:08:39.452169+00:00,DESKTOP-A3EGFSV$,4689,,,C:\Windows\System32\sppsvc.exe
SYSTEM,2026-04-20 18:08:42.410429+00:00,DESKTOP-A3EGFSV$,4624,,,C:\Windows\System32\services.exe
,2026-04-20 18:08:42.410435+00:00,SYSTEM,4672,,,
-,2026-04-20 18:08:42.411760+00:00,DESKTOP-A3EGFSV$,4688,C:\Windows\System32\services.exe,C:\WINDOWS\System32\svchost.exe -k netsvcs -p -s BDESVC,
DESKTOP-A3EGFSV$,2026-04-20 18:08:45.413111+00:00,DESKTOP-A3EGFSV$,4703,,,C:\Windows\System32\svchost.exe
DESKTOP-A3EGFSV$,2026-04-20 18:08:56.413399+00:00,DESKTOP-A3EGFSV$,4703,,,C:\Windows\System32\svchost.exe
-,2026-04-20 18:09:02.069937+00:00,DESKTOP-A3EGFSV$,4688,C:\Windows\System32\svchost.exe,"""C:\WINDOWS\system32\dxgiadaptercache.exe""",
,2026-04-20 18:09:02.096470+00:00,DESKTOP-A3EGFSV$,4689,,,C:\Windows\System32\dxgiadaptercache.exe
DESKTOP-A3EGFSV$,2026-04-20 18:09:16.291304+00:00,DESKTOP-A3EGFSV$,4703,,,C:\Program Files (x86)\ossec-agent\wazuh-agent.exe
DESKTOP-A3EGFSV$,2026-04-20 18:09:16.291307+00:00,DESKTOP-A3EGFSV$,4703,,,C:\Program Files (x86)\ossec-agent\wazuh-agent.exe
DESKTOP-A3EGFSV$,2026-04-20 18:09:16.298149+00:00,DESKTOP-A3EGFSV$,4703,,,C:\Program Files (x86)\ossec-agent\wazuh-agent.exe
,2026-04-20 18:09:37.352160+00:00,DESKTOP-A3EGFSV$,4689,,,C:\Windows\System32\wbem\WmiPrvSE.exe
DESKTOP-A3EGFSV$,2026-04-20 18:09:42.421091+00:00,DESKTOP-A3EGFSV$,4703,,,C:\Windows\System32\svchost.exe
DESKTOP-A3EGFSV$,2026-04-20 18:09:42.424179+00:00,DESKTOP-A3EGFSV$,4703,,,C:\Windows\System32\svchost.exe
DESKTOP-A3EGFSV$,2026-04-20 18:09:42.424795+00:00,DESKTOP-A3EGFSV$,4703,,,C:\Windows\System32\svchost.exe
DESKTOP-A3EGFSV$,2026-04-20 18:09:42.425055+00:00,DESKTOP-A3EGFSV$,4703,,,C:\Windows\System32\svchost.exe
DESKTOP-A3EGFSV$,2026-04-20 18:09:42.425163+00:00,DESKTOP-A3EGFSV$,4703,,,C:\Windows\System32\svchost.exe
DESKTOP-A3EGFSV$,2026-04-20 18:09:42.425293+00:00,DESKTOP-A3EGFSV$,4703,,,C:\Windows\System32\svchost.exe
DESKTOP-A3EGFSV$,2026-04-20 18:09:42.426188+00:00,DESKTOP-A3EGFSV$,4703,,,C:\Windows\System32\svchost.exe
DESKTOP-A3EGFSV$,2026-04-20 18:09:42.426277+00:00,DESKTOP-A3EGFSV$,4703,,,C:\Windows\System32\svchost.exe
DESKTOP-A3EGFSV$,2026-04-20 18:09:42.426355+00:00,DESKTOP-A3EGFSV$,4703,,,C:\Windows\System32\svchost.exe
DESKTOP-A3EGFSV$,2026-04-20 18:09:42.426430+00:00,DESKTOP-A3EGFSV$,4703,,,C:\Windows\System32\svchost.exe
DESKTOP-A3EGFSV$,2026-04-20 18:09:42.426872+00:00,DESKTOP-A3EGFSV$,4703,,,C:\Windows\System32\svchost.exe
DESKTOP-A3EGFSV$,2026-04-20 18:09:42.427031+00:00,DESKTOP-A3EGFSV$,4703,,,C:\Windows\System32\svchost.exe
DESKTOP-A3EGFSV$,2026-04-20 18:09:42.427553+00:00,DESKTOP-A3EGFSV$,4703,,,C:\Windows\System32\svchost.exe
DESKTOP-A3EGFSV$,2026-04-20 18:09:42.427794+00:00,DESKTOP-A3EGFSV$,4703,,,C:\Windows\System32\svchost.exe
DESKTOP-A3EGFSV$,2026-04-20 18:09:42.428057+00:00,DESKTOP-A3EGFSV$,4703,,,C:\Windows\System32\svchost.exe
DESKTOP-A3EGFSV$,2026-04-20 18:09:42.428116+00:00,DESKTOP-A3EGFSV$,4703,,,C:\Windows\System32\svchost.exe
DESKTOP-A3EGFSV$,2026-04-20 18:09:42.428175+00:00,DESKTOP-A3EGFSV$,4703,,,C:\Windows\System32\svchost.exe
DESKTOP-A3EGFSV$,2026-04-20 18:09:42.428259+00:00,DESKTOP-A3EGFSV$,4703,,,C:\Windows\System32\svchost.exe
DESKTOP-A3EGFSV$,2026-04-20 18:09:42.428316+00:00,DESKTOP-A3EGFSV$,4703,,,C:\Windows\System32\svchost.exe
DESKTOP-A3EGFSV$,2026-04-20 18:09:42.428513+00:00,DESKTOP-A3EGFSV$,4703,,,C:\Windows\System32\svchost.exe
DESKTOP-A3EGFSV$,2026-04-20 18:09:42.429037+00:00,DESKTOP-A3EGFSV$,4703,,,C:\Windows\System32\svchost.exe
DESKTOP-A3EGFSV$,2026-04-20 18:09:42.429090+00:00,DESKTOP-A3EGFSV$,4703,,,C:\Windows\System32\svchost.exe
DESKTOP-A3EGFSV$,2026-04-20 18:09:42.429136+00:00,DESKTOP-A3EGFSV$,4703,,,C:\Windows\System32\svchost.exe
DESKTOP-A3EGFSV$,2026-04-20 18:09:42.429350+00:00,DESKTOP-A3EGFSV$,4703,,,C:\Windows\System32\svchost.exe
DESKTOP-A3EGFSV$,2026-04-20 18:09:42.429758+00:00,DESKTOP-A3EGFSV$,4703,,,C:\Windows\System32\svchost.exe
DESKTOP-A3EGFSV$,2026-04-20 18:09:42.430174+00:00,DESKTOP-A3EGFSV$,4703,,,C:\Windows\System32\svchost.exe
DESKTOP-A3EGFSV$,2026-04-20 18:09:42.430212+00:00,DESKTOP-A3EGFSV$,4703,,,C:\Windows\System32\svchost.exe
DESKTOP-A3EGFSV$,2026-04-20 18:09:42.430258+00:00,DESKTOP-A3EGFSV$,4703,,,C:\Windows\System32\svchost.exe
DESKTOP-A3EGFSV$,2026-04-20 18:09:42.430288+00:00,DESKTOP-A3EGFSV$,4703,,,C:\Windows\System32\svchost.exe
DESKTOP-A3EGFSV$,2026-04-20 18:09:42.430397+00:00,DESKTOP-A3EGFSV$,4703,,,C:\Windows\System32\svchost.exe
DESKTOP-A3EGFSV$,2026-04-20 18:09:42.430548+00:00,DESKTOP-A3EGFSV$,4703,,,C:\Windows\System32\svchost.exe
DESKTOP-A3EGFSV$,2026-04-20 18:09:42.431297+00:00,DESKTOP-A3EGFSV$,4703,,,C:\Windows\System32\svchost.exe
DESKTOP-A3EGFSV$,2026-04-20 18:09:42.431377+00:00,DESKTOP-A3EGFSV$,4703,,,C:\Windows\System32\svchost.exe
DESKTOP-A3EGFSV$,2026-04-20 18:09:42.431459+00:00,DESKTOP-A3EGFSV$,4703,,,C:\Windows\System32\svchost.exe
DESKTOP-A3EGFSV$,2026-04-20 18:09:42.431587+00:00,DESKTOP-A3EGFSV$,4703,,,C:\Windows\System32\svchost.exe
DESKTOP-A3EGFSV$,2026-04-20 18:09:42.431646+00:00,DESKTOP-A3EGFSV$,4703,,,C:\Windows\System32\svchost.exe
DESKTOP-A3EGFSV$,2026-04-20 18:09:42.431707+00:00,DESKTOP-A3EGFSV$,4703,,,C:\Windows\System32\svchost.exe
DESKTOP-A3EGFSV$,2026-04-20 18:09:42.431757+00:00,DESKTOP-A3EGFSV$,4703,,,C:\Windows\System32\svchost.exe
DESKTOP-A3EGFSV$,2026-04-20 18:09:42.431849+00:00,DESKTOP-A3EGFSV$,4703,,,C:\Windows\System32\svchost.exe
DESKTOP-A3EGFSV$,2026-04-20 18:09:42.432009+00:00,DESKTOP-A3EGFSV$,4703,,,C:\Windows\System32\svchost.exe
DESKTOP-A3EGFSV$,2026-04-20 18:09:42.432089+00:00,DESKTOP-A3EGFSV$,4703,,,C:\Windows\System32\svchost.exe
DESKTOP-A3EGFSV$,2026-04-20 18:09:42.432165+00:00,DESKTOP-A3EGFSV$,4703,,,C:\Windows\System32\svchost.exe
DESKTOP-A3EGFSV$,2026-04-20 18:09:42.432228+00:00,DESKTOP-A3EGFSV$,4703,,,C:\Windows\System32\svchost.exe
DESKTOP-A3EGFSV$,2026-04-20 18:09:42.432358+00:00,DESKTOP-A3EGFSV$,4703,,,C:\Windows\System32\svchost.exe
DESKTOP-A3EGFSV$,2026-04-20 18:09:42.432442+00:00,DESKTOP-A3EGFSV$,4703,,,C:\Windows\System32\svchost.exe
DESKTOP-A3EGFSV$,2026-04-20 18:09:42.432505+00:00,DESKTOP-A3EGFSV$,4703,,,C:\Windows\System32\svchost.exe
DESKTOP-A3EGFSV$,2026-04-20 18:09:42.432575+00:00,DESKTOP-A3EGFSV$,4703,,,C:\Windows\System32\svchost.exe
DESKTOP-A3EGFSV$,2026-04-20 18:09:42.432636+00:00,DESKTOP-A3EGFSV$,4703,,,C:\Windows\System32\svchost.exe
DESKTOP-A3EGFSV$,2026-04-20 18:09:42.432716+00:00,DESKTOP-A3EGFSV$,4703,,,C:\Windows\System32\svchost.exe
DESKTOP-A3EGFSV$,2026-04-20 18:09:42.432770+00:00,DESKTOP-A3EGFSV$,4703,,,C:\Windows\System32\svchost.exe
DESKTOP-A3EGFSV$,2026-04-20 18:09:42.432823+00:00,DESKTOP-A3EGFSV$,4703,,,C:\Windows\System32\svchost.exe
DESKTOP-A3EGFSV$,2026-04-20 18:09:42.432909+00:00,DESKTOP-A3EGFSV$,4703,,,C:\Windows\System32\svchost.exe
DESKTOP-A3EGFSV$,2026-04-20 18:09:42.432959+00:00,DESKTOP-A3EGFSV$,4703,,,C:\Windows\System32\svchost.exe
DESKTOP-A3EGFSV$,2026-04-20 18:09:42.433027+00:00,DESKTOP-A3EGFSV$,4703,,,C:\Windows\System32\svchost.exe
DESKTOP-A3EGFSV$,2026-04-20 18:09:42.433136+00:00,DESKTOP-A3EGFSV$,4703,,,C:\Windows\System32\svchost.exe
DESKTOP-A3EGFSV$,2026-04-20 18:09:42.433226+00:00,DESKTOP-A3EGFSV$,4703,,,C:\Windows\System32\svchost.exe
DESKTOP-A3EGFSV$,2026-04-20 18:09:42.433306+00:00,DESKTOP-A3EGFSV$,4703,,,C:\Windows\System32\svchost.exe
DESKTOP-A3EGFSV$,2026-04-20 18:09:42.433723+00:00,DESKTOP-A3EGFSV$,4703,,,C:\Windows\System32\svchost.exe
DESKTOP-A3EGFSV$,2026-04-20 18:09:42.433762+00:00,DESKTOP-A3EGFSV$,4703,,,C:\Windows\System32\svchost.exe
DESKTOP-A3EGFSV$,2026-04-20 18:09:42.433790+00:00,DESKTOP-A3EGFSV$,4703,,,C:\Windows\System32\svchost.exe
DESKTOP-A3EGFSV$,2026-04-20 18:09:42.433813+00:00,DESKTOP-A3EGFSV$,4703,,,C:\Windows\System32\svchost.exe
DESKTOP-A3EGFSV$,2026-04-20 18:09:42.433840+00:00,DESKTOP-A3EGFSV$,4703,,,C:\Windows\System32\svchost.exe
DESKTOP-A3EGFSV$,2026-04-20 18:09:42.433865+00:00,DESKTOP-A3EGFSV$,4703,,,C:\Windows\System32\svchost.exe
DESKTOP-A3EGFSV$,2026-04-20 18:09:42.433895+00:00,DESKTOP-A3EGFSV$,4703,,,C:\Windows\System32\svchost.exe
DESKTOP-A3EGFSV$,2026-04-20 18:09:42.433949+00:00,DESKTOP-A3EGFSV$,4703,,,C:\Windows\System32\svchost.exe
DESKTOP-A3EGFSV$,2026-04-20 18:09:42.433977+00:00,DESKTOP-A3EGFSV$,4703,,,C:\Windows\System32\svchost.exe
DESKTOP-A3EGFSV$,2026-04-20 18:09:42.434002+00:00,DESKTOP-A3EGFSV$,4703,,,C:\Windows\System32\svchost.exe
DESKTOP-A3EGFSV$,2026-04-20 18:09:42.434027+00:00,DESKTOP-A3EGFSV$,4703,,,C:\Windows\System32\svchost.exe
DESKTOP-A3EGFSV$,2026-04-20 18:09:42.434050+00:00,DESKTOP-A3EGFSV$,4703,,,C:\Windows\System32\svchost.exe
DESKTOP-A3EGFSV$,2026-04-20 18:09:42.434147+00:00,DESKTOP-A3EGFSV$,4703,,,C:\Windows\System32\svchost.exe
DESKTOP-A3EGFSV$,2026-04-20 18:09:42.434292+00:00,DESKTOP-A3EGFSV$,4703,,,C:\Windows\System32\svchost.exe
DESKTOP-A3EGFSV$,2026-04-20 18:09:42.434326+00:00,DESKTOP-A3EGFSV$,4703,,,C:\Windows\System32\svchost.exe
DESKTOP-A3EGFSV$,2026-04-20 18:09:42.434340+00:00,DESKTOP-A3EGFSV$,4703,,,C:\Windows\System32\svchost.exe
DESKTOP-A3EGFSV$,2026-04-20 18:09:42.434366+00:00,DESKTOP-A3EGFSV$,4703,,,C:\Windows\System32\svchost.exe
DESKTOP-A3EGFSV$,2026-04-20 18:09:42.434387+00:00,DESKTOP-A3EGFSV$,4703,,,C:\Windows\System32\svchost.exe
DESKTOP-A3EGFSV$,2026-04-20 18:09:42.434416+00:00,DESKTOP-A3EGFSV$,4703,,,C:\Windows\System32\svchost.exe
DESKTOP-A3EGFSV$,2026-04-20 18:09:42.434439+00:00,DESKTOP-A3EGFSV$,4703,,,C:\Windows\System32\svchost.exe
DESKTOP-A3EGFSV$,2026-04-20 18:09:42.434458+00:00,DESKTOP-A3EGFSV$,4703,,,C:\Windows\System32\svchost.exe
DESKTOP-A3EGFSV$,2026-04-20 18:09:42.434477+00:00,DESKTOP-A3EGFSV$,4703,,,C:\Windows\System32\svchost.exe
DESKTOP-A3EGFSV$,2026-04-20 18:09:42.434504+00:00,DESKTOP-A3EGFSV$,4703,,,C:\Windows\System32\svchost.exe
DESKTOP-A3EGFSV$,2026-04-20 18:09:42.434546+00:00,DESKTOP-A3EGFSV$,4703,,,C:\Windows\System32\svchost.exe
DESKTOP-A3EGFSV$,2026-04-20 18:09:42.434605+00:00,DESKTOP-A3EGFSV$,4703,,,C:\Windows\System32\svchost.exe
DESKTOP-A3EGFSV$,2026-04-20 18:09:42.434637+00:00,DESKTOP-A3EGFSV$,4703,,,C:\Windows\System32\svchost.exe
DESKTOP-A3EGFSV$,2026-04-20 18:09:42.434696+00:00,DESKTOP-A3EGFSV$,4703,,,C:\Windows\System32\svchost.exe
DESKTOP-A3EGFSV$,2026-04-20 18:09:42.434843+00:00,DESKTOP-A3EGFSV$,4703,,,C:\Windows\System32\svchost.exe
DESKTOP-A3EGFSV$,2026-04-20 18:09:42.435242+00:00,DESKTOP-A3EGFSV$,4703,,,C:\Windows\System32\svchost.exe
DESKTOP-A3EGFSV$,2026-04-20 18:09:42.440630+00:00,DESKTOP-A3EGFSV$,4703,,,C:\Windows\System32\svchost.exe
DESKTOP-A3EGFSV$,2026-04-20 18:09:42.440760+00:00,DESKTOP-A3EGFSV$,4703,,,C:\Windows\System32\svchost.exe
DESKTOP-A3EGFSV$,2026-04-20 18:09:42.443892+00:00,DESKTOP-A3EGFSV$,4703,,,C:\Windows\System32\svchost.exe
DESKTOP-A3EGFSV$,2026-04-20 18:09:42.444193+00:00,DESKTOP-A3EGFSV$,4703,,,C:\Windows\System32\svchost.exe
,2026-04-20 18:10:00.958328+00:00,DESKTOP-A3EGFSV$,4689,,,C:\Windows\System32\svchost.exe
-,2026-04-20 18:10:01.144115+00:00,DESKTOP-A3EGFSV$,4688,C:\Windows\System32\svchost.exe,"""C:\WINDOWS\system32\appidpolicyconverter.exe""",
-,2026-04-20 18:10:01.156351+00:00,DESKTOP-A3EGFSV$,4688,C:\Windows\System32\appidpolicyconverter.exe,\??\C:\WINDOWS\system32\conhost.exe 0xffffffff -ForceV1,
,2026-04-20 18:10:01.216276+00:00,DESKTOP-A3EGFSV$,4689,,,C:\Windows\System32\appidpolicyconverter.exe
,2026-04-20 18:10:01.217777+00:00,DESKTOP-A3EGFSV$,4689,,,C:\Windows\System32\conhost.exe
,2026-04-20 18:10:01.350887+00:00,DESKTOP-A3EGFSV$,4689,,,C:\Windows\System32\svchost.exe
,2026-04-20 18:10:03.667479+00:00,DESKTOP-A3EGFSV$,6416,,,
SYSTEM,2026-04-20 18:10:05.127985+00:00,DESKTOP-A3EGFSV$,4624,,,C:\Windows\System32\services.exe
,2026-04-20 18:10:05.127993+00:00,SYSTEM,4672,,,
-,2026-04-20 18:10:05.130095+00:00,DESKTOP-A3EGFSV$,4688,C:\Windows\System32\services.exe,C:\WINDOWS\System32\svchost.exe -k netsvcs -p -s BITS,
LOCAL SERVICE,2026-04-20 18:10:05.220118+00:00,DESKTOP-A3EGFSV$,4688,C:\Windows\System32\services.exe,C:\WINDOWS\system32\svchost.exe -k LocalServiceAndNoImpersonation -p -s SSDPSRV,
,2026-04-20 18:10:08.966059+00:00,DESKTOP-A3EGFSV$,4689,,,C:\Windows\WinSxS\amd64_microsoft-windows-servicingstack_31bf3856ad364e35_10.0.26100.8247_none_a53a4f5b773e04f9\TiWorker.exe
,2026-04-20 18:10:08.970036+00:00,DESKTOP-A3EGFSV$,4689,,,C:\Windows\servicing\TrustedInstaller.exe
Administrators,2026-04-20 18:10:09.784872+00:00,DESKTOP-A3EGFSV$,4799,,,
LOCAL SERVICE,2026-04-20 18:10:09.856754+00:00,DESKTOP-A3EGFSV$,4688,C:\Windows\System32\services.exe,C:\WINDOWS\system32\svchost.exe -k LocalService -p -s CDPSvc,
,2026-04-20 18:10:09.967466+00:00,LOCAL SERVICE,5058,,,
,2026-04-20 18:10:09.969803+00:00,LOCAL SERVICE,5061,,,
,2026-04-20 18:10:09.970510+00:00,LOCAL SERVICE,5059,,,
DESKTOP-A3EGFSV$,2026-04-20 18:10:10.388657+00:00,DESKTOP-A3EGFSV$,4688,C:\Windows\System32\services.exe,C:\WINDOWS\System32\svchost.exe -k NetworkService -p,
-,2026-04-20 18:10:10.540075+00:00,DESKTOP-A3EGFSV$,4688,C:\Windows\System32\services.exe,"""C:\Program Files (x86)\Microsoft\EdgeUpdate\MicrosoftEdgeUpdate.exe"" /svc",
,2026-04-20 18:10:10.597309+00:00,DESKTOP-A3EGFSV$,4689,,,C:\Windows\System32\svchost.exe
-,2026-04-20 18:10:10.669250+00:00,DESKTOP-A3EGFSV$,4688,C:\Program Files (x86)\Microsoft\EdgeUpdate\MicrosoftEdgeUpdate.exe,"""C:\Program Files (x86)\Microsoft\EdgeUpdate\MicrosoftEdgeUpdate.exe"" /c",
,2026-04-20 18:10:10.683132+00:00,DESKTOP-A3EGFSV$,4689,,,C:\Program Files (x86)\Microsoft\EdgeUpdate\MicrosoftEdgeUpdate.exe
-,2026-04-20 18:10:10.745811+00:00,DESKTOP-A3EGFSV$,4688,C:\Program Files (x86)\Microsoft\EdgeUpdate\MicrosoftEdgeUpdate.exe,"""C:\Program Files (x86)\Microsoft\EdgeUpdate\MicrosoftEdgeUpdate.exe"" /ua /installsource core",
SYSTEM,2026-04-20 18:10:10.801870+00:00,DESKTOP-A3EGFSV$,4624,,,C:\Windows\System32\services.exe
,2026-04-20 18:10:10.801876+00:00,SYSTEM,4672,,,
-,2026-04-20 18:10:10.803190+00:00,DESKTOP-A3EGFSV$,4688,C:\Windows\System32\services.exe,C:\WINDOWS\system32\svchost.exe -k InvSvcGroup -p -s InventorySvc,
DESKTOP-A3EGFSV$,2026-04-20 18:10:10.948004+00:00,DESKTOP-A3EGFSV$,4688,C:\Windows\System32\services.exe,C:\WINDOWS\System32\svchost.exe -k NetworkService -p,
DESKTOP-A3EGFSV$,2026-04-20 18:10:11.089386+00:00,DESKTOP-A3EGFSV$,4688,C:\Windows\System32\services.exe,C:\WINDOWS\system32\sppsvc.exe,
,2026-04-20 18:10:11.219494+00:00,DESKTOP-A3EGFSV$,4689,,,C:\Program Files (x86)\Microsoft\EdgeUpdate\MicrosoftEdgeUpdate.exe
SYSTEM,2026-04-20 18:10:11.245846+00:00,DESKTOP-A3EGFSV$,4624,,,C:\Windows\System32\services.exe
,2026-04-20 18:10:11.245852+00:00,SYSTEM,4672,,,
-,2026-04-20 18:10:11.248573+00:00,DESKTOP-A3EGFSV$,4688,C:\Windows\System32\services.exe,C:\WINDOWS\System32\svchost.exe -k LocalSystemNetworkRestricted -p,
SYSTEM,2026-04-20 18:10:11.628275+00:00,DESKTOP-A3EGFSV$,4624,,,C:\Windows\System32\services.exe
,2026-04-20 18:10:11.628283+00:00,SYSTEM,4672,,,
-,2026-04-20 18:10:11.630169+00:00,DESKTOP-A3EGFSV$,4688,C:\Windows\System32\services.exe,C:\WINDOWS\system32\svchost.exe -k netsvcs -p -s UsoSvc,
DESKTOP-A3EGFSV$,2026-04-20 18:10:11.688854+00:00,DESKTOP-A3EGFSV$,4703,,,C:\Windows\System32\svchost.exe
DESKTOP-A3EGFSV$,2026-04-20 18:10:11.688858+00:00,DESKTOP-A3EGFSV$,4703,,,C:\Windows\System32\svchost.exe
DESKTOP-A3EGFSV$,2026-04-20 18:10:11.693830+00:00,DESKTOP-A3EGFSV$,4703,,,C:\Windows\System32\svchost.exe
DESKTOP-A3EGFSV$,2026-04-20 18:10:11.693838+00:00,DESKTOP-A3EGFSV$,4703,,,C:\Windows\System32\svchost.exe
DESKTOP-A3EGFSV$,2026-04-20 18:10:11.694208+00:00,DESKTOP-A3EGFSV$,4703,,,C:\Windows\System32\svchost.exe
DESKTOP-A3EGFSV$,2026-04-20 18:10:11.694210+00:00,DESKTOP-A3EGFSV$,4703,,,C:\Windows\System32\svchost.exe
DESKTOP-A3EGFSV$,2026-04-20 18:10:11.695034+00:00,DESKTOP-A3EGFSV$,4703,,,C:\Windows\System32\svchost.exe
DESKTOP-A3EGFSV$,2026-04-20 18:10:11.695038+00:00,DESKTOP-A3EGFSV$,4703,,,C:\Windows\System32\svchost.exe
SYSTEM,2026-04-20 18:10:11.798786+00:00,DESKTOP-A3EGFSV$,4624,,,C:\Windows\System32\services.exe
,2026-04-20 18:10:11.798792+00:00,SYSTEM,4672,,,
-,2026-04-20 18:10:11.801504+00:00,DESKTOP-A3EGFSV$,4688,C:\Windows\System32\services.exe,C:\WINDOWS\system32\svchost.exe -k wusvcs -p -s WaaSMedicSvc,
SYSTEM,2026-04-20 18:10:11.897152+00:00,DESKTOP-A3EGFSV$,4624,,,C:\Windows\System32\services.exe
,2026-04-20 18:10:11.897156+00:00,SYSTEM,4672,,,
-,2026-04-20 18:10:11.898582+00:00,DESKTOP-A3EGFSV$,4688,C:\Windows\System32\services.exe,C:\WINDOWS\system32\svchost.exe -k whesvc -p -s whesvc,
-,2026-04-20 18:10:11.907957+00:00,DESKTOP-A3EGFSV$,4688,C:\Windows\System32\svchost.exe,"""C:\WINDOWS\uus\packages\preview\AMD64\MoUsoCoreWorker.exe"" useprivatenamespaces",
LOCAL SERVICE,2026-04-20 18:10:12.165543+00:00,DESKTOP-A3EGFSV$,4688,C:\Windows\System32\services.exe,C:\WINDOWS\System32\svchost.exe -k LocalServiceNetworkRestricted -p -s wscsvc,
DESKTOP-A3EGFSV$,2026-04-20 18:10:12.296429+00:00,DESKTOP-A3EGFSV$,4703,,,C:\Windows\System32\svchost.exe
DESKTOP-A3EGFSV$,2026-04-20 18:10:12.297865+00:00,DESKTOP-A3EGFSV$,4703,,,C:\Windows\System32\svchost.exe
DESKTOP-A3EGFSV$,2026-04-20 18:10:12.299141+00:00,DESKTOP-A3EGFSV$,4703,,,C:\Windows\System32\svchost.exe
DESKTOP-A3EGFSV$,2026-04-20 18:10:12.299757+00:00,DESKTOP-A3EGFSV$,4703,,,C:\Windows\System32\svchost.exe
DESKTOP-A3EGFSV$,2026-04-20 18:10:12.301704+00:00,DESKTOP-A3EGFSV$,4703,,,C:\Windows\System32\svchost.exe
DESKTOP-A3EGFSV$,2026-04-20 18:10:12.303993+00:00,DESKTOP-A3EGFSV$,4703,,,C:\Windows\System32\svchost.exe
-,2026-04-20 18:10:12.310858+00:00,DESKTOP-A3EGFSV$,4688,C:\Windows\System32\svchost.exe,C:\WINDOWS\system32\wbem\wmiprvse.exe -Embedding,
DESKTOP-A3EGFSV$,2026-04-20 18:10:12.352547+00:00,DESKTOP-A3EGFSV$,4703,,,C:\Windows\System32\svchost.exe
DESKTOP-A3EGFSV$,2026-04-20 18:10:12.352737+00:00,DESKTOP-A3EGFSV$,4703,,,C:\Windows\System32\svchost.exe
DESKTOP-A3EGFSV$,2026-04-20 18:10:12.355480+00:00,DESKTOP-A3EGFSV$,4703,,,C:\Windows\System32\svchost.exe
DESKTOP-A3EGFSV$,2026-04-20 18:10:12.358223+00:00,DESKTOP-A3EGFSV$,4703,,,C:\Windows\System32\svchost.exe
SYSTEM,2026-04-20 18:10:12.479849+00:00,DESKTOP-A3EGFSV$,4624,,,C:\Windows\System32\services.exe
,2026-04-20 18:10:12.479855+00:00,SYSTEM,4672,,,
-,2026-04-20 18:10:12.485720+00:00,DESKTOP-A3EGFSV$,4688,C:\Windows\System32\services.exe,C:\WINDOWS\system32\SearchIndexer.exe /Embedding,
DESKTOP-A3EGFSV$,2026-04-20 18:10:12.526119+00:00,DESKTOP-A3EGFSV$,4703,,,C:\Windows\System32\svchost.exe
DESKTOP-A3EGFSV$,2026-04-20 18:10:12.616714+00:00,DESKTOP-A3EGFSV$,4703,,,C:\Windows\System32\svchost.exe
DESKTOP-A3EGFSV$,2026-04-20 18:10:12.617189+00:00,DESKTOP-A3EGFSV$,4703,,,C:\Windows\System32\svchost.exe
DESKTOP-A3EGFSV$,2026-04-20 18:10:12.617573+00:00,DESKTOP-A3EGFSV$,4703,,,C:\Windows\System32\svchost.exe
DESKTOP-A3EGFSV$,2026-04-20 18:10:12.617950+00:00,DESKTOP-A3EGFSV$,4703,,,C:\Windows\System32\svchost.exe
DESKTOP-A3EGFSV$,2026-04-20 18:10:12.618412+00:00,DESKTOP-A3EGFSV$,4703,,,C:\Windows\System32\svchost.exe
DESKTOP-A3EGFSV$,2026-04-20 18:10:12.618490+00:00,DESKTOP-A3EGFSV$,4703,,,C:\Windows\System32\svchost.exe
DESKTOP-A3EGFSV$,2026-04-20 18:10:12.618551+00:00,DESKTOP-A3EGFSV$,4703,,,C:\Windows\System32\svchost.exe
DESKTOP-A3EGFSV$,2026-04-20 18:10:12.618683+00:00,DESKTOP-A3EGFSV$,4703,,,C:\Windows\System32\svchost.exe
DESKTOP-A3EGFSV$,2026-04-20 18:10:12.618778+00:00,DESKTOP-A3EGFSV$,4703,,,C:\Windows\System32\svchost.exe
DESKTOP-A3EGFSV$,2026-04-20 18:10:12.619915+00:00,DESKTOP-A3EGFSV$,4703,,,C:\Windows\System32\svchost.exe
DESKTOP-A3EGFSV$,2026-04-20 18:10:12.620035+00:00,DESKTOP-A3EGFSV$,4703,,,C:\Windows\System32\svchost.exe
DESKTOP-A3EGFSV$,2026-04-20 18:10:12.620188+00:00,DESKTOP-A3EGFSV$,4703,,,C:\Windows\System32\svchost.exe
DESKTOP-A3EGFSV$,2026-04-20 18:10:12.620258+00:00,DESKTOP-A3EGFSV$,4703,,,C:\Windows\System32\svchost.exe
DESKTOP-A3EGFSV$,2026-04-20 18:10:12.620419+00:00,DESKTOP-A3EGFSV$,4703,,,C:\Windows\System32\svchost.exe
DESKTOP-A3EGFSV$,2026-04-20 18:10:12.620605+00:00,DESKTOP-A3EGFSV$,4703,,,C:\Windows\System32\svchost.exe
DESKTOP-A3EGFSV$,2026-04-20 18:10:12.653690+00:00,DESKTOP-A3EGFSV$,4703,,,C:\Windows\System32\svchost.exe
DESKTOP-A3EGFSV$,2026-04-20 18:10:12.654678+00:00,DESKTOP-A3EGFSV$,4703,,,C:\Windows\System32\svchost.exe
DESKTOP-A3EGFSV$,2026-04-20 18:10:12.655439+00:00,DESKTOP-A3EGFSV$,4703,,,C:\Windows\System32\svchost.exe
DESKTOP-A3EGFSV$,2026-04-20 18:10:12.656822+00:00,DESKTOP-A3EGFSV$,4703,,,C:\Windows\System32\svchost.exe
DESKTOP-A3EGFSV$,2026-04-20 18:10:12.657890+00:00,DESKTOP-A3EGFSV$,4703,,,C:\Windows\System32\svchost.exe
DESKTOP-A3EGFSV$,2026-04-20 18:10:12.663120+00:00,DESKTOP-A3EGFSV$,4703,,,C:\Windows\System32\svchost.exe
DESKTOP-A3EGFSV$,2026-04-20 18:10:12.667116+00:00,DESKTOP-A3EGFSV$,4703,,,C:\Windows\System32\svchost.exe
DESKTOP-A3EGFSV$,2026-04-20 18:10:12.670013+00:00,DESKTOP-A3EGFSV$,4703,,,C:\Windows\System32\svchost.exe
DESKTOP-A3EGFSV$,2026-04-20 18:10:12.674479+00:00,DESKTOP-A3EGFSV$,4703,,,C:\Windows\System32\svchost.exe
DESKTOP-A3EGFSV$,2026-04-20 18:10:12.675465+00:00,DESKTOP-A3EGFSV$,4703,,,C:\Windows\System32\svchost.exe
DESKTOP-A3EGFSV$,2026-04-20 18:10:12.676819+00:00,DESKTOP-A3EGFSV$,4703,,,C:\Windows\System32\svchost.exe
DESKTOP-A3EGFSV$,2026-04-20 18:10:12.677624+00:00,DESKTOP-A3EGFSV$,4703,,,C:\Windows\System32\svchost.exe
DESKTOP-A3EGFSV$,2026-04-20 18:10:12.678577+00:00,DESKTOP-A3EGFSV$,4703,,,C:\Windows\System32\svchost.exe
DESKTOP-A3EGFSV$,2026-04-20 18:10:12.679468+00:00,DESKTOP-A3EGFSV$,4703,,,C:\Windows\System32\svchost.exe
DESKTOP-A3EGFSV$,2026-04-20 18:10:12.681126+00:00,DESKTOP-A3EGFSV$,4703,,,C:\Windows\System32\svchost.exe
DESKTOP-A3EGFSV$,2026-04-20 18:10:12.681686+00:00,DESKTOP-A3EGFSV$,4703,,,C:\Windows\System32\svchost.exe
DESKTOP-A3EGFSV$,2026-04-20 18:10:12.695532+00:00,DESKTOP-A3EGFSV$,4703,,,C:\Windows\System32\svchost.exe
DESKTOP-A3EGFSV$,2026-04-20 18:10:12.696278+00:00,DESKTOP-A3EGFSV$,4703,,,C:\Windows\System32\svchost.exe
DESKTOP-A3EGFSV$,2026-04-20 18:10:12.711458+00:00,DESKTOP-A3EGFSV$,4703,,,C:\Windows\System32\svchost.exe
DESKTOP-A3EGFSV$,2026-04-20 18:10:12.713036+00:00,DESKTOP-A3EGFSV$,4703,,,C:\Windows\System32\svchost.exe
DESKTOP-A3EGFSV$,2026-04-20 18:10:12.727177+00:00,DESKTOP-A3EGFSV$,4703,,,C:\Windows\System32\svchost.exe
DESKTOP-A3EGFSV$,2026-04-20 18:10:12.727842+00:00,DESKTOP-A3EGFSV$,4703,,,C:\Windows\System32\svchost.exe
DESKTOP-A3EGFSV$,2026-04-20 18:10:12.741215+00:00,DESKTOP-A3EGFSV$,4703,,,C:\Windows\System32\svchost.exe
DESKTOP-A3EGFSV$,2026-04-20 18:10:12.742283+00:00,DESKTOP-A3EGFSV$,4703,,,C:\Windows\System32\svchost.exe
DESKTOP-A3EGFSV$,2026-04-20 18:10:12.752825+00:00,DESKTOP-A3EGFSV$,4703,,,C:\Windows\System32\svchost.exe
DESKTOP-A3EGFSV$,2026-04-20 18:10:12.753695+00:00,DESKTOP-A3EGFSV$,4703,,,C:\Windows\System32\svchost.exe
DESKTOP-A3EGFSV$,2026-04-20 18:10:12.755274+00:00,DESKTOP-A3EGFSV$,4703,,,C:\Windows\System32\svchost.exe
DESKTOP-A3EGFSV$,2026-04-20 18:10:12.936132+00:00,DESKTOP-A3EGFSV$,4703,,,C:\Windows\System32\svchost.exe
DESKTOP-A3EGFSV$,2026-04-20 18:10:12.980967+00:00,DESKTOP-A3EGFSV$,4703,,,C:\Windows\System32\svchost.exe
DESKTOP-A3EGFSV$,2026-04-20 18:10:13.026312+00:00,DESKTOP-A3EGFSV$,4703,,,C:\Windows\System32\svchost.exe
DESKTOP-A3EGFSV$,2026-04-20 18:10:13.038437+00:00,DESKTOP-A3EGFSV$,4703,,,C:\Windows\System32\svchost.exe
-,2026-04-20 18:10:13.585531+00:00,DESKTOP-A3EGFSV$,4688,C:\Windows\System32\SearchIndexer.exe,"""C:\WINDOWS\System32\SearchProtocolHost.exe"" Global\UsGthrFltPipeMssGthrPipe1_ Global\UsGthrCtrlFltPipeMssGthrPipe1 1 -2147483646 ""Software\Microsoft\Windows Search"" ""Mozilla/4.0 (compatible; MSIE 6.0; Windows NT; MS Search 4.0 Robot)"" ""C:\ProgramData\Microsoft\Search\Data\Temp\usgthrsvc"" ""DownLevelDaemon"" ",
Administrators,2026-04-20 18:10:13.656229+00:00,DESKTOP-A3EGFSV$,4799,,,
-,2026-04-20 18:10:15.957365+00:00,DESKTOP-A3EGFSV$,4688,C:\Windows\System32\SearchIndexer.exe,"""C:\WINDOWS\System32\SearchFilterHost.exe"" 712 2516 2360 900 {0E5DCEC5-7795-4E38-9621-94DFD9F9A421}",
,2026-04-20 18:10:21.053122+00:00,DESKTOP-A3EGFSV$,4689,,,C:\Windows\System32\svchost.exe
DESKTOP-A3EGFSV$,2026-04-20 18:10:40.622238+00:00,DESKTOP-A3EGFSV$,4703,,,C:\Windows\System32\svchost.exe
DESKTOP-A3EGFSV$,2026-04-20 18:10:40.623222+00:00,DESKTOP-A3EGFSV$,4703,,,C:\Windows\System32\svchost.exe
DESKTOP-A3EGFSV$,2026-04-20 18:10:40.624207+00:00,DESKTOP-A3EGFSV$,4703,,,C:\Windows\System32\svchost.exe
DESKTOP-A3EGFSV$,2026-04-20 18:10:40.626627+00:00,DESKTOP-A3EGFSV$,4703,,,C:\Windows\System32\svchost.exe
DESKTOP-A3EGFSV$,2026-04-20 18:10:40.627211+00:00,DESKTOP-A3EGFSV$,4703,,,C:\Windows\System32\svchost.exe
DESKTOP-A3EGFSV$,2026-04-20 18:10:40.632225+00:00,DESKTOP-A3EGFSV$,4688,C:\Windows\System32\svchost.exe,C:\WINDOWS\system32\wbem\wmiprvse.exe -secured -Embedding,
DESKTOP-A3EGFSV$,2026-04-20 18:10:40.663618+00:00,DESKTOP-A3EGFSV$,4703,,,C:\Windows\System32\svchost.exe
DESKTOP-A3EGFSV$,2026-04-20 18:10:40.666304+00:00,DESKTOP-A3EGFSV$,4703,,,C:\Windows\System32\svchost.exe
DESKTOP-A3EGFSV$,2026-04-20 18:10:40.676714+00:00,DESKTOP-A3EGFSV$,4703,,,C:\Windows\System32\svchost.exe
DESKTOP-A3EGFSV$,2026-04-20 18:10:40.678381+00:00,DESKTOP-A3EGFSV$,4703,,,C:\Windows\System32\svchost.exe
,2026-04-20 18:10:41.400133+00:00,DESKTOP-A3EGFSV$,4689,,,C:\Windows\System32\sppsvc.exe
-,2026-04-20 18:10:54.498932+00:00,DESKTOP-A3EGFSV$,4688,C:\Windows\System32\svchost.exe,/QuitInfo:00000000000002E0;00000000000002E4; ,
DESKTOP-A3EGFSV$,2026-04-20 18:10:57.388321+00:00,DESKTOP-A3EGFSV$,4703,,,C:\Windows\System32\winlogon.exe
DESKTOP-A3EGFSV$,2026-04-20 18:10:57.388327+00:00,DESKTOP-A3EGFSV$,4703,,,C:\Windows\System32\winlogon.exe
DESKTOP-A3EGFSV$,2026-04-20 18:10:57.388327+00:00,DESKTOP-A3EGFSV$,4703,,,C:\Windows\System32\winlogon.exe
DESKTOP-A3EGFSV$,2026-04-20 18:10:57.388329+00:00,DESKTOP-A3EGFSV$,4703,,,C:\Windows\System32\winlogon.exe
DESKTOP-A3EGFSV$,2026-04-20 18:10:57.388330+00:00,DESKTOP-A3EGFSV$,4703,,,C:\Windows\System32\winlogon.exe
DESKTOP-A3EGFSV$,2026-04-20 18:10:57.388330+00:00,DESKTOP-A3EGFSV$,4703,,,C:\Windows\System32\winlogon.exe
SYSTEM,2026-04-20 18:10:57.436083+00:00,DESKTOP-A3EGFSV$,4624,,,C:\Windows\System32\services.exe
,2026-04-20 18:10:57.436087+00:00,SYSTEM,4672,,,
-,2026-04-20 18:10:57.437756+00:00,DESKTOP-A3EGFSV$,4688,C:\Windows\System32\services.exe,C:\WINDOWS\system32\svchost.exe -k netsvcs -p -s wlidsvc,
,2026-04-20 18:10:57.522810+00:00,DESKTOP-A3EGFSV$,5379,,,
,2026-04-20 18:10:57.523096+00:00,DESKTOP-A3EGFSV$,5379,,,
,2026-04-20 18:10:57.523149+00:00,DESKTOP-A3EGFSV$,5379,,,
,2026-04-20 18:10:57.635832+00:00,DESKTOP-A3EGFSV$,5379,,,
,2026-04-20 18:10:57.635923+00:00,DESKTOP-A3EGFSV$,5379,,,
,2026-04-20 18:10:57.636023+00:00,DESKTOP-A3EGFSV$,5379,,,
,2026-04-20 18:10:57.888597+00:00,DESKTOP-A3EGFSV$,5379,,,
,2026-04-20 18:10:57.889219+00:00,DESKTOP-A3EGFSV$,5379,,,
,2026-04-20 18:10:57.889271+00:00,DESKTOP-A3EGFSV$,5379,,,
-,2026-04-20 18:10:57.890106+00:00,DESKTOP-A3EGFSV$,4625,,,C:\Windows\System32\svchost.exe
-,2026-04-20 18:11:01.955059+00:00,DESKTOP-A3EGFSV$,4688,C:\Windows\System32\svchost.exe,"""C:\WINDOWS\system32\wermgr.exe"" -upload",
,2026-04-20 18:11:02.014450+00:00,DESKTOP-A3EGFSV$,4689,,,C:\Windows\System32\wermgr.exe
DESKTOP-A3EGFSV$,2026-04-20 18:11:02.587881+00:00,DESKTOP-A3EGFSV$,4703,,,C:\Windows\System32\winlogon.exe
DESKTOP-A3EGFSV$,2026-04-20 18:11:02.587885+00:00,DESKTOP-A3EGFSV$,4703,,,C:\Windows\System32\winlogon.exe
DESKTOP-A3EGFSV$,2026-04-20 18:11:02.587885+00:00,DESKTOP-A3EGFSV$,4703,,,C:\Windows\System32\winlogon.exe
DESKTOP-A3EGFSV$,2026-04-20 18:11:02.587887+00:00,DESKTOP-A3EGFSV$,4703,,,C:\Windows\System32\winlogon.exe
DESKTOP-A3EGFSV$,2026-04-20 18:11:02.587887+00:00,DESKTOP-A3EGFSV$,4703,,,C:\Windows\System32\winlogon.exe
DESKTOP-A3EGFSV$,2026-04-20 18:11:02.587889+00:00,DESKTOP-A3EGFSV$,4703,,,C:\Windows\System32\winlogon.exe
,2026-04-20 18:11:02.594944+00:00,DESKTOP-A3EGFSV$,5379,,,
,2026-04-20 18:11:02.595030+00:00,DESKTOP-A3EGFSV$,5379,,,
,2026-04-20 18:11:02.595066+00:00,DESKTOP-A3EGFSV$,5379,,,
,2026-04-20 18:11:02.711143+00:00,DESKTOP-A3EGFSV$,5379,,,
,2026-04-20 18:11:02.711475+00:00,DESKTOP-A3EGFSV$,5379,,,
,2026-04-20 18:11:02.711521+00:00,DESKTOP-A3EGFSV$,5379,,,
-,2026-04-20 18:11:02.711624+00:00,DESKTOP-A3EGFSV$,4625,,,C:\Windows\System32\svchost.exe
-,2026-04-20 18:11:03.876362+00:00,DESKTOP-A3EGFSV$,4688,C:\Windows\System32\svchost.exe,taskhostw.exe,
,2026-04-20 18:11:04.327120+00:00,DESKTOP-A3EGFSV$,4689,,,C:\Windows\System32\taskhostw.exe
DESKTOP-A3EGFSV$,2026-04-20 18:11:05.039059+00:00,DESKTOP-A3EGFSV$,4703,,,C:\Windows\System32\winlogon.exe
DESKTOP-A3EGFSV$,2026-04-20 18:11:05.039062+00:00,DESKTOP-A3EGFSV$,4703,,,C:\Windows\System32\winlogon.exe
DESKTOP-A3EGFSV$,2026-04-20 18:11:05.039352+00:00,DESKTOP-A3EGFSV$,4703,,,C:\Windows\System32\winlogon.exe
DESKTOP-A3EGFSV$,2026-04-20 18:11:05.039356+00:00,DESKTOP-A3EGFSV$,4703,,,C:\Windows\System32\winlogon.exe
DESKTOP-A3EGFSV$,2026-04-20 18:11:05.039406+00:00,DESKTOP-A3EGFSV$,4703,,,C:\Windows\System32\winlogon.exe
DESKTOP-A3EGFSV$,2026-04-20 18:11:05.039488+00:00,DESKTOP-A3EGFSV$,4703,,,C:\Windows\System32\winlogon.exe
,2026-04-20 18:11:05.053572+00:00,DESKTOP-A3EGFSV$,5379,,,
,2026-04-20 18:11:05.053648+00:00,DESKTOP-A3EGFSV$,5379,,,
,2026-04-20 18:11:05.053688+00:00,DESKTOP-A3EGFSV$,5379,,,
,2026-04-20 18:11:05.145443+00:00,DESKTOP-A3EGFSV$,5379,,,
,2026-04-20 18:11:05.146101+00:00,DESKTOP-A3EGFSV$,5379,,,
,2026-04-20 18:11:05.146229+00:00,DESKTOP-A3EGFSV$,5379,,,
-,2026-04-20 18:11:05.146358+00:00,DESKTOP-A3EGFSV$,4625,,,C:\Windows\System32\svchost.exe
-,2026-04-20 18:11:06.827148+00:00,DESKTOP-A3EGFSV$,4688,C:\Windows\System32\svchost.exe,taskhostw.exe,
-,2026-04-20 18:11:06.841818+00:00,DESKTOP-A3EGFSV$,4688,C:\Windows\System32\svchost.exe,"""C:\Program Files (x86)\Microsoft\EdgeUpdate\MicrosoftEdgeUpdate.exe"" /ua /installsource scheduler",
-,2026-04-20 18:11:06.881569+00:00,DESKTOP-A3EGFSV$,4688,C:\Windows\System32\svchost.exe,"""C:\Windows\System32\Microsoft.Data.UsageAndQualityInsights.MaintenanceTask.exe""",
-,2026-04-20 18:11:06.910566+00:00,DESKTOP-A3EGFSV$,4688,C:\Windows\System32\svchost.exe,"""C:\WINDOWS\system32\rundll32.exe"" C:\WINDOWS\system32\PcaSvc.dll,PcaPatchSdbTask",
-,2026-04-20 18:11:06.917398+00:00,DESKTOP-A3EGFSV$,4688,C:\Windows\System32\svchost.exe,"""C:\WINDOWS\system32\UIEOrchestratorStub.exe"" /SendHeartbeat",
-,2026-04-20 18:11:06.920607+00:00,DESKTOP-A3EGFSV$,4688,C:\Windows\System32\svchost.exe,"""C:\WINDOWS\system32\usoclient.exe"" StartScan",
-,2026-04-20 18:11:06.935051+00:00,DESKTOP-A3EGFSV$,4688,C:\Windows\System32\svchost.exe,"""C:\WINDOWS\system32\devicecensus.exe"" SystemCxt",
-,2026-04-20 18:11:06.936483+00:00,DESKTOP-A3EGFSV$,4688,C:\Windows\System32\svchost.exe,"""C:\WINDOWS\System32\wsqmcons.exe""",
,2026-04-20 18:11:07.017778+00:00,DESKTOP-A3EGFSV$,4689,,,C:\Program Files (x86)\Microsoft\EdgeUpdate\MicrosoftEdgeUpdate.exe
,2026-04-20 18:11:07.067213+00:00,DESKTOP-A3EGFSV$,4689,,,C:\Windows\System32\Microsoft.Data.UsageAndQualityInsights.MaintenanceTask.exe
,2026-04-20 18:11:07.076113+00:00,DESKTOP-A3EGFSV$,4689,,,C:\Windows\System32\wsqmcons.exe
-,2026-04-20 18:11:07.135679+00:00,DESKTOP-A3EGFSV$,4688,C:\Windows\System32\UIEOrchestratorStub.exe,/SendHeartbeat,
,2026-04-20 18:11:07.484606+00:00,DESKTOP-A3EGFSV$,4689,,,C:\Windows\System32\UsoClient.exe
DESKTOP-A3EGFSV$,2026-04-20 18:11:07.716366+00:00,DESKTOP-A3EGFSV$,4703,,,C:\Windows\System32\svchost.exe
DESKTOP-A3EGFSV$,2026-04-20 18:11:07.717096+00:00,DESKTOP-A3EGFSV$,4703,,,C:\Windows\System32\svchost.exe
DESKTOP-A3EGFSV$,2026-04-20 18:11:07.718025+00:00,DESKTOP-A3EGFSV$,4703,,,C:\Windows\System32\svchost.exe
DESKTOP-A3EGFSV$,2026-04-20 18:11:07.718529+00:00,DESKTOP-A3EGFSV$,4703,,,C:\Windows\System32\svchost.exe
DESKTOP-A3EGFSV$,2026-04-20 18:11:07.720650+00:00,DESKTOP-A3EGFSV$,4703,,,C:\Windows\System32\svchost.exe
DESKTOP-A3EGFSV$,2026-04-20 18:11:07.734566+00:00,DESKTOP-A3EGFSV$,4703,,,C:\Windows\System32\svchost.exe
DESKTOP-A3EGFSV$,2026-04-20 18:11:07.746508+00:00,DESKTOP-A3EGFSV$,4703,,,C:\Windows\System32\svchost.exe
DESKTOP-A3EGFSV$,2026-04-20 18:11:07.747898+00:00,DESKTOP-A3EGFSV$,4703,,,C:\Windows\System32\svchost.exe
DESKTOP-A3EGFSV$,2026-04-20 18:11:07.749350+00:00,DESKTOP-A3EGFSV$,4703,,,C:\Windows\System32\svchost.exe
DESKTOP-A3EGFSV$,2026-04-20 18:11:07.752354+00:00,DESKTOP-A3EGFSV$,4703,,,C:\Windows\System32\svchost.exe
DESKTOP-A3EGFSV$,2026-04-20 18:11:07.752781+00:00,DESKTOP-A3EGFSV$,4703,,,C:\Windows\System32\svchost.exe
DESKTOP-A3EGFSV$,2026-04-20 18:11:07.753960+00:00,DESKTOP-A3EGFSV$,4703,,,C:\Windows\System32\svchost.exe
DESKTOP-A3EGFSV$,2026-04-20 18:11:07.754372+00:00,DESKTOP-A3EGFSV$,4703,,,C:\Windows\System32\svchost.exe
DESKTOP-A3EGFSV$,2026-04-20 18:11:07.758535+00:00,DESKTOP-A3EGFSV$,4703,,,C:\Windows\System32\svchost.exe
DESKTOP-A3EGFSV$,2026-04-20 18:11:07.792112+00:00,DESKTOP-A3EGFSV$,4703,,,C:\Windows\System32\svchost.exe
DESKTOP-A3EGFSV$,2026-04-20 18:11:07.794912+00:00,DESKTOP-A3EGFSV$,4703,,,C:\Windows\System32\svchost.exe
DESKTOP-A3EGFSV$,2026-04-20 18:11:07.796722+00:00,DESKTOP-A3EGFSV$,4703,,,C:\Windows\System32\svchost.exe
DESKTOP-A3EGFSV$,2026-04-20 18:11:07.798138+00:00,DESKTOP-A3EGFSV$,4703,,,C:\Windows\System32\svchost.exe
DESKTOP-A3EGFSV$,2026-04-20 18:11:07.799784+00:00,DESKTOP-A3EGFSV$,4703,,,C:\Windows\System32\svchost.exe
DESKTOP-A3EGFSV$,2026-04-20 18:11:07.801247+00:00,DESKTOP-A3EGFSV$,4703,,,C:\Windows\System32\svchost.exe
DESKTOP-A3EGFSV$,2026-04-20 18:11:07.837759+00:00,DESKTOP-A3EGFSV$,4703,,,C:\Windows\System32\svchost.exe
DESKTOP-A3EGFSV$,2026-04-20 18:11:07.839220+00:00,DESKTOP-A3EGFSV$,4703,,,C:\Windows\System32\svchost.exe
DESKTOP-A3EGFSV$,2026-04-20 18:11:07.841322+00:00,DESKTOP-A3EGFSV$,4703,,,C:\Windows\System32\svchost.exe
DESKTOP-A3EGFSV$,2026-04-20 18:11:07.880573+00:00,DESKTOP-A3EGFSV$,4703,,,C:\Windows\System32\svchost.exe
DESKTOP-A3EGFSV$,2026-04-20 18:11:07.881062+00:00,DESKTOP-A3EGFSV$,4703,,,C:\Windows\System32\svchost.exe
DESKTOP-A3EGFSV$,2026-04-20 18:11:07.881390+00:00,DESKTOP-A3EGFSV$,4703,,,C:\Windows\System32\svchost.exe
DESKTOP-A3EGFSV$,2026-04-20 18:11:07.881737+00:00,DESKTOP-A3EGFSV$,4703,,,C:\Windows\System32\svchost.exe
DESKTOP-A3EGFSV$,2026-04-20 18:11:07.885977+00:00,DESKTOP-A3EGFSV$,4703,,,C:\Windows\System32\svchost.exe
DESKTOP-A3EGFSV$,2026-04-20 18:11:07.893824+00:00,DESKTOP-A3EGFSV$,4703,,,C:\Windows\System32\winlogon.exe
DESKTOP-A3EGFSV$,2026-04-20 18:11:07.893827+00:00,DESKTOP-A3EGFSV$,4703,,,C:\Windows\System32\winlogon.exe
DESKTOP-A3EGFSV$,2026-04-20 18:11:07.894098+00:00,DESKTOP-A3EGFSV$,4703,,,C:\Windows\System32\winlogon.exe
DESKTOP-A3EGFSV$,2026-04-20 18:11:07.894102+00:00,DESKTOP-A3EGFSV$,4703,,,C:\Windows\System32\winlogon.exe
DESKTOP-A3EGFSV$,2026-04-20 18:11:07.894135+00:00,DESKTOP-A3EGFSV$,4703,,,C:\Windows\System32\winlogon.exe
DESKTOP-A3EGFSV$,2026-04-20 18:11:07.894203+00:00,DESKTOP-A3EGFSV$,4703,,,C:\Windows\System32\winlogon.exe
DESKTOP-A3EGFSV$,2026-04-20 18:11:07.896992+00:00,DESKTOP-A3EGFSV$,4703,,,C:\Windows\System32\svchost.exe
DESKTOP-A3EGFSV$,2026-04-20 18:11:07.898518+00:00,DESKTOP-A3EGFSV$,4703,,,C:\Windows\System32\svchost.exe
DESKTOP-A3EGFSV$,2026-04-20 18:11:07.899080+00:00,DESKTOP-A3EGFSV$,4703,,,C:\Windows\System32\svchost.exe
SYSTEM,2026-04-20 18:11:07.902376+00:00,DESKTOP-A3EGFSV$,4624,,,C:\Windows\System32\services.exe
,2026-04-20 18:11:07.902382+00:00,SYSTEM,4672,,,
-,2026-04-20 18:11:07.903681+00:00,DESKTOP-A3EGFSV$,4688,C:\Windows\System32\services.exe,C:\WINDOWS\system32\svchost.exe -k WbioSvcGroup -s WbioSrvc,
,2026-04-20 18:11:07.913315+00:00,DESKTOP-A3EGFSV$,5379,,,
,2026-04-20 18:11:07.916576+00:00,DESKTOP-A3EGFSV$,5379,,,
,2026-04-20 18:11:07.916647+00:00,DESKTOP-A3EGFSV$,5379,,,
DESKTOP-A3EGFSV$,2026-04-20 18:11:07.986223+00:00,DESKTOP-A3EGFSV$,4703,,,C:\Windows\System32\svchost.exe
SYSTEM,2026-04-20 18:11:07.995602+00:00,DESKTOP-A3EGFSV$,4624,,,C:\Windows\System32\services.exe
,2026-04-20 18:11:07.995605+00:00,SYSTEM,4672,,,
-,2026-04-20 18:11:07.997061+00:00,DESKTOP-A3EGFSV$,4688,C:\Windows\System32\services.exe,C:\WINDOWS\system32\svchost.exe -k LocalSystemNetworkRestricted -p -s NgcSvc,
,2026-04-20 18:11:08.024359+00:00,DESKTOP-A3EGFSV$,5379,,,
,2026-04-20 18:11:08.024651+00:00,DESKTOP-A3EGFSV$,5379,,,
,2026-04-20 18:11:08.024696+00:00,DESKTOP-A3EGFSV$,5379,,,
-,2026-04-20 18:11:08.024796+00:00,DESKTOP-A3EGFSV$,4625,,,C:\Windows\System32\svchost.exe
LOCAL SERVICE,2026-04-20 18:11:08.076689+00:00,DESKTOP-A3EGFSV$,4688,C:\Windows\System32\services.exe,C:\WINDOWS\system32\svchost.exe -k LocalServiceNetworkRestricted -p -s NgcCtnrSvc,
DESKTOP-A3EGFSV$,2026-04-20 18:11:08.251223+00:00,DESKTOP-A3EGFSV$,4703,,,C:\Windows\System32\svchost.exe
DESKTOP-A3EGFSV$,2026-04-20 18:11:08.251822+00:00,DESKTOP-A3EGFSV$,4703,,,C:\Windows\System32\svchost.exe
DESKTOP-A3EGFSV$,2026-04-20 18:11:08.252592+00:00,DESKTOP-A3EGFSV$,4703,,,C:\Windows\System32\svchost.exe
DESKTOP-A3EGFSV$,2026-04-20 18:11:08.253101+00:00,DESKTOP-A3EGFSV$,4703,,,C:\Windows\System32\svchost.exe
DESKTOP-A3EGFSV$,2026-04-20 18:11:08.258890+00:00,DESKTOP-A3EGFSV$,4703,,,C:\Windows\System32\svchost.exe
DESKTOP-A3EGFSV$,2026-04-20 18:11:08.298138+00:00,DESKTOP-A3EGFSV$,4703,,,C:\Windows\System32\svchost.exe
pizza,2026-04-20 18:11:08.309698+00:00,DESKTOP-A3EGFSV$,4798,,,
DESKTOP-A3EGFSV$,2026-04-20 18:11:08.322445+00:00,DESKTOP-A3EGFSV$,4703,,,C:\Windows\System32\svchost.exe
,2026-04-20 18:11:08.329971+00:00,DESKTOP-A3EGFSV$,4689,,,C:\Windows\UUS\Packages\Preview\amd64\UIEOrchestrator.exe
,2026-04-20 18:11:08.338167+00:00,DESKTOP-A3EGFSV$,4689,,,C:\Windows\System32\UIEOrchestratorStub.exe
,2026-04-20 18:11:08.742504+00:00,DESKTOP-A3EGFSV$,4689,,,C:\Windows\System32\rundll32.exe
,2026-04-20 18:11:08.875895+00:00,DESKTOP-A3EGFSV$,5382,,,
DESKTOP-A3EGFSV$,2026-04-20 18:11:08.905779+00:00,DESKTOP-A3EGFSV$,4703,,,C:\Windows\System32\svchost.exe
DESKTOP-A3EGFSV$,2026-04-20 18:11:08.915991+00:00,DESKTOP-A3EGFSV$,4703,,,C:\Windows\System32\svchost.exe
SYSTEM,2026-04-20 18:11:09.348782+00:00,DESKTOP-A3EGFSV$,4624,,,C:\Windows\System32\services.exe
,2026-04-20 18:11:09.348787+00:00,SYSTEM,4672,,,
-,2026-04-20 18:11:09.349895+00:00,DESKTOP-A3EGFSV$,4688,C:\Windows\System32\services.exe,C:\WINDOWS\System32\svchost.exe -k netsvcs -p,
DESKTOP-A3EGFSV$,2026-04-20 18:11:09.906895+00:00,DESKTOP-A3EGFSV$,4703,,,C:\Windows\System32\svchost.exe
DESKTOP-A3EGFSV$,2026-04-20 18:11:09.908445+00:00,DESKTOP-A3EGFSV$,4703,,,C:\Windows\System32\svchost.exe
DESKTOP-A3EGFSV$,2026-04-20 18:11:09.909876+00:00,DESKTOP-A3EGFSV$,4703,,,C:\Windows\System32\svchost.exe
DESKTOP-A3EGFSV$,2026-04-20 18:11:09.911060+00:00,DESKTOP-A3EGFSV$,4703,,,C:\Windows\System32\svchost.exe
DESKTOP-A3EGFSV$,2026-04-20 18:11:10.093204+00:00,DESKTOP-A3EGFSV$,4688,C:\Windows\System32\services.exe,C:\WINDOWS\system32\sppsvc.exe,
,2026-04-20 18:11:10.551228+00:00,DESKTOP-A3EGFSV$,4689,,,C:\Windows\System32\DeviceCensus.exe
DESKTOP-A3EGFSV$,2026-04-20 18:11:10.855486+00:00,DESKTOP-A3EGFSV$,4703,,,C:\Windows\System32\winlogon.exe
DESKTOP-A3EGFSV$,2026-04-20 18:11:10.855490+00:00,DESKTOP-A3EGFSV$,4703,,,C:\Windows\System32\winlogon.exe
DESKTOP-A3EGFSV$,2026-04-20 18:11:10.855492+00:00,DESKTOP-A3EGFSV$,4703,,,C:\Windows\System32\winlogon.exe
DESKTOP-A3EGFSV$,2026-04-20 18:11:10.855492+00:00,DESKTOP-A3EGFSV$,4703,,,C:\Windows\System32\winlogon.exe
DESKTOP-A3EGFSV$,2026-04-20 18:11:10.855494+00:00,DESKTOP-A3EGFSV$,4703,,,C:\Windows\System32\winlogon.exe
DESKTOP-A3EGFSV$,2026-04-20 18:11:10.855495+00:00,DESKTOP-A3EGFSV$,4703,,,C:\Windows\System32\winlogon.exe
,2026-04-20 18:11:10.865046+00:00,DESKTOP-A3EGFSV$,5379,,,
,2026-04-20 18:11:10.865116+00:00,DESKTOP-A3EGFSV$,5379,,,
,2026-04-20 18:11:10.865154+00:00,DESKTOP-A3EGFSV$,5379,,,
,2026-04-20 18:11:10.973364+00:00,DESKTOP-A3EGFSV$,5379,,,
,2026-04-20 18:11:10.973732+00:00,DESKTOP-A3EGFSV$,5379,,,
,2026-04-20 18:11:10.973866+00:00,DESKTOP-A3EGFSV$,5379,,,
-,2026-04-20 18:11:10.974056+00:00,DESKTOP-A3EGFSV$,4625,,,C:\Windows\System32\svchost.exe
DESKTOP-A3EGFSV$,2026-04-20 18:11:15.732864+00:00,DESKTOP-A3EGFSV$,4703,,,C:\Windows\System32\winlogon.exe
DESKTOP-A3EGFSV$,2026-04-20 18:11:15.732870+00:00,DESKTOP-A3EGFSV$,4703,,,C:\Windows\System32\winlogon.exe
DESKTOP-A3EGFSV$,2026-04-20 18:11:15.732872+00:00,DESKTOP-A3EGFSV$,4703,,,C:\Windows\System32\winlogon.exe
DESKTOP-A3EGFSV$,2026-04-20 18:11:15.732874+00:00,DESKTOP-A3EGFSV$,4703,,,C:\Windows\System32\winlogon.exe
DESKTOP-A3EGFSV$,2026-04-20 18:11:15.732874+00:00,DESKTOP-A3EGFSV$,4703,,,C:\Windows\System32\winlogon.exe
DESKTOP-A3EGFSV$,2026-04-20 18:11:15.732876+00:00,DESKTOP-A3EGFSV$,4703,,,C:\Windows\System32\winlogon.exe
,2026-04-20 18:11:15.737289+00:00,DESKTOP-A3EGFSV$,5379,,,
,2026-04-20 18:11:15.737350+00:00,DESKTOP-A3EGFSV$,5379,,,
,2026-04-20 18:11:15.737389+00:00,DESKTOP-A3EGFSV$,5379,,,
,2026-04-20 18:11:15.859682+00:00,DESKTOP-A3EGFSV$,5379,,,
,2026-04-20 18:11:15.860123+00:00,DESKTOP-A3EGFSV$,5379,,,
,2026-04-20 18:11:15.860168+00:00,DESKTOP-A3EGFSV$,5379,,,
-,2026-04-20 18:11:15.860277+00:00,DESKTOP-A3EGFSV$,4625,,,C:\Windows\System32\svchost.exe
-,2026-04-20 18:11:19.414715+00:00,DESKTOP-A3EGFSV$,4688,C:\Windows\System32\svchost.exe,"""C:\WINDOWS\system32\directxdatabaseupdater.exe""",
,2026-04-20 18:11:19.507494+00:00,DESKTOP-A3EGFSV$,4689,,,C:\Windows\System32\directxdatabaseupdater.exe
DESKTOP-A3EGFSV$,2026-04-20 18:11:20.074839+00:00,DESKTOP-A3EGFSV$,4703,,,C:\Windows\System32\svchost.exe
DESKTOP-A3EGFSV$,2026-04-20 18:11:20.080048+00:00,DESKTOP-A3EGFSV$,4703,,,C:\Windows\System32\svchost.exe
DESKTOP-A3EGFSV$,2026-04-20 18:11:20.081560+00:00,DESKTOP-A3EGFSV$,4703,,,C:\Windows\System32\svchost.exe
DESKTOP-A3EGFSV$,2026-04-20 18:11:20.082870+00:00,DESKTOP-A3EGFSV$,4703,,,C:\Windows\System32\svchost.exe
DESKTOP-A3EGFSV$,2026-04-20 18:11:21.343163+00:00,DESKTOP-A3EGFSV$,4703,,,C:\Windows\System32\svchost.exe
DESKTOP-A3EGFSV$,2026-04-20 18:11:21.345694+00:00,DESKTOP-A3EGFSV$,4703,,,C:\Windows\System32\svchost.exe
DESKTOP-A3EGFSV$,2026-04-20 18:11:21.347548+00:00,DESKTOP-A3EGFSV$,4703,,,C:\Windows\System32\svchost.exe
DESKTOP-A3EGFSV$,2026-04-20 18:11:21.348862+00:00,DESKTOP-A3EGFSV$,4703,,,C:\Windows\System32\svchost.exe
SYSTEM,2026-04-20 18:11:21.963619+00:00,DESKTOP-A3EGFSV$,4624,,,C:\Windows\System32\services.exe
,2026-04-20 18:11:21.963623+00:00,SYSTEM,4672,,,
-,2026-04-20 18:11:21.964771+00:00,DESKTOP-A3EGFSV$,4688,C:\Windows\System32\services.exe,C:\WINDOWS\system32\svchost.exe -k netsvcs -p -s wisvc,
LOCAL SERVICE,2026-04-20 18:11:22.005116+00:00,DESKTOP-A3EGFSV$,4688,C:\Windows\System32\services.exe,C:\WINDOWS\system32\svchost.exe -k WuqiSvcGroup -p -s wuqisvc,
DESKTOP-A3EGFSV$,2026-04-20 18:11:23.291368+00:00,DESKTOP-A3EGFSV$,4703,,,C:\Windows\System32\svchost.exe
DESKTOP-A3EGFSV$,2026-04-20 18:11:23.292101+00:00,DESKTOP-A3EGFSV$,4703,,,C:\Windows\System32\svchost.exe
DESKTOP-A3EGFSV$,2026-04-20 18:11:23.296858+00:00,DESKTOP-A3EGFSV$,4703,,,C:\Windows\System32\svchost.exe
DESKTOP-A3EGFSV$,2026-04-20 18:11:23.298874+00:00,DESKTOP-A3EGFSV$,4703,,,C:\Windows\System32\svchost.exe
DESKTOP-A3EGFSV$,2026-04-20 18:11:23.299353+00:00,DESKTOP-A3EGFSV$,4703,,,C:\Windows\System32\svchost.exe
SYSTEM,2026-04-20 18:11:23.302368+00:00,DESKTOP-A3EGFSV$,4624,,,C:\Windows\System32\services.exe
,2026-04-20 18:11:23.302374+00:00,SYSTEM,4672,,,
-,2026-04-20 18:11:23.304121+00:00,DESKTOP-A3EGFSV$,4688,C:\Windows\System32\services.exe,C:\WINDOWS\servicing\TrustedInstaller.exe,
-,2026-04-20 18:11:23.339184+00:00,DESKTOP-A3EGFSV$,4688,C:\Windows\System32\svchost.exe,C:\WINDOWS\winsxs\amd64_microsoft-windows-servicingstack_31bf3856ad364e35_10.0.26100.8247_none_a53a4f5b773e04f9\TiWorker.exe -Embedding,
DESKTOP-A3EGFSV$,2026-04-20 18:11:23.365644+00:00,DESKTOP-A3EGFSV$,4703,,,C:\Windows\WinSxS\amd64_microsoft-windows-servicingstack_31bf3856ad364e35_10.0.26100.8247_none_a53a4f5b773e04f9\TiWorker.exe
DESKTOP-A3EGFSV$,2026-04-20 18:11:24.112732+00:00,DESKTOP-A3EGFSV$,4703,,,C:\Windows\WinSxS\amd64_microsoft-windows-servicingstack_31bf3856ad364e35_10.0.26100.8247_none_a53a4f5b773e04f9\TiWorker.exe
DESKTOP-A3EGFSV$,2026-04-20 18:11:24.370729+00:00,DESKTOP-A3EGFSV$,4703,,,C:\Windows\System32\svchost.exe
DESKTOP-A3EGFSV$,2026-04-20 18:11:24.373014+00:00,DESKTOP-A3EGFSV$,4703,,,C:\Windows\System32\svchost.exe
DESKTOP-A3EGFSV$,2026-04-20 18:11:24.373238+00:00,DESKTOP-A3EGFSV$,4703,,,C:\Windows\System32\svchost.exe
DESKTOP-A3EGFSV$,2026-04-20 18:11:24.651243+00:00,DESKTOP-A3EGFSV$,4703,,,C:\Windows\System32\svchost.exe
DESKTOP-A3EGFSV$,2026-04-20 18:11:24.653410+00:00,DESKTOP-A3EGFSV$,4703,,,C:\Windows\System32\svchost.exe
DESKTOP-A3EGFSV$,2026-04-20 18:11:24.653727+00:00,DESKTOP-A3EGFSV$,4703,,,C:\Windows\System32\svchost.exe
DESKTOP-A3EGFSV$,2026-04-20 18:11:24.926296+00:00,DESKTOP-A3EGFSV$,4703,,,C:\Windows\System32\svchost.exe
DESKTOP-A3EGFSV$,2026-04-20 18:11:24.928196+00:00,DESKTOP-A3EGFSV$,4703,,,C:\Windows\System32\svchost.exe
DESKTOP-A3EGFSV$,2026-04-20 18:11:24.928511+00:00,DESKTOP-A3EGFSV$,4703,,,C:\Windows\System32\svchost.exe
DESKTOP-A3EGFSV$,2026-04-20 18:11:25.219210+00:00,DESKTOP-A3EGFSV$,4703,,,C:\Windows\System32\svchost.exe
DESKTOP-A3EGFSV$,2026-04-20 18:11:25.221148+00:00,DESKTOP-A3EGFSV$,4703,,,C:\Windows\System32\svchost.exe
DESKTOP-A3EGFSV$,2026-04-20 18:11:25.221443+00:00,DESKTOP-A3EGFSV$,4703,,,C:\Windows\System32\svchost.exe
DESKTOP-A3EGFSV$,2026-04-20 18:11:25.503595+00:00,DESKTOP-A3EGFSV$,4703,,,C:\Windows\System32\svchost.exe
DESKTOP-A3EGFSV$,2026-04-20 18:11:25.505676+00:00,DESKTOP-A3EGFSV$,4703,,,C:\Windows\System32\svchost.exe
DESKTOP-A3EGFSV$,2026-04-20 18:11:25.506042+00:00,DESKTOP-A3EGFSV$,4703,,,C:\Windows\System32\svchost.exe
DESKTOP-A3EGFSV$,2026-04-20 18:11:25.782381+00:00,DESKTOP-A3EGFSV$,4703,,,C:\Windows\System32\svchost.exe
DESKTOP-A3EGFSV$,2026-04-20 18:11:25.787687+00:00,DESKTOP-A3EGFSV$,4703,,,C:\Windows\System32\svchost.exe
DESKTOP-A3EGFSV$,2026-04-20 18:11:25.788282+00:00,DESKTOP-A3EGFSV$,4703,,,C:\Windows\System32\svchost.exe
DESKTOP-A3EGFSV$,2026-04-20 18:11:25.788597+00:00,DESKTOP-A3EGFSV$,4703,,,C:\Windows\System32\svchost.exe
DESKTOP-A3EGFSV$,2026-04-20 18:11:25.790689+00:00,DESKTOP-A3EGFSV$,4703,,,C:\Windows\System32\svchost.exe
DESKTOP-A3EGFSV$,2026-04-20 18:11:25.878159+00:00,DESKTOP-A3EGFSV$,4703,,,C:\Windows\System32\svchost.exe
DESKTOP-A3EGFSV$,2026-04-20 18:11:25.879759+00:00,DESKTOP-A3EGFSV$,4703,,,C:\Windows\System32\svchost.exe
DESKTOP-A3EGFSV$,2026-04-20 18:11:27.571220+00:00,DESKTOP-A3EGFSV$,4703,,,C:\Windows\System32\svchost.exe
DESKTOP-A3EGFSV$,2026-04-20 18:11:27.575493+00:00,DESKTOP-A3EGFSV$,4703,,,C:\Windows\System32\svchost.exe
DESKTOP-A3EGFSV$,2026-04-20 18:11:27.786787+00:00,DESKTOP-A3EGFSV$,4703,,,C:\Windows\System32\svchost.exe
DESKTOP-A3EGFSV$,2026-04-20 18:11:27.790257+00:00,DESKTOP-A3EGFSV$,4703,,,C:\Windows\System32\svchost.exe
DESKTOP-A3EGFSV$,2026-04-20 18:11:27.790640+00:00,DESKTOP-A3EGFSV$,4703,,,C:\Windows\System32\svchost.exe
DESKTOP-A3EGFSV$,2026-04-20 18:11:27.791162+00:00,DESKTOP-A3EGFSV$,4703,,,C:\Windows\System32\svchost.exe
DESKTOP-A3EGFSV$,2026-04-20 18:11:27.792528+00:00,DESKTOP-A3EGFSV$,4703,,,C:\Windows\System32\svchost.exe
DESKTOP-A3EGFSV$,2026-04-20 18:11:27.793198+00:00,DESKTOP-A3EGFSV$,4703,,,C:\Windows\System32\svchost.exe
DESKTOP-A3EGFSV$,2026-04-20 18:11:27.793898+00:00,DESKTOP-A3EGFSV$,4703,,,C:\Windows\System32\svchost.exe
DESKTOP-A3EGFSV$,2026-04-20 18:11:27.861301+00:00,DESKTOP-A3EGFSV$,4703,,,C:\Windows\System32\svchost.exe
DESKTOP-A3EGFSV$,2026-04-20 18:11:27.862490+00:00,DESKTOP-A3EGFSV$,4703,,,C:\Windows\System32\svchost.exe
DESKTOP-A3EGFSV$,2026-04-20 18:11:27.929268+00:00,DESKTOP-A3EGFSV$,4703,,,C:\Windows\System32\svchost.exe
DESKTOP-A3EGFSV$,2026-04-20 18:11:27.932289+00:00,DESKTOP-A3EGFSV$,4703,,,C:\Windows\System32\svchost.exe
DESKTOP-A3EGFSV$,2026-04-20 18:11:27.932625+00:00,DESKTOP-A3EGFSV$,4703,,,C:\Windows\System32\svchost.exe
DESKTOP-A3EGFSV$,2026-04-20 18:11:27.984619+00:00,DESKTOP-A3EGFSV$,4703,,,C:\Windows\System32\svchost.exe
DESKTOP-A3EGFSV$,2026-04-20 18:11:27.986055+00:00,DESKTOP-A3EGFSV$,4703,,,C:\Windows\System32\svchost.exe
DESKTOP-A3EGFSV$,2026-04-20 18:11:27.986374+00:00,DESKTOP-A3EGFSV$,4703,,,C:\Windows\System32\svchost.exe
DESKTOP-A3EGFSV$,2026-04-20 18:11:28.032461+00:00,DESKTOP-A3EGFSV$,4703,,,C:\Windows\System32\svchost.exe
DESKTOP-A3EGFSV$,2026-04-20 18:11:28.035130+00:00,DESKTOP-A3EGFSV$,4703,,,C:\Windows\System32\svchost.exe
DESKTOP-A3EGFSV$,2026-04-20 18:11:28.035542+00:00,DESKTOP-A3EGFSV$,4703,,,C:\Windows\System32\svchost.exe
DESKTOP-A3EGFSV$,2026-04-20 18:11:28.063042+00:00,DESKTOP-A3EGFSV$,4703,,,C:\Windows\System32\svchost.exe
-,2026-04-20 18:11:35.271435+00:00,DESKTOP-A3EGFSV$,4688,C:\Windows\System32\svchost.exe,"""C:\WINDOWS\system32\UCConfigTask.exe""",
,2026-04-20 18:11:35.448315+00:00,DESKTOP-A3EGFSV$,4689,,,C:\Windows\System32\UCConfigTask.exe
DESKTOP-A3EGFSV$,2026-04-20 18:11:36.390308+00:00,DESKTOP-A3EGFSV$,4703,,,C:\Windows\System32\svchost.exe
DESKTOP-A3EGFSV$,2026-04-20 18:11:36.396046+00:00,DESKTOP-A3EGFSV$,4703,,,C:\Windows\System32\svchost.exe
DESKTOP-A3EGFSV$,2026-04-20 18:11:36.397490+00:00,DESKTOP-A3EGFSV$,4703,,,C:\Windows\System32\svchost.exe
DESKTOP-A3EGFSV$,2026-04-20 18:11:36.398638+00:00,DESKTOP-A3EGFSV$,4703,,,C:\Windows\System32\svchost.exe
,2026-04-20 18:11:38.724623+00:00,DESKTOP-A3EGFSV$,4689,,,C:\Windows\System32\taskhostw.exe
-,2026-04-20 18:12:04.089514+00:00,DESKTOP-A3EGFSV$,4688,C:\Windows\System32\svchost.exe,wmiadap.exe /F /T /R,
DESKTOP-A3EGFSV$,2026-04-20 18:12:04.121212+00:00,DESKTOP-A3EGFSV$,4703,,,C:\Windows\System32\svchost.exe
DESKTOP-A3EGFSV$,2026-04-20 18:12:04.129431+00:00,DESKTOP-A3EGFSV$,4703,,,C:\Windows\System32\svchost.exe
DESKTOP-A3EGFSV$,2026-04-20 18:12:04.131227+00:00,DESKTOP-A3EGFSV$,4703,,,C:\Windows\System32\svchost.exe
DESKTOP-A3EGFSV$,2026-04-20 18:12:04.131727+00:00,DESKTOP-A3EGFSV$,4703,,,C:\Windows\System32\svchost.exe
DESKTOP-A3EGFSV$,2026-04-20 18:12:04.132292+00:00,DESKTOP-A3EGFSV$,4703,,,C:\Windows\System32\svchost.exe
DESKTOP-A3EGFSV$,2026-04-20 18:12:04.132895+00:00,DESKTOP-A3EGFSV$,4703,,,C:\Windows\System32\svchost.exe
DESKTOP-A3EGFSV$,2026-04-20 18:12:04.136908+00:00,DESKTOP-A3EGFSV$,4703,,,C:\Windows\System32\svchost.exe
,2026-04-20 18:12:06.356157+00:00,DESKTOP-A3EGFSV$,4689,,,C:\Windows\System32\sppsvc.exe
,2026-04-20 18:12:08.179384+00:00,DESKTOP-A3EGFSV$,4689,,,C:\Windows\System32\svchost.exe
,2026-04-20 18:12:09.303640+00:00,DESKTOP-A3EGFSV$,4689,,,C:\Windows\UUS\Packages\Preview\amd64\MoUsoCoreWorker.exe
-,2026-04-20 18:12:13.428196+00:00,DESKTOP-A3EGFSV$,4688,C:\Windows\System32\SearchIndexer.exe,"""C:\WINDOWS\System32\SearchProtocolHost.exe"" Global\UsGthrFltPipeMssGthrPipe2_ Global\UsGthrCtrlFltPipeMssGthrPipe2 1 -2147483646 ""Software\Microsoft\Windows Search"" ""Mozilla/4.0 (compatible; MSIE 6.0; Windows NT; MS Search 4.0 Robot)"" ""C:\ProgramData\Microsoft\Search\Data\Temp\usgthrsvc"" ""DownLevelDaemon"" ",
,2026-04-20 18:12:13.433659+00:00,DESKTOP-A3EGFSV$,4689,,,C:\Windows\System32\SearchFilterHost.exe
,2026-04-20 18:12:16.405657+00:00,DESKTOP-A3EGFSV$,4689,,,C:\Windows\System32\SearchProtocolHost.exe
,2026-04-20 18:12:20.141878+00:00,DESKTOP-A3EGFSV$,4689,,,C:\Windows\System32\wbem\WMIADAP.exe
-,2026-04-20 18:12:22.666122+00:00,DESKTOP-A3EGFSV$,4688,C:\Windows\System32\svchost.exe,taskhostw.exe,
DESKTOP-A3EGFSV$,2026-04-20 18:12:23.123100+00:00,DESKTOP-A3EGFSV$,4688,C:\Windows\System32\services.exe,C:\WINDOWS\system32\sppsvc.exe,
,2026-04-20 18:12:23.713310+00:00,DESKTOP-A3EGFSV$,4689,,,C:\Windows\System32\taskhostw.exe
-,2026-04-20 18:12:44.663366+00:00,DESKTOP-A3EGFSV$,4688,C:\Windows\System32\svchost.exe,taskhostw.exe,
,2026-04-20 18:12:45.675751+00:00,DESKTOP-A3EGFSV$,4689,,,C:\Windows\System32\taskhostw.exe
DESKTOP-A3EGFSV$,2026-04-20 18:12:46.595812+00:00,DESKTOP-A3EGFSV$,4703,,,C:\Windows\System32\svchost.exe
,2026-04-20 18:12:53.277575+00:00,DESKTOP-A3EGFSV$,4689,,,C:\Windows\System32\sppsvc.exe
-,2026-04-20 18:13:01.914780+00:00,DESKTOP-A3EGFSV$,4688,C:\Windows\System32\svchost.exe,taskhostw.exe SBServicing,
,2026-04-20 18:13:04.151129+00:00,DESKTOP-A3EGFSV$,4689,,,C:\Windows\System32\wbem\WmiPrvSE.exe
,2026-04-20 18:13:04.332493+00:00,DESKTOP-A3EGFSV$,4689,,,C:\Windows\System32\taskhostw.exe
,2026-04-20 18:13:06.607525+00:00,LOCAL SERVICE,4689,,,C:\Windows\System32\audiodg.exe
,2026-04-20 18:13:09.131369+00:00,DESKTOP-A3EGFSV$,4689,,,C:\Windows\System32\svchost.exe
,2026-04-20 18:13:22.679928+00:00,DESKTOP-A3EGFSV$,4689,,,C:\Windows\System32\svchost.exe
,2026-04-20 18:13:26.785130+00:00,DESKTOP-A3EGFSV$,4689,,,C:\Windows\WinSxS\amd64_microsoft-windows-servicingstack_31bf3856ad364e35_10.0.26100.8247_none_a53a4f5b773e04f9\TiWorker.exe
,2026-04-20 18:13:26.788885+00:00,DESKTOP-A3EGFSV$,4689,,,C:\Windows\servicing\TrustedInstaller.exe
DESKTOP-A3EGFSV$,2026-04-20 18:13:42.971741+00:00,DESKTOP-A3EGFSV$,4703,,,C:\Windows\System32\winlogon.exe
DESKTOP-A3EGFSV$,2026-04-20 18:13:42.971743+00:00,DESKTOP-A3EGFSV$,4703,,,C:\Windows\System32\winlogon.exe
DESKTOP-A3EGFSV$,2026-04-20 18:13:42.972029+00:00,DESKTOP-A3EGFSV$,4703,,,C:\Windows\System32\winlogon.exe
DESKTOP-A3EGFSV$,2026-04-20 18:13:42.972031+00:00,DESKTOP-A3EGFSV$,4703,,,C:\Windows\System32\winlogon.exe
DESKTOP-A3EGFSV$,2026-04-20 18:13:42.972059+00:00,DESKTOP-A3EGFSV$,4703,,,C:\Windows\System32\winlogon.exe
DESKTOP-A3EGFSV$,2026-04-20 18:13:42.972122+00:00,DESKTOP-A3EGFSV$,4703,,,C:\Windows\System32\winlogon.exe
,2026-04-20 18:13:42.984188+00:00,DESKTOP-A3EGFSV$,5379,,,
,2026-04-20 18:13:42.984259+00:00,DESKTOP-A3EGFSV$,5379,,,
,2026-04-20 18:13:42.984295+00:00,DESKTOP-A3EGFSV$,5379,,,
,2026-04-20 18:13:43.198118+00:00,DESKTOP-A3EGFSV$,5379,,,
,2026-04-20 18:13:43.198452+00:00,DESKTOP-A3EGFSV$,5379,,,
,2026-04-20 18:13:43.198498+00:00,DESKTOP-A3EGFSV$,5379,,,
-,2026-04-20 18:13:43.198767+00:00,DESKTOP-A3EGFSV$,4625,,,C:\Windows\System32\svchost.exe
DESKTOP-A3EGFSV$,2026-04-20 18:13:46.839640+00:00,DESKTOP-A3EGFSV$,4703,,,C:\Windows\System32\winlogon.exe
DESKTOP-A3EGFSV$,2026-04-20 18:13:46.839643+00:00,DESKTOP-A3EGFSV$,4703,,,C:\Windows\System32\winlogon.exe
DESKTOP-A3EGFSV$,2026-04-20 18:13:46.839643+00:00,DESKTOP-A3EGFSV$,4703,,,C:\Windows\System32\winlogon.exe
DESKTOP-A3EGFSV$,2026-04-20 18:13:46.839645+00:00,DESKTOP-A3EGFSV$,4703,,,C:\Windows\System32\winlogon.exe
DESKTOP-A3EGFSV$,2026-04-20 18:13:46.839647+00:00,DESKTOP-A3EGFSV$,4703,,,C:\Windows\System32\winlogon.exe
DESKTOP-A3EGFSV$,2026-04-20 18:13:46.839649+00:00,DESKTOP-A3EGFSV$,4703,,,C:\Windows\System32\winlogon.exe
,2026-04-20 18:13:46.843082+00:00,DESKTOP-A3EGFSV$,5379,,,
,2026-04-20 18:13:46.843147+00:00,DESKTOP-A3EGFSV$,5379,,,
,2026-04-20 18:13:46.843184+00:00,DESKTOP-A3EGFSV$,5379,,,
,2026-04-20 18:13:46.951546+00:00,DESKTOP-A3EGFSV$,5379,,,
,2026-04-20 18:13:46.952023+00:00,DESKTOP-A3EGFSV$,5379,,,
,2026-04-20 18:13:46.952076+00:00,DESKTOP-A3EGFSV$,5379,,,
-,2026-04-20 18:13:46.952950+00:00,DESKTOP-A3EGFSV$,4625,,,C:\Windows\System32\svchost.exe
DESKTOP-A3EGFSV$,2026-04-20 18:13:49.462507+00:00,DESKTOP-A3EGFSV$,4703,,,C:\Windows\System32\winlogon.exe
DESKTOP-A3EGFSV$,2026-04-20 18:13:49.462513+00:00,DESKTOP-A3EGFSV$,4703,,,C:\Windows\System32\winlogon.exe
DESKTOP-A3EGFSV$,2026-04-20 18:13:49.462515+00:00,DESKTOP-A3EGFSV$,4703,,,C:\Windows\System32\winlogon.exe
DESKTOP-A3EGFSV$,2026-04-20 18:13:49.462517+00:00,DESKTOP-A3EGFSV$,4703,,,C:\Windows\System32\winlogon.exe
DESKTOP-A3EGFSV$,2026-04-20 18:13:49.462519+00:00,DESKTOP-A3EGFSV$,4703,,,C:\Windows\System32\winlogon.exe
DESKTOP-A3EGFSV$,2026-04-20 18:13:49.462519+00:00,DESKTOP-A3EGFSV$,4703,,,C:\Windows\System32\winlogon.exe
,2026-04-20 18:13:49.466755+00:00,DESKTOP-A3EGFSV$,5379,,,
,2026-04-20 18:13:49.466818+00:00,DESKTOP-A3EGFSV$,5379,,,
,2026-04-20 18:13:49.466854+00:00,DESKTOP-A3EGFSV$,5379,,,
,2026-04-20 18:13:49.667402+00:00,DESKTOP-A3EGFSV$,5379,,,
,2026-04-20 18:13:49.667786+00:00,DESKTOP-A3EGFSV$,5379,,,
,2026-04-20 18:13:49.667868+00:00,DESKTOP-A3EGFSV$,5379,,,
-,2026-04-20 18:13:49.667988+00:00,DESKTOP-A3EGFSV$,4625,,,C:\Windows\System32\svchost.exe
DESKTOP-A3EGFSV$,2026-04-20 18:13:51.592720+00:00,DESKTOP-A3EGFSV$,4703,,,C:\Windows\System32\winlogon.exe
DESKTOP-A3EGFSV$,2026-04-20 18:13:51.592724+00:00,DESKTOP-A3EGFSV$,4703,,,C:\Windows\System32\winlogon.exe
DESKTOP-A3EGFSV$,2026-04-20 18:13:51.592726+00:00,DESKTOP-A3EGFSV$,4703,,,C:\Windows\System32\winlogon.exe
DESKTOP-A3EGFSV$,2026-04-20 18:13:51.592728+00:00,DESKTOP-A3EGFSV$,4703,,,C:\Windows\System32\winlogon.exe
DESKTOP-A3EGFSV$,2026-04-20 18:13:51.592730+00:00,DESKTOP-A3EGFSV$,4703,,,C:\Windows\System32\winlogon.exe
DESKTOP-A3EGFSV$,2026-04-20 18:13:51.592730+00:00,DESKTOP-A3EGFSV$,4703,,,C:\Windows\System32\winlogon.exe
,2026-04-20 18:13:51.597088+00:00,DESKTOP-A3EGFSV$,5379,,,
,2026-04-20 18:13:51.597170+00:00,DESKTOP-A3EGFSV$,5379,,,
,2026-04-20 18:13:51.597210+00:00,DESKTOP-A3EGFSV$,5379,,,
,2026-04-20 18:13:51.821367+00:00,DESKTOP-A3EGFSV$,5379,,,
,2026-04-20 18:13:51.821793+00:00,DESKTOP-A3EGFSV$,5379,,,
,2026-04-20 18:13:51.821936+00:00,DESKTOP-A3EGFSV$,5379,,,
-,2026-04-20 18:13:51.822079+00:00,DESKTOP-A3EGFSV$,4625,,,C:\Windows\System32\svchost.exe
DESKTOP-A3EGFSV$,2026-04-20 18:13:53.485746+00:00,DESKTOP-A3EGFSV$,4703,,,C:\Windows\System32\winlogon.exe
DESKTOP-A3EGFSV$,2026-04-20 18:13:53.485752+00:00,DESKTOP-A3EGFSV$,4703,,,C:\Windows\System32\winlogon.exe
DESKTOP-A3EGFSV$,2026-04-20 18:13:53.485752+00:00,DESKTOP-A3EGFSV$,4703,,,C:\Windows\System32\winlogon.exe
DESKTOP-A3EGFSV$,2026-04-20 18:13:53.485754+00:00,DESKTOP-A3EGFSV$,4703,,,C:\Windows\System32\winlogon.exe
DESKTOP-A3EGFSV$,2026-04-20 18:13:53.485756+00:00,DESKTOP-A3EGFSV$,4703,,,C:\Windows\System32\winlogon.exe
DESKTOP-A3EGFSV$,2026-04-20 18:13:53.485756+00:00,DESKTOP-A3EGFSV$,4703,,,C:\Windows\System32\winlogon.exe
,2026-04-20 18:13:53.496124+00:00,DESKTOP-A3EGFSV$,5379,,,
,2026-04-20 18:13:53.496187+00:00,DESKTOP-A3EGFSV$,5379,,,
,2026-04-20 18:13:53.496223+00:00,DESKTOP-A3EGFSV$,5379,,,
,2026-04-20 18:13:53.671097+00:00,DESKTOP-A3EGFSV$,5379,,,
,2026-04-20 18:13:53.671522+00:00,DESKTOP-A3EGFSV$,5379,,,
,2026-04-20 18:13:53.671574+00:00,DESKTOP-A3EGFSV$,5379,,,
-,2026-04-20 18:13:53.671764+00:00,DESKTOP-A3EGFSV$,4625,,,C:\Windows\System32\svchost.exe
DESKTOP-A3EGFSV$,2026-04-20 18:13:55.497061+00:00,DESKTOP-A3EGFSV$,4703,,,C:\Windows\System32\winlogon.exe
DESKTOP-A3EGFSV$,2026-04-20 18:13:55.497065+00:00,DESKTOP-A3EGFSV$,4703,,,C:\Windows\System32\winlogon.exe
DESKTOP-A3EGFSV$,2026-04-20 18:13:55.497066+00:00,DESKTOP-A3EGFSV$,4703,,,C:\Windows\System32\winlogon.exe
DESKTOP-A3EGFSV$,2026-04-20 18:13:55.497068+00:00,DESKTOP-A3EGFSV$,4703,,,C:\Windows\System32\winlogon.exe
DESKTOP-A3EGFSV$,2026-04-20 18:13:55.497068+00:00,DESKTOP-A3EGFSV$,4703,,,C:\Windows\System32\winlogon.exe
DESKTOP-A3EGFSV$,2026-04-20 18:13:55.497070+00:00,DESKTOP-A3EGFSV$,4703,,,C:\Windows\System32\winlogon.exe
,2026-04-20 18:13:55.506714+00:00,DESKTOP-A3EGFSV$,5379,,,
,2026-04-20 18:13:55.506773+00:00,DESKTOP-A3EGFSV$,5379,,,
,2026-04-20 18:13:55.506809+00:00,DESKTOP-A3EGFSV$,5379,,,
,2026-04-20 18:13:55.684067+00:00,DESKTOP-A3EGFSV$,5379,,,
,2026-04-20 18:13:55.684616+00:00,DESKTOP-A3EGFSV$,5379,,,
,2026-04-20 18:13:55.684675+00:00,DESKTOP-A3EGFSV$,5379,,,
-,2026-04-20 18:13:55.684879+00:00,DESKTOP-A3EGFSV$,4625,,,C:\Windows\System32\svchost.exe
,2026-04-20 18:14:07.989149+00:00,DESKTOP-A3EGFSV$,4689,,,C:\Windows\System32\svchost.exe
,2026-04-20 18:14:13.657448+00:00,DESKTOP-A3EGFSV$,4689,,,C:\Windows\System32\SearchProtocolHost.exe
-,2026-04-20 18:14:17.271673+00:00,DESKTOP-A3EGFSV$,4688,C:\Windows\System32\svchost.exe,"""C:\WINDOWS\system32\usoclient.exe"" StartWork",
-,2026-04-20 18:14:17.299431+00:00,DESKTOP-A3EGFSV$,4688,C:\Windows\System32\svchost.exe,"""C:\WINDOWS\uus\packages\preview\AMD64\MoUsoCoreWorker.exe"" useprivatenamespaces",
SYSTEM,2026-04-20 18:14:17.383083+00:00,DESKTOP-A3EGFSV$,4624,,,C:\Windows\System32\services.exe
,2026-04-20 18:14:17.383089+00:00,SYSTEM,4672,,,
-,2026-04-20 18:14:17.385206+00:00,DESKTOP-A3EGFSV$,4688,C:\Windows\System32\services.exe,C:\WINDOWS\system32\svchost.exe -k wusvcs -p -s WaaSMedicSvc,
,2026-04-20 18:14:17.496466+00:00,DESKTOP-A3EGFSV$,4689,,,C:\Windows\System32\UsoClient.exe
,2026-04-20 18:14:23.303652+00:00,DESKTOP-A3EGFSV$,4689,,,C:\Windows\System32\svchost.exe
,2026-04-20 18:14:26.505512+00:00,DESKTOP-A3EGFSV$,4689,,,C:\Windows\System32\svchost.exe
,2026-04-20 18:15:17.695173+00:00,DESKTOP-A3EGFSV$,4689,,,C:\Windows\System32\svchost.exe
,2026-04-20 18:15:18.816109+00:00,DESKTOP-A3EGFSV$,4689,,,C:\Windows\UUS\Packages\Preview\amd64\MoUsoCoreWorker.exe
DESKTOP-A3EGFSV$,2026-04-20 18:16:05.108494+00:00,DESKTOP-A3EGFSV$,4703,,,C:\Windows\System32\winlogon.exe
DESKTOP-A3EGFSV$,2026-04-20 18:16:05.108500+00:00,DESKTOP-A3EGFSV$,4703,,,C:\Windows\System32\winlogon.exe
DESKTOP-A3EGFSV$,2026-04-20 18:16:05.108849+00:00,DESKTOP-A3EGFSV$,4703,,,C:\Windows\System32\winlogon.exe
DESKTOP-A3EGFSV$,2026-04-20 18:16:05.108852+00:00,DESKTOP-A3EGFSV$,4703,,,C:\Windows\System32\winlogon.exe
DESKTOP-A3EGFSV$,2026-04-20 18:16:05.108854+00:00,DESKTOP-A3EGFSV$,4703,,,C:\Windows\System32\winlogon.exe
DESKTOP-A3EGFSV$,2026-04-20 18:16:05.108984+00:00,DESKTOP-A3EGFSV$,4703,,,C:\Windows\System32\winlogon.exe
pizza,2026-04-20 18:16:05.120831+00:00,DESKTOP-A3EGFSV$,4738,,,
pizzahuthacker@gmail.com,2026-04-20 18:16:05.137135+00:00,DESKTOP-A3EGFSV$,4648,,,C:\Windows\System32\svchost.exe
pizzahuthacker@gmail.com,2026-04-20 18:16:05.137163+00:00,DESKTOP-A3EGFSV$,4624,,,C:\Windows\System32\svchost.exe
pizzahuthacker@gmail.com,2026-04-20 18:16:05.137177+00:00,DESKTOP-A3EGFSV$,4624,,,C:\Windows\System32\svchost.exe
,2026-04-20 18:16:05.137182+00:00,pizzahuthacker@gmail.com,4672,,,
pizza,2026-04-20 18:16:05.152466+00:00,DESKTOP-A3EGFSV$,4738,,,
pizzahuthacker@gmail.com,2026-04-20 18:16:05.170149+00:00,DESKTOP-A3EGFSV$,4648,,,C:\Windows\System32\lsass.exe
pizzahuthacker@gmail.com,2026-04-20 18:16:05.170170+00:00,DESKTOP-A3EGFSV$,4624,,,C:\Windows\System32\lsass.exe
pizzahuthacker@gmail.com,2026-04-20 18:16:05.170179+00:00,DESKTOP-A3EGFSV$,4624,,,C:\Windows\System32\lsass.exe
,2026-04-20 18:16:05.170185+00:00,pizzahuthacker@gmail.com,4672,,,
pizza,2026-04-20 18:16:05.170437+00:00,,4634,,,
pizza,2026-04-20 18:16:05.175760+00:00,,4634,,,
DESKTOP-A3EGFSV$,2026-04-20 18:16:05.186705+00:00,DESKTOP-A3EGFSV$,4703,,,C:\Windows\System32\svchost.exe
DESKTOP-A3EGFSV$,2026-04-20 18:16:05.186708+00:00,DESKTOP-A3EGFSV$,4703,,,C:\Windows\System32\svchost.exe
LOCAL SERVICE,2026-04-20 18:16:05.188797+00:00,DESKTOP-A3EGFSV$,4688,C:\Windows\System32\services.exe,C:\WINDOWS\system32\svchost.exe -k WebThreatDefense -p -s webthreatdefsvc,
Administrators,2026-04-20 18:16:05.420303+00:00,DESKTOP-A3EGFSV$,4799,,,
SYSTEM,2026-04-20 18:16:05.475826+00:00,DESKTOP-A3EGFSV$,4624,,,C:\Windows\System32\services.exe
,2026-04-20 18:16:05.475832+00:00,SYSTEM,4672,,,
-,2026-04-20 18:16:05.478058+00:00,DESKTOP-A3EGFSV$,4688,C:\Windows\System32\services.exe,C:\WINDOWS\System32\svchost.exe -k CameraMonitor,
,2026-04-20 18:16:05.482050+00:00,pizza,5379,,,
,2026-04-20 18:16:05.482578+00:00,pizza,5379,,,
,2026-04-20 18:16:05.482635+00:00,pizza,5379,,,
,2026-04-20 18:16:05.485882+00:00,pizza,5379,,,
,2026-04-20 18:16:05.486786+00:00,pizza,5379,,,
,2026-04-20 18:16:05.486883+00:00,pizza,5379,,,
DESKTOP-A3EGFSV$,2026-04-20 18:16:05.723410+00:00,DESKTOP-A3EGFSV$,4703,,,C:\Windows\System32\svchost.exe
DESKTOP-A3EGFSV$,2026-04-20 18:16:05.723421+00:00,DESKTOP-A3EGFSV$,4703,,,C:\Windows\System32\svchost.exe
DESKTOP-A3EGFSV$,2026-04-20 18:16:05.723593+00:00,DESKTOP-A3EGFSV$,4703,,,C:\Windows\System32\svchost.exe
DESKTOP-A3EGFSV$,2026-04-20 18:16:05.723595+00:00,DESKTOP-A3EGFSV$,4703,,,C:\Windows\System32\svchost.exe
-,2026-04-20 18:16:05.734571+00:00,DESKTOP-A3EGFSV$,4688,C:\Windows\System32\svchost.exe,taskhostw.exe,
pizza,2026-04-20 18:16:05.747368+00:00,DESKTOP-A3EGFSV$,4688,C:\Windows\System32\svchost.exe,sihost.exe,
DESKTOP-A3EGFSV$,2026-04-20 18:16:05.751785+00:00,DESKTOP-A3EGFSV$,4703,,,C:\Windows\System32\winlogon.exe
DESKTOP-A3EGFSV$,2026-04-20 18:16:05.751789+00:00,DESKTOP-A3EGFSV$,4703,,,C:\Windows\System32\winlogon.exe
DESKTOP-A3EGFSV$,2026-04-20 18:16:05.751789+00:00,DESKTOP-A3EGFSV$,4703,,,C:\Windows\System32\winlogon.exe
DESKTOP-A3EGFSV$,2026-04-20 18:16:05.751791+00:00,DESKTOP-A3EGFSV$,4703,,,C:\Windows\System32\winlogon.exe
DESKTOP-A3EGFSV$,2026-04-20 18:16:05.751793+00:00,DESKTOP-A3EGFSV$,4703,,,C:\Windows\System32\winlogon.exe
DESKTOP-A3EGFSV$,2026-04-20 18:16:05.751795+00:00,DESKTOP-A3EGFSV$,4703,,,C:\Windows\System32\winlogon.exe
pizza,2026-04-20 18:16:05.761711+00:00,DESKTOP-A3EGFSV$,4688,C:\Windows\System32\services.exe,C:\WINDOWS\system32\svchost.exe -k UnistackSvcGroup -s CDPUserSvc,
pizza,2026-04-20 18:16:05.825693+00:00,DESKTOP-A3EGFSV$,4688,C:\Windows\System32\services.exe,C:\WINDOWS\system32\svchost.exe -k LocalSystemNetworkRestricted -p -s webthreatdefusersvc,
pizza,2026-04-20 18:16:05.859276+00:00,DESKTOP-A3EGFSV$,4688,C:\Windows\System32\services.exe,C:\WINDOWS\system32\svchost.exe -k UnistackSvcGroup -s WpnUserService,
pizza,2026-04-20 18:16:05.951477+00:00,DESKTOP-A3EGFSV$,4688,C:\Windows\System32\svchost.exe,taskhostw.exe {222A245B-E637-4AE9-A93F-A59CA119A75E},
pizza,2026-04-20 18:16:05.974024+00:00,DESKTOP-A3EGFSV$,4688,C:\Windows\System32\svchost.exe,taskhostw.exe,
-,2026-04-20 18:16:06.024345+00:00,DESKTOP-A3EGFSV$,4688,C:\Windows\System32\svchost.exe,"""C:\Program Files (x86)\Microsoft\EdgeUpdate\MicrosoftEdgeUpdate.exe"" /c",
pizza,2026-04-20 18:16:06.036865+00:00,DESKTOP-A3EGFSV$,4688,C:\Windows\System32\svchost.exe,taskhostw.exe,
DESKTOP-A3EGFSV$,2026-04-20 18:16:06.207554+00:00,DESKTOP-A3EGFSV$,4703,,,C:\Windows\System32\svchost.exe
DESKTOP-A3EGFSV$,2026-04-20 18:16:06.207653+00:00,DESKTOP-A3EGFSV$,4703,,,C:\Windows\System32\svchost.exe
,2026-04-20 18:16:06.263882+00:00,DESKTOP-A3EGFSV$,4689,,,C:\Program Files (x86)\Microsoft\EdgeUpdate\MicrosoftEdgeUpdate.exe
DESKTOP-A3EGFSV$,2026-04-20 18:16:06.270750+00:00,DESKTOP-A3EGFSV$,4703,,,C:\Windows\System32\svchost.exe
DESKTOP-A3EGFSV$,2026-04-20 18:16:06.270845+00:00,DESKTOP-A3EGFSV$,4703,,,C:\Windows\System32\svchost.exe
pizza,2026-04-20 18:16:06.347738+00:00,DESKTOP-A3EGFSV$,4688,C:\Windows\System32\winlogon.exe,C:\WINDOWS\system32\userinit.exe,
-,2026-04-20 18:16:06.367567+00:00,DESKTOP-A3EGFSV$,4688,C:\Program Files (x86)\Microsoft\EdgeUpdate\MicrosoftEdgeUpdate.exe,"""C:\Program Files (x86)\Microsoft\EdgeUpdate\MicrosoftEdgeUpdate.exe"" /ua /installsource core",
-,2026-04-20 18:16:06.463034+00:00,pizza,4688,C:\Windows\System32\userinit.exe,C:\WINDOWS\Explorer.EXE,
-,2026-04-20 18:16:06.485729+00:00,pizza,4688,C:\Windows\System32\sihost.exe,"""C:\Windows\System32\ShellHost.exe""",
,2026-04-20 18:16:06.640093+00:00,pizza,5058,,,
,2026-04-20 18:16:06.640553+00:00,pizza,5061,,,
,2026-04-20 18:16:06.641382+00:00,pizza,5059,,,
pizza,2026-04-20 18:16:07.477615+00:00,DESKTOP-A3EGFSV$,4688,C:\Windows\System32\services.exe,C:\WINDOWS\system32\svchost.exe -k ClipboardSvcGroup -p -s cbdhsvc,
SYSTEM,2026-04-20 18:16:07.553553+00:00,DESKTOP-A3EGFSV$,4624,,,C:\Windows\System32\services.exe
,2026-04-20 18:16:07.553558+00:00,SYSTEM,4672,,,
-,2026-04-20 18:16:07.555185+00:00,DESKTOP-A3EGFSV$,4688,C:\Windows\System32\services.exe,C:\WINDOWS\system32\svchost.exe -k netsvcs -p -s Appinfo,
,2026-04-20 18:16:07.573946+00:00,DESKTOP-A3EGFSV$,4689,,,C:\Program Files (x86)\Microsoft\EdgeUpdate\MicrosoftEdgeUpdate.exe
pizza,2026-04-20 18:16:08.169516+00:00,DESKTOP-A3EGFSV$,4688,C:\Windows\System32\sihost.exe,"""C:\WINDOWS\SystemApps\MicrosoftWindows.Client.CBS_cw5n1h2txyewy\CrossDeviceResume.exe"" /tileid MicrosoftWindows.Client.CBS_cw5n1h2txyewy!CrossDeviceResumeApp",
DESKTOP-A3EGFSV$,2026-04-20 18:16:08.296013+00:00,DESKTOP-A3EGFSV$,4703,,,C:\Windows\System32\svchost.exe
DESKTOP-A3EGFSV$,2026-04-20 18:16:08.296036+00:00,DESKTOP-A3EGFSV$,4703,,,C:\Windows\System32\svchost.exe
pizza,2026-04-20 18:16:08.478214+00:00,DESKTOP-A3EGFSV$,4688,C:\Windows\System32\svchost.exe,C:\WINDOWS\system32\DllHost.exe /Processid:{AB8902B4-09CA-4BB6-B78D-A8F59079A8D5},
pizza,2026-04-20 18:16:08.827068+00:00,DESKTOP-A3EGFSV$,4688,C:\Windows\System32\svchost.exe,C:\WINDOWS\system32\DllHost.exe /Processid:{69B7FE84-6361-4423-B948-1D64820B1E96},
pizza,2026-04-20 18:16:09.076765+00:00,DESKTOP-A3EGFSV$,4688,C:\Windows\System32\svchost.exe,"""C:\Windows\SystemApps\Microsoft.Windows.StartMenuExperienceHost_cw5n1h2txyewy\StartMenuExperienceHost.exe"" -ServerName:FullTrustApp.AppXykjsye98af63ez2annt9djke8trg8stn.mca",
pizza,2026-04-20 18:16:09.182074+00:00,DESKTOP-A3EGFSV$,4688,C:\Windows\System32\svchost.exe,"""C:\WINDOWS\SystemApps\MicrosoftWindows.Client.CBS_cw5n1h2txyewy\SearchHost.exe"" -ServerName:CortanaUI.AppXstmwaab17q5s3y22tp6apqz7a45vwv65.mca",
pizza,2026-04-20 18:16:09.698980+00:00,DESKTOP-A3EGFSV$,4688,C:\Windows\System32\svchost.exe,C:\Windows\System32\RuntimeBroker.exe -Embedding,
pizza,2026-04-20 18:16:10.101851+00:00,DESKTOP-A3EGFSV$,4688,C:\Windows\System32\services.exe,C:\WINDOWS\system32\svchost.exe -k UdkSvcGroup -s UdkUserSvc,
pizza,2026-04-20 18:16:10.428778+00:00,DESKTOP-A3EGFSV$,4688,C:\Windows\System32\svchost.exe,"""C:\Program Files\WindowsApps\MicrosoftWindows.Client.WebExperience_526.7600.30.0_x64__cw5n1h2txyewy\Dashboard\Widgets.exe"" -ServerName:Microsoft.Windows.DashboardServer",
DESKTOP-A3EGFSV$,2026-04-20 18:16:10.472853+00:00,DESKTOP-A3EGFSV$,4703,,,C:\Windows\System32\svchost.exe
DESKTOP-A3EGFSV$,2026-04-20 18:16:10.472855+00:00,DESKTOP-A3EGFSV$,4703,,,C:\Windows\System32\svchost.exe
-,2026-04-20 18:16:11.416962+00:00,pizza,4688,C:\Windows\SystemApps\MicrosoftWindows.Client.CBS_cw5n1h2txyewy\SearchHost.exe,"""C:\Program Files (x86)\Microsoft\EdgeWebView\Application\147.0.3912.72\msedgewebview2.exe"" --embedded-browser-webview=1 --webview-exe-name=SearchHost.exe --webview-exe-version=2126.5604.40.0 --user-data-dir=""C:\Users\pizza\AppData\Local\Packages\MicrosoftWindows.Client.CBS_cw5n1h2txyewy\LocalState\EBWebView"" --noerrdialogs --disable-features=msSmartScreenProtection --edge-webview-enable-mojo-ipcz --enable-features=msEdgeFluentOverlayScrollbar --user-agent=""Mozilla/5.0 (Windows NT 10.0; Win64; x64; Cortana 1.18.9.23723; 10.0.0.0.26200.8246) AppleWebKit/537.36 (KHTML, like Gecko) Chrome/70.0.3538.102 Safari/537.36 Edge/18.26200 IsWebView2/True (WebView2Version 147.0.3912.72)"" --lang=en-US --mojo-named-platform-channel-pipe=5352.5844.8146567875106979667 /pfhostedapp:71605ac00f46126b891160bd09c966621e306630",
DESKTOP-A3EGFSV$,2026-04-20 18:16:11.548763+00:00,DESKTOP-A3EGFSV$,4703,,,C:\Windows\System32\svchost.exe
DESKTOP-A3EGFSV$,2026-04-20 18:16:11.577848+00:00,DESKTOP-A3EGFSV$,4703,,,C:\Windows\System32\svchost.exe
-,2026-04-20 18:16:12.028435+00:00,pizza,4688,C:\Program Files (x86)\Microsoft\EdgeWebView\Application\147.0.3912.72\msedgewebview2.exe,"""C:\Program Files (x86)\Microsoft\EdgeWebView\Application\147.0.3912.72\msedgewebview2.exe"" --type=crashpad-handler --user-data-dir=C:\Users\pizza\AppData\Local\Packages\MicrosoftWindows.Client.CBS_cw5n1h2txyewy\LocalState\EBWebView /prefetch:4 /pfhostedapp:71605ac00f46126b891160bd09c966621e306630 --monitor-self-annotation=ptype=crashpad-handler --database=C:\Users\pizza\AppData\Local\Packages\MicrosoftWindows.Client.CBS_cw5n1h2txyewy\LocalState\EBWebView\Crashpad --metrics-dir=C:\Users\pizza\AppData\Local\Packages\MicrosoftWindows.Client.CBS_cw5n1h2txyewy\LocalState\EBWebView --annotation=IsOfficialBuild=1 --annotation=channel= --annotation=chromium-version=147.0.7727.102 ""--annotation=exe=C:\Program Files (x86)\Microsoft\EdgeWebView\Application\147.0.3912.72\msedgewebview2.exe"" --annotation=plat=Win64 ""--annotation=prod=Edge WebView2"" --annotation=ver=147.0.3912.72 --initial-client-data=0x16c,0x170,0x174,0x110,0x17c,0x7ff8f9c80d58,0x7ff8f9c80d64,0x7ff8f9c80d70",
pizza,2026-04-20 18:16:12.147593+00:00,DESKTOP-A3EGFSV$,4688,C:\Windows\System32\svchost.exe,"""C:\WINDOWS\SystemApps\MicrosoftWindows.Client.CBS_cw5n1h2txyewy\SoftLandingTask\SoftLandingTask.exe"" -Embedding",
,2026-04-20 18:16:12.225590+00:00,pizza,4695,,,
pizza,2026-04-20 18:16:12.309811+00:00,DESKTOP-A3EGFSV$,4688,C:\Windows\System32\svchost.exe,"""C:\WINDOWS\system32\backgroundTaskHost.exe"" -ServerName:App.AppXe9cvj1thv1hmcw0cs98xm3r97tyzy2xs.mca",
pizza,2026-04-20 18:16:12.363861+00:00,DESKTOP-A3EGFSV$,4688,C:\Windows\System32\svchost.exe,"""C:\WINDOWS\system32\backgroundTaskHost.exe"" -ServerName:SettingsUXHostApp.AppXbcemfss8fnwzwnsjec8qzh0c3jnkn6x0.mca",
,2026-04-20 18:16:12.375938+00:00,pizza,4689,,,C:\Windows\SystemApps\MicrosoftWindows.Client.CBS_cw5n1h2txyewy\SoftLandingTask\SoftLandingTask.exe
pizza,2026-04-20 18:16:12.377056+00:00,DESKTOP-A3EGFSV$,4688,C:\Windows\System32\svchost.exe,"""C:\WINDOWS\system32\backgroundTaskHost.exe"" -ServerName:App.AppXfkd8mejksk4ancwf4vtyhmkvtzn1jcbs.mca",
pizza,2026-04-20 18:16:12.377106+00:00,DESKTOP-A3EGFSV$,4688,C:\Windows\System32\svchost.exe,C:\WINDOWS\system32\DllHost.exe /Processid:{D4872B74-3AFC-47CD-B8A2-9E4F998539BC},
,2026-04-20 18:16:12.624367+00:00,LOCAL SERVICE,5058,,,
,2026-04-20 18:16:12.625456+00:00,LOCAL SERVICE,5061,,,
,2026-04-20 18:16:12.631144+00:00,LOCAL SERVICE,5059,,,
,2026-04-20 18:16:12.713425+00:00,pizza,4695,,,
,2026-04-20 18:16:12.713890+00:00,pizza,4695,,,
-,2026-04-20 18:16:12.963842+00:00,pizza,4688,C:\Program Files (x86)\Microsoft\EdgeWebView\Application\147.0.3912.72\msedgewebview2.exe,"""C:\Program Files (x86)\Microsoft\EdgeWebView\Application\147.0.3912.72\msedgewebview2.exe"" --type=gpu-process --noerrdialogs --user-agent=""Mozilla/5.0 (Windows NT 10.0; Win64; x64; Cortana 1.18.9.23723; 10.0.0.0.26200.8246) AppleWebKit/537.36 (KHTML, like Gecko) Chrome/70.0.3538.102 Safari/537.36 Edge/18.26200 IsWebView2/True (WebView2Version 147.0.3912.72)"" --user-data-dir=""C:\Users\pizza\AppData\Local\Packages\MicrosoftWindows.Client.CBS_cw5n1h2txyewy\LocalState\EBWebView"" --webview-exe-name=SearchHost.exe --webview-exe-version=2126.5604.40.0 --embedded-browser-webview=1 --gpu-preferences=SAAAAAAAAADgAAAEAAAAAAAAAAAAAGAAAQAAAAAAAAAAAAAAAAAAAAIAAAAAAAAAAAAAAAAAAAAQAAAAAAAAABAAAAAAAAAACAAAAAAAAAAIAAAAAAAAAA== --startup-read-main-dll --metrics-shmem-handle=1700,i,4373890473153780624,428987849020230339,262144 --field-trial-handle=1968,i,9790246114753558327,7603887837585167924,262144 --enable-features=msEdgeFluentOverlayScrollbar --disable-features=msSmartScreenProtection --variations-seed-version --pseudonymization-salt-handle=1972,i,8694844730559506556,13159710852364223709,4 --trace-process-track-uuid=3190708988185955192 --mojo-platform-channel-handle=1936 /prefetch:2 /pfhostedapp:71605ac00f46126b891160bd09c966621e306630",
-,2026-04-20 18:16:12.963877+00:00,pizza,4688,C:\Program Files (x86)\Microsoft\EdgeWebView\Application\147.0.3912.72\msedgewebview2.exe,"""C:\Program Files (x86)\Microsoft\EdgeWebView\Application\147.0.3912.72\msedgewebview2.exe"" --type=utility --utility-sub-type=network.mojom.NetworkService --lang=en-US --service-sandbox-type=none --noerrdialogs --user-agent=""Mozilla/5.0 (Windows NT 10.0; Win64; x64; Cortana 1.18.9.23723; 10.0.0.0.26200.8246) AppleWebKit/537.36 (KHTML, like Gecko) Chrome/70.0.3538.102 Safari/537.36 Edge/18.26200 IsWebView2/True (WebView2Version 147.0.3912.72)"" --user-data-dir=""C:\Users\pizza\AppData\Local\Packages\MicrosoftWindows.Client.CBS_cw5n1h2txyewy\LocalState\EBWebView"" --webview-exe-name=SearchHost.exe --webview-exe-version=2126.5604.40.0 --embedded-browser-webview=1 --startup-read-main-dll --metrics-shmem-handle=1860,i,17454661006750949990,14097547580694438382,524288 --field-trial-handle=1968,i,9790246114753558327,7603887837585167924,262144 --enable-features=msEdgeFluentOverlayScrollbar --disable-features=msSmartScreenProtection --variations-seed-version --pseudonymization-salt-handle=1972,i,8694844730559506556,13159710852364223709,4 --trace-process-track-uuid=3190708989122997041 --mojo-platform-channel-handle=2172 /prefetch:11 /pfhostedapp:71605ac00f46126b891160bd09c966621e306630",
-,2026-04-20 18:16:13.113888+00:00,pizza,4688,C:\Program Files (x86)\Microsoft\EdgeWebView\Application\147.0.3912.72\msedgewebview2.exe,"""C:\Program Files (x86)\Microsoft\EdgeWebView\Application\147.0.3912.72\msedgewebview2.exe"" --type=utility --utility-sub-type=storage.mojom.StorageService --lang=en-US --service-sandbox-type=service --noerrdialogs --user-agent=""Mozilla/5.0 (Windows NT 10.0; Win64; x64; Cortana 1.18.9.23723; 10.0.0.0.26200.8246) AppleWebKit/537.36 (KHTML, like Gecko) Chrome/70.0.3538.102 Safari/537.36 Edge/18.26200 IsWebView2/True (WebView2Version 147.0.3912.72)"" --user-data-dir=""C:\Users\pizza\AppData\Local\Packages\MicrosoftWindows.Client.CBS_cw5n1h2txyewy\LocalState\EBWebView"" --webview-exe-name=SearchHost.exe --webview-exe-version=2126.5604.40.0 --embedded-browser-webview=1 --startup-read-main-dll --metrics-shmem-handle=2260,i,2096719655066017961,9888596312662709607,524288 --field-trial-handle=1968,i,9790246114753558327,7603887837585167924,262144 --enable-features=msEdgeFluentOverlayScrollbar --disable-features=msSmartScreenProtection --variations-seed-version --pseudonymization-salt-handle=1972,i,8694844730559506556,13159710852364223709,4 --trace-process-track-uuid=3190708990060038890 --mojo-platform-channel-handle=3200 /prefetch:13 /pfhostedapp:71605ac00f46126b891160bd09c966621e306630",
-,2026-04-20 18:16:13.205324+00:00,pizza,4688,C:\Program Files (x86)\Microsoft\EdgeWebView\Application\147.0.3912.72\msedgewebview2.exe,"""C:\Program Files (x86)\Microsoft\EdgeWebView\Application\147.0.3912.72\msedgewebview2.exe"" --type=renderer --noerrdialogs --user-agent=""Mozilla/5.0 (Windows NT 10.0; Win64; x64; Cortana 1.18.9.23723; 10.0.0.0.26200.8246) AppleWebKit/537.36 (KHTML, like Gecko) Chrome/70.0.3538.102 Safari/537.36 Edge/18.26200 IsWebView2/True (WebView2Version 147.0.3912.72)"" --user-data-dir=""C:\Users\pizza\AppData\Local\Packages\MicrosoftWindows.Client.CBS_cw5n1h2txyewy\LocalState\EBWebView"" --webview-exe-name=SearchHost.exe --webview-exe-version=2126.5604.40.0 --embedded-browser-webview=1 --video-capture-use-gpu-memory-buffer --lang=en-US --js-flags=--expose-gc --device-scale-factor=1 --num-raster-threads=1 --renderer-client-id=5 --time-ticks-at-unix-epoch=-1776708462348892 --launch-time-ticks=510699089 --ram-no-pressure-read-main-dll --metrics-shmem-handle=3292,i,3724909873784669043,18195631313969492528,2097152 --field-trial-handle=1968,i,9790246114753558327,7603887837585167924,262144 --enable-features=msEdgeFluentOverlayScrollbar --disable-features=msSmartScreenProtection --variations-seed-version --pseudonymization-salt-handle=1972,i,8694844730559506556,13159710852364223709,4 --trace-process-track-uuid=3190708990997080739 --mojo-platform-channel-handle=3496 /pfhostedapp:71605ac00f46126b891160bd09c966621e306630 /prefetch:1",
DESKTOP-A3EGFSV$,2026-04-20 18:16:13.869373+00:00,DESKTOP-A3EGFSV$,4703,,,C:\Windows\System32\svchost.exe
DESKTOP-A3EGFSV$,2026-04-20 18:16:13.878691+00:00,DESKTOP-A3EGFSV$,4703,,,C:\Windows\System32\svchost.exe
,2026-04-20 18:16:14.498905+00:00,pizza,4689,,,C:\Windows\System32\dllhost.exe
,2026-04-20 18:16:14.516645+00:00,DESKTOP-A3EGFSV$,4689,,,C:\Windows\System32\LogonUI.exe
pizza,2026-04-20 18:16:14.586445+00:00,DESKTOP-A3EGFSV$,4688,C:\Windows\System32\svchost.exe,"""C:\Program Files\WindowsApps\Microsoft.WidgetsPlatformRuntime_1.6.14.0_x64__8wekyb3d8bbwe\WidgetService\WidgetService.exe"" -RegisterProcessAsComServer -Embedding",
DESKTOP-A3EGFSV$,2026-04-20 18:16:14.627945+00:00,DESKTOP-A3EGFSV$,4703,,,C:\Windows\System32\svchost.exe
DESKTOP-A3EGFSV$,2026-04-20 18:16:14.627958+00:00,DESKTOP-A3EGFSV$,4703,,,C:\Windows\System32\svchost.exe
,2026-04-20 18:16:14.705173+00:00,pizza,5379,,,
,2026-04-20 18:16:14.707216+00:00,pizza,5379,,,
,2026-04-20 18:16:14.715330+00:00,pizza,5379,,,
,2026-04-20 18:16:14.766983+00:00,pizza,5379,,,
,2026-04-20 18:16:14.777128+00:00,pizza,5379,,,
,2026-04-20 18:16:15.393229+00:00,pizza,5379,,,
,2026-04-20 18:16:15.393459+00:00,pizza,5379,,,
,2026-04-20 18:16:15.393694+00:00,pizza,5379,,,
,2026-04-20 18:16:15.393871+00:00,pizza,5379,,,
,2026-04-20 18:16:15.394100+00:00,pizza,5379,,,
,2026-04-20 18:16:15.394276+00:00,pizza,5379,,,
,2026-04-20 18:16:15.394499+00:00,pizza,5379,,,
,2026-04-20 18:16:15.394751+00:00,pizza,5379,,,
,2026-04-20 18:16:15.394958+00:00,pizza,5379,,,
,2026-04-20 18:16:15.395168+00:00,pizza,5379,,,
,2026-04-20 18:16:15.395403+00:00,pizza,5379,,,
,2026-04-20 18:16:15.395536+00:00,pizza,5379,,,
,2026-04-20 18:16:15.395727+00:00,pizza,5379,,,
,2026-04-20 18:16:15.395880+00:00,pizza,5379,,,
,2026-04-20 18:16:15.396032+00:00,pizza,5379,,,
,2026-04-20 18:16:15.396408+00:00,pizza,5379,,,
,2026-04-20 18:16:15.401352+00:00,pizza,5379,,,
,2026-04-20 18:16:15.401518+00:00,pizza,5379,,,
,2026-04-20 18:16:15.401709+00:00,pizza,5379,,,
,2026-04-20 18:16:15.401846+00:00,pizza,5379,,,
,2026-04-20 18:16:15.402206+00:00,pizza,5379,,,
,2026-04-20 18:16:15.402363+00:00,pizza,5379,,,
,2026-04-20 18:16:15.402592+00:00,pizza,5379,,,
,2026-04-20 18:16:15.402754+00:00,pizza,5379,,,
,2026-04-20 18:16:15.402903+00:00,pizza,5379,,,
,2026-04-20 18:16:15.403061+00:00,pizza,5379,,,
,2026-04-20 18:16:15.403215+00:00,pizza,5379,,,
,2026-04-20 18:16:15.403402+00:00,pizza,5379,,,
,2026-04-20 18:16:15.403652+00:00,pizza,5379,,,
,2026-04-20 18:16:15.417212+00:00,pizza,5379,,,
,2026-04-20 18:16:15.417406+00:00,pizza,5379,,,
,2026-04-20 18:16:15.417624+00:00,pizza,5379,,,
,2026-04-20 18:16:15.417768+00:00,pizza,5379,,,
,2026-04-20 18:16:15.417946+00:00,pizza,5379,,,
,2026-04-20 18:16:15.418125+00:00,pizza,5379,,,
,2026-04-20 18:16:15.418299+00:00,pizza,5379,,,
,2026-04-20 18:16:15.418453+00:00,pizza,5379,,,
,2026-04-20 18:16:15.418686+00:00,pizza,5379,,,
,2026-04-20 18:16:15.418966+00:00,pizza,5379,,,
,2026-04-20 18:16:15.419214+00:00,pizza,5379,,,
,2026-04-20 18:16:15.419399+00:00,pizza,5379,,,
,2026-04-20 18:16:15.419630+00:00,pizza,5379,,,
,2026-04-20 18:16:15.493893+00:00,pizza,5379,,,
,2026-04-20 18:16:15.494698+00:00,pizza,5379,,,
,2026-04-20 18:16:15.540234+00:00,pizza,5379,,,
,2026-04-20 18:16:15.540474+00:00,pizza,5379,,,
,2026-04-20 18:16:15.540752+00:00,pizza,5379,,,
,2026-04-20 18:16:15.540930+00:00,pizza,5379,,,
,2026-04-20 18:16:15.541130+00:00,pizza,5379,,,
,2026-04-20 18:16:15.541349+00:00,pizza,5379,,,
,2026-04-20 18:16:15.541639+00:00,pizza,5379,,,
,2026-04-20 18:16:15.541906+00:00,pizza,5379,,,
,2026-04-20 18:16:15.542149+00:00,pizza,5379,,,
,2026-04-20 18:16:15.542429+00:00,pizza,5379,,,
,2026-04-20 18:16:15.542650+00:00,pizza,5379,,,
,2026-04-20 18:16:15.542826+00:00,pizza,5379,,,
,2026-04-20 18:16:15.543074+00:00,pizza,5379,,,
,2026-04-20 18:16:15.543274+00:00,pizza,5379,,,
DESKTOP-A3EGFSV$,2026-04-20 18:16:15.779758+00:00,DESKTOP-A3EGFSV$,4688,C:\Windows\System32\services.exe,C:\WINDOWS\system32\sppsvc.exe,
DESKTOP-A3EGFSV$,2026-04-20 18:16:16.002474+00:00,DESKTOP-A3EGFSV$,4688,C:\Windows\System32\svchost.exe,C:\WINDOWS\system32\SppExtComObj.exe -Embedding,
,2026-04-20 18:16:16.045662+00:00,pizza,5379,,,
,2026-04-20 18:16:16.045765+00:00,pizza,5379,,,
,2026-04-20 18:16:16.045809+00:00,pizza,5379,,,
,2026-04-20 18:16:16.053852+00:00,pizza,5379,,,
,2026-04-20 18:16:16.054100+00:00,pizza,5379,,,
,2026-04-20 18:16:16.065153+00:00,pizza,5379,,,
,2026-04-20 18:16:16.065208+00:00,pizza,5379,,,
-,2026-04-20 18:16:16.088570+00:00,DESKTOP-A3EGFSV$,4688,C:\Windows\System32\SppExtComObj.Exe,"""C:\WINDOWS\System32\SLUI.exe"" RuleId=31e71c49-8da7-4a2f-ad92-45d98a1c79ba;Action=AutoActivate;AppId=55c92734-d682-4d71-983e-d6ec3f16059f;SkuId=2b1f36bb-c1cd-4306-bf5c-a0367c2d97d8;NotificationInterval=1440;Trigger=UserLogon;SessionId=1",
,2026-04-20 18:16:16.112679+00:00,pizza,4689,,,C:\Windows\System32\taskhostw.exe
pizza,2026-04-20 18:16:16.130377+00:00,DESKTOP-A3EGFSV$,4688,C:\Windows\System32\svchost.exe,C:\WINDOWS\System32\slui.exe -Embedding,
,2026-04-20 18:16:16.205202+00:00,pizza,4689,,,C:\Windows\System32\dllhost.exe
pizza,2026-04-20 18:16:16.257320+00:00,DESKTOP-A3EGFSV$,4688,C:\Windows\System32\svchost.exe,taskhostw.exe,
DESKTOP-A3EGFSV$,2026-04-20 18:16:16.484571+00:00,DESKTOP-A3EGFSV$,4703,,,C:\Windows\System32\svchost.exe
DESKTOP-A3EGFSV$,2026-04-20 18:16:16.485062+00:00,DESKTOP-A3EGFSV$,4703,,,C:\Windows\System32\svchost.exe
SYSTEM,2026-04-20 18:16:16.598122+00:00,DESKTOP-A3EGFSV$,4624,,,C:\Windows\System32\services.exe
,2026-04-20 18:16:16.598127+00:00,SYSTEM,4672,,,
-,2026-04-20 18:16:16.599846+00:00,DESKTOP-A3EGFSV$,4688,C:\Windows\System32\services.exe,C:\WINDOWS\system32\svchost.exe -k netsvcsRedirectionGuard -p -s lfsvc,
SYSTEM,2026-04-20 18:16:16.631222+00:00,DESKTOP-A3EGFSV$,4624,,,C:\Windows\System32\services.exe
,2026-04-20 18:16:16.631227+00:00,SYSTEM,4672,,,
-,2026-04-20 18:16:16.634068+00:00,DESKTOP-A3EGFSV$,4688,C:\Windows\System32\services.exe,C:\WINDOWS\System32\svchost.exe -k wsappx -p -s ClipSVC,
,2026-04-20 18:16:16.665064+00:00,pizza,4689,,,C:\Windows\System32\taskhostw.exe
Administrator,2026-04-20 18:16:16.837156+00:00,DESKTOP-A3EGFSV$,4798,,,
DefaultAccount,2026-04-20 18:16:16.838217+00:00,DESKTOP-A3EGFSV$,4798,,,
,2026-04-20 18:16:16.838558+00:00,pizza,5379,,,
Guest,2026-04-20 18:16:16.838560+00:00,DESKTOP-A3EGFSV$,4798,,,
,2026-04-20 18:16:16.838650+00:00,pizza,5379,,,
,2026-04-20 18:16:16.838692+00:00,pizza,5379,,,
pizza,2026-04-20 18:16:16.838953+00:00,DESKTOP-A3EGFSV$,4798,,,
Administrator,2026-04-20 18:16:16.848492+00:00,DESKTOP-A3EGFSV$,4798,,,
DefaultAccount,2026-04-20 18:16:16.848898+00:00,DESKTOP-A3EGFSV$,4798,,,
Guest,2026-04-20 18:16:16.849239+00:00,DESKTOP-A3EGFSV$,4798,,,
,2026-04-20 18:16:16.849464+00:00,pizza,5379,,,
pizza,2026-04-20 18:16:16.849552+00:00,DESKTOP-A3EGFSV$,4798,,,
,2026-04-20 18:16:16.849720+00:00,pizza,5379,,,
,2026-04-20 18:16:16.875143+00:00,pizza,5379,,,
,2026-04-20 18:16:16.875273+00:00,pizza,5379,,,
Administrator,2026-04-20 18:16:16.877951+00:00,DESKTOP-A3EGFSV$,4798,,,
DefaultAccount,2026-04-20 18:16:16.878922+00:00,DESKTOP-A3EGFSV$,4798,,,
Guest,2026-04-20 18:16:16.879314+00:00,DESKTOP-A3EGFSV$,4798,,,
pizza,2026-04-20 18:16:16.879707+00:00,DESKTOP-A3EGFSV$,4798,,,
Administrator,2026-04-20 18:16:16.888853+00:00,DESKTOP-A3EGFSV$,4798,,,
DefaultAccount,2026-04-20 18:16:16.889317+00:00,DESKTOP-A3EGFSV$,4798,,,
Guest,2026-04-20 18:16:16.889698+00:00,DESKTOP-A3EGFSV$,4798,,,
pizza,2026-04-20 18:16:16.890104+00:00,DESKTOP-A3EGFSV$,4798,,,
,2026-04-20 18:16:16.895266+00:00,pizza,4689,,,C:\Windows\System32\taskhostw.exe
,2026-04-20 18:16:16.994074+00:00,DESKTOP-A3EGFSV$,4689,,,C:\Windows\System32\taskhostw.exe
,2026-04-20 18:16:17.131554+00:00,DESKTOP-A3EGFSV$,4689,,,C:\Windows\System32\ctfmon.exe
pizza,2026-04-20 18:16:17.135868+00:00,DESKTOP-A3EGFSV$,4688,C:\Windows\System32\svchost.exe,/QuitInfo:0000000000000328;000000000000032C; ,
,2026-04-20 18:16:17.347904+00:00,pizza,4689,,,C:\Windows\System32\slui.exe
,2026-04-20 18:16:17.363928+00:00,DESKTOP-A3EGFSV$,4689,,,C:\Windows\System32\slui.exe
pizza,2026-04-20 18:16:18.529839+00:00,DESKTOP-A3EGFSV$,4688,C:\Windows\System32\svchost.exe,C:\Windows\System32\RuntimeBroker.exe -Embedding,
pizza,2026-04-20 18:16:18.553524+00:00,DESKTOP-A3EGFSV$,4688,C:\Windows\System32\svchost.exe,C:\Windows\System32\RuntimeBroker.exe -Embedding,
pizza,2026-04-20 18:16:18.668421+00:00,DESKTOP-A3EGFSV$,4688,C:\Windows\System32\svchost.exe,"""C:\WINDOWS\system32\backgroundTaskHost.exe"" -ServerName:App.AppXmtcan0h2tfbfy7k9kn8hbxb6dmzz1zh0.mca",
,2026-04-20 18:16:18.805376+00:00,pizza,4689,,,C:\Windows\System32\backgroundTaskHost.exe
pizza,2026-04-20 18:16:19.625305+00:00,DESKTOP-A3EGFSV$,4688,C:\Windows\System32\svchost.exe,C:\Windows\System32\smartscreen.exe -Embedding,
-,2026-04-20 18:16:19.677397+00:00,pizza,4688,C:\Windows\explorer.exe,"""C:\Windows\System32\SecurityHealthSystray.exe"" ",
SYSTEM,2026-04-20 18:16:19.699343+00:00,DESKTOP-A3EGFSV$,4624,,,C:\Windows\System32\services.exe
,2026-04-20 18:16:19.699348+00:00,SYSTEM,4672,,,
-,2026-04-20 18:16:19.703691+00:00,DESKTOP-A3EGFSV$,4688,C:\Windows\System32\services.exe,C:\WINDOWS\system32\SecurityHealthService.exe,
-,2026-04-20 18:16:20.130625+00:00,pizza,4688,C:\Windows\explorer.exe,"""C:\Program Files (x86)\Microsoft\Edge\Application\msedge.exe"" --no-startup-window --win-session-start",
-,2026-04-20 18:16:20.239742+00:00,pizza,4688,C:\Program Files (x86)\Microsoft\Edge\Application\msedge.exe,"""C:\Program Files (x86)\Microsoft\Edge\Application\msedge.exe"" --type=crashpad-handler ""--user-data-dir=C:\Users\pizza\AppData\Local\Microsoft\Edge\User Data"" /prefetch:4 --monitor-self-annotation=ptype=crashpad-handler ""--database=C:\Users\pizza\AppData\Local\Microsoft\Edge\User Data\Crashpad"" ""--metrics-dir=C:\Users\pizza\AppData\Local\Microsoft\Edge\User Data"" --annotation=IsOfficialBuild=1 --annotation=channel= --annotation=chromium-version=147.0.7727.102 ""--annotation=exe=C:\Program Files (x86)\Microsoft\Edge\Application\msedge.exe"" --annotation=plat=Win64 --annotation=prod=Edge --annotation=ver=147.0.3912.72 --initial-client-data=0x264,0x268,0x26c,0x260,0x23c,0x7ff8f9c80d58,0x7ff8f9c80d64,0x7ff8f9c80d70",
,2026-04-20 18:16:20.286032+00:00,pizza,4695,,,
,2026-04-20 18:16:20.345104+00:00,pizza,4695,,,
,2026-04-20 18:16:20.345528+00:00,pizza,4695,,,
-,2026-04-20 18:16:20.510349+00:00,pizza,4688,C:\Program Files (x86)\Microsoft\Edge\Application\msedge.exe,"""C:\Program Files (x86)\Microsoft\Edge\Application\msedge.exe"" --type=utility --utility-sub-type=network.mojom.NetworkService --lang=en-US --service-sandbox-type=none --startup-read-main-dll --metrics-shmem-handle=1884,i,4653298702079268956,7164527667027559706,524288 --field-trial-handle=2252,i,3616932261551619570,7225375466808652926,262144 --variations-seed-version --pseudonymization-salt-handle=2256,i,1669410902296250306,8362656500808665194,4 --trace-process-track-uuid=3190708989122997041 --mojo-platform-channel-handle=3460 /prefetch:11",
-,2026-04-20 18:16:20.517189+00:00,pizza,4688,C:\Program Files (x86)\Microsoft\Edge\Application\msedge.exe,"""C:\Program Files (x86)\Microsoft\Edge\Application\msedge.exe"" --type=gpu-process --gpu-preferences=SAAAAAAAAADgAAAEAAAAAAAAAAAAAGAAAQAAAAAAAAAAAAAAAAAAAAIAAAAAAAAAAAAAAAAAAAAQAAAAAAAAABAAAAAAAAAACAAAAAAAAAAIAAAAAAAAAA== --startup-read-main-dll --metrics-shmem-handle=1704,i,5026903131663240444,18045702824176219336,262144 --field-trial-handle=2252,i,3616932261551619570,7225375466808652926,262144 --variations-seed-version --pseudonymization-salt-handle=2256,i,1669410902296250306,8362656500808665194,4 --trace-process-track-uuid=3190708988185955192 --mojo-platform-channel-handle=2140 /prefetch:2",
-,2026-04-20 18:16:20.523409+00:00,pizza,4688,C:\Program Files (x86)\Microsoft\Edge\Application\msedge.exe,"""C:\Program Files (x86)\Microsoft\Edge\Application\msedge.exe"" --type=utility --utility-sub-type=storage.mojom.StorageService --lang=en-US --service-sandbox-type=service --startup-read-main-dll --metrics-shmem-handle=2248,i,16577830365070620779,11358265663974019039,524288 --field-trial-handle=2252,i,3616932261551619570,7225375466808652926,262144 --variations-seed-version --pseudonymization-salt-handle=2256,i,1669410902296250306,8362656500808665194,4 --trace-process-track-uuid=3190708990060038890 --mojo-platform-channel-handle=3584 /prefetch:13",
-,2026-04-20 18:16:20.526543+00:00,pizza,4688,C:\Program Files (x86)\Microsoft\Edge\Application\msedge.exe,"""C:\Program Files (x86)\Microsoft\Edge\Application\msedge.exe"" --type=utility --utility-sub-type=edge_collections.mojom.CollectionsDataManager --lang=en-US --service-sandbox-type=collections --ram-no-pressure-read-main-dll --metrics-shmem-handle=2964,i,46074341521267728,10035357385944118332,524288 --field-trial-handle=2252,i,3616932261551619570,7225375466808652926,262144 --variations-seed-version --pseudonymization-salt-handle=2256,i,1669410902296250306,8362656500808665194,4 --trace-process-track-uuid=3190708990997080739 --mojo-platform-channel-handle=3676 /prefetch:14",
-,2026-04-20 18:16:20.533453+00:00,DESKTOP-A3EGFSV$,4688,C:\Windows\System32\services.exe,"""C:\Program Files (x86)\Microsoft\Edge\Application\147.0.3912.72\elevation_service.exe""",
,2026-04-20 18:16:20.684151+00:00,pizza,4689,,,C:\Windows\System32\dllhost.exe
,2026-04-20 18:16:20.833300+00:00,DESKTOP-A3EGFSV$,4695,,,
,2026-04-20 18:16:20.834167+00:00,pizza,4695,,,
,2026-04-20 18:16:20.842823+00:00,pizza,5379,,,
,2026-04-20 18:16:20.844118+00:00,pizza,5379,,,
,2026-04-20 18:16:20.844191+00:00,pizza,5379,,,
,2026-04-20 18:16:20.879084+00:00,pizza,5379,,,
,2026-04-20 18:16:20.879303+00:00,pizza,5379,,,
,2026-04-20 18:16:20.879549+00:00,pizza,5379,,,
,2026-04-20 18:16:20.879711+00:00,pizza,5379,,,
,2026-04-20 18:16:20.879896+00:00,pizza,5379,,,
,2026-04-20 18:16:20.879993+00:00,pizza,5379,,,
,2026-04-20 18:16:20.880146+00:00,pizza,5379,,,
,2026-04-20 18:16:20.880289+00:00,pizza,5379,,,
,2026-04-20 18:16:20.880514+00:00,pizza,5379,,,
,2026-04-20 18:16:20.880810+00:00,pizza,5379,,,
,2026-04-20 18:16:20.881048+00:00,pizza,5379,,,
,2026-04-20 18:16:20.881229+00:00,pizza,5379,,,
,2026-04-20 18:16:20.881456+00:00,pizza,5379,,,
,2026-04-20 18:16:20.881643+00:00,pizza,5379,,,
,2026-04-20 18:16:20.898893+00:00,DESKTOP-A3EGFSV$,4689,,,C:\Program Files (x86)\Microsoft\Edge\Application\147.0.3912.72\elevation_service.exe
SYSTEM,2026-04-20 18:16:20.901890+00:00,DESKTOP-A3EGFSV$,4624,,,C:\Windows\System32\services.exe
,2026-04-20 18:16:20.901897+00:00,SYSTEM,4672,,,
-,2026-04-20 18:16:20.903669+00:00,DESKTOP-A3EGFSV$,4688,C:\Windows\System32\services.exe,C:\WINDOWS\system32\svchost.exe -k LocalSystemNetworkRestricted -p -s NgcSvc,
DESKTOP-A3EGFSV$,2026-04-20 18:16:20.979994+00:00,DESKTOP-A3EGFSV$,4703,,,C:\Windows\System32\svchost.exe
,2026-04-20 18:16:20.981657+00:00,pizza,5379,,,
,2026-04-20 18:16:20.982832+00:00,pizza,5379,,,
,2026-04-20 18:16:20.982883+00:00,pizza,5379,,,
DESKTOP-A3EGFSV$,2026-04-20 18:16:20.984268+00:00,DESKTOP-A3EGFSV$,4703,,,C:\Windows\System32\svchost.exe
,2026-04-20 18:16:20.984692+00:00,pizza,5379,,,
,2026-04-20 18:16:20.985664+00:00,pizza,5379,,,
,2026-04-20 18:16:20.985733+00:00,pizza,5379,,,
DESKTOP-A3EGFSV$,2026-04-20 18:16:20.986864+00:00,DESKTOP-A3EGFSV$,4703,,,C:\Windows\System32\svchost.exe
DESKTOP-A3EGFSV$,2026-04-20 18:16:20.987541+00:00,DESKTOP-A3EGFSV$,4703,,,C:\Windows\System32\svchost.exe
,2026-04-20 18:16:20.990862+00:00,pizza,5379,,,
DESKTOP-A3EGFSV$,2026-04-20 18:16:20.992973+00:00,DESKTOP-A3EGFSV$,4688,C:\Windows\System32\svchost.exe,C:\WINDOWS\system32\wbem\wmiprvse.exe -secured -Embedding,
,2026-04-20 18:16:20.994961+00:00,pizza,5379,,,
,2026-04-20 18:16:20.995792+00:00,pizza,5379,,,
,2026-04-20 18:16:20.996824+00:00,pizza,5379,,,
DESKTOP-A3EGFSV$,2026-04-20 18:16:21.036545+00:00,DESKTOP-A3EGFSV$,4703,,,C:\Windows\System32\svchost.exe
DESKTOP-A3EGFSV$,2026-04-20 18:16:21.038357+00:00,DESKTOP-A3EGFSV$,4703,,,C:\Windows\System32\svchost.exe
DESKTOP-A3EGFSV$,2026-04-20 18:16:21.043064+00:00,DESKTOP-A3EGFSV$,4703,,,C:\Windows\System32\svchost.exe
DESKTOP-A3EGFSV$,2026-04-20 18:16:21.054150+00:00,DESKTOP-A3EGFSV$,4703,,,C:\Windows\System32\svchost.exe
DESKTOP-A3EGFSV$,2026-04-20 18:16:21.118542+00:00,DESKTOP-A3EGFSV$,4703,,,C:\Windows\System32\svchost.exe
DESKTOP-A3EGFSV$,2026-04-20 18:16:21.120871+00:00,DESKTOP-A3EGFSV$,4703,,,C:\Windows\System32\svchost.exe
,2026-04-20 18:16:21.147896+00:00,pizza,5379,,,
,2026-04-20 18:16:21.148226+00:00,pizza,5379,,,
,2026-04-20 18:16:21.148581+00:00,pizza,5379,,,
,2026-04-20 18:16:21.148779+00:00,pizza,5379,,,
,2026-04-20 18:16:21.149065+00:00,pizza,5379,,,
,2026-04-20 18:16:21.149324+00:00,pizza,5379,,,
,2026-04-20 18:16:21.149580+00:00,pizza,5379,,,
,2026-04-20 18:16:21.149746+00:00,pizza,5379,,,
,2026-04-20 18:16:21.150013+00:00,pizza,5379,,,
,2026-04-20 18:16:21.150187+00:00,pizza,5379,,,
,2026-04-20 18:16:21.150421+00:00,pizza,5379,,,
,2026-04-20 18:16:21.150579+00:00,pizza,5379,,,
,2026-04-20 18:16:21.150854+00:00,pizza,5379,,,
,2026-04-20 18:16:21.151024+00:00,pizza,5379,,,
,2026-04-20 18:16:21.151344+00:00,pizza,5379,,,
,2026-04-20 18:16:21.151773+00:00,pizza,5379,,,
,2026-04-20 18:16:21.157740+00:00,pizza,5379,,,
,2026-04-20 18:16:21.157967+00:00,pizza,5379,,,
,2026-04-20 18:16:21.158182+00:00,pizza,5379,,,
,2026-04-20 18:16:21.158329+00:00,pizza,5379,,,
,2026-04-20 18:16:21.158453+00:00,pizza,5379,,,
,2026-04-20 18:16:21.158548+00:00,pizza,5379,,,
,2026-04-20 18:16:21.158714+00:00,pizza,5379,,,
,2026-04-20 18:16:21.158895+00:00,pizza,5379,,,
,2026-04-20 18:16:21.159058+00:00,pizza,5379,,,
,2026-04-20 18:16:21.159210+00:00,pizza,5379,,,
,2026-04-20 18:16:21.159454+00:00,pizza,5379,,,
,2026-04-20 18:16:21.159687+00:00,pizza,5379,,,
,2026-04-20 18:16:21.159845+00:00,pizza,5379,,,
,2026-04-20 18:16:21.165546+00:00,pizza,5379,,,
,2026-04-20 18:16:21.165831+00:00,pizza,5379,,,
,2026-04-20 18:16:21.166098+00:00,pizza,5379,,,
,2026-04-20 18:16:21.166286+00:00,pizza,5379,,,
,2026-04-20 18:16:21.166574+00:00,pizza,5379,,,
,2026-04-20 18:16:21.166727+00:00,pizza,5379,,,
,2026-04-20 18:16:21.166962+00:00,pizza,5379,,,
,2026-04-20 18:16:21.167131+00:00,pizza,5379,,,
,2026-04-20 18:16:21.167353+00:00,pizza,5379,,,
,2026-04-20 18:16:21.167522+00:00,pizza,5379,,,
,2026-04-20 18:16:21.167688+00:00,pizza,5379,,,
,2026-04-20 18:16:21.167786+00:00,pizza,5379,,,
,2026-04-20 18:16:21.168013+00:00,pizza,5379,,,
,2026-04-20 18:16:21.170523+00:00,pizza,5379,,,
,2026-04-20 18:16:21.170969+00:00,pizza,5379,,,
,2026-04-20 18:16:21.190187+00:00,pizza,5379,,,
,2026-04-20 18:16:21.190464+00:00,pizza,5379,,,
,2026-04-20 18:16:21.190784+00:00,pizza,5379,,,
,2026-04-20 18:16:21.190979+00:00,pizza,5379,,,
,2026-04-20 18:16:21.191204+00:00,pizza,5379,,,
,2026-04-20 18:16:21.191380+00:00,pizza,5379,,,
,2026-04-20 18:16:21.191589+00:00,pizza,5379,,,
,2026-04-20 18:16:21.191755+00:00,pizza,5379,,,
,2026-04-20 18:16:21.191965+00:00,pizza,5379,,,
,2026-04-20 18:16:21.192242+00:00,pizza,5379,,,
,2026-04-20 18:16:21.192482+00:00,pizza,5379,,,
,2026-04-20 18:16:21.192701+00:00,pizza,5379,,,
,2026-04-20 18:16:21.192911+00:00,pizza,5379,,,
,2026-04-20 18:16:21.193104+00:00,pizza,5379,,,
,2026-04-20 18:16:21.288580+00:00,pizza,5379,,,
,2026-04-20 18:16:21.288872+00:00,pizza,5379,,,
,2026-04-20 18:16:21.289211+00:00,pizza,5379,,,
,2026-04-20 18:16:21.289341+00:00,pizza,5379,,,
,2026-04-20 18:16:21.289539+00:00,pizza,5379,,,
,2026-04-20 18:16:21.289648+00:00,pizza,5379,,,
,2026-04-20 18:16:21.289808+00:00,pizza,5379,,,
,2026-04-20 18:16:21.289898+00:00,pizza,5379,,,
,2026-04-20 18:16:21.290157+00:00,pizza,5379,,,
,2026-04-20 18:16:21.290277+00:00,pizza,5379,,,
,2026-04-20 18:16:21.290468+00:00,pizza,5379,,,
,2026-04-20 18:16:21.290623+00:00,pizza,5379,,,
,2026-04-20 18:16:21.290823+00:00,pizza,5379,,,
,2026-04-20 18:16:21.290976+00:00,pizza,5379,,,
,2026-04-20 18:16:21.291210+00:00,pizza,5379,,,
,2026-04-20 18:16:21.291576+00:00,pizza,5379,,,
,2026-04-20 18:16:21.296413+00:00,pizza,5379,,,
,2026-04-20 18:16:21.296684+00:00,pizza,5379,,,
,2026-04-20 18:16:21.296907+00:00,pizza,5379,,,
,2026-04-20 18:16:21.297091+00:00,pizza,5379,,,
,2026-04-20 18:16:21.297319+00:00,pizza,5379,,,
,2026-04-20 18:16:21.297440+00:00,pizza,5379,,,
,2026-04-20 18:16:21.297619+00:00,pizza,5379,,,
,2026-04-20 18:16:21.297724+00:00,pizza,5379,,,
,2026-04-20 18:16:21.297861+00:00,pizza,5379,,,
,2026-04-20 18:16:21.298002+00:00,pizza,5379,,,
,2026-04-20 18:16:21.298145+00:00,pizza,5379,,,
,2026-04-20 18:16:21.298256+00:00,pizza,5379,,,
,2026-04-20 18:16:21.298397+00:00,pizza,5379,,,
,2026-04-20 18:16:21.306864+00:00,pizza,5379,,,
,2026-04-20 18:16:21.307064+00:00,pizza,5379,,,
,2026-04-20 18:16:21.307238+00:00,pizza,5379,,,
,2026-04-20 18:16:21.307442+00:00,pizza,5379,,,
,2026-04-20 18:16:21.307596+00:00,pizza,5379,,,
,2026-04-20 18:16:21.307735+00:00,pizza,5379,,,
,2026-04-20 18:16:21.307875+00:00,pizza,5379,,,
,2026-04-20 18:16:21.307961+00:00,pizza,5379,,,
,2026-04-20 18:16:21.308308+00:00,pizza,5379,,,
,2026-04-20 18:16:21.308422+00:00,pizza,5379,,,
,2026-04-20 18:16:21.308582+00:00,pizza,5379,,,
,2026-04-20 18:16:21.308672+00:00,pizza,5379,,,
,2026-04-20 18:16:21.308865+00:00,pizza,5379,,,
,2026-04-20 18:16:21.309921+00:00,pizza,5379,,,
,2026-04-20 18:16:21.310198+00:00,pizza,5379,,,
,2026-04-20 18:16:21.335873+00:00,pizza,5379,,,
,2026-04-20 18:16:21.336140+00:00,pizza,5379,,,
,2026-04-20 18:16:21.336390+00:00,pizza,5379,,,
,2026-04-20 18:16:21.336687+00:00,pizza,5379,,,
,2026-04-20 18:16:21.336910+00:00,pizza,5379,,,
,2026-04-20 18:16:21.337103+00:00,pizza,5379,,,
,2026-04-20 18:16:21.337307+00:00,pizza,5379,,,
,2026-04-20 18:16:21.337488+00:00,pizza,5379,,,
,2026-04-20 18:16:21.337679+00:00,pizza,5379,,,
,2026-04-20 18:16:21.337872+00:00,pizza,5379,,,
,2026-04-20 18:16:21.338058+00:00,pizza,5379,,,
,2026-04-20 18:16:21.338221+00:00,pizza,5379,,,
,2026-04-20 18:16:21.338427+00:00,pizza,5379,,,
,2026-04-20 18:16:21.338594+00:00,pizza,5379,,,
DESKTOP-A3EGFSV$,2026-04-20 18:16:21.477327+00:00,DESKTOP-A3EGFSV$,4703,,,C:\Windows\System32\svchost.exe
DESKTOP-A3EGFSV$,2026-04-20 18:16:21.479305+00:00,DESKTOP-A3EGFSV$,4703,,,C:\Windows\System32\svchost.exe
-,2026-04-20 18:16:21.552219+00:00,pizza,4688,C:\Program Files (x86)\Microsoft\Edge\Application\msedge.exe,"""C:\Program Files (x86)\Microsoft\Edge\Application\msedge.exe"" --type=utility --utility-sub-type=entity_extraction_service.mojom.Extractor --lang=en-US --service-sandbox-type=entity_extraction --onnx-enabled-for-ee --video-capture-use-gpu-memory-buffer --skip-read-main-dll --metrics-shmem-handle=5636,i,7143220815902533624,11043700148657128860,524288 --field-trial-handle=2252,i,3616932261551619570,7225375466808652926,262144 --variations-seed-version --pseudonymization-salt-handle=2256,i,1669410902296250306,8362656500808665194,4 --trace-process-track-uuid=3190708993808206286 --mojo-platform-channel-handle=5684 /prefetch:14",
-,2026-04-20 18:16:21.554331+00:00,pizza,4688,C:\Program Files (x86)\Microsoft\Edge\Application\msedge.exe,"""C:\Program Files (x86)\Microsoft\Edge\Application\msedge.exe"" --type=utility --utility-sub-type=asset_store.mojom.AssetStoreService --lang=en-US --service-sandbox-type=asset_store_service --video-capture-use-gpu-memory-buffer --skip-read-main-dll --metrics-shmem-handle=5652,i,17222469316652066730,10108282964099199037,524288 --field-trial-handle=2252,i,3616932261551619570,7225375466808652926,262144 --variations-seed-version --pseudonymization-salt-handle=2256,i,1669410902296250306,8362656500808665194,4 --trace-process-track-uuid=3190708994745248135 --mojo-platform-channel-handle=5728 /prefetch:14",
-,2026-04-20 18:16:21.595560+00:00,pizza,4688,C:\Program Files (x86)\Microsoft\Edge\Application\msedge.exe,"""C:\Program Files (x86)\Microsoft\Edge\Application\msedge.exe"" --type=renderer --instant-process --pdf-upsell-enabled --video-capture-use-gpu-memory-buffer --lang=en-US --js-flags --device-scale-factor=1 --num-raster-threads=1 --renderer-client-id=7 --time-ticks-at-unix-epoch=-1776708462348891 --launch-time-ticks=519181737 --skip-read-main-dll --metrics-shmem-handle=5520,i,12597408603574601764,1837634309826809028,2097152 --field-trial-handle=2252,i,3616932261551619570,7225375466808652926,262144 --variations-seed-version --pseudonymization-salt-handle=2256,i,1669410902296250306,8362656500808665194,4 --trace-process-track-uuid=3190708992871164437 --mojo-platform-channel-handle=5524 /prefetch:1",
Administrator,2026-04-20 18:16:21.761314+00:00,DESKTOP-A3EGFSV$,4798,,,
DefaultAccount,2026-04-20 18:16:21.762215+00:00,DESKTOP-A3EGFSV$,4798,,,
Guest,2026-04-20 18:16:21.762630+00:00,DESKTOP-A3EGFSV$,4798,,,
pizza,2026-04-20 18:16:21.763102+00:00,DESKTOP-A3EGFSV$,4798,,,
Administrator,2026-04-20 18:16:21.768259+00:00,DESKTOP-A3EGFSV$,4798,,,
DefaultAccount,2026-04-20 18:16:21.768646+00:00,DESKTOP-A3EGFSV$,4798,,,
Guest,2026-04-20 18:16:21.769011+00:00,DESKTOP-A3EGFSV$,4798,,,
pizza,2026-04-20 18:16:21.769442+00:00,DESKTOP-A3EGFSV$,4798,,,
-,2026-04-20 18:16:21.869822+00:00,pizza,4688,C:\Program Files (x86)\Microsoft\Edge\Application\msedge.exe,"""C:\Program Files (x86)\Microsoft\Edge\Application\147.0.3912.72\identity_helper.exe"" --type=utility --utility-sub-type=winrt_app_id.mojom.WinrtAppIdService --lang=en-US --service-sandbox-type=windows_package_identity --video-capture-use-gpu-memory-buffer --skip-read-main-dll --metrics-shmem-handle=6460,i,3231768862446545911,3642349561374142853,524288 --field-trial-handle=2252,i,3616932261551619570,7225375466808652926,262144 --variations-seed-version --pseudonymization-salt-handle=2256,i,1669410902296250306,8362656500808665194,4 --trace-process-track-uuid=3190708995682289984 --mojo-platform-channel-handle=6568 /prefetch:14",
,2026-04-20 18:16:21.888878+00:00,pizza,4689,,,C:\Program Files (x86)\Microsoft\Edge\Application\147.0.3912.72\identity_helper.exe
-,2026-04-20 18:16:21.892035+00:00,pizza,4688,C:\Program Files (x86)\Microsoft\Edge\Application\msedge.exe,"""C:\Program Files (x86)\Microsoft\Edge\Application\147.0.3912.72\identity_helper.exe"" --type=utility --utility-sub-type=winrt_app_id.mojom.WinrtAppIdService --lang=en-US --service-sandbox-type=windows_package_identity --video-capture-use-gpu-memory-buffer --skip-read-main-dll --metrics-shmem-handle=6460,i,3231768862446545911,3642349561374142853,524288 --field-trial-handle=2252,i,3616932261551619570,7225375466808652926,262144 --variations-seed-version --pseudonymization-salt-handle=2256,i,1669410902296250306,8362656500808665194,4 --trace-process-track-uuid=3190708995682289984 --mojo-platform-channel-handle=6568 /prefetch:14",
-,2026-04-20 18:16:22.229137+00:00,pizza,4688,C:\Program Files (x86)\Microsoft\Edge\Application\msedge.exe,"""C:\Program Files (x86)\Microsoft\Edge\Application\msedge.exe"" --type=renderer --pdf-upsell-enabled --video-capture-use-gpu-memory-buffer --lang=en-US --js-flags --device-scale-factor=1 --num-raster-threads=1 --renderer-client-id=11 --time-ticks-at-unix-epoch=-1776708462348891 --launch-time-ticks=519827930 --skip-read-main-dll --metrics-shmem-handle=6808,i,17265646521687330036,1485792444133045221,2097152 --field-trial-handle=2252,i,3616932261551619570,7225375466808652926,262144 --variations-seed-version --pseudonymization-salt-handle=2256,i,1669410902296250306,8362656500808665194,4 --trace-process-track-uuid=3190708996619331833 --mojo-platform-channel-handle=6760 /prefetch:1",
-,2026-04-20 18:16:24.462276+00:00,pizza,4688,C:\Windows\explorer.exe,"""C:\Program Files (x86)\Microsoft\Edge\Application\msedge.exe"" ",
,2026-04-20 18:16:24.523268+00:00,pizza,4689,,,C:\Program Files (x86)\Microsoft\Edge\Application\msedge.exe
-,2026-04-20 18:16:26.701674+00:00,pizza,4688,C:\Program Files (x86)\Microsoft\Edge\Application\msedge.exe,"""C:\Program Files (x86)\Microsoft\Edge\Application\msedge.exe"" --type=utility --utility-sub-type=PooledProcess2 --lang=en-US --service-sandbox-type=utility --skip-read-main-dll --metrics-shmem-handle=6208,i,1344273222357080113,17709283714713194648,524288 --field-trial-handle=2252,i,3616932261551619570,7225375466808652926,262144 --variations-seed-version --pseudonymization-salt-handle=2256,i,1669410902296250306,8362656500808665194,4 --trace-process-track-uuid=3190708998493415531 --mojo-platform-channel-handle=7808 /prefetch:14",
Administrator,2026-04-20 18:16:26.930237+00:00,DESKTOP-A3EGFSV$,4798,,,
DefaultAccount,2026-04-20 18:16:26.931221+00:00,DESKTOP-A3EGFSV$,4798,,,
Guest,2026-04-20 18:16:26.932270+00:00,DESKTOP-A3EGFSV$,4798,,,
pizza,2026-04-20 18:16:26.932688+00:00,DESKTOP-A3EGFSV$,4798,,,
Administrator,2026-04-20 18:16:26.936432+00:00,DESKTOP-A3EGFSV$,4798,,,
DefaultAccount,2026-04-20 18:16:26.936783+00:00,DESKTOP-A3EGFSV$,4798,,,
Guest,2026-04-20 18:16:26.937145+00:00,DESKTOP-A3EGFSV$,4798,,,
pizza,2026-04-20 18:16:26.937565+00:00,DESKTOP-A3EGFSV$,4798,,,
-,2026-04-20 18:16:30.447689+00:00,pizza,4688,C:\Windows\explorer.exe,"""C:\Users\pizza\AppData\Local\Microsoft\OneDrive\OneDrive.exe"" /background",
-,2026-04-20 18:16:31.266226+00:00,pizza,4688,C:\Program Files (x86)\Microsoft\Edge\Application\msedge.exe,"""C:\Program Files (x86)\Microsoft\Edge\Application\msedge.exe"" --type=renderer --pdf-upsell-enabled --disable-gpu-compositing --video-capture-use-gpu-memory-buffer --lang=en-US --js-flags --device-scale-factor=1 --num-raster-threads=1 --renderer-client-id=14 --time-ticks-at-unix-epoch=-1776708462348891 --launch-time-ticks=528832750 --skip-read-main-dll --metrics-shmem-handle=8156,i,1537462202665641364,5065424241002260048,2097152 --field-trial-handle=2252,i,3616932261551619570,7225375466808652926,262144 --variations-seed-version --pseudonymization-salt-handle=2256,i,1669410902296250306,8362656500808665194,4 --trace-process-track-uuid=3190708999430457380 --mojo-platform-channel-handle=8184 /prefetch:1",
pizza,2026-04-20 18:16:32.489227+00:00,DESKTOP-A3EGFSV$,4688,C:\Windows\System32\svchost.exe,"""C:\Users\pizza\AppData\Local\Microsoft\OneDrive\26.062.0402.0001\FileCoAuth.exe"" -Embedding",
-,2026-04-20 18:16:32.515575+00:00,pizza,4688,C:\Program Files (x86)\Microsoft\Edge\Application\msedge.exe,"""C:\Program Files (x86)\Microsoft\Edge\Application\msedge.exe"" --type=utility --utility-sub-type=edge_collections.mojom.CollectionsPrismUtil --lang=en-US --service-sandbox-type=utility --skip-read-main-dll --metrics-shmem-handle=8128,i,5150920763812714416,11620077830139611908,524288 --field-trial-handle=2252,i,3616932261551619570,7225375466808652926,262144 --variations-seed-version --pseudonymization-salt-handle=2256,i,1669410902296250306,8362656500808665194,4 --trace-process-track-uuid=3190709000367499229 --mojo-platform-channel-handle=8328 /prefetch:14",
,2026-04-20 18:16:33.487362+00:00,pizza,5379,,,
,2026-04-20 18:16:33.488834+00:00,pizza,5379,,,
,2026-04-20 18:16:33.489813+00:00,pizza,5379,,,
,2026-04-20 18:16:33.496078+00:00,pizza,5379,,,
,2026-04-20 18:16:33.498035+00:00,pizza,5379,,,
,2026-04-20 18:16:33.702991+00:00,pizza,5379,,,
,2026-04-20 18:16:33.703291+00:00,pizza,5379,,,
,2026-04-20 18:16:33.703512+00:00,pizza,5379,,,
,2026-04-20 18:16:33.703623+00:00,pizza,5379,,,
,2026-04-20 18:16:33.703938+00:00,pizza,5379,,,
,2026-04-20 18:16:33.704109+00:00,pizza,5379,,,
,2026-04-20 18:16:33.704386+00:00,pizza,5379,,,
,2026-04-20 18:16:33.704536+00:00,pizza,5379,,,
,2026-04-20 18:16:33.704723+00:00,pizza,5379,,,
,2026-04-20 18:16:33.704872+00:00,pizza,5379,,,
,2026-04-20 18:16:33.705069+00:00,pizza,5379,,,
,2026-04-20 18:16:33.705240+00:00,pizza,5379,,,
,2026-04-20 18:16:33.705507+00:00,pizza,5379,,,
,2026-04-20 18:16:33.705666+00:00,pizza,5379,,,
,2026-04-20 18:16:33.705891+00:00,pizza,5379,,,
,2026-04-20 18:16:33.706297+00:00,pizza,5379,,,
,2026-04-20 18:16:33.712198+00:00,pizza,5379,,,
,2026-04-20 18:16:33.712568+00:00,pizza,5379,,,
,2026-04-20 18:16:33.712812+00:00,pizza,5379,,,
,2026-04-20 18:16:33.713043+00:00,pizza,5379,,,
,2026-04-20 18:16:33.713326+00:00,pizza,5379,,,
,2026-04-20 18:16:33.713497+00:00,pizza,5379,,,
,2026-04-20 18:16:33.713688+00:00,pizza,5379,,,
,2026-04-20 18:16:33.713818+00:00,pizza,5379,,,
,2026-04-20 18:16:33.714094+00:00,pizza,5379,,,
,2026-04-20 18:16:33.714230+00:00,pizza,5379,,,
,2026-04-20 18:16:33.714396+00:00,pizza,5379,,,
,2026-04-20 18:16:33.714502+00:00,pizza,5379,,,
,2026-04-20 18:16:33.714622+00:00,pizza,5379,,,
,2026-04-20 18:16:33.733446+00:00,pizza,5379,,,
,2026-04-20 18:16:33.733675+00:00,pizza,5379,,,
,2026-04-20 18:16:33.733908+00:00,pizza,5379,,,
,2026-04-20 18:16:33.734083+00:00,pizza,5379,,,
,2026-04-20 18:16:33.734324+00:00,pizza,5379,,,
,2026-04-20 18:16:33.734499+00:00,pizza,5379,,,
,2026-04-20 18:16:33.734692+00:00,pizza,5379,,,
,2026-04-20 18:16:33.734859+00:00,pizza,5379,,,
,2026-04-20 18:16:33.735079+00:00,pizza,5379,,,
,2026-04-20 18:16:33.735220+00:00,pizza,5379,,,
,2026-04-20 18:16:33.735403+00:00,pizza,5379,,,
,2026-04-20 18:16:33.735567+00:00,pizza,5379,,,
,2026-04-20 18:16:33.735746+00:00,pizza,5379,,,
,2026-04-20 18:16:33.819977+00:00,pizza,5379,,,
,2026-04-20 18:16:33.820419+00:00,pizza,5379,,,
,2026-04-20 18:16:33.948765+00:00,pizza,5379,,,
,2026-04-20 18:16:33.948980+00:00,pizza,5379,,,
,2026-04-20 18:16:33.949284+00:00,pizza,5379,,,
,2026-04-20 18:16:33.949419+00:00,pizza,5379,,,
,2026-04-20 18:16:33.949554+00:00,pizza,5379,,,
,2026-04-20 18:16:33.949650+00:00,pizza,5379,,,
,2026-04-20 18:16:33.949814+00:00,pizza,5379,,,
,2026-04-20 18:16:33.949921+00:00,pizza,5379,,,
,2026-04-20 18:16:33.950052+00:00,pizza,5379,,,
,2026-04-20 18:16:33.950182+00:00,pizza,5379,,,
,2026-04-20 18:16:33.950382+00:00,pizza,5379,,,
,2026-04-20 18:16:33.950514+00:00,pizza,5379,,,
,2026-04-20 18:16:33.950726+00:00,pizza,5379,,,
,2026-04-20 18:16:33.950899+00:00,pizza,5379,,,
,2026-04-20 18:16:34.348614+00:00,pizza,5379,,,
,2026-04-20 18:16:34.348680+00:00,pizza,5379,,,
,2026-04-20 18:16:34.349010+00:00,pizza,5379,,,
,2026-04-20 18:16:34.571823+00:00,pizza,5379,,,
,2026-04-20 18:16:34.590719+00:00,pizza,5379,,,
DESKTOP-A3EGFSV$,2026-04-20 18:16:34.603687+00:00,DESKTOP-A3EGFSV$,4703,,,C:\Windows\System32\svchost.exe
DESKTOP-A3EGFSV$,2026-04-20 18:16:34.603760+00:00,DESKTOP-A3EGFSV$,4703,,,C:\Windows\System32\svchost.exe
DESKTOP-A3EGFSV$,2026-04-20 18:16:34.604603+00:00,DESKTOP-A3EGFSV$,4703,,,C:\Windows\System32\svchost.exe
DESKTOP-A3EGFSV$,2026-04-20 18:16:34.605181+00:00,DESKTOP-A3EGFSV$,4703,,,C:\Windows\System32\svchost.exe
,2026-04-20 18:16:34.613934+00:00,pizza,5379,,,
,2026-04-20 18:16:34.613995+00:00,pizza,5379,,,
pizza,2026-04-20 18:16:34.924776+00:00,DESKTOP-A3EGFSV$,4688,C:\Windows\System32\svchost.exe,"C:\WINDOWS\system32\rundll32.exe C:\WINDOWS\system32\AppXDeploymentExtensions.OneCore.dll,ShellRefresh",
,2026-04-20 18:16:35.043530+00:00,pizza,5379,,,
pizza,2026-04-20 18:16:35.167253+00:00,DESKTOP-A3EGFSV$,4688,C:\Windows\System32\svchost.exe,"""C:\WINDOWS\SystemApps\ShellExperienceHost_cw5n1h2txyewy\ShellExperienceHost.exe"" -ServerName:App.AppXtk181tbxbce2qsex02s8tw7hfxa9xb3t.mca",
-,2026-04-20 18:16:35.397455+00:00,DESKTOP-A3EGFSV$,4688,C:\Windows\System32\SearchIndexer.exe,"""C:\WINDOWS\System32\SearchProtocolHost.exe"" Global\UsGthrFltPipeMssGthrPipe3_ Global\UsGthrCtrlFltPipeMssGthrPipe3 1 -2147483646 ""Software\Microsoft\Windows Search"" ""Mozilla/4.0 (compatible; MSIE 6.0; Windows NT; MS Search 4.0 Robot)"" ""C:\ProgramData\Microsoft\Search\Data\Temp\usgthrsvc"" ""DownLevelDaemon"" ",
pizza,2026-04-20 18:16:35.556829+00:00,DESKTOP-A3EGFSV$,4688,C:\Windows\System32\svchost.exe,C:\WINDOWS\system32\DllHost.exe /Processid:{AB8902B4-09CA-4BB6-B78D-A8F59079A8D5},
pizza,2026-04-20 18:16:35.632826+00:00,DESKTOP-A3EGFSV$,4688,C:\Windows\System32\svchost.exe,C:\Windows\System32\RuntimeBroker.exe -Embedding,
,2026-04-20 18:16:35.654230+00:00,DESKTOP-A3EGFSV$,4689,,,C:\Windows\System32\svchost.exe
-,2026-04-20 18:16:36.414375+00:00,LOCAL SERVICE,4688,C:\Windows\System32\svchost.exe,C:\WINDOWS\system32\AUDIODG.EXE 0x0000000000000234 0x0000000000000450,
pizza,2026-04-20 18:16:36.587927+00:00,DESKTOP-A3EGFSV$,4688,C:\Windows\System32\svchost.exe,taskhostw.exe SyncFromCloud,
-,2026-04-20 18:16:36.858500+00:00,pizza,4688,C:\Program Files (x86)\Microsoft\Edge\Application\msedge.exe,"""C:\Program Files (x86)\Microsoft\Edge\Application\msedge.exe"" --type=renderer --pdf-upsell-enabled --disable-gpu-compositing --video-capture-use-gpu-memory-buffer --lang=en-US --js-flags --device-scale-factor=1 --num-raster-threads=1 --renderer-client-id=17 --time-ticks-at-unix-epoch=-1776708462348891 --launch-time-ticks=534299737 --skip-read-main-dll --metrics-shmem-handle=8508,i,6765905079321453592,10165948816675610195,2097152 --field-trial-handle=2252,i,3616932261551619570,7225375466808652926,262144 --variations-seed-version --pseudonymization-salt-handle=2256,i,1669410902296250306,8362656500808665194,4 --trace-process-track-uuid=3190709002241582927 --mojo-platform-channel-handle=8488 /prefetch:1",
-,2026-04-20 18:16:36.982115+00:00,pizza,4688,C:\Program Files (x86)\Microsoft\Edge\Application\msedge.exe,"""C:\Program Files (x86)\Microsoft\Edge\Application\msedge.exe"" --type=renderer --pdf-upsell-enabled --disable-gpu-compositing --video-capture-use-gpu-memory-buffer --lang=en-US --js-flags --device-scale-factor=1 --num-raster-threads=1 --renderer-client-id=18 --time-ticks-at-unix-epoch=-1776708462348891 --launch-time-ticks=534463596 --skip-read-main-dll --metrics-shmem-handle=8612,i,9150762601969721128,14960749223971159456,2097152 --field-trial-handle=2252,i,3616932261551619570,7225375466808652926,262144 --variations-seed-version --pseudonymization-salt-handle=2256,i,1669410902296250306,8362656500808665194,4 --trace-process-track-uuid=3190709003178624776 --mojo-platform-channel-handle=8544 /prefetch:1",
pizza,2026-04-20 18:16:38.050161+00:00,DESKTOP-A3EGFSV$,4688,C:\Windows\System32\svchost.exe,"""C:\Program Files\WindowsApps\Microsoft.DesktopAppInstaller_1.26.509.0_x64__8wekyb3d8bbwe\WindowsPackageManagerServer.exe"" -Embedding",
DESKTOP-A3EGFSV$,2026-04-20 18:16:38.064236+00:00,DESKTOP-A3EGFSV$,4703,,,C:\Windows\System32\svchost.exe
DESKTOP-A3EGFSV$,2026-04-20 18:16:38.064240+00:00,DESKTOP-A3EGFSV$,4703,,,C:\Windows\System32\svchost.exe
-,2026-04-20 18:16:40.185011+00:00,pizza,4688,C:\Program Files (x86)\Microsoft\Edge\Application\msedge.exe,"""C:\Program Files (x86)\Microsoft\Edge\Application\msedge.exe"" --type=utility --utility-sub-type=video_capture.mojom.VideoCaptureService --lang=en-US --service-sandbox-type=none --skip-read-main-dll --metrics-shmem-handle=8996,i,10564559763981984519,17008912044473884076,524288 --field-trial-handle=2252,i,3616932261551619570,7225375466808652926,262144 --variations-seed-version --pseudonymization-salt-handle=2256,i,1669410902296250306,8362656500808665194,4 --trace-process-track-uuid=3190709005052708474 --mojo-platform-channel-handle=9068 /prefetch:14",
-,2026-04-20 18:16:40.188040+00:00,pizza,4688,C:\Program Files (x86)\Microsoft\Edge\Application\msedge.exe,"""C:\Program Files (x86)\Microsoft\Edge\Application\msedge.exe"" --type=utility --utility-sub-type=audio.mojom.AudioService --lang=en-US --service-sandbox-type=audio --skip-read-main-dll --metrics-shmem-handle=8992,i,10204228006484090401,12568683087012723733,524288 --field-trial-handle=2252,i,3616932261551619570,7225375466808652926,262144 --variations-seed-version --pseudonymization-salt-handle=2256,i,1669410902296250306,8362656500808665194,4 --trace-process-track-uuid=3190709004115666625 --mojo-platform-channel-handle=8964 /prefetch:12",
,2026-04-20 18:16:41.737225+00:00,pizza,4689,,,C:\Program Files\WindowsApps\Microsoft.DesktopAppInstaller_1.26.509.0_x64__8wekyb3d8bbwe\WindowsPackageManagerServer.exe
DESKTOP-A3EGFSV$,2026-04-20 18:16:41.745564+00:00,DESKTOP-A3EGFSV$,4703,,,C:\Windows\System32\svchost.exe
DESKTOP-A3EGFSV$,2026-04-20 18:16:41.745565+00:00,DESKTOP-A3EGFSV$,4703,,,C:\Windows\System32\svchost.exe
,2026-04-20 18:16:41.803986+00:00,pizza,4689,,,C:\Users\pizza\AppData\Local\Microsoft\OneDrive\26.062.0402.0001\FileCoAuth.exe
DESKTOP-A3EGFSV$,2026-04-20 18:16:41.900620+00:00,DESKTOP-A3EGFSV$,4703,,,C:\Windows\System32\svchost.exe
,2026-04-20 18:16:41.921200+00:00,pizza,4689,,,C:\Windows\System32\userinit.exe
,2026-04-20 18:16:42.063251+00:00,pizza,4689,,,C:\Program Files (x86)\Microsoft\Edge\Application\147.0.3912.72\identity_helper.exe
-,2026-04-20 18:16:42.366009+00:00,pizza,4688,C:\Program Files (x86)\Microsoft\Edge\Application\msedge.exe,"""C:\Program Files (x86)\Microsoft\Edge\Application\msedge.exe"" --type=renderer --pdf-upsell-enabled --disable-gpu-compositing --video-capture-use-gpu-memory-buffer --lang=en-US --js-flags --device-scale-factor=1 --num-raster-threads=1 --renderer-client-id=22 --time-ticks-at-unix-epoch=-1776708462348891 --launch-time-ticks=540014104 --skip-read-main-dll --metrics-shmem-handle=8812,i,10013040759058380165,7740539469550028900,2097152 --field-trial-handle=2252,i,3616932261551619570,7225375466808652926,262144 --variations-seed-version --pseudonymization-salt-handle=2256,i,1669410902296250306,8362656500808665194,4 --trace-process-track-uuid=3190709006926792172 --mojo-platform-channel-handle=8608 /prefetch:1",
,2026-04-20 18:16:43.911461+00:00,pizza,4689,,,C:\Windows\System32\dllhost.exe
,2026-04-20 18:16:46.909710+00:00,pizza,4689,,,C:\Windows\System32\taskhostw.exe
,2026-04-20 18:16:47.392220+00:00,DESKTOP-A3EGFSV$,4689,,,C:\Windows\System32\SppExtComObj.Exe
,2026-04-20 18:16:47.398129+00:00,DESKTOP-A3EGFSV$,4689,,,C:\Windows\System32\sppsvc.exe
-,2026-04-20 18:16:50.358150+00:00,pizza,4688,C:\Program Files (x86)\Microsoft\Edge\Application\msedge.exe,"""C:\Program Files (x86)\Microsoft\Edge\Application\msedge.exe"" --type=utility --utility-sub-type=chrome.mojom.UtilWin --lang=en-US --service-sandbox-type=none --message-loop-type-ui --skip-read-main-dll --metrics-shmem-handle=9356,i,7179951626600539584,16250472946841395800,524288 --field-trial-handle=2252,i,3616932261551619570,7225375466808652926,262144 --variations-seed-version --pseudonymization-salt-handle=2256,i,1669410902296250306,8362656500808665194,4 --trace-process-track-uuid=3190709007863834021 --mojo-platform-channel-handle=8604 /prefetch:14",
,2026-04-20 18:16:50.599932+00:00,pizza,4689,,,C:\Program Files (x86)\Microsoft\Edge\Application\msedge.exe
pizza,2026-04-20 18:16:56.302519+00:00,DESKTOP-A3EGFSV$,4688,C:\Windows\System32\svchost.exe,C:\Windows\System32\RuntimeBroker.exe -Embedding,
,2026-04-20 18:16:56.993601+00:00,pizza,4689,,,C:\Program Files (x86)\Microsoft\Edge\Application\msedge.exe
pizza,2026-04-20 18:17:00.348503+00:00,DESKTOP-A3EGFSV$,4688,C:\Windows\System32\svchost.exe,"C:\WINDOWS\System32\rundll32.exe shell32.dll,SHCreateLocalServerRunDll {c82192ee-6cb5-4bc0-9ef0-fb818773790a} -Embedding",
,2026-04-20 18:17:00.381918+00:00,pizza,4689,,,C:\Windows\System32\rundll32.exe
,2026-04-20 18:17:00.520542+00:00,pizza,4689,,,C:\Windows\System32\rundll32.exe
pizza,2026-04-20 18:17:00.542221+00:00,DESKTOP-A3EGFSV$,4688,C:\Windows\System32\svchost.exe,"""C:\WINDOWS\system32\DllHost.exe"" /Processid:{5250E46F-BB09-D602-5891-F476DC89B700}",
DESKTOP-A3EGFSV$,2026-04-20 18:17:00.551100+00:00,DESKTOP-A3EGFSV$,4703,,,C:\Windows\System32\svchost.exe
DESKTOP-A3EGFSV$,2026-04-20 18:17:00.551117+00:00,DESKTOP-A3EGFSV$,4703,,,C:\Windows\System32\svchost.exe
pizza,2026-04-20 18:17:00.701725+00:00,DESKTOP-A3EGFSV$,4688,C:\Windows\System32\svchost.exe,"""C:\Program Files (x86)\Microsoft\Copilot\Application\mscopilot_proxy.exe"" -Embedding",
DESKTOP-A3EGFSV$,2026-04-20 18:17:00.726118+00:00,DESKTOP-A3EGFSV$,4703,,,C:\Windows\System32\svchost.exe
DESKTOP-A3EGFSV$,2026-04-20 18:17:00.726122+00:00,DESKTOP-A3EGFSV$,4703,,,C:\Windows\System32\svchost.exe
pizza,2026-04-20 18:17:00.827969+00:00,DESKTOP-A3EGFSV$,4688,C:\Windows\System32\svchost.exe,"""C:\WINDOWS\system32\DllHost.exe"" /Processid:{CA6CC9F1-867A-481E-951E-A28C5E4F01EA}",
DESKTOP-A3EGFSV$,2026-04-20 18:17:00.835917+00:00,DESKTOP-A3EGFSV$,4703,,,C:\Windows\System32\svchost.exe
DESKTOP-A3EGFSV$,2026-04-20 18:17:00.835932+00:00,DESKTOP-A3EGFSV$,4703,,,C:\Windows\System32\svchost.exe
pizza,2026-04-20 18:17:01.028503+00:00,DESKTOP-A3EGFSV$,4688,C:\Windows\System32\svchost.exe,C:\WINDOWS\system32\DllHost.exe /Processid:{AB8902B4-09CA-4BB6-B78D-A8F59079A8D5},
-,2026-04-20 18:17:01.109781+00:00,DESKTOP-A3EGFSV$,4688,C:\Windows\System32\svchost.exe,consent.exe 1040 604 0000012C8815AC30,
-,2026-04-20 18:17:01.250153+00:00,DESKTOP-A3EGFSV$,4688,C:\Windows\System32\svchost.exe,/QuitInfo:00000000000002E4;0000000000000340; ,
,2026-04-20 18:17:02.966311+00:00,pizza,4689,,,C:\Program Files (x86)\Microsoft\Edge\Application\msedge.exe
,2026-04-20 18:17:02.980034+00:00,pizza,4689,,,C:\Program Files (x86)\Microsoft\Edge\Application\msedge.exe
DESKTOP-A3EGFSV$,2026-04-20 18:17:03.114595+00:00,DESKTOP-A3EGFSV$,4703,,,C:\Windows\System32\consent.exe
DESKTOP-A3EGFSV$,2026-04-20 18:17:03.114597+00:00,DESKTOP-A3EGFSV$,4703,,,C:\Windows\System32\consent.exe
DESKTOP-A3EGFSV$,2026-04-20 18:17:03.115238+00:00,DESKTOP-A3EGFSV$,4703,,,C:\Windows\System32\consent.exe
DESKTOP-A3EGFSV$,2026-04-20 18:17:03.115240+00:00,DESKTOP-A3EGFSV$,4703,,,C:\Windows\System32\consent.exe
DESKTOP-A3EGFSV$,2026-04-20 18:17:03.120726+00:00,DESKTOP-A3EGFSV$,4703,,,C:\Windows\System32\consent.exe
DESKTOP-A3EGFSV$,2026-04-20 18:17:03.120729+00:00,DESKTOP-A3EGFSV$,4703,,,C:\Windows\System32\consent.exe
DESKTOP-A3EGFSV$,2026-04-20 18:17:03.120731+00:00,DESKTOP-A3EGFSV$,4703,,,C:\Windows\System32\consent.exe
DESKTOP-A3EGFSV$,2026-04-20 18:17:03.120731+00:00,DESKTOP-A3EGFSV$,4703,,,C:\Windows\System32\consent.exe
,2026-04-20 18:17:03.136251+00:00,DESKTOP-A3EGFSV$,4689,,,C:\Windows\System32\consent.exe
DESKTOP-A3EGFSV$,2026-04-20 18:17:03.141613+00:00,DESKTOP-A3EGFSV$,4703,,,C:\Windows\System32\svchost.exe
DESKTOP-A3EGFSV$,2026-04-20 18:17:03.141624+00:00,DESKTOP-A3EGFSV$,4703,,,C:\Windows\System32\svchost.exe
DESKTOP-A3EGFSV$,2026-04-20 18:17:03.141891+00:00,DESKTOP-A3EGFSV$,4703,,,C:\Windows\System32\svchost.exe
DESKTOP-A3EGFSV$,2026-04-20 18:17:03.141901+00:00,DESKTOP-A3EGFSV$,4703,,,C:\Windows\System32\svchost.exe
pizza,2026-04-20 18:17:03.146364+00:00,DESKTOP-A3EGFSV$,4688,C:\Windows\explorer.exe,"""C:\Windows\System32\WindowsPowerShell\v1.0\powershell.exe"" ",
-,2026-04-20 18:17:03.466879+00:00,pizza,4688,C:\Windows\System32\WindowsPowerShell\v1.0\powershell.exe,\??\C:\WINDOWS\system32\conhost.exe 0xffffffff -ForceV1,
pizza,2026-04-20 18:17:03.958031+00:00,pizza,4703,,,C:\Windows\System32\WindowsPowerShell\v1.0\powershell.exe
,2026-04-20 18:17:06.124140+00:00,DESKTOP-A3EGFSV$,4689,,,C:\Windows\System32\ctfmon.exe
-,2026-04-20 18:17:06.436438+00:00,pizza,4688,C:\Windows\System32\WindowsPowerShell\v1.0\powershell.exe,"""C:\WINDOWS\system32\whoami.exe""",
,2026-04-20 18:17:06.452602+00:00,pizza,4689,,,C:\Windows\System32\whoami.exe
-,2026-04-20 18:17:06.493771+00:00,pizza,4688,C:\Windows\System32\WindowsPowerShell\v1.0\powershell.exe,"""C:\WINDOWS\system32\whoami.exe"" /priv",
,2026-04-20 18:17:06.531565+00:00,pizza,4689,,,C:\Windows\System32\whoami.exe
-,2026-04-20 18:17:06.559612+00:00,pizza,4688,C:\Windows\System32\WindowsPowerShell\v1.0\powershell.exe,"""C:\WINDOWS\system32\net.exe"" user",
-,2026-04-20 18:17:06.575510+00:00,pizza,4688,C:\Windows\System32\net.exe,C:\WINDOWS\system32\net1 user,
,2026-04-20 18:17:06.595894+00:00,pizza,4689,,,C:\Windows\System32\net1.exe
,2026-04-20 18:17:06.597080+00:00,pizza,4689,,,C:\Windows\System32\net.exe
-,2026-04-20 18:17:06.615673+00:00,pizza,4688,C:\Windows\System32\WindowsPowerShell\v1.0\powershell.exe,"""C:\WINDOWS\system32\net.exe"" localgroup administrators",
-,2026-04-20 18:17:06.627165+00:00,pizza,4688,C:\Windows\System32\net.exe,C:\WINDOWS\system32\net1 localgroup administrators,
Administrators,2026-04-20 18:17:06.640194+00:00,pizza,4799,,,
,2026-04-20 18:17:06.642628+00:00,pizza,4689,,,C:\Windows\System32\net1.exe
,2026-04-20 18:17:06.643936+00:00,pizza,4689,,,C:\Windows\System32\net.exe
-,2026-04-20 18:17:06.672651+00:00,pizza,4688,C:\Windows\System32\WindowsPowerShell\v1.0\powershell.exe,"""C:\WINDOWS\system32\tasklist.exe""",
DESKTOP-A3EGFSV$,2026-04-20 18:17:06.704178+00:00,DESKTOP-A3EGFSV$,4703,,,C:\Windows\System32\svchost.exe
DESKTOP-A3EGFSV$,2026-04-20 18:17:06.704874+00:00,DESKTOP-A3EGFSV$,4703,,,C:\Windows\System32\svchost.exe
DESKTOP-A3EGFSV$,2026-04-20 18:17:06.705706+00:00,DESKTOP-A3EGFSV$,4703,,,C:\Windows\System32\svchost.exe
DESKTOP-A3EGFSV$,2026-04-20 18:17:06.708000+00:00,DESKTOP-A3EGFSV$,4703,,,C:\Windows\System32\svchost.exe
DESKTOP-A3EGFSV$,2026-04-20 18:17:06.708349+00:00,DESKTOP-A3EGFSV$,4703,,,C:\Windows\System32\svchost.exe
DESKTOP-A3EGFSV$,2026-04-20 18:17:06.711151+00:00,DESKTOP-A3EGFSV$,4703,,,C:\Windows\System32\svchost.exe
DESKTOP-A3EGFSV$,2026-04-20 18:17:06.718225+00:00,DESKTOP-A3EGFSV$,4703,,,C:\Windows\System32\svchost.exe
DESKTOP-A3EGFSV$,2026-04-20 18:17:06.719154+00:00,DESKTOP-A3EGFSV$,4703,,,C:\Windows\System32\svchost.exe
,2026-04-20 18:17:06.904860+00:00,pizza,4689,,,C:\Windows\System32\tasklist.exe
-,2026-04-20 18:17:06.948965+00:00,pizza,4688,C:\Windows\System32\WindowsPowerShell\v1.0\powershell.exe,"""C:\WINDOWS\system32\NETSTAT.EXE"" -an",
,2026-04-20 18:17:07.255989+00:00,pizza,4689,,,C:\Windows\System32\dllhost.exe
,2026-04-20 18:17:07.542336+00:00,pizza,4689,,,C:\Windows\System32\NETSTAT.EXE
pizza,2026-04-20 18:17:07.783215+00:00,DESKTOP-A3EGFSV$,4688,C:\Windows\System32\svchost.exe,taskhostw.exe $(Arg0),
-,2026-04-20 18:17:12.984407+00:00,pizza,4688,C:\Windows\System32\WindowsPowerShell\v1.0\powershell.exe,"""C:\WINDOWS\system32\whoami.exe""",
,2026-04-20 18:17:13.000269+00:00,pizza,4689,,,C:\Windows\System32\whoami.exe
-,2026-04-20 18:17:13.008770+00:00,pizza,4688,C:\Windows\System32\WindowsPowerShell\v1.0\powershell.exe,"""C:\WINDOWS\system32\whoami.exe"" /priv",
,2026-04-20 18:17:13.048979+00:00,pizza,4689,,,C:\Windows\System32\whoami.exe
-,2026-04-20 18:17:13.059444+00:00,pizza,4688,C:\Windows\System32\WindowsPowerShell\v1.0\powershell.exe,"""C:\WINDOWS\system32\net.exe"" user",
-,2026-04-20 18:17:13.070034+00:00,pizza,4688,C:\Windows\System32\net.exe,C:\WINDOWS\system32\net1 user,
,2026-04-20 18:17:13.087046+00:00,pizza,4689,,,C:\Windows\System32\net1.exe
,2026-04-20 18:17:13.088430+00:00,pizza,4689,,,C:\Windows\System32\net.exe
-,2026-04-20 18:17:13.096157+00:00,pizza,4688,C:\Windows\System32\WindowsPowerShell\v1.0\powershell.exe,"""C:\WINDOWS\system32\net.exe"" localgroup administrators",
-,2026-04-20 18:17:13.107103+00:00,pizza,4688,C:\Windows\System32\net.exe,C:\WINDOWS\system32\net1 localgroup administrators,
Administrators,2026-04-20 18:17:13.125429+00:00,pizza,4799,,,
,2026-04-20 18:17:13.129704+00:00,pizza,4689,,,C:\Windows\System32\net1.exe
,2026-04-20 18:17:13.131065+00:00,pizza,4689,,,C:\Windows\System32\net.exe
-,2026-04-20 18:17:13.142891+00:00,pizza,4688,C:\Windows\System32\WindowsPowerShell\v1.0\powershell.exe,"""C:\WINDOWS\system32\tasklist.exe""",
DESKTOP-A3EGFSV$,2026-04-20 18:17:13.172503+00:00,DESKTOP-A3EGFSV$,4703,,,C:\Windows\System32\svchost.exe
,2026-04-20 18:17:13.390635+00:00,pizza,4689,,,C:\Windows\System32\tasklist.exe
-,2026-04-20 18:17:13.412878+00:00,pizza,4688,C:\Windows\System32\WindowsPowerShell\v1.0\powershell.exe,"""C:\WINDOWS\system32\NETSTAT.EXE"" -an",
,2026-04-20 18:17:13.957775+00:00,pizza,4689,,,C:\Windows\System32\NETSTAT.EXE
-,2026-04-20 18:17:17.102150+00:00,pizza,4688,C:\Windows\System32\WindowsPowerShell\v1.0\powershell.exe,"""C:\WINDOWS\system32\whoami.exe""",
,2026-04-20 18:17:17.112173+00:00,pizza,4689,,,C:\Windows\System32\whoami.exe
-,2026-04-20 18:17:17.137058+00:00,pizza,4688,C:\Windows\System32\WindowsPowerShell\v1.0\powershell.exe,"""C:\WINDOWS\system32\whoami.exe"" /priv",
,2026-04-20 18:17:17.174511+00:00,pizza,4689,,,C:\Windows\System32\whoami.exe
-,2026-04-20 18:17:17.184637+00:00,pizza,4688,C:\Windows\System32\WindowsPowerShell\v1.0\powershell.exe,"""C:\WINDOWS\system32\net.exe"" user",
-,2026-04-20 18:17:17.194675+00:00,pizza,4688,C:\Windows\System32\net.exe,C:\WINDOWS\system32\net1 user,
,2026-04-20 18:17:17.211683+00:00,pizza,4689,,,C:\Windows\System32\net1.exe
,2026-04-20 18:17:17.212864+00:00,pizza,4689,,,C:\Windows\System32\net.exe
-,2026-04-20 18:17:17.222355+00:00,pizza,4688,C:\Windows\System32\WindowsPowerShell\v1.0\powershell.exe,"""C:\WINDOWS\system32\net.exe"" localgroup administrators",
-,2026-04-20 18:17:17.229897+00:00,pizza,4688,C:\Windows\System32\net.exe,C:\WINDOWS\system32\net1 localgroup administrators,
,2026-04-20 18:17:17.245285+00:00,pizza,4689,,,C:\Program Files (x86)\Microsoft\Edge\Application\msedge.exe
Administrators,2026-04-20 18:17:17.246038+00:00,pizza,4799,,,
,2026-04-20 18:17:17.253408+00:00,pizza,4689,,,C:\Windows\System32\net1.exe
,2026-04-20 18:17:17.255091+00:00,pizza,4689,,,C:\Windows\System32\net.exe
-,2026-04-20 18:17:17.264074+00:00,pizza,4688,C:\Windows\System32\WindowsPowerShell\v1.0\powershell.exe,"""C:\WINDOWS\system32\tasklist.exe""",
DESKTOP-A3EGFSV$,2026-04-20 18:17:17.289829+00:00,DESKTOP-A3EGFSV$,4703,,,C:\Windows\System32\svchost.exe
,2026-04-20 18:17:17.468290+00:00,pizza,4689,,,C:\Windows\System32\tasklist.exe
-,2026-04-20 18:17:17.479179+00:00,pizza,4688,C:\Windows\System32\WindowsPowerShell\v1.0\powershell.exe,"""C:\WINDOWS\system32\NETSTAT.EXE"" -an",
,2026-04-20 18:17:17.964981+00:00,pizza,4689,,,C:\Windows\System32\NETSTAT.EXE
,2026-04-20 18:17:18.813625+00:00,pizza,4689,,,C:\Windows\System32\backgroundTaskHost.exe
,2026-04-20 18:17:18.814634+00:00,pizza,4689,,,C:\Windows\System32\backgroundTaskHost.exe
-,2026-04-20 18:17:20.418978+00:00,pizza,4688,C:\Program Files (x86)\Microsoft\Edge\Application\msedge.exe,"""C:\Program Files (x86)\Microsoft\Edge\Application\msedge.exe"" --type=utility --utility-sub-type=edge_search_indexer.mojom.SearchIndexerInterfaceBroker --lang=en-US --service-sandbox-type=search_indexer --message-loop-type-ui --ram-no-pressure-read-main-dll --metrics-shmem-handle=8444,i,16591527481097081801,5765953361292899814,524288 --field-trial-handle=2252,i,3616932261551619570,7225375466808652926,262144 --variations-seed-version --pseudonymization-salt-handle=2256,i,1669410902296250306,8362656500808665194,4 --trace-process-track-uuid=3190709008800875870 --mojo-platform-channel-handle=5844 /prefetch:14",
pizza,2026-04-20 18:17:20.473930+00:00,DESKTOP-A3EGFSV$,4688,C:\Windows\System32\svchost.exe,C:\Windows\System32\RuntimeBroker.exe -Embedding,
pizza,2026-04-20 18:17:20.675482+00:00,DESKTOP-A3EGFSV$,4688,C:\Windows\System32\SearchIndexer.exe,"""C:\WINDOWS\System32\SearchProtocolHost.exe"" Global\UsGthrFltPipeMssGthrPipe_S-1-5-21-659606535-1042573559-2797446579-10014_ Global\UsGthrCtrlFltPipeMssGthrPipe_S-1-5-21-659606535-1042573559-2797446579-10014 1 -2147483646 ""Software\Microsoft\Windows Search"" ""Mozilla/4.0 (compatible; MSIE 6.0; Windows NT; MS Search 4.0 Robot)"" ""C:\ProgramData\Microsoft\Search\Data\Temp\usgthrsvc"" ""DownLevelDaemon""  ""1""",
-,2026-04-20 18:17:26.985046+00:00,pizza,4688,C:\Windows\System32\WindowsPowerShell\v1.0\powershell.exe,"""C:\WINDOWS\system32\net.exe"" user system a /add",
-,2026-04-20 18:17:26.994551+00:00,pizza,4688,C:\Windows\System32\net.exe,C:\WINDOWS\system32\net1 user system a /add,
,2026-04-20 18:17:27.008036+00:00,pizza,4689,,,C:\Windows\System32\net1.exe
,2026-04-20 18:17:27.009851+00:00,pizza,4689,,,C:\Windows\System32\net.exe
-,2026-04-20 18:17:36.554178+00:00,pizza,4688,C:\Windows\System32\WindowsPowerShell\v1.0\powershell.exe,"""C:\WINDOWS\system32\net.exe"" user system44 a /add",
-,2026-04-20 18:17:36.562893+00:00,pizza,4688,C:\Windows\System32\net.exe,C:\WINDOWS\system32\net1 user system44 a /add,
,2026-04-20 18:17:36.573536+00:00,pizza,4728,,,
system44,2026-04-20 18:17:36.573948+00:00,pizza,4720,,,
system44,2026-04-20 18:17:36.596107+00:00,pizza,4722,,,
system44,2026-04-20 18:17:36.596176+00:00,pizza,4738,,,
system44,2026-04-20 18:17:36.596188+00:00,pizza,4724,,,
Users,2026-04-20 18:17:36.601208+00:00,pizza,4732,,,
,2026-04-20 18:17:36.606367+00:00,pizza,4689,,,C:\Windows\System32\net1.exe
,2026-04-20 18:17:36.607645+00:00,pizza,4689,,,C:\Windows\System32\net.exe
-,2026-04-20 18:17:42.778080+00:00,DESKTOP-A3EGFSV$,4688,C:\Windows\System32\svchost.exe,"""C:\WINDOWS\system32\usoclient.exe"" StartWork",
-,2026-04-20 18:17:42.815117+00:00,DESKTOP-A3EGFSV$,4688,C:\Windows\System32\svchost.exe,"""C:\WINDOWS\uus\packages\preview\AMD64\MoUsoCoreWorker.exe"" useprivatenamespaces",
SYSTEM,2026-04-20 18:17:42.908543+00:00,DESKTOP-A3EGFSV$,4624,,,C:\Windows\System32\services.exe
,2026-04-20 18:17:42.908548+00:00,SYSTEM,4672,,,
-,2026-04-20 18:17:42.910275+00:00,DESKTOP-A3EGFSV$,4688,C:\Windows\System32\services.exe,C:\WINDOWS\system32\svchost.exe -k wusvcs -p -s WaaSMedicSvc,
,2026-04-20 18:17:43.035944+00:00,DESKTOP-A3EGFSV$,4689,,,C:\Windows\System32\UsoClient.exe
pizza,2026-04-20 18:17:43.109514+00:00,DESKTOP-A3EGFSV$,4688,C:\Windows\System32\svchost.exe,"""C:\WINDOWS\system32\BackgroundTaskHost.exe"" -ServerName:BackgroundTaskHost.WebAccountProvider",
pizza,2026-04-20 18:17:43.187904+00:00,DESKTOP-A3EGFSV$,4688,C:\Windows\System32\svchost.exe,C:\Windows\System32\RuntimeBroker.exe -Embedding,
,2026-04-20 18:17:43.263399+00:00,pizza,4689,,,C:\Windows\System32\backgroundTaskHost.exe
,2026-04-20 18:17:48.836346+00:00,pizza,4689,,,C:\Windows\System32\RuntimeBroker.exe
,2026-04-20 18:17:48.837250+00:00,pizza,4689,,,C:\Windows\System32\RuntimeBroker.exe
-,2026-04-20 18:17:50.297600+00:00,pizza,4688,C:\Windows\System32\WindowsPowerShell\v1.0\powershell.exe,"""C:\WINDOWS\system32\net.exe"" localgroup administrators system44 /add",
-,2026-04-20 18:17:50.308010+00:00,pizza,4688,C:\Windows\System32\net.exe,C:\WINDOWS\system32\net1 localgroup administrators system44 /add,
Administrators,2026-04-20 18:17:50.318979+00:00,pizza,4732,,,
,2026-04-20 18:17:50.324362+00:00,pizza,4689,,,C:\Windows\System32\net1.exe
,2026-04-20 18:17:50.325777+00:00,pizza,4689,,,C:\Windows\System32\net.exe
pizza,2026-04-20 18:17:51.465363+00:00,DESKTOP-A3EGFSV$,4688,C:\Windows\System32\svchost.exe,"""C:\WINDOWS\system32\backgroundTaskHost.exe"" -ServerName:App.AppXmtcan0h2tfbfy7k9kn8hbxb6dmzz1zh0.mca",
,2026-04-20 18:17:51.738279+00:00,pizza,4689,,,C:\Windows\System32\backgroundTaskHost.exe
,2026-04-20 18:18:00.996099+00:00,DESKTOP-A3EGFSV$,4689,,,C:\Windows\System32\svchost.exe
-,2026-04-20 18:18:01.350756+00:00,pizza,4688,C:\Windows\System32\WindowsPowerShell\v1.0\powershell.exe,"""C:\WINDOWS\system32\runas.exe"" /user:system cm",
,2026-04-20 18:18:01.421022+00:00,pizza,5379,,,
pizza,2026-04-20 18:18:05.907516+00:00,DESKTOP-A3EGFSV$,4688,C:\Windows\System32\services.exe,C:\WINDOWS\system32\svchost.exe -k UnistackSvcGroup,
-,2026-04-20 18:18:10.243958+00:00,DESKTOP-A3EGFSV$,4688,C:\Program Files\Windows Defender\MsMpEng.exe,"""C:\Program Files\Windows Defender\MpCmdRun.exe"" SignatureUpdate -ScheduleJob -RestrictPrivileges",
-,2026-04-20 18:18:10.259533+00:00,DESKTOP-A3EGFSV$,4688,C:\Program Files\Windows Defender\MpCmdRun.exe,\??\C:\WINDOWS\system32\conhost.exe 0xffffffff -ForceV1,
-,2026-04-20 18:18:10.348455+00:00,DESKTOP-A3EGFSV$,4688,C:\Program Files\Windows Defender\MsMpEng.exe,"""C:\Program Files\Windows Defender\MpCmdRun.exe"" SignaturesUpdateService -ScheduleJob -UnmanagedUpdate",
-,2026-04-20 18:18:10.353157+00:00,DESKTOP-A3EGFSV$,4688,C:\Program Files\Windows Defender\MpCmdRun.exe,\??\C:\WINDOWS\system32\conhost.exe 0xffffffff -ForceV1,
DESKTOP-A3EGFSV$,2026-04-20 18:18:10.475500+00:00,DESKTOP-A3EGFSV$,4703,,,C:\Windows\System32\svchost.exe
DESKTOP-A3EGFSV$,2026-04-20 18:18:10.475878+00:00,DESKTOP-A3EGFSV$,4703,,,C:\Windows\System32\svchost.exe
DESKTOP-A3EGFSV$,2026-04-20 18:18:10.476526+00:00,DESKTOP-A3EGFSV$,4703,,,C:\Windows\System32\svchost.exe
DESKTOP-A3EGFSV$,2026-04-20 18:18:10.477039+00:00,DESKTOP-A3EGFSV$,4703,,,C:\Windows\System32\svchost.exe
DESKTOP-A3EGFSV$,2026-04-20 18:18:10.478464+00:00,DESKTOP-A3EGFSV$,4703,,,C:\Windows\System32\svchost.exe
DESKTOP-A3EGFSV$,2026-04-20 18:18:10.478966+00:00,DESKTOP-A3EGFSV$,4703,,,C:\Windows\System32\svchost.exe
DESKTOP-A3EGFSV$,2026-04-20 18:18:10.481573+00:00,DESKTOP-A3EGFSV$,4703,,,C:\Windows\System32\svchost.exe
DESKTOP-A3EGFSV$,2026-04-20 18:18:10.483362+00:00,DESKTOP-A3EGFSV$,4703,,,C:\Windows\System32\svchost.exe
DESKTOP-A3EGFSV$,2026-04-20 18:18:10.484640+00:00,DESKTOP-A3EGFSV$,4703,,,C:\Windows\System32\svchost.exe
DESKTOP-A3EGFSV$,2026-04-20 18:18:10.501213+00:00,DESKTOP-A3EGFSV$,4703,,,C:\Windows\System32\svchost.exe
DESKTOP-A3EGFSV$,2026-04-20 18:18:10.502897+00:00,DESKTOP-A3EGFSV$,4703,,,C:\Windows\System32\svchost.exe
DESKTOP-A3EGFSV$,2026-04-20 18:18:10.503378+00:00,DESKTOP-A3EGFSV$,4703,,,C:\Windows\System32\svchost.exe
DESKTOP-A3EGFSV$,2026-04-20 18:18:10.505281+00:00,DESKTOP-A3EGFSV$,4703,,,C:\Windows\System32\svchost.exe
DESKTOP-A3EGFSV$,2026-04-20 18:18:10.515200+00:00,DESKTOP-A3EGFSV$,4703,,,C:\Windows\System32\svchost.exe
DESKTOP-A3EGFSV$,2026-04-20 18:18:10.515686+00:00,DESKTOP-A3EGFSV$,4703,,,C:\Windows\System32\svchost.exe
DESKTOP-A3EGFSV$,2026-04-20 18:18:10.519180+00:00,DESKTOP-A3EGFSV$,4703,,,C:\Windows\System32\svchost.exe
DESKTOP-A3EGFSV$,2026-04-20 18:18:10.519938+00:00,DESKTOP-A3EGFSV$,4703,,,C:\Windows\System32\svchost.exe
DESKTOP-A3EGFSV$,2026-04-20 18:18:10.520187+00:00,DESKTOP-A3EGFSV$,4703,,,C:\Windows\System32\svchost.exe
DESKTOP-A3EGFSV$,2026-04-20 18:18:10.521420+00:00,DESKTOP-A3EGFSV$,4703,,,C:\Windows\System32\svchost.exe
DESKTOP-A3EGFSV$,2026-04-20 18:18:10.538118+00:00,DESKTOP-A3EGFSV$,4703,,,C:\Windows\System32\svchost.exe
DESKTOP-A3EGFSV$,2026-04-20 18:18:10.538515+00:00,DESKTOP-A3EGFSV$,4703,,,C:\Windows\System32\svchost.exe
DESKTOP-A3EGFSV$,2026-04-20 18:18:10.541763+00:00,DESKTOP-A3EGFSV$,4703,,,C:\Windows\System32\svchost.exe
DESKTOP-A3EGFSV$,2026-04-20 18:18:10.542686+00:00,DESKTOP-A3EGFSV$,4703,,,C:\Windows\System32\svchost.exe
DESKTOP-A3EGFSV$,2026-04-20 18:18:10.542994+00:00,DESKTOP-A3EGFSV$,4703,,,C:\Windows\System32\svchost.exe
DESKTOP-A3EGFSV$,2026-04-20 18:18:10.544369+00:00,DESKTOP-A3EGFSV$,4703,,,C:\Windows\System32\svchost.exe
DESKTOP-A3EGFSV$,2026-04-20 18:18:10.582314+00:00,DESKTOP-A3EGFSV$,4703,,,C:\Windows\System32\svchost.exe
DESKTOP-A3EGFSV$,2026-04-20 18:18:10.582733+00:00,DESKTOP-A3EGFSV$,4703,,,C:\Windows\System32\svchost.exe
DESKTOP-A3EGFSV$,2026-04-20 18:18:10.586349+00:00,DESKTOP-A3EGFSV$,4703,,,C:\Windows\System32\svchost.exe
DESKTOP-A3EGFSV$,2026-04-20 18:18:10.587984+00:00,DESKTOP-A3EGFSV$,4703,,,C:\Windows\System32\svchost.exe
DESKTOP-A3EGFSV$,2026-04-20 18:18:10.588261+00:00,DESKTOP-A3EGFSV$,4703,,,C:\Windows\System32\svchost.exe
DESKTOP-A3EGFSV$,2026-04-20 18:18:10.589598+00:00,DESKTOP-A3EGFSV$,4703,,,C:\Windows\System32\svchost.exe
DESKTOP-A3EGFSV$,2026-04-20 18:18:10.700012+00:00,DESKTOP-A3EGFSV$,4703,,,C:\Windows\System32\svchost.exe
DESKTOP-A3EGFSV$,2026-04-20 18:18:10.700344+00:00,DESKTOP-A3EGFSV$,4703,,,C:\Windows\System32\svchost.exe
DESKTOP-A3EGFSV$,2026-04-20 18:18:10.703959+00:00,DESKTOP-A3EGFSV$,4703,,,C:\Windows\System32\svchost.exe
DESKTOP-A3EGFSV$,2026-04-20 18:18:10.704662+00:00,DESKTOP-A3EGFSV$,4703,,,C:\Windows\System32\svchost.exe
DESKTOP-A3EGFSV$,2026-04-20 18:18:10.704906+00:00,DESKTOP-A3EGFSV$,4703,,,C:\Windows\System32\svchost.exe
DESKTOP-A3EGFSV$,2026-04-20 18:18:10.706091+00:00,DESKTOP-A3EGFSV$,4703,,,C:\Windows\System32\svchost.exe
DESKTOP-A3EGFSV$,2026-04-20 18:18:10.716265+00:00,DESKTOP-A3EGFSV$,4703,,,C:\Windows\System32\svchost.exe
DESKTOP-A3EGFSV$,2026-04-20 18:18:10.716543+00:00,DESKTOP-A3EGFSV$,4703,,,C:\Windows\System32\svchost.exe
DESKTOP-A3EGFSV$,2026-04-20 18:18:10.720402+00:00,DESKTOP-A3EGFSV$,4703,,,C:\Windows\System32\svchost.exe
DESKTOP-A3EGFSV$,2026-04-20 18:18:10.721296+00:00,DESKTOP-A3EGFSV$,4703,,,C:\Windows\System32\svchost.exe
DESKTOP-A3EGFSV$,2026-04-20 18:18:10.721653+00:00,DESKTOP-A3EGFSV$,4703,,,C:\Windows\System32\svchost.exe
DESKTOP-A3EGFSV$,2026-04-20 18:18:10.723021+00:00,DESKTOP-A3EGFSV$,4703,,,C:\Windows\System32\svchost.exe
DESKTOP-A3EGFSV$,2026-04-20 18:18:10.727278+00:00,DESKTOP-A3EGFSV$,4703,,,C:\Windows\System32\svchost.exe
DESKTOP-A3EGFSV$,2026-04-20 18:18:10.727608+00:00,DESKTOP-A3EGFSV$,4703,,,C:\Windows\System32\svchost.exe
DESKTOP-A3EGFSV$,2026-04-20 18:18:10.731474+00:00,DESKTOP-A3EGFSV$,4703,,,C:\Windows\System32\svchost.exe
DESKTOP-A3EGFSV$,2026-04-20 18:18:10.732294+00:00,DESKTOP-A3EGFSV$,4703,,,C:\Windows\System32\svchost.exe
DESKTOP-A3EGFSV$,2026-04-20 18:18:10.732557+00:00,DESKTOP-A3EGFSV$,4703,,,C:\Windows\System32\svchost.exe
DESKTOP-A3EGFSV$,2026-04-20 18:18:10.734226+00:00,DESKTOP-A3EGFSV$,4703,,,C:\Windows\System32\svchost.exe
DESKTOP-A3EGFSV$,2026-04-20 18:18:12.657450+00:00,DESKTOP-A3EGFSV$,4703,,,C:\Windows\System32\svchost.exe
DESKTOP-A3EGFSV$,2026-04-20 18:18:12.658567+00:00,DESKTOP-A3EGFSV$,4703,,,C:\Windows\System32\svchost.exe
-,2026-04-20 18:18:12.726048+00:00,pizza,4688,C:\Program Files (x86)\Microsoft\EdgeWebView\Application\147.0.3912.72\msedgewebview2.exe,"""C:\Program Files (x86)\Microsoft\EdgeWebView\Application\147.0.3912.72\msedgewebview2.exe"" --type=gpu-process --disable-gpu-sandbox --use-gl=disabled --gpu-vendor-id=5140 --gpu-device-id=140 --gpu-sub-system-id=0 --gpu-revision=0 --gpu-driver-version=10.0.26100.8246 --noerrdialogs --user-agent=""Mozilla/5.0 (Windows NT 10.0; Win64; x64; Cortana 1.18.9.23723; 10.0.0.0.26200.8246) AppleWebKit/537.36 (KHTML, like Gecko) Chrome/70.0.3538.102 Safari/537.36 Edge/18.26200 IsWebView2/True (WebView2Version 147.0.3912.72)"" --user-data-dir=""C:\Users\pizza\AppData\Local\Packages\MicrosoftWindows.Client.CBS_cw5n1h2txyewy\LocalState\EBWebView"" --webview-exe-name=SearchHost.exe --webview-exe-version=2126.5604.40.0 --embedded-browser-webview=1 --gpu-preferences=SAAAAAAAAADoAAAEAAAAAAAAAAAAAGAAAQAAAAAAAAAAAAAAAAAAAEIAAAAAAAAAAAAAAAAAAAAQAAAAAAAAABAAAAAAAAAACAAAAAAAAAAIAAAAAAAAAA== --ram-no-pressure-read-main-dll --metrics-shmem-handle=332,i,8765561385685814905,10573165179831114950,262144 --field-trial-handle=1968,i,9790246114753558327,7603887837585167924,262144 --enable-features=msEdgeFluentOverlayScrollbar --disable-features=msSmartScreenProtection --variations-seed-version --pseudonymization-salt-handle=1972,i,8694844730559506556,13159710852364223709,4 --trace-process-track-uuid=3190708991934122588 --mojo-platform-channel-handle=4560 /prefetch:10 /pfhostedapp:71605ac00f46126b891160bd09c966621e306630",
,2026-04-20 18:18:12.829651+00:00,pizza,4689,,,C:\Program Files (x86)\Microsoft\EdgeWebView\Application\147.0.3912.72\msedgewebview2.exe
SYSTEM,2026-04-20 18:18:17.143978+00:00,DESKTOP-A3EGFSV$,4624,,,C:\Windows\System32\services.exe
,2026-04-20 18:18:17.143984+00:00,SYSTEM,4672,,,
-,2026-04-20 18:18:17.145000+00:00,DESKTOP-A3EGFSV$,4688,C:\Windows\System32\services.exe,C:\WINDOWS\system32\svchost.exe -k netsvcs -p -s seclogon,
system,2026-04-20 18:18:17.304523+00:00,,4776,,,
system,2026-04-20 18:18:17.304659+00:00,pizza,4625,,,C:\Windows\System32\svchost.exe
,2026-04-20 18:18:17.307957+00:00,pizza,4689,,,C:\Windows\System32\runas.exe
,2026-04-20 18:18:17.361145+00:00,DESKTOP-A3EGFSV$,4689,,,C:\Windows\System32\SearchProtocolHost.exe
DESKTOP-A3EGFSV$,2026-04-20 18:18:18.115139+00:00,DESKTOP-A3EGFSV$,4703,,,C:\Windows\System32\svchost.exe
DESKTOP-A3EGFSV$,2026-04-20 18:18:18.115557+00:00,DESKTOP-A3EGFSV$,4703,,,C:\Windows\System32\svchost.exe
DESKTOP-A3EGFSV$,2026-04-20 18:18:18.121019+00:00,DESKTOP-A3EGFSV$,4703,,,C:\Windows\System32\svchost.exe
DESKTOP-A3EGFSV$,2026-04-20 18:18:18.307283+00:00,DESKTOP-A3EGFSV$,4703,,,C:\Windows\System32\svchost.exe
DESKTOP-A3EGFSV$,2026-04-20 18:18:18.307554+00:00,DESKTOP-A3EGFSV$,4703,,,C:\Windows\System32\svchost.exe
DESKTOP-A3EGFSV$,2026-04-20 18:18:18.317640+00:00,DESKTOP-A3EGFSV$,4703,,,C:\Windows\System32\svchost.exe
DESKTOP-A3EGFSV$,2026-04-20 18:18:18.321724+00:00,DESKTOP-A3EGFSV$,4703,,,C:\Windows\System32\svchost.exe
DESKTOP-A3EGFSV$,2026-04-20 18:18:18.322098+00:00,DESKTOP-A3EGFSV$,4703,,,C:\Windows\System32\svchost.exe
DESKTOP-A3EGFSV$,2026-04-20 18:18:18.334299+00:00,DESKTOP-A3EGFSV$,4703,,,C:\Windows\System32\svchost.exe
DESKTOP-A3EGFSV$,2026-04-20 18:18:18.335821+00:00,DESKTOP-A3EGFSV$,4703,,,C:\Windows\System32\svchost.exe
DESKTOP-A3EGFSV$,2026-04-20 18:18:18.336031+00:00,DESKTOP-A3EGFSV$,4703,,,C:\Windows\System32\svchost.exe
DESKTOP-A3EGFSV$,2026-04-20 18:18:18.349726+00:00,DESKTOP-A3EGFSV$,4703,,,C:\Windows\System32\svchost.exe
DESKTOP-A3EGFSV$,2026-04-20 18:18:18.351042+00:00,DESKTOP-A3EGFSV$,4703,,,C:\Windows\System32\svchost.exe
DESKTOP-A3EGFSV$,2026-04-20 18:18:18.351339+00:00,DESKTOP-A3EGFSV$,4703,,,C:\Windows\System32\svchost.exe
DESKTOP-A3EGFSV$,2026-04-20 18:18:18.355080+00:00,DESKTOP-A3EGFSV$,4703,,,C:\Windows\System32\svchost.exe
DESKTOP-A3EGFSV$,2026-04-20 18:18:18.356634+00:00,DESKTOP-A3EGFSV$,4703,,,C:\Windows\System32\svchost.exe
DESKTOP-A3EGFSV$,2026-04-20 18:18:18.356892+00:00,DESKTOP-A3EGFSV$,4703,,,C:\Windows\System32\svchost.exe
DESKTOP-A3EGFSV$,2026-04-20 18:18:18.360027+00:00,DESKTOP-A3EGFSV$,4703,,,C:\Windows\System32\svchost.exe
DESKTOP-A3EGFSV$,2026-04-20 18:18:18.541456+00:00,DESKTOP-A3EGFSV$,4703,,,C:\Windows\System32\svchost.exe
DESKTOP-A3EGFSV$,2026-04-20 18:18:18.541786+00:00,DESKTOP-A3EGFSV$,4703,,,C:\Windows\System32\svchost.exe
DESKTOP-A3EGFSV$,2026-04-20 18:18:18.546249+00:00,DESKTOP-A3EGFSV$,4703,,,C:\Windows\System32\svchost.exe
DESKTOP-A3EGFSV$,2026-04-20 18:18:18.548178+00:00,DESKTOP-A3EGFSV$,4703,,,C:\Windows\System32\svchost.exe
DESKTOP-A3EGFSV$,2026-04-20 18:18:18.548416+00:00,DESKTOP-A3EGFSV$,4703,,,C:\Windows\System32\svchost.exe
DESKTOP-A3EGFSV$,2026-04-20 18:18:18.551571+00:00,DESKTOP-A3EGFSV$,4703,,,C:\Windows\System32\svchost.exe
pizza,2026-04-20 18:18:19.861238+00:00,DESKTOP-A3EGFSV$,4688,C:\Windows\System32\svchost.exe,C:\WINDOWS\system32\DllHost.exe /Processid:{338B40F9-9D68-4B53-A793-6B9AA0C5F63B},
-,2026-04-20 18:18:20.356741+00:00,pizza,4688,C:\Program Files (x86)\Microsoft\Edge\Application\msedge.exe,"""C:\Program Files (x86)\Microsoft\Edge\Application\msedge.exe"" --type=gpu-process --disable-gpu-sandbox --use-gl=disabled --gpu-vendor-id=5140 --gpu-device-id=140 --gpu-sub-system-id=0 --gpu-revision=0 --gpu-driver-version=10.0.26100.8246 --gpu-preferences=SAAAAAAAAADoAAAEAAAAAAAAAAAAAGAAAQAAAAAAAAAAAAAAAAAAAEIAAAAAAAAAAAAAAAAAAAAQAAAAAAAAABAAAAAAAAAACAAAAAAAAAAIAAAAAAAAAA== --ram-no-pressure-read-main-dll --metrics-shmem-handle=3920,i,4727317091370951582,8476468401154770887,262144 --field-trial-handle=2252,i,3616932261551619570,7225375466808652926,262144 --variations-seed-version --pseudonymization-salt-handle=2256,i,1669410902296250306,8362656500808665194,4 --trace-process-track-uuid=3190709009737917719 --mojo-platform-channel-handle=5232 /prefetch:10",
,2026-04-20 18:18:20.442928+00:00,pizza,4689,,,C:\Program Files (x86)\Microsoft\Edge\Application\msedge.exe
,2026-04-20 18:18:21.166189+00:00,DESKTOP-A3EGFSV$,4689,,,C:\Windows\System32\svchost.exe
pizza,2026-04-20 18:18:21.485161+00:00,DESKTOP-A3EGFSV$,4688,C:\Windows\System32\svchost.exe,"""C:\WINDOWS\system32\backgroundTaskHost.exe"" -ServerName:Global.Accounts.AppXqe94epy97qwa6w3j6w132e8zvcs117nd.mca",
pizza,2026-04-20 18:18:21.501804+00:00,DESKTOP-A3EGFSV$,4688,C:\Windows\System32\svchost.exe,"""C:\WINDOWS\system32\backgroundTaskHost.exe"" -ServerName:App.AppXpybpk6fj2fe0gb0jan49e6dncngk3pa1.mca",
pizza,2026-04-20 18:18:21.505648+00:00,DESKTOP-A3EGFSV$,4688,C:\Windows\System32\svchost.exe,"""C:\WINDOWS\system32\backgroundTaskHost.exe"" -ServerName:Global.IrisService.AppXwt29n3t7x7q6fgyrrbbqxwzkqjfjaw4y.mca",
DESKTOP-A3EGFSV$,2026-04-20 18:18:21.610640+00:00,DESKTOP-A3EGFSV$,4703,,,C:\Windows\System32\svchost.exe
DESKTOP-A3EGFSV$,2026-04-20 18:18:21.612392+00:00,DESKTOP-A3EGFSV$,4703,,,C:\Windows\System32\svchost.exe
DESKTOP-A3EGFSV$,2026-04-20 18:18:21.613085+00:00,DESKTOP-A3EGFSV$,4703,,,C:\Windows\System32\svchost.exe
LOCAL SERVICE,2026-04-20 18:18:21.616879+00:00,DESKTOP-A3EGFSV$,4688,C:\Windows\System32\svchost.exe,C:\WINDOWS\system32\wbem\wmiprvse.exe -secured -Embedding,
DESKTOP-A3EGFSV$,2026-04-20 18:18:21.649073+00:00,DESKTOP-A3EGFSV$,4703,,,C:\Windows\System32\svchost.exe
DESKTOP-A3EGFSV$,2026-04-20 18:18:21.650719+00:00,DESKTOP-A3EGFSV$,4703,,,C:\Windows\System32\svchost.exe
DESKTOP-A3EGFSV$,2026-04-20 18:18:21.663971+00:00,DESKTOP-A3EGFSV$,4703,,,C:\Windows\System32\svchost.exe
SYSTEM,2026-04-20 18:18:21.717638+00:00,DESKTOP-A3EGFSV$,4624,,,C:\Windows\System32\services.exe
,2026-04-20 18:18:21.717642+00:00,SYSTEM,4672,,,
-,2026-04-20 18:18:21.718719+00:00,DESKTOP-A3EGFSV$,4688,C:\Windows\System32\services.exe,C:\WINDOWS\System32\svchost.exe -k netsvcs -p -s NetSetupSvc,
pizza,2026-04-20 18:18:22.281084+00:00,DESKTOP-A3EGFSV$,4688,C:\Windows\System32\svchost.exe,C:\Windows\System32\RuntimeBroker.exe -Embedding,
pizza,2026-04-20 18:18:22.686214+00:00,DESKTOP-A3EGFSV$,4688,C:\Windows\System32\svchost.exe,"""C:\Program Files\WindowsApps\Microsoft.DesktopAppInstaller_1.26.509.0_x64__8wekyb3d8bbwe\WindowsPackageManagerServer.exe"" -Embedding",
DESKTOP-A3EGFSV$,2026-04-20 18:18:22.692247+00:00,DESKTOP-A3EGFSV$,4703,,,C:\Windows\System32\svchost.exe
DESKTOP-A3EGFSV$,2026-04-20 18:18:22.692251+00:00,DESKTOP-A3EGFSV$,4703,,,C:\Windows\System32\svchost.exe
-,2026-04-20 18:18:22.807953+00:00,pizza,4688,C:\Windows\System32\WindowsPowerShell\v1.0\powershell.exe,"""C:\WINDOWS\system32\runas.exe"" /user:system cmd",
,2026-04-20 18:18:22.842791+00:00,pizza,5379,,,
,2026-04-20 18:18:23.282103+00:00,pizza,4689,,,C:\Windows\System32\RuntimeBroker.exe
,2026-04-20 18:18:23.564730+00:00,pizza,5382,,,
,2026-04-20 18:18:23.566170+00:00,pizza,5382,,,
pizza,2026-04-20 18:18:23.674608+00:00,DESKTOP-A3EGFSV$,4688,C:\Windows\System32\svchost.exe,"""C:\WINDOWS\system32\backgroundTaskHost.exe"" -ServerName:App.AppXmtcan0h2tfbfy7k9kn8hbxb6dmzz1zh0.mca",
pizza,2026-04-20 18:18:23.867054+00:00,DESKTOP-A3EGFSV$,4688,C:\Windows\System32\svchost.exe,C:\Windows\System32\RuntimeBroker.exe -Embedding,
pizza,2026-04-20 18:18:24.595392+00:00,DESKTOP-A3EGFSV$,4688,C:\Windows\System32\svchost.exe,"""C:\WINDOWS\system32\BackgroundTaskHost.exe"" -ServerName:BackgroundTaskHost.WebAccountProvider",
pizza,2026-04-20 18:18:24.652029+00:00,DESKTOP-A3EGFSV$,4688,C:\Windows\System32\svchost.exe,C:\Windows\System32\RuntimeBroker.exe -Embedding,
,2026-04-20 18:18:24.707676+00:00,pizza,4689,,,C:\Windows\System32\backgroundTaskHost.exe
,2026-04-20 18:18:24.915499+00:00,pizza,4689,,,C:\Windows\System32\dllhost.exe
system,2026-04-20 18:18:25.097557+00:00,,4776,,,
system,2026-04-20 18:18:25.097626+00:00,pizza,4625,,,C:\Windows\System32\svchost.exe
,2026-04-20 18:18:25.100187+00:00,pizza,4689,,,C:\Windows\System32\runas.exe
,2026-04-20 18:18:25.986208+00:00,pizza,4689,,,C:\Windows\System32\backgroundTaskHost.exe
-,2026-04-20 18:18:32.427881+00:00,pizza,4688,C:\Windows\System32\WindowsPowerShell\v1.0\powershell.exe,"""C:\WINDOWS\system32\runas.exe"" /user:system44 cmd",
,2026-04-20 18:18:32.454247+00:00,pizza,5379,,,
system44,2026-04-20 18:18:35.654427+00:00,,4776,,,
system44,2026-04-20 18:18:35.655071+00:00,DESKTOP-A3EGFSV$,4798,,,
system44,2026-04-20 18:18:35.657154+00:00,pizza,4648,,,C:\Windows\System32\svchost.exe
system44,2026-04-20 18:18:35.657167+00:00,pizza,4624,,,C:\Windows\System32\svchost.exe
system44,2026-04-20 18:18:35.657175+00:00,pizza,4624,,,C:\Windows\System32\svchost.exe
,2026-04-20 18:18:35.657179+00:00,system44,4672,,,
DESKTOP-A3EGFSV$,2026-04-20 18:18:35.657911+00:00,DESKTOP-A3EGFSV$,4703,,,C:\Windows\System32\svchost.exe
DESKTOP-A3EGFSV$,2026-04-20 18:18:35.657925+00:00,DESKTOP-A3EGFSV$,4703,,,C:\Windows\System32\svchost.exe
DESKTOP-A3EGFSV$,2026-04-20 18:18:35.658546+00:00,DESKTOP-A3EGFSV$,4703,,,C:\Windows\System32\svchost.exe
DESKTOP-A3EGFSV$,2026-04-20 18:18:35.658556+00:00,DESKTOP-A3EGFSV$,4703,,,C:\Windows\System32\svchost.exe
-,2026-04-20 18:18:35.896847+00:00,DESKTOP-A3EGFSV$,4688,C:\Windows\System32\SearchIndexer.exe,"""C:\WINDOWS\System32\SearchProtocolHost.exe"" Global\UsGthrFltPipeMssGthrPipe5_ Global\UsGthrCtrlFltPipeMssGthrPipe5 1 -2147483646 ""Software\Microsoft\Windows Search"" ""Mozilla/4.0 (compatible; MSIE 6.0; Windows NT; MS Search 4.0 Robot)"" ""C:\ProgramData\Microsoft\Search\Data\Temp\usgthrsvc"" ""DownLevelDaemon"" ",
-,2026-04-20 18:18:36.050348+00:00,DESKTOP-A3EGFSV$,4688,C:\Windows\System32\svchost.exe,C:\WINDOWS\system32\DllHost.exe /Processid:{E10F6C3A-F1AE-4ADC-AA9D-2FE65525666E},
Administrators,2026-04-20 18:18:36.114244+00:00,DESKTOP-A3EGFSV$,4799,,,
system44,2026-04-20 18:18:36.124134+00:00,DESKTOP-A3EGFSV$,4688,C:\Windows\System32\runas.exe,cmd,
,2026-04-20 18:18:36.130817+00:00,pizza,4689,,,C:\Windows\System32\runas.exe
-,2026-04-20 18:18:36.145926+00:00,system44,4688,C:\Windows\System32\cmd.exe,\??\C:\WINDOWS\system32\conhost.exe 0xffffffff -ForceV1,
-,2026-04-20 18:18:36.380680+00:00,DESKTOP-A3EGFSV$,4688,C:\Windows\System32\SearchIndexer.exe,"""C:\WINDOWS\System32\SearchFilterHost.exe"" 712 3292 3296 900 {7E9D8D44-6926-426F-AA2B-217A819A5CCE}",
-,2026-04-20 18:18:36.546265+00:00,DESKTOP-A3EGFSV$,4688,C:\Windows\System32\SearchIndexer.exe,"""C:\WINDOWS\System32\SearchFilterHost.exe"" 712 2440 2468 900 {5E941D80-BF96-11CD-B579-08002B30BFEB}",
,2026-04-20 18:18:41.109682+00:00,DESKTOP-A3EGFSV$,4689,,,C:\Windows\System32\dllhost.exe
,2026-04-20 18:18:51.639084+00:00,DESKTOP-A3EGFSV$,4689,,,C:\Windows\System32\wbem\WmiPrvSE.exe
,2026-04-20 18:18:51.735748+00:00,DESKTOP-A3EGFSV$,4689,,,C:\Windows\System32\svchost.exe
-,2026-04-20 18:18:56.294422+00:00,system44,4688,C:\Windows\System32\cmd.exe,net  user global a /add,
-,2026-04-20 18:18:56.306700+00:00,system44,4688,C:\Windows\System32\net.exe,C:\WINDOWS\system32\net1  user global a /add,
,2026-04-20 18:18:56.322962+00:00,system44,4689,,,C:\Windows\System32\net1.exe
,2026-04-20 18:18:56.324442+00:00,system44,4689,,,C:\Windows\System32\net.exe
pizza,2026-04-20 18:18:57.822714+00:00,DESKTOP-A3EGFSV$,4688,C:\Windows\System32\svchost.exe,"""C:\WINDOWS\system32\backgroundTaskHost.exe"" -ServerName:App.AppXmtcan0h2tfbfy7k9kn8hbxb6dmzz1zh0.mca",
,2026-04-20 18:18:59.533325+00:00,pizza,4689,,,C:\Windows\System32\backgroundTaskHost.exe
,2026-04-20 18:19:10.104530+00:00,pizza,4689,,,C:\Windows\System32\RuntimeBroker.exe
-,2026-04-20 18:19:11.290247+00:00,system44,4688,C:\Windows\System32\cmd.exe,net  user globala a /add,
-,2026-04-20 18:19:11.301954+00:00,system44,4688,C:\Windows\System32\net.exe,C:\WINDOWS\system32\net1  user globala a /add,
,2026-04-20 18:19:11.318298+00:00,system44,4689,,,C:\Windows\System32\net1.exe
,2026-04-20 18:19:11.319695+00:00,system44,4689,,,C:\Windows\System32\net.exe
,2026-04-20 18:19:21.633875+00:00,DESKTOP-A3EGFSV$,4689,,,C:\Windows\System32\wbem\WmiPrvSE.exe
,2026-04-20 18:19:22.015888+00:00,pizza,4689,,,C:\Windows\System32\backgroundTaskHost.exe
,2026-04-20 18:19:22.063562+00:00,pizza,4689,,,C:\Windows\System32\backgroundTaskHost.exe
,2026-04-20 18:19:23.594715+00:00,pizza,4689,,,C:\Windows\System32\backgroundTaskHost.exe
,2026-04-20 18:19:23.609287+00:00,pizza,4689,,,C:\Program Files\WindowsApps\Microsoft.DesktopAppInstaller_1.26.509.0_x64__8wekyb3d8bbwe\WindowsPackageManagerServer.exe
DESKTOP-A3EGFSV$,2026-04-20 18:19:23.615358+00:00,DESKTOP-A3EGFSV$,4703,,,C:\Windows\System32\svchost.exe
DESKTOP-A3EGFSV$,2026-04-20 18:19:23.615370+00:00,DESKTOP-A3EGFSV$,4703,,,C:\Windows\System32\svchost.exe
-,2026-04-20 18:19:30.505110+00:00,DESKTOP-A3EGFSV$,4688,C:\Windows\System32\svchost.exe,"""C:\WINDOWS\uus\packages\preview\AMD64\wuaucltcore.exe"" /DeploymentHandlerFullPath \\?\C:\Windows\UUS\Packages\Preview\AMD64\UpdateDeploy.dll /ClassId 6c17ffab-b43c-4a33-a7be-bcc24d5e8e0e /RunHandlerComServer",
-,2026-04-20 18:19:30.794920+00:00,DESKTOP-A3EGFSV$,4688,C:\Windows\UUS\Packages\Preview\amd64\wuaucltcore.exe,"""C:\WINDOWS\SoftwareDistribution\Download\Install\UpdatePlatform.amd64fre.exe"" ",
pizza,2026-04-20 18:19:31.130602+00:00,DESKTOP-A3EGFSV$,4688,C:\Windows\System32\svchost.exe,"""C:\WINDOWS\system32\backgroundTaskHost.exe"" -ServerName:App.AppXmtcan0h2tfbfy7k9kn8hbxb6dmzz1zh0.mca",
,2026-04-20 18:19:31.685501+00:00,pizza,4689,,,C:\Windows\System32\backgroundTaskHost.exe
-,2026-04-20 18:19:33.689844+00:00,DESKTOP-A3EGFSV$,4688,C:\Windows\SoftwareDistribution\Download\Install\UpdatePlatform.amd64fre.exe,C:\WINDOWS\SystemTemp\077AD621-EB68-41C1-A06D-B57D2B5E1088\MpSigStub.exe /stub 1.1.26030.3011 /payload 4.18.26030.3011 /program C:\WINDOWS\SoftwareDistribution\Download\Install\UpdatePlatform.amd64fre.exe,
-,2026-04-20 18:19:34.756090+00:00,DESKTOP-A3EGFSV$,4688,C:\Windows\SystemTemp\077AD621-EB68-41C1-A06D-B57D2B5E1088\MpSigStub.exe,C:\WINDOWS\SystemTemp\077AD621-EB68-41C1-A06D-B57D2B5E1088\MpRecovery.exe,
,2026-04-20 18:19:34.777039+00:00,DESKTOP-A3EGFSV$,4689,,,C:\Windows\SystemTemp\077AD621-EB68-41C1-A06D-B57D2B5E1088\MpRecovery.exe
DESKTOP-A3EGFSV$,2026-04-20 18:19:36.014538+00:00,DESKTOP-A3EGFSV$,4703,,,C:\Windows\System32\services.exe
,2026-04-20 18:19:36.026613+00:00,LOCAL SERVICE,4689,,,C:\Program Files\Windows Defender\NisSrv.exe
DESKTOP-A3EGFSV$,2026-04-20 18:19:36.038198+00:00,DESKTOP-A3EGFSV$,4703,,,C:\Windows\System32\services.exe
DESKTOP-A3EGFSV$,2026-04-20 18:19:37.269751+00:00,DESKTOP-A3EGFSV$,4703,,,C:\Windows\System32\services.exe
DESKTOP-A3EGFSV$,2026-04-20 18:19:37.292439+00:00,DESKTOP-A3EGFSV$,4703,,,C:\Windows\System32\services.exe
DESKTOP-A3EGFSV$,2026-04-20 18:19:37.295345+00:00,DESKTOP-A3EGFSV$,4703,,,C:\Windows\System32\services.exe
DESKTOP-A3EGFSV$,2026-04-20 18:19:37.295486+00:00,DESKTOP-A3EGFSV$,4703,,,C:\Windows\System32\services.exe
-,2026-04-20 18:19:37.301302+00:00,DESKTOP-A3EGFSV$,4688,C:\Program Files\Windows Defender\MsMpEng.exe,"""C:\Program Files\Windows Defender\MpCmdRun.exe"" -RestartService",
-,2026-04-20 18:19:37.310144+00:00,DESKTOP-A3EGFSV$,4688,C:\Program Files\Windows Defender\MpCmdRun.exe,\??\C:\WINDOWS\system32\conhost.exe 0xffffffff -ForceV1,
DESKTOP-A3EGFSV$,2026-04-20 18:19:37.709570+00:00,DESKTOP-A3EGFSV$,4703,,,C:\Windows\System32\services.exe
,2026-04-20 18:19:37.717373+00:00,DESKTOP-A3EGFSV$,4689,,,C:\Program Files\Windows Defender\MsMpEng.exe
DESKTOP-A3EGFSV$,2026-04-20 18:19:37.731335+00:00,DESKTOP-A3EGFSV$,4703,,,C:\Windows\System32\services.exe
SYSTEM,2026-04-20 18:19:37.773203+00:00,DESKTOP-A3EGFSV$,4624,,,C:\Windows\System32\services.exe
,2026-04-20 18:19:37.773209+00:00,SYSTEM,4672,,,
-,2026-04-20 18:19:37.775114+00:00,DESKTOP-A3EGFSV$,4688,C:\Windows\System32\services.exe,"""C:\Program Files\Windows Defender\MsMpEng.exe""",
DESKTOP-A3EGFSV$,2026-04-20 18:19:37.887362+00:00,DESKTOP-A3EGFSV$,4703,,,C:\Program Files\Windows Defender\MsMpEng.exe
-,2026-04-20 18:19:39.067682+00:00,DESKTOP-A3EGFSV$,4688,C:\Program Files\Windows Defender\MsMpEng.exe,"C:\WINDOWS\system32\wevtutil.exe uninstall-manifest ""C:\ProgramData\Microsoft\Windows Defender\Platform\4.18.26030.3011-0\Microsoft-Antimalware-AMFilter.man""",
-,2026-04-20 18:19:39.077023+00:00,DESKTOP-A3EGFSV$,4688,C:\Windows\System32\wevtutil.exe,\??\C:\WINDOWS\system32\conhost.exe 0xffffffff -ForceV1,
DESKTOP-A3EGFSV$,2026-04-20 18:19:39.209030+00:00,DESKTOP-A3EGFSV$,4703,,,C:\Windows\System32\wevtutil.exe
DESKTOP-A3EGFSV$,2026-04-20 18:19:39.209034+00:00,DESKTOP-A3EGFSV$,4703,,,C:\Windows\System32\wevtutil.exe
,2026-04-20 18:19:39.209719+00:00,DESKTOP-A3EGFSV$,4689,,,C:\Windows\System32\wevtutil.exe
,2026-04-20 18:19:39.211321+00:00,DESKTOP-A3EGFSV$,4689,,,C:\Windows\System32\conhost.exe
-,2026-04-20 18:19:39.211393+00:00,DESKTOP-A3EGFSV$,4688,C:\Program Files\Windows Defender\MsMpEng.exe,"C:\WINDOWS\system32\wevtutil.exe install-manifest ""C:\ProgramData\Microsoft\Windows Defender\Platform\4.18.26030.3011-0\Microsoft-Antimalware-AMFilter.man"" ""/resourceFilePath:C:\ProgramData\Microsoft\Windows Defender\Platform\4.18.26030.3011-0\Drivers\WdFilter.sys"" ""/messageFilePath:C:\ProgramData\Microsoft\Windows Defender\Platform\4.18.26030.3011-0\Drivers\WdFilter.sys"" ""/parameterFilePath:C:\ProgramData\Microsoft\Windows Defender\Platform\4.18.26030.3011-0\Drivers\WdFilter.sys""",
-,2026-04-20 18:19:39.214533+00:00,DESKTOP-A3EGFSV$,4688,C:\Windows\System32\wevtutil.exe,\??\C:\WINDOWS\system32\conhost.exe 0xffffffff -ForceV1,
DESKTOP-A3EGFSV$,2026-04-20 18:19:39.285498+00:00,DESKTOP-A3EGFSV$,4703,,,C:\Windows\System32\wevtutil.exe
DESKTOP-A3EGFSV$,2026-04-20 18:19:39.285503+00:00,DESKTOP-A3EGFSV$,4703,,,C:\Windows\System32\wevtutil.exe
,2026-04-20 18:19:39.286434+00:00,DESKTOP-A3EGFSV$,4689,,,C:\Windows\System32\wevtutil.exe
,2026-04-20 18:19:39.288240+00:00,DESKTOP-A3EGFSV$,4689,,,C:\Windows\System32\conhost.exe
-,2026-04-20 18:19:39.290144+00:00,DESKTOP-A3EGFSV$,4688,C:\Program Files\Windows Defender\MsMpEng.exe,"C:\WINDOWS\system32\wevtutil.exe uninstall-manifest ""C:\ProgramData\Microsoft\Windows Defender\Platform\4.18.26030.3011-0\Microsoft-Windows-Windows Defender.man""",
-,2026-04-20 18:19:39.293064+00:00,DESKTOP-A3EGFSV$,4688,C:\Windows\System32\wevtutil.exe,\??\C:\WINDOWS\system32\conhost.exe 0xffffffff -ForceV1,
DESKTOP-A3EGFSV$,2026-04-20 18:19:39.418976+00:00,DESKTOP-A3EGFSV$,4703,,,C:\Windows\System32\wevtutil.exe
DESKTOP-A3EGFSV$,2026-04-20 18:19:39.418983+00:00,DESKTOP-A3EGFSV$,4703,,,C:\Windows\System32\wevtutil.exe
,2026-04-20 18:19:39.419844+00:00,DESKTOP-A3EGFSV$,4689,,,C:\Windows\System32\wevtutil.exe
-,2026-04-20 18:19:39.422266+00:00,DESKTOP-A3EGFSV$,4688,C:\Program Files\Windows Defender\MsMpEng.exe,"C:\WINDOWS\system32\wevtutil.exe install-manifest ""C:\ProgramData\Microsoft\Windows Defender\Platform\4.18.26030.3011-0\Microsoft-Windows-Windows Defender.man"" ""/resourceFilePath:C:\ProgramData\Microsoft\Windows Defender\Platform\4.18.26030.3011-0\MpEvMsg.dll"" ""/messageFilePath:C:\ProgramData\Microsoft\Windows Defender\Platform\4.18.26030.3011-0\MpEvMsg.dll"" ""/parameterFilePath:C:\ProgramData\Microsoft\Windows Defender\Platform\4.18.26030.3011-0\MpEvMsg.dll""",
,2026-04-20 18:19:39.422333+00:00,DESKTOP-A3EGFSV$,4689,,,C:\Windows\System32\conhost.exe
-,2026-04-20 18:19:39.425634+00:00,DESKTOP-A3EGFSV$,4688,C:\Windows\System32\wevtutil.exe,\??\C:\WINDOWS\system32\conhost.exe 0xffffffff -ForceV1,
DESKTOP-A3EGFSV$,2026-04-20 18:19:39.855484+00:00,DESKTOP-A3EGFSV$,4703,,,C:\Windows\System32\wevtutil.exe
DESKTOP-A3EGFSV$,2026-04-20 18:19:39.855488+00:00,DESKTOP-A3EGFSV$,4703,,,C:\Windows\System32\wevtutil.exe
,2026-04-20 18:19:39.856224+00:00,DESKTOP-A3EGFSV$,4689,,,C:\Windows\System32\wevtutil.exe
,2026-04-20 18:19:39.857847+00:00,DESKTOP-A3EGFSV$,4689,,,C:\Windows\System32\conhost.exe
-,2026-04-20 18:19:39.859186+00:00,DESKTOP-A3EGFSV$,4688,C:\Program Files\Windows Defender\MsMpEng.exe,"C:\WINDOWS\system32\wevtutil.exe uninstall-manifest ""C:\ProgramData\Microsoft\Windows Defender\Platform\4.18.26030.3011-0\Microsoft-Antimalware-Service.man""",
-,2026-04-20 18:19:39.862242+00:00,DESKTOP-A3EGFSV$,4688,C:\Windows\System32\wevtutil.exe,\??\C:\WINDOWS\system32\conhost.exe 0xffffffff -ForceV1,
DESKTOP-A3EGFSV$,2026-04-20 18:19:39.922770+00:00,DESKTOP-A3EGFSV$,4703,,,C:\Windows\System32\wevtutil.exe
DESKTOP-A3EGFSV$,2026-04-20 18:19:39.922771+00:00,DESKTOP-A3EGFSV$,4703,,,C:\Windows\System32\wevtutil.exe
,2026-04-20 18:19:39.923466+00:00,DESKTOP-A3EGFSV$,4689,,,C:\Windows\System32\wevtutil.exe
,2026-04-20 18:19:39.924862+00:00,DESKTOP-A3EGFSV$,4689,,,C:\Windows\System32\conhost.exe
-,2026-04-20 18:19:39.925104+00:00,DESKTOP-A3EGFSV$,4688,C:\Program Files\Windows Defender\MsMpEng.exe,"C:\WINDOWS\system32\wevtutil.exe install-manifest ""C:\ProgramData\Microsoft\Windows Defender\Platform\4.18.26030.3011-0\Microsoft-Antimalware-Service.man"" ""/resourceFilePath:C:\ProgramData\Microsoft\Windows Defender\Platform\4.18.26030.3011-0\MpSvc.dll"" ""/messageFilePath:C:\ProgramData\Microsoft\Windows Defender\Platform\4.18.26030.3011-0\MpSvc.dll"" ""/parameterFilePath:C:\ProgramData\Microsoft\Windows Defender\Platform\4.18.26030.3011-0\MpSvc.dll""",
-,2026-04-20 18:19:39.927759+00:00,DESKTOP-A3EGFSV$,4688,C:\Windows\System32\wevtutil.exe,\??\C:\WINDOWS\system32\conhost.exe 0xffffffff -ForceV1,
DESKTOP-A3EGFSV$,2026-04-20 18:19:39.999676+00:00,DESKTOP-A3EGFSV$,4703,,,C:\Windows\System32\wevtutil.exe
DESKTOP-A3EGFSV$,2026-04-20 18:19:39.999678+00:00,DESKTOP-A3EGFSV$,4703,,,C:\Windows\System32\wevtutil.exe
,2026-04-20 18:19:40.000490+00:00,DESKTOP-A3EGFSV$,4689,,,C:\Windows\System32\wevtutil.exe
,2026-04-20 18:19:40.002375+00:00,DESKTOP-A3EGFSV$,4689,,,C:\Windows\System32\conhost.exe
-,2026-04-20 18:19:40.003628+00:00,DESKTOP-A3EGFSV$,4688,C:\Program Files\Windows Defender\MsMpEng.exe,"C:\WINDOWS\system32\wevtutil.exe uninstall-manifest ""C:\ProgramData\Microsoft\Windows Defender\Platform\4.18.26030.3011-0\Microsoft-Antimalware-NIS.man""",
-,2026-04-20 18:19:40.006414+00:00,DESKTOP-A3EGFSV$,4688,C:\Windows\System32\wevtutil.exe,\??\C:\WINDOWS\system32\conhost.exe 0xffffffff -ForceV1,
DESKTOP-A3EGFSV$,2026-04-20 18:19:40.043501+00:00,DESKTOP-A3EGFSV$,4703,,,C:\Windows\System32\wevtutil.exe
DESKTOP-A3EGFSV$,2026-04-20 18:19:40.043507+00:00,DESKTOP-A3EGFSV$,4703,,,C:\Windows\System32\wevtutil.exe
,2026-04-20 18:19:40.044321+00:00,DESKTOP-A3EGFSV$,4689,,,C:\Windows\System32\wevtutil.exe
,2026-04-20 18:19:40.045851+00:00,DESKTOP-A3EGFSV$,4689,,,C:\Windows\System32\conhost.exe
-,2026-04-20 18:19:40.045959+00:00,DESKTOP-A3EGFSV$,4688,C:\Program Files\Windows Defender\MsMpEng.exe,"C:\WINDOWS\system32\wevtutil.exe install-manifest ""C:\ProgramData\Microsoft\Windows Defender\Platform\4.18.26030.3011-0\Microsoft-Antimalware-NIS.man"" ""/resourceFilePath:C:\ProgramData\Microsoft\Windows Defender\Platform\4.18.26030.3011-0\NisSrv.exe"" ""/messageFilePath:C:\ProgramData\Microsoft\Windows Defender\Platform\4.18.26030.3011-0\NisSrv.exe"" ""/parameterFilePath:C:\ProgramData\Microsoft\Windows Defender\Platform\4.18.26030.3011-0\NisSrv.exe""",
-,2026-04-20 18:19:40.048809+00:00,DESKTOP-A3EGFSV$,4688,C:\Windows\System32\wevtutil.exe,\??\C:\WINDOWS\system32\conhost.exe 0xffffffff -ForceV1,
DESKTOP-A3EGFSV$,2026-04-20 18:19:40.104565+00:00,DESKTOP-A3EGFSV$,4703,,,C:\Windows\System32\wevtutil.exe
DESKTOP-A3EGFSV$,2026-04-20 18:19:40.104567+00:00,DESKTOP-A3EGFSV$,4703,,,C:\Windows\System32\wevtutil.exe
,2026-04-20 18:19:40.105440+00:00,DESKTOP-A3EGFSV$,4689,,,C:\Windows\System32\wevtutil.exe
,2026-04-20 18:19:40.106688+00:00,DESKTOP-A3EGFSV$,4689,,,C:\Windows\System32\conhost.exe
-,2026-04-20 18:19:40.108377+00:00,DESKTOP-A3EGFSV$,4688,C:\Program Files\Windows Defender\MsMpEng.exe,"C:\WINDOWS\system32\wevtutil.exe uninstall-manifest ""C:\ProgramData\Microsoft\Windows Defender\Platform\4.18.26030.3011-0\Microsoft-Antimalware-RTP.man""",
-,2026-04-20 18:19:40.110983+00:00,DESKTOP-A3EGFSV$,4688,C:\Windows\System32\wevtutil.exe,\??\C:\WINDOWS\system32\conhost.exe 0xffffffff -ForceV1,
DESKTOP-A3EGFSV$,2026-04-20 18:19:40.180168+00:00,DESKTOP-A3EGFSV$,4703,,,C:\Windows\System32\wevtutil.exe
DESKTOP-A3EGFSV$,2026-04-20 18:19:40.180170+00:00,DESKTOP-A3EGFSV$,4703,,,C:\Windows\System32\wevtutil.exe
,2026-04-20 18:19:40.180906+00:00,DESKTOP-A3EGFSV$,4689,,,C:\Windows\System32\wevtutil.exe
,2026-04-20 18:19:40.182465+00:00,DESKTOP-A3EGFSV$,4689,,,C:\Windows\System32\conhost.exe
-,2026-04-20 18:19:40.182566+00:00,DESKTOP-A3EGFSV$,4688,C:\Program Files\Windows Defender\MsMpEng.exe,"C:\WINDOWS\system32\wevtutil.exe install-manifest ""C:\ProgramData\Microsoft\Windows Defender\Platform\4.18.26030.3011-0\Microsoft-Antimalware-RTP.man"" ""/resourceFilePath:C:\ProgramData\Microsoft\Windows Defender\Platform\4.18.26030.3011-0\MpRtp.dll"" ""/messageFilePath:C:\ProgramData\Microsoft\Windows Defender\Platform\4.18.26030.3011-0\MpRtp.dll"" ""/parameterFilePath:C:\ProgramData\Microsoft\Windows Defender\Platform\4.18.26030.3011-0\MpRtp.dll""",
-,2026-04-20 18:19:40.185102+00:00,DESKTOP-A3EGFSV$,4688,C:\Windows\System32\wevtutil.exe,\??\C:\WINDOWS\system32\conhost.exe 0xffffffff -ForceV1,
DESKTOP-A3EGFSV$,2026-04-20 18:19:40.245642+00:00,DESKTOP-A3EGFSV$,4703,,,C:\Windows\System32\wevtutil.exe
DESKTOP-A3EGFSV$,2026-04-20 18:19:40.245644+00:00,DESKTOP-A3EGFSV$,4703,,,C:\Windows\System32\wevtutil.exe
,2026-04-20 18:19:40.246635+00:00,DESKTOP-A3EGFSV$,4689,,,C:\Windows\System32\wevtutil.exe
,2026-04-20 18:19:40.248669+00:00,DESKTOP-A3EGFSV$,4689,,,C:\Windows\System32\conhost.exe
-,2026-04-20 18:19:40.250662+00:00,DESKTOP-A3EGFSV$,4688,C:\Program Files\Windows Defender\MsMpEng.exe,"C:\WINDOWS\system32\wevtutil.exe uninstall-manifest ""C:\ProgramData\Microsoft\Windows Defender\Platform\4.18.26030.3011-0\Microsoft-Antimalware-Protection.man""",
-,2026-04-20 18:19:40.254120+00:00,DESKTOP-A3EGFSV$,4688,C:\Windows\System32\wevtutil.exe,\??\C:\WINDOWS\system32\conhost.exe 0xffffffff -ForceV1,
DESKTOP-A3EGFSV$,2026-04-20 18:19:40.395617+00:00,DESKTOP-A3EGFSV$,4703,,,C:\Windows\System32\wevtutil.exe
DESKTOP-A3EGFSV$,2026-04-20 18:19:40.395620+00:00,DESKTOP-A3EGFSV$,4703,,,C:\Windows\System32\wevtutil.exe
,2026-04-20 18:19:40.396450+00:00,DESKTOP-A3EGFSV$,4689,,,C:\Windows\System32\wevtutil.exe
,2026-04-20 18:19:40.397821+00:00,DESKTOP-A3EGFSV$,4689,,,C:\Windows\System32\conhost.exe
-,2026-04-20 18:19:40.397873+00:00,DESKTOP-A3EGFSV$,4688,C:\Program Files\Windows Defender\MsMpEng.exe,"C:\WINDOWS\system32\wevtutil.exe install-manifest ""C:\ProgramData\Microsoft\Windows Defender\Platform\4.18.26030.3011-0\Microsoft-Antimalware-Protection.man"" ""/resourceFilePath:C:\ProgramData\Microsoft\Windows Defender\Platform\4.18.26030.3011-0\MpClient.dll"" ""/messageFilePath:C:\ProgramData\Microsoft\Windows Defender\Platform\4.18.26030.3011-0\MpClient.dll"" ""/parameterFilePath:C:\ProgramData\Microsoft\Windows Defender\Platform\4.18.26030.3011-0\MpClient.dll""",
-,2026-04-20 18:19:40.400391+00:00,DESKTOP-A3EGFSV$,4688,C:\Windows\System32\wevtutil.exe,\??\C:\WINDOWS\system32\conhost.exe 0xffffffff -ForceV1,
DESKTOP-A3EGFSV$,2026-04-20 18:19:40.455667+00:00,DESKTOP-A3EGFSV$,4703,,,C:\Windows\System32\wevtutil.exe
DESKTOP-A3EGFSV$,2026-04-20 18:19:40.455669+00:00,DESKTOP-A3EGFSV$,4703,,,C:\Windows\System32\wevtutil.exe
,2026-04-20 18:19:40.456276+00:00,DESKTOP-A3EGFSV$,4689,,,C:\Windows\System32\wevtutil.exe
,2026-04-20 18:19:40.458078+00:00,DESKTOP-A3EGFSV$,4689,,,C:\Windows\System32\conhost.exe
-,2026-04-20 18:19:40.482214+00:00,DESKTOP-A3EGFSV$,4688,C:\Program Files\Windows Defender\MsMpEng.exe,"C:\WINDOWS\system32\wbem\mofcomp.exe ""C:\ProgramData\Microsoft\Windows Defender\Platform\4.18.26030.3011-0\ProtectionManagement.mof""",
-,2026-04-20 18:19:40.485525+00:00,DESKTOP-A3EGFSV$,4688,C:\Windows\System32\wbem\mofcomp.exe,\??\C:\WINDOWS\system32\conhost.exe 0xffffffff -ForceV1,
DESKTOP-A3EGFSV$,2026-04-20 18:19:40.554609+00:00,DESKTOP-A3EGFSV$,4703,,,C:\Windows\System32\svchost.exe
DESKTOP-A3EGFSV$,2026-04-20 18:19:40.555038+00:00,DESKTOP-A3EGFSV$,4703,,,C:\Windows\System32\svchost.exe
DESKTOP-A3EGFSV$,2026-04-20 18:19:40.557699+00:00,DESKTOP-A3EGFSV$,4703,,,C:\Windows\System32\svchost.exe
DESKTOP-A3EGFSV$,2026-04-20 18:19:40.558422+00:00,DESKTOP-A3EGFSV$,4703,,,C:\Windows\System32\svchost.exe
DESKTOP-A3EGFSV$,2026-04-20 18:19:40.558773+00:00,DESKTOP-A3EGFSV$,4703,,,C:\Windows\System32\svchost.exe
DESKTOP-A3EGFSV$,2026-04-20 18:19:40.559309+00:00,DESKTOP-A3EGFSV$,4703,,,C:\Windows\System32\svchost.exe
DESKTOP-A3EGFSV$,2026-04-20 18:19:40.560099+00:00,DESKTOP-A3EGFSV$,4703,,,C:\Windows\System32\svchost.exe
DESKTOP-A3EGFSV$,2026-04-20 18:19:40.560211+00:00,DESKTOP-A3EGFSV$,4703,,,C:\Windows\System32\svchost.exe
DESKTOP-A3EGFSV$,2026-04-20 18:19:40.560371+00:00,DESKTOP-A3EGFSV$,4703,,,C:\Windows\System32\svchost.exe
DESKTOP-A3EGFSV$,2026-04-20 18:19:40.560480+00:00,DESKTOP-A3EGFSV$,4703,,,C:\Windows\System32\svchost.exe
DESKTOP-A3EGFSV$,2026-04-20 18:19:40.560652+00:00,DESKTOP-A3EGFSV$,4703,,,C:\Windows\System32\svchost.exe
DESKTOP-A3EGFSV$,2026-04-20 18:19:40.560791+00:00,DESKTOP-A3EGFSV$,4703,,,C:\Windows\System32\svchost.exe
DESKTOP-A3EGFSV$,2026-04-20 18:19:40.561953+00:00,DESKTOP-A3EGFSV$,4703,,,C:\Windows\System32\svchost.exe
DESKTOP-A3EGFSV$,2026-04-20 18:19:40.562702+00:00,DESKTOP-A3EGFSV$,4703,,,C:\Windows\System32\svchost.exe
DESKTOP-A3EGFSV$,2026-04-20 18:19:40.562822+00:00,DESKTOP-A3EGFSV$,4703,,,C:\Windows\System32\svchost.exe
DESKTOP-A3EGFSV$,2026-04-20 18:19:40.563269+00:00,DESKTOP-A3EGFSV$,4703,,,C:\Windows\System32\svchost.exe
DESKTOP-A3EGFSV$,2026-04-20 18:19:40.563728+00:00,DESKTOP-A3EGFSV$,4703,,,C:\Windows\System32\svchost.exe
DESKTOP-A3EGFSV$,2026-04-20 18:19:40.571098+00:00,DESKTOP-A3EGFSV$,4703,,,C:\Windows\System32\svchost.exe
DESKTOP-A3EGFSV$,2026-04-20 18:19:40.628897+00:00,DESKTOP-A3EGFSV$,4703,,,C:\Windows\System32\svchost.exe
DESKTOP-A3EGFSV$,2026-04-20 18:19:40.629395+00:00,DESKTOP-A3EGFSV$,4703,,,C:\Windows\System32\svchost.exe
DESKTOP-A3EGFSV$,2026-04-20 18:19:40.631479+00:00,DESKTOP-A3EGFSV$,4703,,,C:\Windows\System32\svchost.exe
DESKTOP-A3EGFSV$,2026-04-20 18:19:40.631939+00:00,DESKTOP-A3EGFSV$,4703,,,C:\Windows\System32\svchost.exe
DESKTOP-A3EGFSV$,2026-04-20 18:19:40.632219+00:00,DESKTOP-A3EGFSV$,4703,,,C:\Windows\System32\svchost.exe
DESKTOP-A3EGFSV$,2026-04-20 18:19:40.632587+00:00,DESKTOP-A3EGFSV$,4703,,,C:\Windows\System32\svchost.exe
DESKTOP-A3EGFSV$,2026-04-20 18:19:40.633074+00:00,DESKTOP-A3EGFSV$,4703,,,C:\Windows\System32\svchost.exe
DESKTOP-A3EGFSV$,2026-04-20 18:19:40.633181+00:00,DESKTOP-A3EGFSV$,4703,,,C:\Windows\System32\svchost.exe
DESKTOP-A3EGFSV$,2026-04-20 18:19:40.633261+00:00,DESKTOP-A3EGFSV$,4703,,,C:\Windows\System32\svchost.exe
DESKTOP-A3EGFSV$,2026-04-20 18:19:40.633331+00:00,DESKTOP-A3EGFSV$,4703,,,C:\Windows\System32\svchost.exe
DESKTOP-A3EGFSV$,2026-04-20 18:19:40.633425+00:00,DESKTOP-A3EGFSV$,4703,,,C:\Windows\System32\svchost.exe
DESKTOP-A3EGFSV$,2026-04-20 18:19:40.633526+00:00,DESKTOP-A3EGFSV$,4703,,,C:\Windows\System32\svchost.exe
DESKTOP-A3EGFSV$,2026-04-20 18:19:40.634106+00:00,DESKTOP-A3EGFSV$,4703,,,C:\Windows\System32\svchost.exe
DESKTOP-A3EGFSV$,2026-04-20 18:19:40.634209+00:00,DESKTOP-A3EGFSV$,4703,,,C:\Windows\System32\svchost.exe
DESKTOP-A3EGFSV$,2026-04-20 18:19:40.634367+00:00,DESKTOP-A3EGFSV$,4703,,,C:\Windows\System32\svchost.exe
DESKTOP-A3EGFSV$,2026-04-20 18:19:40.634710+00:00,DESKTOP-A3EGFSV$,4703,,,C:\Windows\System32\svchost.exe
DESKTOP-A3EGFSV$,2026-04-20 18:19:40.635128+00:00,DESKTOP-A3EGFSV$,4703,,,C:\Windows\System32\svchost.exe
DESKTOP-A3EGFSV$,2026-04-20 18:19:40.640415+00:00,DESKTOP-A3EGFSV$,4703,,,C:\Windows\System32\svchost.exe
,2026-04-20 18:19:40.686718+00:00,DESKTOP-A3EGFSV$,4689,,,C:\Windows\System32\wbem\mofcomp.exe
,2026-04-20 18:19:40.687973+00:00,DESKTOP-A3EGFSV$,4689,,,C:\Windows\System32\conhost.exe
-,2026-04-20 18:19:40.690830+00:00,DESKTOP-A3EGFSV$,4688,C:\Program Files\Windows Defender\MsMpEng.exe,"C:\WINDOWS\system32\taskkill.exe /f /FI ""MODULES eq protectionmanagement.dll"" /IM WmiPrvSE.exe",
-,2026-04-20 18:19:40.694130+00:00,DESKTOP-A3EGFSV$,4688,C:\Windows\System32\taskkill.exe,\??\C:\WINDOWS\system32\conhost.exe 0xffffffff -ForceV1,
DESKTOP-A3EGFSV$,2026-04-20 18:19:40.747437+00:00,DESKTOP-A3EGFSV$,4703,,,C:\Windows\System32\svchost.exe
DESKTOP-A3EGFSV$,2026-04-20 18:19:40.747877+00:00,DESKTOP-A3EGFSV$,4703,,,C:\Windows\System32\svchost.exe
DESKTOP-A3EGFSV$,2026-04-20 18:19:40.748270+00:00,DESKTOP-A3EGFSV$,4703,,,C:\Windows\System32\svchost.exe
DESKTOP-A3EGFSV$,2026-04-20 18:19:40.749535+00:00,DESKTOP-A3EGFSV$,4703,,,C:\Windows\System32\svchost.exe
DESKTOP-A3EGFSV$,2026-04-20 18:19:40.749836+00:00,DESKTOP-A3EGFSV$,4703,,,C:\Windows\System32\svchost.exe
DESKTOP-A3EGFSV$,2026-04-20 18:19:40.752941+00:00,DESKTOP-A3EGFSV$,4688,C:\Windows\System32\svchost.exe,C:\WINDOWS\system32\wbem\wmiprvse.exe -secured -Embedding,
DESKTOP-A3EGFSV$,2026-04-20 18:19:40.776228+00:00,DESKTOP-A3EGFSV$,4703,,,C:\Windows\System32\svchost.exe
DESKTOP-A3EGFSV$,2026-04-20 18:19:40.777718+00:00,DESKTOP-A3EGFSV$,4703,,,C:\Windows\System32\svchost.exe
DESKTOP-A3EGFSV$,2026-04-20 18:19:40.783340+00:00,DESKTOP-A3EGFSV$,4703,,,C:\Windows\System32\svchost.exe
DESKTOP-A3EGFSV$,2026-04-20 18:19:40.785055+00:00,DESKTOP-A3EGFSV$,4703,,,C:\Windows\System32\svchost.exe
,2026-04-20 18:19:40.812347+00:00,DESKTOP-A3EGFSV$,4689,,,C:\Windows\System32\taskkill.exe
,2026-04-20 18:19:40.813684+00:00,DESKTOP-A3EGFSV$,4689,,,C:\Windows\System32\conhost.exe
SYSTEM,2026-04-20 18:19:40.817848+00:00,DESKTOP-A3EGFSV$,4624,,,C:\Windows\System32\services.exe
,2026-04-20 18:19:40.817852+00:00,SYSTEM,4672,,,
-,2026-04-20 18:19:40.819672+00:00,DESKTOP-A3EGFSV$,4688,C:\Windows\System32\services.exe,"""C:\ProgramData\Microsoft\Windows Defender\Platform\4.18.26030.3011-0\MpDefenderCoreService.exe""",
DESKTOP-A3EGFSV$,2026-04-20 18:19:40.840311+00:00,DESKTOP-A3EGFSV$,4703,,,C:\ProgramData\Microsoft\Windows Defender\Platform\4.18.26030.3011-0\MpDefenderCoreService.exe
-,2026-04-20 18:19:40.857756+00:00,DESKTOP-A3EGFSV$,4688,C:\Program Files\Windows Defender\MsMpEng.exe,"""C:\Program Files\Windows Defender\MpCmdRun.exe"" -RestartService",
-,2026-04-20 18:19:40.861925+00:00,DESKTOP-A3EGFSV$,4688,C:\Program Files\Windows Defender\MpCmdRun.exe,\??\C:\WINDOWS\system32\conhost.exe 0xffffffff -ForceV1,
,2026-04-20 18:19:40.868855+00:00,DESKTOP-A3EGFSV$,4689,,,C:\Program Files\Windows Defender\MpCmdRun.exe
,2026-04-20 18:19:40.874020+00:00,DESKTOP-A3EGFSV$,4689,,,C:\Windows\System32\conhost.exe
,2026-04-20 18:19:40.916939+00:00,DESKTOP-A3EGFSV$,4689,,,C:\Program Files\Windows Defender\MsMpEng.exe
SYSTEM,2026-04-20 18:19:40.917517+00:00,DESKTOP-A3EGFSV$,4624,,,C:\Windows\System32\services.exe
,2026-04-20 18:19:40.917522+00:00,SYSTEM,4672,,,
-,2026-04-20 18:19:40.919411+00:00,DESKTOP-A3EGFSV$,4688,C:\Windows\System32\services.exe,"""C:\ProgramData\Microsoft\Windows Defender\Platform\4.18.26030.3011-0\MsMpEng.exe""",
DESKTOP-A3EGFSV$,2026-04-20 18:19:40.975859+00:00,DESKTOP-A3EGFSV$,4703,,,C:\ProgramData\Microsoft\Windows Defender\Platform\4.18.26030.3011-0\MsMpEng.exe
-,2026-04-20 18:19:41.044340+00:00,DESKTOP-A3EGFSV$,4688,C:\ProgramData\Microsoft\Windows Defender\Platform\4.18.26030.3011-0\MsMpEng.exe,"C:\WINDOWS\system32\wevtutil.exe uninstall-manifest ""C:\ProgramData\Microsoft\Windows Defender\Platform\4.18.26030.3011-0\Microsoft-Antimalware-AMFilter.man""",
-,2026-04-20 18:19:41.047085+00:00,DESKTOP-A3EGFSV$,4688,C:\Windows\System32\wevtutil.exe,\??\C:\WINDOWS\system32\conhost.exe 0xffffffff -ForceV1,
DESKTOP-A3EGFSV$,2026-04-20 18:19:41.179682+00:00,DESKTOP-A3EGFSV$,4703,,,C:\Windows\System32\wevtutil.exe
DESKTOP-A3EGFSV$,2026-04-20 18:19:41.179686+00:00,DESKTOP-A3EGFSV$,4703,,,C:\Windows\System32\wevtutil.exe
,2026-04-20 18:19:41.180788+00:00,DESKTOP-A3EGFSV$,4689,,,C:\Windows\System32\wevtutil.exe
-,2026-04-20 18:19:41.184074+00:00,DESKTOP-A3EGFSV$,4688,C:\ProgramData\Microsoft\Windows Defender\Platform\4.18.26030.3011-0\MsMpEng.exe,"C:\WINDOWS\system32\wevtutil.exe install-manifest ""C:\ProgramData\Microsoft\Windows Defender\Platform\4.18.26030.3011-0\Microsoft-Antimalware-AMFilter.man"" ""/resourceFilePath:C:\ProgramData\Microsoft\Windows Defender\Platform\4.18.26030.3011-0\Drivers\WdFilter.sys"" ""/messageFilePath:C:\ProgramData\Microsoft\Windows Defender\Platform\4.18.26030.3011-0\Drivers\WdFilter.sys"" ""/parameterFilePath:C:\ProgramData\Microsoft\Windows Defender\Platform\4.18.26030.3011-0\Drivers\WdFilter.sys""",
,2026-04-20 18:19:41.184374+00:00,DESKTOP-A3EGFSV$,4689,,,C:\Windows\System32\conhost.exe
-,2026-04-20 18:19:41.187929+00:00,DESKTOP-A3EGFSV$,4688,C:\Windows\System32\wevtutil.exe,\??\C:\WINDOWS\system32\conhost.exe 0xffffffff -ForceV1,
,2026-04-20 18:19:41.205858+00:00,DESKTOP-A3EGFSV$,4689,,,C:\Program Files\Windows Defender\MpCmdRun.exe
,2026-04-20 18:19:41.215256+00:00,DESKTOP-A3EGFSV$,4689,,,C:\Windows\System32\conhost.exe
DESKTOP-A3EGFSV$,2026-04-20 18:19:41.258171+00:00,DESKTOP-A3EGFSV$,4703,,,C:\Windows\System32\wevtutil.exe
DESKTOP-A3EGFSV$,2026-04-20 18:19:41.258173+00:00,DESKTOP-A3EGFSV$,4703,,,C:\Windows\System32\wevtutil.exe
,2026-04-20 18:19:41.259077+00:00,DESKTOP-A3EGFSV$,4689,,,C:\Windows\System32\wevtutil.exe
,2026-04-20 18:19:41.260763+00:00,DESKTOP-A3EGFSV$,4689,,,C:\Windows\System32\conhost.exe
-,2026-04-20 18:19:41.263235+00:00,DESKTOP-A3EGFSV$,4688,C:\ProgramData\Microsoft\Windows Defender\Platform\4.18.26030.3011-0\MsMpEng.exe,"C:\WINDOWS\system32\wevtutil.exe uninstall-manifest ""C:\ProgramData\Microsoft\Windows Defender\Platform\4.18.26030.3011-0\Microsoft-Windows-Windows Defender.man""",
-,2026-04-20 18:19:41.265659+00:00,DESKTOP-A3EGFSV$,4688,C:\Windows\System32\wevtutil.exe,\??\C:\WINDOWS\system32\conhost.exe 0xffffffff -ForceV1,
DESKTOP-A3EGFSV$,2026-04-20 18:19:41.379707+00:00,DESKTOP-A3EGFSV$,4703,,,C:\Windows\System32\wevtutil.exe
DESKTOP-A3EGFSV$,2026-04-20 18:19:41.379713+00:00,DESKTOP-A3EGFSV$,4703,,,C:\Windows\System32\wevtutil.exe
,2026-04-20 18:19:41.380404+00:00,DESKTOP-A3EGFSV$,4689,,,C:\Windows\System32\wevtutil.exe
,2026-04-20 18:19:41.381842+00:00,DESKTOP-A3EGFSV$,4689,,,C:\Windows\System32\conhost.exe
-,2026-04-20 18:19:41.382099+00:00,DESKTOP-A3EGFSV$,4688,C:\ProgramData\Microsoft\Windows Defender\Platform\4.18.26030.3011-0\MsMpEng.exe,"C:\WINDOWS\system32\wevtutil.exe install-manifest ""C:\ProgramData\Microsoft\Windows Defender\Platform\4.18.26030.3011-0\Microsoft-Windows-Windows Defender.man"" ""/resourceFilePath:C:\ProgramData\Microsoft\Windows Defender\Platform\4.18.26030.3011-0\MpEvMsg.dll"" ""/messageFilePath:C:\ProgramData\Microsoft\Windows Defender\Platform\4.18.26030.3011-0\MpEvMsg.dll"" ""/parameterFilePath:C:\ProgramData\Microsoft\Windows Defender\Platform\4.18.26030.3011-0\MpEvMsg.dll""",
-,2026-04-20 18:19:41.385567+00:00,DESKTOP-A3EGFSV$,4688,C:\Windows\System32\wevtutil.exe,\??\C:\WINDOWS\system32\conhost.exe 0xffffffff -ForceV1,
DESKTOP-A3EGFSV$,2026-04-20 18:19:41.827795+00:00,DESKTOP-A3EGFSV$,4703,,,C:\Windows\System32\wevtutil.exe
DESKTOP-A3EGFSV$,2026-04-20 18:19:41.827803+00:00,DESKTOP-A3EGFSV$,4703,,,C:\Windows\System32\wevtutil.exe
,2026-04-20 18:19:41.828512+00:00,DESKTOP-A3EGFSV$,4689,,,C:\Windows\System32\wevtutil.exe
,2026-04-20 18:19:41.830246+00:00,DESKTOP-A3EGFSV$,4689,,,C:\Windows\System32\conhost.exe
-,2026-04-20 18:19:41.831888+00:00,DESKTOP-A3EGFSV$,4688,C:\ProgramData\Microsoft\Windows Defender\Platform\4.18.26030.3011-0\MsMpEng.exe,"C:\WINDOWS\system32\wevtutil.exe uninstall-manifest ""C:\ProgramData\Microsoft\Windows Defender\Platform\4.18.26030.3011-0\Microsoft-Antimalware-Service.man""",
-,2026-04-20 18:19:41.834576+00:00,DESKTOP-A3EGFSV$,4688,C:\Windows\System32\wevtutil.exe,\??\C:\WINDOWS\system32\conhost.exe 0xffffffff -ForceV1,
DESKTOP-A3EGFSV$,2026-04-20 18:19:41.895094+00:00,DESKTOP-A3EGFSV$,4703,,,C:\Windows\System32\wevtutil.exe
DESKTOP-A3EGFSV$,2026-04-20 18:19:41.895098+00:00,DESKTOP-A3EGFSV$,4703,,,C:\Windows\System32\wevtutil.exe
,2026-04-20 18:19:41.895903+00:00,DESKTOP-A3EGFSV$,4689,,,C:\Windows\System32\wevtutil.exe
,2026-04-20 18:19:41.897390+00:00,DESKTOP-A3EGFSV$,4689,,,C:\Windows\System32\conhost.exe
-,2026-04-20 18:19:41.897528+00:00,DESKTOP-A3EGFSV$,4688,C:\ProgramData\Microsoft\Windows Defender\Platform\4.18.26030.3011-0\MsMpEng.exe,"C:\WINDOWS\system32\wevtutil.exe install-manifest ""C:\ProgramData\Microsoft\Windows Defender\Platform\4.18.26030.3011-0\Microsoft-Antimalware-Service.man"" ""/resourceFilePath:C:\ProgramData\Microsoft\Windows Defender\Platform\4.18.26030.3011-0\MpSvc.dll"" ""/messageFilePath:C:\ProgramData\Microsoft\Windows Defender\Platform\4.18.26030.3011-0\MpSvc.dll"" ""/parameterFilePath:C:\ProgramData\Microsoft\Windows Defender\Platform\4.18.26030.3011-0\MpSvc.dll""",
-,2026-04-20 18:19:41.900509+00:00,DESKTOP-A3EGFSV$,4688,C:\Windows\System32\wevtutil.exe,\??\C:\WINDOWS\system32\conhost.exe 0xffffffff -ForceV1,
DESKTOP-A3EGFSV$,2026-04-20 18:19:41.964722+00:00,DESKTOP-A3EGFSV$,4703,,,C:\Windows\System32\wevtutil.exe
DESKTOP-A3EGFSV$,2026-04-20 18:19:41.964724+00:00,DESKTOP-A3EGFSV$,4703,,,C:\Windows\System32\wevtutil.exe
,2026-04-20 18:19:41.965427+00:00,DESKTOP-A3EGFSV$,4689,,,C:\Windows\System32\wevtutil.exe
,2026-04-20 18:19:41.968481+00:00,DESKTOP-A3EGFSV$,4689,,,C:\Windows\System32\conhost.exe
-,2026-04-20 18:19:41.970648+00:00,DESKTOP-A3EGFSV$,4688,C:\ProgramData\Microsoft\Windows Defender\Platform\4.18.26030.3011-0\MsMpEng.exe,"C:\WINDOWS\system32\wevtutil.exe uninstall-manifest ""C:\ProgramData\Microsoft\Windows Defender\Platform\4.18.26030.3011-0\Microsoft-Antimalware-NIS.man""",
-,2026-04-20 18:19:41.973156+00:00,DESKTOP-A3EGFSV$,4688,C:\Windows\System32\wevtutil.exe,\??\C:\WINDOWS\system32\conhost.exe 0xffffffff -ForceV1,
DESKTOP-A3EGFSV$,2026-04-20 18:19:42.009970+00:00,DESKTOP-A3EGFSV$,4703,,,C:\Windows\System32\wevtutil.exe
DESKTOP-A3EGFSV$,2026-04-20 18:19:42.009974+00:00,DESKTOP-A3EGFSV$,4703,,,C:\Windows\System32\wevtutil.exe
,2026-04-20 18:19:42.010704+00:00,DESKTOP-A3EGFSV$,4689,,,C:\Windows\System32\wevtutil.exe
,2026-04-20 18:19:42.011921+00:00,DESKTOP-A3EGFSV$,4689,,,C:\Windows\System32\conhost.exe
-,2026-04-20 18:19:42.012577+00:00,DESKTOP-A3EGFSV$,4688,C:\ProgramData\Microsoft\Windows Defender\Platform\4.18.26030.3011-0\MsMpEng.exe,"C:\WINDOWS\system32\wevtutil.exe install-manifest ""C:\ProgramData\Microsoft\Windows Defender\Platform\4.18.26030.3011-0\Microsoft-Antimalware-NIS.man"" ""/resourceFilePath:C:\ProgramData\Microsoft\Windows Defender\Platform\4.18.26030.3011-0\NisSrv.exe"" ""/messageFilePath:C:\ProgramData\Microsoft\Windows Defender\Platform\4.18.26030.3011-0\NisSrv.exe"" ""/parameterFilePath:C:\ProgramData\Microsoft\Windows Defender\Platform\4.18.26030.3011-0\NisSrv.exe""",
-,2026-04-20 18:19:42.015165+00:00,DESKTOP-A3EGFSV$,4688,C:\Windows\System32\wevtutil.exe,\??\C:\WINDOWS\system32\conhost.exe 0xffffffff -ForceV1,
DESKTOP-A3EGFSV$,2026-04-20 18:19:42.073273+00:00,DESKTOP-A3EGFSV$,4703,,,C:\Windows\System32\wevtutil.exe
DESKTOP-A3EGFSV$,2026-04-20 18:19:42.073278+00:00,DESKTOP-A3EGFSV$,4703,,,C:\Windows\System32\wevtutil.exe
,2026-04-20 18:19:42.074080+00:00,DESKTOP-A3EGFSV$,4689,,,C:\Windows\System32\wevtutil.exe
,2026-04-20 18:19:42.075394+00:00,DESKTOP-A3EGFSV$,4689,,,C:\Windows\System32\conhost.exe
-,2026-04-20 18:19:42.077044+00:00,DESKTOP-A3EGFSV$,4688,C:\ProgramData\Microsoft\Windows Defender\Platform\4.18.26030.3011-0\MsMpEng.exe,"C:\WINDOWS\system32\wevtutil.exe uninstall-manifest ""C:\ProgramData\Microsoft\Windows Defender\Platform\4.18.26030.3011-0\Microsoft-Antimalware-RTP.man""",
-,2026-04-20 18:19:42.079546+00:00,DESKTOP-A3EGFSV$,4688,C:\Windows\System32\wevtutil.exe,\??\C:\WINDOWS\system32\conhost.exe 0xffffffff -ForceV1,
DESKTOP-A3EGFSV$,2026-04-20 18:19:42.151152+00:00,DESKTOP-A3EGFSV$,4703,,,C:\Windows\System32\wevtutil.exe
DESKTOP-A3EGFSV$,2026-04-20 18:19:42.151155+00:00,DESKTOP-A3EGFSV$,4703,,,C:\Windows\System32\wevtutil.exe
,2026-04-20 18:19:42.151978+00:00,DESKTOP-A3EGFSV$,4689,,,C:\Windows\System32\wevtutil.exe
,2026-04-20 18:19:42.153402+00:00,DESKTOP-A3EGFSV$,4689,,,C:\Windows\System32\conhost.exe
-,2026-04-20 18:19:42.153646+00:00,DESKTOP-A3EGFSV$,4688,C:\ProgramData\Microsoft\Windows Defender\Platform\4.18.26030.3011-0\MsMpEng.exe,"C:\WINDOWS\system32\wevtutil.exe install-manifest ""C:\ProgramData\Microsoft\Windows Defender\Platform\4.18.26030.3011-0\Microsoft-Antimalware-RTP.man"" ""/resourceFilePath:C:\ProgramData\Microsoft\Windows Defender\Platform\4.18.26030.3011-0\MpRtp.dll"" ""/messageFilePath:C:\ProgramData\Microsoft\Windows Defender\Platform\4.18.26030.3011-0\MpRtp.dll"" ""/parameterFilePath:C:\ProgramData\Microsoft\Windows Defender\Platform\4.18.26030.3011-0\MpRtp.dll""",
-,2026-04-20 18:19:42.156563+00:00,DESKTOP-A3EGFSV$,4688,C:\Windows\System32\wevtutil.exe,\??\C:\WINDOWS\system32\conhost.exe 0xffffffff -ForceV1,
DESKTOP-A3EGFSV$,2026-04-20 18:19:42.215040+00:00,DESKTOP-A3EGFSV$,4703,,,C:\Windows\System32\wevtutil.exe
DESKTOP-A3EGFSV$,2026-04-20 18:19:42.215046+00:00,DESKTOP-A3EGFSV$,4703,,,C:\Windows\System32\wevtutil.exe
,2026-04-20 18:19:42.215811+00:00,DESKTOP-A3EGFSV$,4689,,,C:\Windows\System32\wevtutil.exe
,2026-04-20 18:19:42.217339+00:00,DESKTOP-A3EGFSV$,4689,,,C:\Windows\System32\conhost.exe
-,2026-04-20 18:19:42.218798+00:00,DESKTOP-A3EGFSV$,4688,C:\ProgramData\Microsoft\Windows Defender\Platform\4.18.26030.3011-0\MsMpEng.exe,"C:\WINDOWS\system32\wevtutil.exe uninstall-manifest ""C:\ProgramData\Microsoft\Windows Defender\Platform\4.18.26030.3011-0\Microsoft-Antimalware-Protection.man""",
-,2026-04-20 18:19:42.221577+00:00,DESKTOP-A3EGFSV$,4688,C:\Windows\System32\wevtutil.exe,\??\C:\WINDOWS\system32\conhost.exe 0xffffffff -ForceV1,
DESKTOP-A3EGFSV$,2026-04-20 18:19:42.372154+00:00,DESKTOP-A3EGFSV$,4703,,,C:\Windows\System32\wevtutil.exe
DESKTOP-A3EGFSV$,2026-04-20 18:19:42.372179+00:00,DESKTOP-A3EGFSV$,4703,,,C:\Windows\System32\wevtutil.exe
,2026-04-20 18:19:42.373041+00:00,DESKTOP-A3EGFSV$,4689,,,C:\Windows\System32\wevtutil.exe
-,2026-04-20 18:19:42.375019+00:00,DESKTOP-A3EGFSV$,4688,C:\ProgramData\Microsoft\Windows Defender\Platform\4.18.26030.3011-0\MsMpEng.exe,"C:\WINDOWS\system32\wevtutil.exe install-manifest ""C:\ProgramData\Microsoft\Windows Defender\Platform\4.18.26030.3011-0\Microsoft-Antimalware-Protection.man"" ""/resourceFilePath:C:\ProgramData\Microsoft\Windows Defender\Platform\4.18.26030.3011-0\MpClient.dll"" ""/messageFilePath:C:\ProgramData\Microsoft\Windows Defender\Platform\4.18.26030.3011-0\MpClient.dll"" ""/parameterFilePath:C:\ProgramData\Microsoft\Windows Defender\Platform\4.18.26030.3011-0\MpClient.dll""",
,2026-04-20 18:19:42.375340+00:00,DESKTOP-A3EGFSV$,4689,,,C:\Windows\System32\conhost.exe
-,2026-04-20 18:19:42.378447+00:00,DESKTOP-A3EGFSV$,4688,C:\Windows\System32\wevtutil.exe,\??\C:\WINDOWS\system32\conhost.exe 0xffffffff -ForceV1,
DESKTOP-A3EGFSV$,2026-04-20 18:19:42.440205+00:00,DESKTOP-A3EGFSV$,4703,,,C:\Windows\System32\wevtutil.exe
DESKTOP-A3EGFSV$,2026-04-20 18:19:42.440208+00:00,DESKTOP-A3EGFSV$,4703,,,C:\Windows\System32\wevtutil.exe
,2026-04-20 18:19:42.440834+00:00,DESKTOP-A3EGFSV$,4689,,,C:\Windows\System32\wevtutil.exe
,2026-04-20 18:19:42.442568+00:00,DESKTOP-A3EGFSV$,4689,,,C:\Windows\System32\conhost.exe
-,2026-04-20 18:19:42.487322+00:00,DESKTOP-A3EGFSV$,4688,C:\ProgramData\Microsoft\Windows Defender\Platform\4.18.26030.3011-0\MsMpEng.exe,"""C:\Program Files\Windows Defender\MpCmdRun.exe"" -EnableService",
-,2026-04-20 18:19:42.491413+00:00,DESKTOP-A3EGFSV$,4688,C:\Program Files\Windows Defender\MpCmdRun.exe,\??\C:\WINDOWS\system32\conhost.exe 0xffffffff -ForceV1,
,2026-04-20 18:19:42.529856+00:00,DESKTOP-A3EGFSV$,4689,,,C:\Program Files\Windows Defender\MpCmdRun.exe
,2026-04-20 18:19:42.533144+00:00,DESKTOP-A3EGFSV$,4689,,,C:\Windows\System32\conhost.exe
DESKTOP-A3EGFSV$,2026-04-20 18:19:42.568821+00:00,DESKTOP-A3EGFSV$,4703,,,C:\Windows\System32\services.exe
SYSTEM,2026-04-20 18:19:43.864384+00:00,DESKTOP-A3EGFSV$,4624,,,C:\Windows\System32\services.exe
,2026-04-20 18:19:43.864389+00:00,SYSTEM,4672,,,
-,2026-04-20 18:19:43.865677+00:00,DESKTOP-A3EGFSV$,4688,C:\Windows\System32\services.exe,C:\WINDOWS\system32\svchost.exe -k GPSvcGroup,
,2026-04-20 18:19:51.151482+00:00,DESKTOP-A3EGFSV$,4689,,,C:\Windows\SystemTemp\077AD621-EB68-41C1-A06D-B57D2B5E1088\MpSigStub.exe
DESKTOP-A3EGFSV$,2026-04-20 18:19:51.206144+00:00,DESKTOP-A3EGFSV$,4703,,,C:\Windows\System32\services.exe
,2026-04-20 18:19:51.207081+00:00,DESKTOP-A3EGFSV$,4689,,,C:\Windows\SoftwareDistribution\Download\Install\UpdatePlatform.amd64fre.exe
,2026-04-20 18:19:51.245665+00:00,DESKTOP-A3EGFSV$,4689,,,C:\Windows\UUS\Packages\Preview\amd64\wuaucltcore.exe
,2026-04-20 18:19:51.283825+00:00,DESKTOP-A3EGFSV$,4689,,,C:\Program Files\Windows Defender\MpCmdRun.exe
LOCAL SERVICE,2026-04-20 18:19:51.288198+00:00,DESKTOP-A3EGFSV$,4688,C:\Windows\System32\services.exe,"""C:\ProgramData\Microsoft\Windows Defender\Platform\4.18.26030.3011-0\NisSrv.exe""",
,2026-04-20 18:19:51.288273+00:00,DESKTOP-A3EGFSV$,4689,,,C:\Windows\System32\conhost.exe
,2026-04-20 18:19:53.609713+00:00,pizza,4689,,,C:\Windows\System32\RuntimeBroker.exe
,2026-04-20 18:19:58.785284+00:00,DESKTOP-A3EGFSV$,4689,,,C:\Windows\System32\svchost.exe
,2026-04-20 18:19:59.940138+00:00,DESKTOP-A3EGFSV$,4689,,,C:\Windows\UUS\Packages\Preview\amd64\MoUsoCoreWorker.exe
,2026-04-20 18:20:02.469902+00:00,DESKTOP-A3EGFSV$,4689,,,C:\Program Files\Windows Defender\MpCmdRun.exe
,2026-04-20 18:20:02.473886+00:00,DESKTOP-A3EGFSV$,4689,,,C:\Windows\System32\conhost.exe
-,2026-04-20 18:20:07.525867+00:00,DESKTOP-A3EGFSV$,4688,C:\Windows\System32\svchost.exe,taskhostw.exe -RegisterDevice -ProtectionStateChanged -FreeNetworkOnly,
pizza,2026-04-20 18:20:07.608732+00:00,DESKTOP-A3EGFSV$,4688,C:\Windows\System32\svchost.exe,\\?\C:\Windows\System32\SecurityHealthHost.exe {08728914-3F57-4D52-9E31-49DAECA5A80A} -Embedding,
DESKTOP-A3EGFSV$,2026-04-20 18:20:07.667501+00:00,DESKTOP-A3EGFSV$,4703,,,C:\Windows\System32\svchost.exe
DESKTOP-A3EGFSV$,2026-04-20 18:20:07.668108+00:00,DESKTOP-A3EGFSV$,4703,,,C:\Windows\System32\svchost.exe
DESKTOP-A3EGFSV$,2026-04-20 18:20:07.669119+00:00,DESKTOP-A3EGFSV$,4703,,,C:\Windows\System32\svchost.exe
DESKTOP-A3EGFSV$,2026-04-20 18:20:07.669615+00:00,DESKTOP-A3EGFSV$,4703,,,C:\Windows\System32\svchost.exe
DESKTOP-A3EGFSV$,2026-04-20 18:20:07.672062+00:00,DESKTOP-A3EGFSV$,4703,,,C:\Windows\System32\svchost.exe
DESKTOP-A3EGFSV$,2026-04-20 18:20:07.676424+00:00,DESKTOP-A3EGFSV$,4703,,,C:\Windows\System32\svchost.exe
DESKTOP-A3EGFSV$,2026-04-20 18:20:07.687109+00:00,DESKTOP-A3EGFSV$,4703,,,C:\Windows\System32\svchost.exe
pizza,2026-04-20 18:20:07.759777+00:00,DESKTOP-A3EGFSV$,4688,C:\Windows\System32\svchost.exe,"""C:\WINDOWS\system32\BackgroundTaskHost.exe"" -ServerName:BackgroundTaskHost.WebAccountProvider",
,2026-04-20 18:20:07.876188+00:00,pizza,4689,,,C:\Windows\System32\backgroundTaskHost.exe
,2026-04-20 18:20:07.890940+00:00,pizza,4689,,,C:\Windows\System32\SecurityHealthHost.exe
Administrator,2026-04-20 18:20:08.012997+00:00,DESKTOP-A3EGFSV$,4798,,,
DefaultAccount,2026-04-20 18:20:08.013962+00:00,DESKTOP-A3EGFSV$,4798,,,
Guest,2026-04-20 18:20:08.014296+00:00,DESKTOP-A3EGFSV$,4798,,,
pizza,2026-04-20 18:20:08.014727+00:00,DESKTOP-A3EGFSV$,4798,,,
Administrator,2026-04-20 18:20:08.016821+00:00,DESKTOP-A3EGFSV$,4798,,,
DefaultAccount,2026-04-20 18:20:08.017189+00:00,DESKTOP-A3EGFSV$,4798,,,
Guest,2026-04-20 18:20:08.017551+00:00,DESKTOP-A3EGFSV$,4798,,,
pizza,2026-04-20 18:20:08.017885+00:00,DESKTOP-A3EGFSV$,4798,,,
DESKTOP-A3EGFSV$,2026-04-20 18:20:08.237394+00:00,DESKTOP-A3EGFSV$,4703,,,C:\Windows\System32\svchost.exe
DESKTOP-A3EGFSV$,2026-04-20 18:20:08.237820+00:00,DESKTOP-A3EGFSV$,4703,,,C:\Windows\System32\svchost.exe
DESKTOP-A3EGFSV$,2026-04-20 18:20:08.253525+00:00,DESKTOP-A3EGFSV$,4703,,,C:\Windows\System32\svchost.exe
DESKTOP-A3EGFSV$,2026-04-20 18:20:08.254658+00:00,DESKTOP-A3EGFSV$,4703,,,C:\Windows\System32\svchost.exe
DESKTOP-A3EGFSV$,2026-04-20 18:20:08.255011+00:00,DESKTOP-A3EGFSV$,4703,,,C:\Windows\System32\svchost.exe
DESKTOP-A3EGFSV$,2026-04-20 18:20:08.256735+00:00,DESKTOP-A3EGFSV$,4703,,,C:\Windows\System32\svchost.exe
DESKTOP-A3EGFSV$,2026-04-20 18:20:08.307104+00:00,DESKTOP-A3EGFSV$,4703,,,C:\Windows\System32\svchost.exe
DESKTOP-A3EGFSV$,2026-04-20 18:20:08.307587+00:00,DESKTOP-A3EGFSV$,4703,,,C:\Windows\System32\svchost.exe
DESKTOP-A3EGFSV$,2026-04-20 18:20:08.311638+00:00,DESKTOP-A3EGFSV$,4703,,,C:\Windows\System32\svchost.exe
DESKTOP-A3EGFSV$,2026-04-20 18:20:08.312742+00:00,DESKTOP-A3EGFSV$,4703,,,C:\Windows\System32\svchost.exe
DESKTOP-A3EGFSV$,2026-04-20 18:20:08.313112+00:00,DESKTOP-A3EGFSV$,4703,,,C:\Windows\System32\svchost.exe
DESKTOP-A3EGFSV$,2026-04-20 18:20:08.314636+00:00,DESKTOP-A3EGFSV$,4703,,,C:\Windows\System32\svchost.exe
DESKTOP-A3EGFSV$,2026-04-20 18:20:08.321835+00:00,DESKTOP-A3EGFSV$,4703,,,C:\Windows\System32\svchost.exe
DESKTOP-A3EGFSV$,2026-04-20 18:20:08.322647+00:00,DESKTOP-A3EGFSV$,4703,,,C:\Windows\System32\svchost.exe
DESKTOP-A3EGFSV$,2026-04-20 18:20:08.326418+00:00,DESKTOP-A3EGFSV$,4703,,,C:\Windows\System32\svchost.exe
DESKTOP-A3EGFSV$,2026-04-20 18:20:08.327330+00:00,DESKTOP-A3EGFSV$,4703,,,C:\Windows\System32\svchost.exe
DESKTOP-A3EGFSV$,2026-04-20 18:20:08.327595+00:00,DESKTOP-A3EGFSV$,4703,,,C:\Windows\System32\svchost.exe
DESKTOP-A3EGFSV$,2026-04-20 18:20:08.329306+00:00,DESKTOP-A3EGFSV$,4703,,,C:\Windows\System32\svchost.exe
-,2026-04-20 18:20:08.344797+00:00,DESKTOP-A3EGFSV$,4688,C:\Windows\System32\svchost.exe,"""C:\WINDOWS\uus\packages\preview\AMD64\MoUsoCoreWorker.exe"" useprivatenamespaces",
SYSTEM,2026-04-20 18:20:08.440157+00:00,DESKTOP-A3EGFSV$,4624,,,C:\Windows\System32\services.exe
,2026-04-20 18:20:08.440163+00:00,SYSTEM,4672,,,
-,2026-04-20 18:20:08.441828+00:00,DESKTOP-A3EGFSV$,4688,C:\Windows\System32\services.exe,C:\WINDOWS\system32\svchost.exe -k wusvcs -p -s WaaSMedicSvc,
DESKTOP-A3EGFSV$,2026-04-20 18:20:08.549618+00:00,DESKTOP-A3EGFSV$,4703,,,C:\Windows\System32\svchost.exe
DESKTOP-A3EGFSV$,2026-04-20 18:20:08.552778+00:00,DESKTOP-A3EGFSV$,4703,,,C:\Windows\System32\svchost.exe
DESKTOP-A3EGFSV$,2026-04-20 18:20:08.556942+00:00,DESKTOP-A3EGFSV$,4703,,,C:\Windows\System32\svchost.exe
pizza,2026-04-20 18:20:08.625587+00:00,DESKTOP-A3EGFSV$,4688,C:\Windows\System32\svchost.exe,"""C:\WINDOWS\system32\BackgroundTaskHost.exe"" -ServerName:BackgroundTaskHost.WebAccountProvider",
pizza,2026-04-20 18:20:08.687078+00:00,DESKTOP-A3EGFSV$,4688,C:\Windows\System32\svchost.exe,C:\Windows\System32\RuntimeBroker.exe -Embedding,
DESKTOP-A3EGFSV$,2026-04-20 18:20:08.738214+00:00,DESKTOP-A3EGFSV$,4703,,,C:\Windows\System32\svchost.exe
DESKTOP-A3EGFSV$,2026-04-20 18:20:08.739883+00:00,DESKTOP-A3EGFSV$,4703,,,C:\Windows\System32\svchost.exe
,2026-04-20 18:20:08.752056+00:00,pizza,4689,,,C:\Windows\System32\backgroundTaskHost.exe
DESKTOP-A3EGFSV$,2026-04-20 18:20:08.760904+00:00,DESKTOP-A3EGFSV$,4703,,,C:\Windows\System32\svchost.exe
DESKTOP-A3EGFSV$,2026-04-20 18:20:08.764479+00:00,DESKTOP-A3EGFSV$,4703,,,C:\Windows\System32\svchost.exe
DESKTOP-A3EGFSV$,2026-04-20 18:20:08.764830+00:00,DESKTOP-A3EGFSV$,4703,,,C:\Windows\System32\svchost.exe
DESKTOP-A3EGFSV$,2026-04-20 18:20:08.767542+00:00,DESKTOP-A3EGFSV$,4703,,,C:\Windows\System32\svchost.exe
DESKTOP-A3EGFSV$,2026-04-20 18:20:08.838114+00:00,DESKTOP-A3EGFSV$,4703,,,C:\Windows\System32\svchost.exe
DESKTOP-A3EGFSV$,2026-04-20 18:20:08.838562+00:00,DESKTOP-A3EGFSV$,4703,,,C:\Windows\System32\svchost.exe
DESKTOP-A3EGFSV$,2026-04-20 18:20:08.842226+00:00,DESKTOP-A3EGFSV$,4703,,,C:\Windows\System32\svchost.exe
DESKTOP-A3EGFSV$,2026-04-20 18:20:08.843109+00:00,DESKTOP-A3EGFSV$,4703,,,C:\Windows\System32\svchost.exe
DESKTOP-A3EGFSV$,2026-04-20 18:20:08.843428+00:00,DESKTOP-A3EGFSV$,4703,,,C:\Windows\System32\svchost.exe
DESKTOP-A3EGFSV$,2026-04-20 18:20:08.844959+00:00,DESKTOP-A3EGFSV$,4703,,,C:\Windows\System32\svchost.exe
DESKTOP-A3EGFSV$,2026-04-20 18:20:08.846939+00:00,DESKTOP-A3EGFSV$,4703,,,C:\Windows\System32\svchost.exe
DESKTOP-A3EGFSV$,2026-04-20 18:20:08.847301+00:00,DESKTOP-A3EGFSV$,4703,,,C:\Windows\System32\svchost.exe
DESKTOP-A3EGFSV$,2026-04-20 18:20:10.959856+00:00,DESKTOP-A3EGFSV$,4703,,,C:\Windows\System32\svchost.exe
DESKTOP-A3EGFSV$,2026-04-20 18:20:10.960304+00:00,DESKTOP-A3EGFSV$,4703,,,C:\Windows\System32\svchost.exe
DESKTOP-A3EGFSV$,2026-04-20 18:20:10.960712+00:00,DESKTOP-A3EGFSV$,4703,,,C:\Windows\System32\svchost.exe
,2026-04-20 18:20:11.698933+00:00,pizza,4689,,,C:\Windows\System32\RuntimeBroker.exe
DESKTOP-A3EGFSV$,2026-04-20 18:20:12.003195+00:00,DESKTOP-A3EGFSV$,4703,,,C:\Windows\System32\svchost.exe
,2026-04-20 18:20:12.720778+00:00,DESKTOP-A3EGFSV$,5379,,,
,2026-04-20 18:20:12.720924+00:00,DESKTOP-A3EGFSV$,5379,,,
,2026-04-20 18:20:12.721680+00:00,DESKTOP-A3EGFSV$,5379,,,
,2026-04-20 18:20:13.017982+00:00,DESKTOP-A3EGFSV$,5379,,,
,2026-04-20 18:20:13.019081+00:00,DESKTOP-A3EGFSV$,5379,,,
,2026-04-20 18:20:13.028622+00:00,DESKTOP-A3EGFSV$,5379,,,
,2026-04-20 18:20:13.028685+00:00,DESKTOP-A3EGFSV$,5379,,,
Administrator,2026-04-20 18:20:13.456327+00:00,DESKTOP-A3EGFSV$,4798,,,
DefaultAccount,2026-04-20 18:20:13.456642+00:00,DESKTOP-A3EGFSV$,4798,,,
Guest,2026-04-20 18:20:13.457066+00:00,DESKTOP-A3EGFSV$,4798,,,
pizza,2026-04-20 18:20:13.457415+00:00,DESKTOP-A3EGFSV$,4798,,,
,2026-04-20 18:20:13.475956+00:00,DESKTOP-A3EGFSV$,4689,,,C:\Windows\System32\taskhostw.exe
,2026-04-20 18:20:13.518440+00:00,DESKTOP-A3EGFSV$,4689,,,C:\Windows\System32\SearchFilterHost.exe
,2026-04-20 18:20:13.527048+00:00,DESKTOP-A3EGFSV$,4689,,,C:\Windows\System32\SearchFilterHost.exe
pizza,2026-04-20 18:20:16.039593+00:00,DESKTOP-A3EGFSV$,4688,C:\Windows\System32\SearchIndexer.exe,"""C:\WINDOWS\System32\SearchProtocolHost.exe"" Global\UsGthrFltPipeMssGthrPipe_S-1-5-21-659606535-1042573559-2797446579-10016_ Global\UsGthrCtrlFltPipeMssGthrPipe_S-1-5-21-659606535-1042573559-2797446579-10016 1 -2147483646 ""Software\Microsoft\Windows Search"" ""Mozilla/4.0 (compatible; MSIE 6.0; Windows NT; MS Search 4.0 Robot)"" ""C:\ProgramData\Microsoft\Search\Data\Temp\usgthrsvc"" ""DownLevelDaemon""  ""1""",
,2026-04-20 18:20:20.978012+00:00,pizza,4689,,,C:\Windows\System32\SearchProtocolHost.exe
,2026-04-20 18:20:26.624989+00:00,DESKTOP-A3EGFSV$,4689,,,C:\Windows\System32\SearchProtocolHost.exe
DESKTOP-A3EGFSV$,2026-04-20 18:20:50.958687+00:00,DESKTOP-A3EGFSV$,4703,,,C:\Windows\System32\svchost.exe
,2026-04-20 18:20:53.494802+00:00,pizza,4689,,,C:\Windows\System32\RuntimeBroker.exe
-,2026-04-20 18:20:57.577251+00:00,system44,4688,C:\Windows\System32\cmd.exe,runas  /user:Administrator cmd.exe ,
,2026-04-20 18:20:57.621664+00:00,system44,5379,,,
Administrator,2026-04-20 18:20:59.447212+00:00,,4776,,,
Administrator,2026-04-20 18:20:59.447306+00:00,system44,4625,,,C:\Windows\System32\svchost.exe
,2026-04-20 18:20:59.449938+00:00,system44,4689,,,C:\Windows\System32\runas.exe
pizza,2026-04-20 18:21:06.441010+00:00,DESKTOP-A3EGFSV$,4688,C:\Windows\System32\svchost.exe,taskhostw.exe Logon,
,2026-04-20 18:21:06.471331+00:00,pizza,4689,,,C:\Windows\System32\taskhostw.exe
-,2026-04-20 18:21:07.190374+00:00,DESKTOP-A3EGFSV$,4688,C:\Windows\System32\svchost.exe,taskhostw.exe,
,2026-04-20 18:21:08.199980+00:00,DESKTOP-A3EGFSV$,4689,,,C:\Windows\System32\taskhostw.exe
DESKTOP-A3EGFSV$,2026-04-20 18:21:11.121147+00:00,DESKTOP-A3EGFSV$,4703,,,C:\Windows\System32\svchost.exe
DESKTOP-A3EGFSV$,2026-04-20 18:21:11.122452+00:00,DESKTOP-A3EGFSV$,4703,,,C:\Windows\System32\svchost.exe
DESKTOP-A3EGFSV$,2026-04-20 18:21:11.130589+00:00,DESKTOP-A3EGFSV$,4703,,,C:\Windows\System32\svchost.exe
DESKTOP-A3EGFSV$,2026-04-20 18:21:11.131277+00:00,DESKTOP-A3EGFSV$,4703,,,C:\Windows\System32\svchost.exe
DESKTOP-A3EGFSV$,2026-04-20 18:21:11.146046+00:00,DESKTOP-A3EGFSV$,4703,,,C:\Windows\System32\svchost.exe
DESKTOP-A3EGFSV$,2026-04-20 18:21:11.146597+00:00,DESKTOP-A3EGFSV$,4703,,,C:\Windows\System32\svchost.exe
-,2026-04-20 18:21:11.212891+00:00,pizza,4688,C:\Program Files\WindowsApps\MicrosoftWindows.Client.WebExperience_526.7600.30.0_x64__cw5n1h2txyewy\Dashboard\Widgets.exe,"""C:\Program Files (x86)\Microsoft\EdgeWebView\Application\147.0.3912.72\msedgewebview2.exe"" --embedded-browser-webview=1 --webview-exe-name=Widgets.exe --webview-exe-version=526.7600.10.0 --user-data-dir=""C:\Users\pizza\AppData\Local\Packages\MicrosoftWindows.Client.WebExperience_cw5n1h2txyewy\LocalState\EBWebView"" --noerrdialogs --disk-cache-size=52428800 --edge-webview-is-background --lang=en-US --mojo-named-platform-channel-pipe=5660.7948.5888409979523775640 /pfhostedapp:a8eda00653c581dfd3dbafe4c7afd6e7acade90e",
-,2026-04-20 18:21:11.279772+00:00,pizza,4688,C:\Program Files (x86)\Microsoft\EdgeWebView\Application\147.0.3912.72\msedgewebview2.exe,"""C:\Program Files (x86)\Microsoft\EdgeWebView\Application\147.0.3912.72\msedgewebview2.exe"" --type=crashpad-handler --user-data-dir=C:\Users\pizza\AppData\Local\Packages\MicrosoftWindows.Client.WebExperience_cw5n1h2txyewy\LocalState\EBWebView /prefetch:4 /pfhostedapp:a8eda00653c581dfd3dbafe4c7afd6e7acade90e --monitor-self-annotation=ptype=crashpad-handler --database=C:\Users\pizza\AppData\Local\Packages\MicrosoftWindows.Client.WebExperience_cw5n1h2txyewy\LocalState\EBWebView\Crashpad --metrics-dir=C:\Users\pizza\AppData\Local\Packages\MicrosoftWindows.Client.WebExperience_cw5n1h2txyewy\LocalState\EBWebView --annotation=IsOfficialBuild=1 --annotation=channel= --annotation=chromium-version=147.0.7727.102 ""--annotation=exe=C:\Program Files (x86)\Microsoft\EdgeWebView\Application\147.0.3912.72\msedgewebview2.exe"" --annotation=plat=Win64 ""--annotation=prod=Edge WebView2"" --annotation=ver=147.0.3912.72 --initial-client-data=0x170,0x174,0x178,0x14c,0x184,0x7ff8f9c80d58,0x7ff8f9c80d64,0x7ff8f9c80d70",
,2026-04-20 18:21:11.412333+00:00,pizza,4695,,,
,2026-04-20 18:21:11.456043+00:00,pizza,4695,,,
,2026-04-20 18:21:11.456373+00:00,pizza,4695,,,
-,2026-04-20 18:21:11.532837+00:00,pizza,4688,C:\Program Files (x86)\Microsoft\EdgeWebView\Application\147.0.3912.72\msedgewebview2.exe,"""C:\Program Files (x86)\Microsoft\EdgeWebView\Application\147.0.3912.72\msedgewebview2.exe"" --type=utility --utility-sub-type=network.mojom.NetworkService --lang=en-US --service-sandbox-type=none --noerrdialogs --user-data-dir=""C:\Users\pizza\AppData\Local\Packages\MicrosoftWindows.Client.WebExperience_cw5n1h2txyewy\LocalState\EBWebView"" --webview-exe-name=Widgets.exe --webview-exe-version=526.7600.10.0 --embedded-browser-webview=1 --startup-read-main-dll --metrics-shmem-handle=1756,i,15227607032273021556,1455191140216430671,524288 --field-trial-handle=1916,i,8475151275043537856,18309988375204392182,262144 --variations-seed-version --pseudonymization-salt-handle=1920,i,4440707642674163357,1927607937294856924,4 --trace-process-track-uuid=3190708989122997041 --mojo-platform-channel-handle=2336 /prefetch:11 /pfhostedapp:a8eda00653c581dfd3dbafe4c7afd6e7acade90e",
-,2026-04-20 18:21:11.563105+00:00,pizza,4688,C:\Program Files (x86)\Microsoft\EdgeWebView\Application\147.0.3912.72\msedgewebview2.exe,"""C:\Program Files (x86)\Microsoft\EdgeWebView\Application\147.0.3912.72\msedgewebview2.exe"" --type=utility --utility-sub-type=storage.mojom.StorageService --lang=en-US --service-sandbox-type=service --noerrdialogs --user-data-dir=""C:\Users\pizza\AppData\Local\Packages\MicrosoftWindows.Client.WebExperience_cw5n1h2txyewy\LocalState\EBWebView"" --webview-exe-name=Widgets.exe --webview-exe-version=526.7600.10.0 --embedded-browser-webview=1 --startup-read-main-dll --metrics-shmem-handle=1940,i,103077820383697856,16330345820596879769,524288 --field-trial-handle=1916,i,8475151275043537856,18309988375204392182,262144 --variations-seed-version --pseudonymization-salt-handle=1920,i,4440707642674163357,1927607937294856924,4 --trace-process-track-uuid=3190708990060038890 --mojo-platform-channel-handle=2472 /prefetch:13 /pfhostedapp:a8eda00653c581dfd3dbafe4c7afd6e7acade90e",
-,2026-04-20 18:21:11.597017+00:00,pizza,4688,C:\Program Files (x86)\Microsoft\EdgeWebView\Application\147.0.3912.72\msedgewebview2.exe,"""C:\Program Files (x86)\Microsoft\EdgeWebView\Application\147.0.3912.72\msedgewebview2.exe"" --type=gpu-process --noerrdialogs --user-data-dir=""C:\Users\pizza\AppData\Local\Packages\MicrosoftWindows.Client.WebExperience_cw5n1h2txyewy\LocalState\EBWebView"" --webview-exe-name=Widgets.exe --webview-exe-version=526.7600.10.0 --embedded-browser-webview=1 --gpu-preferences=SAAAAAAAAADgAAAEAAAAAAAAAAAAAGAAAQAAAAAAAAAAAAAAAAAAAAIAAAAAAAAAAAAAAAAAAAAQAAAAAAAAABAAAAAAAAAACAAAAAAAAAAIAAAAAAAAAA== --startup-read-main-dll --metrics-shmem-handle=1536,i,3298665752968690339,3974902693660632727,262144 --field-trial-handle=1916,i,8475151275043537856,18309988375204392182,262144 --variations-seed-version --pseudonymization-salt-handle=1920,i,4440707642674163357,1927607937294856924,4 --trace-process-track-uuid=3190708988185955192 --mojo-platform-channel-handle=1912 /prefetch:2 /pfhostedapp:a8eda00653c581dfd3dbafe4c7afd6e7acade90e",
-,2026-04-20 18:21:11.695446+00:00,pizza,4688,C:\Program Files (x86)\Microsoft\EdgeWebView\Application\147.0.3912.72\msedgewebview2.exe,"""C:\Program Files (x86)\Microsoft\EdgeWebView\Application\147.0.3912.72\msedgewebview2.exe"" --type=renderer --noerrdialogs --user-data-dir=""C:\Users\pizza\AppData\Local\Packages\MicrosoftWindows.Client.WebExperience_cw5n1h2txyewy\LocalState\EBWebView"" --webview-exe-name=Widgets.exe --webview-exe-version=526.7600.10.0 --embedded-browser-webview=1 --video-capture-use-gpu-memory-buffer --lang=en-US --js-flags=--expose-gc --device-scale-factor=1 --num-raster-threads=1 --renderer-client-id=5 --time-ticks-at-unix-epoch=-1776708462348892 --launch-time-ticks=809339078 --ram-no-pressure-read-main-dll --metrics-shmem-handle=3632,i,9006064605672458074,15055845924551964456,2097152 --field-trial-handle=1916,i,8475151275043537856,18309988375204392182,262144 --variations-seed-version --pseudonymization-salt-handle=1920,i,4440707642674163357,1927607937294856924,4 --trace-process-track-uuid=3190708990997080739 --mojo-platform-channel-handle=3640 /pfhostedapp:a8eda00653c581dfd3dbafe4c7afd6e7acade90e /prefetch:1",
SYSTEM,2026-04-20 18:21:11.837259+00:00,DESKTOP-A3EGFSV$,4624,,,C:\Windows\System32\services.exe
,2026-04-20 18:21:11.837267+00:00,SYSTEM,4672,,,
-,2026-04-20 18:21:11.838402+00:00,DESKTOP-A3EGFSV$,4688,C:\Windows\System32\services.exe,C:\WINDOWS\System32\svchost.exe -k WerSvcGroup,
DESKTOP-A3EGFSV$,2026-04-20 18:21:11.855145+00:00,DESKTOP-A3EGFSV$,4703,,,C:\Windows\System32\svchost.exe
DESKTOP-A3EGFSV$,2026-04-20 18:21:11.855650+00:00,DESKTOP-A3EGFSV$,4703,,,C:\Windows\System32\svchost.exe
,2026-04-20 18:21:12.217850+00:00,DESKTOP-A3EGFSV$,4689,,,C:\Windows\System32\svchost.exe
,2026-04-20 18:21:12.288780+00:00,DESKTOP-A3EGFSV$,4689,,,C:\Windows\UUS\Packages\Preview\amd64\MoUsoCoreWorker.exe
-,2026-04-20 18:21:14.981125+00:00,system44,4688,C:\Windows\System32\cmd.exe,runas  system44 /user:Administrator cmd.exe ,
,2026-04-20 18:21:14.996964+00:00,system44,4689,,,C:\Windows\System32\runas.exe
Administrator,2026-04-20 18:21:16.723862+00:00,DESKTOP-A3EGFSV$,4798,,,
DefaultAccount,2026-04-20 18:21:16.724785+00:00,DESKTOP-A3EGFSV$,4798,,,
Guest,2026-04-20 18:21:16.725130+00:00,DESKTOP-A3EGFSV$,4798,,,
pizza,2026-04-20 18:21:16.725449+00:00,DESKTOP-A3EGFSV$,4798,,,
Administrator,2026-04-20 18:21:16.728123+00:00,DESKTOP-A3EGFSV$,4798,,,
DefaultAccount,2026-04-20 18:21:16.728418+00:00,DESKTOP-A3EGFSV$,4798,,,
Guest,2026-04-20 18:21:16.728710+00:00,DESKTOP-A3EGFSV$,4798,,,
pizza,2026-04-20 18:21:16.729010+00:00,DESKTOP-A3EGFSV$,4798,,,
Administrator,2026-04-20 18:21:16.751427+00:00,DESKTOP-A3EGFSV$,4798,,,
DefaultAccount,2026-04-20 18:21:16.752254+00:00,DESKTOP-A3EGFSV$,4798,,,
Guest,2026-04-20 18:21:16.752600+00:00,DESKTOP-A3EGFSV$,4798,,,
pizza,2026-04-20 18:21:16.752932+00:00,DESKTOP-A3EGFSV$,4798,,,
Administrator,2026-04-20 18:21:16.755878+00:00,DESKTOP-A3EGFSV$,4798,,,
DefaultAccount,2026-04-20 18:21:16.756205+00:00,DESKTOP-A3EGFSV$,4798,,,
Guest,2026-04-20 18:21:16.756506+00:00,DESKTOP-A3EGFSV$,4798,,,
pizza,2026-04-20 18:21:16.756849+00:00,DESKTOP-A3EGFSV$,4798,,,
-,2026-04-20 18:21:17.173574+00:00,DESKTOP-A3EGFSV$,4688,C:\Windows\System32\svchost.exe,taskhostw.exe,
,2026-04-20 18:21:17.192776+00:00,DESKTOP-A3EGFSV$,4689,,,C:\Windows\System32\taskhostw.exe
,2026-04-20 18:21:17.843250+00:00,pizza,5379,,,
,2026-04-20 18:21:17.844707+00:00,pizza,5379,,,
,2026-04-20 18:21:17.844948+00:00,pizza,5379,,,
,2026-04-20 18:21:17.850050+00:00,pizza,5379,,,
,2026-04-20 18:21:17.852304+00:00,pizza,5379,,,
,2026-04-20 18:21:18.245403+00:00,pizza,5379,,,
,2026-04-20 18:21:18.245699+00:00,pizza,5379,,,
,2026-04-20 18:21:18.245932+00:00,pizza,5379,,,
,2026-04-20 18:21:18.246073+00:00,pizza,5379,,,
,2026-04-20 18:21:18.246315+00:00,pizza,5379,,,
,2026-04-20 18:21:18.246439+00:00,pizza,5379,,,
,2026-04-20 18:21:18.246655+00:00,pizza,5379,,,
,2026-04-20 18:21:18.246794+00:00,pizza,5379,,,
,2026-04-20 18:21:18.247036+00:00,pizza,5379,,,
,2026-04-20 18:21:18.247171+00:00,pizza,5379,,,
,2026-04-20 18:21:18.247351+00:00,pizza,5379,,,
,2026-04-20 18:21:18.247452+00:00,pizza,5379,,,
,2026-04-20 18:21:18.247620+00:00,pizza,5379,,,
,2026-04-20 18:21:18.247738+00:00,pizza,5379,,,
,2026-04-20 18:21:18.247906+00:00,pizza,5379,,,
,2026-04-20 18:21:18.248383+00:00,pizza,5379,,,
,2026-04-20 18:21:18.254480+00:00,pizza,5379,,,
,2026-04-20 18:21:18.254683+00:00,pizza,5379,,,
,2026-04-20 18:21:18.254866+00:00,pizza,5379,,,
,2026-04-20 18:21:18.254999+00:00,pizza,5379,,,
,2026-04-20 18:21:18.255163+00:00,pizza,5379,,,
,2026-04-20 18:21:18.255283+00:00,pizza,5379,,,
,2026-04-20 18:21:18.255432+00:00,pizza,5379,,,
,2026-04-20 18:21:18.255552+00:00,pizza,5379,,,
,2026-04-20 18:21:18.255695+00:00,pizza,5379,,,
,2026-04-20 18:21:18.255859+00:00,pizza,5379,,,
,2026-04-20 18:21:18.256023+00:00,pizza,5379,,,
,2026-04-20 18:21:18.256142+00:00,pizza,5379,,,
,2026-04-20 18:21:18.256300+00:00,pizza,5379,,,
,2026-04-20 18:21:18.265619+00:00,pizza,5379,,,
,2026-04-20 18:21:18.265839+00:00,pizza,5379,,,
,2026-04-20 18:21:18.266102+00:00,pizza,5379,,,
,2026-04-20 18:21:18.266254+00:00,pizza,5379,,,
,2026-04-20 18:21:18.266434+00:00,pizza,5379,,,
,2026-04-20 18:21:18.266573+00:00,pizza,5379,,,
,2026-04-20 18:21:18.266727+00:00,pizza,5379,,,
,2026-04-20 18:21:18.266851+00:00,pizza,5379,,,
,2026-04-20 18:21:18.267017+00:00,pizza,5379,,,
,2026-04-20 18:21:18.267139+00:00,pizza,5379,,,
,2026-04-20 18:21:18.267286+00:00,pizza,5379,,,
,2026-04-20 18:21:18.267405+00:00,pizza,5379,,,
,2026-04-20 18:21:18.267553+00:00,pizza,5379,,,
,2026-04-20 18:21:18.269373+00:00,pizza,5379,,,
,2026-04-20 18:21:18.269743+00:00,pizza,5379,,,
,2026-04-20 18:21:18.288757+00:00,pizza,5379,,,
,2026-04-20 18:21:18.288992+00:00,pizza,5379,,,
,2026-04-20 18:21:18.289192+00:00,pizza,5379,,,
,2026-04-20 18:21:18.289326+00:00,pizza,5379,,,
,2026-04-20 18:21:18.289511+00:00,pizza,5379,,,
,2026-04-20 18:21:18.289639+00:00,pizza,5379,,,
,2026-04-20 18:21:18.289793+00:00,pizza,5379,,,
,2026-04-20 18:21:18.291134+00:00,pizza,5379,,,
,2026-04-20 18:21:18.291433+00:00,pizza,5379,,,
,2026-04-20 18:21:18.291609+00:00,pizza,5379,,,
,2026-04-20 18:21:18.291763+00:00,pizza,5379,,,
,2026-04-20 18:21:18.291870+00:00,pizza,5379,,,
,2026-04-20 18:21:18.292147+00:00,pizza,5379,,,
,2026-04-20 18:21:18.292299+00:00,pizza,5379,,,
Administrators,2026-04-20 18:21:19.058132+00:00,pizza,4799,,,
-,2026-04-20 18:21:25.516350+00:00,system44,4688,C:\Windows\System32\cmd.exe,runas  system44 /user:Administrator cmd,
,2026-04-20 18:21:25.533676+00:00,system44,4689,,,C:\Windows\System32\runas.exe
-,2026-04-20 18:21:32.012966+00:00,pizza,4688,C:\Program Files (x86)\Microsoft\Edge\Application\msedge.exe,"""C:\Program Files (x86)\Microsoft\Edge\Application\msedge.exe"" --type=utility --utility-sub-type=edge_xpay_wallet.mojom.EdgeXPayWalletService --lang=en-US --service-sandbox-type=utility --ram-no-pressure-read-main-dll --metrics-shmem-handle=7260,i,1911942056554340711,11676471949229481633,524288 --field-trial-handle=2252,i,3616932261551619570,7225375466808652926,262144 --variations-seed-version --pseudonymization-salt-handle=2256,i,1669410902296250306,8362656500808665194,4 --trace-process-track-uuid=3190709010674959568 --mojo-platform-channel-handle=4800 /prefetch:14",
,2026-04-20 18:21:35.122759+00:00,DESKTOP-A3EGFSV$,4689,,,C:\Windows\System32\svchost.exe
,2026-04-20 18:21:37.696075+00:00,DESKTOP-A3EGFSV$,4689,,,C:\Windows\System32\wbem\WmiPrvSE.exe
,2026-04-20 18:21:54.647348+00:00,DESKTOP-A3EGFSV$,4689,,,C:\Windows\System32\svchost.exe
,2026-04-20 18:22:03.292454+00:00,LOCAL SERVICE,4689,,,C:\Windows\System32\audiodg.exe
,2026-04-20 18:22:07.713072+00:00,LOCAL SERVICE,4689,,,C:\Windows\System32\wbem\WmiPrvSE.exe
,2026-04-20 18:22:19.800928+00:00,pizza,4689,,,C:\Windows\System32\SearchProtocolHost.exe
-,2026-04-20 18:23:02.641783+00:00,DESKTOP-A3EGFSV$,4688,C:\Windows\System32\svchost.exe,"""C:\WINDOWS\system32\usoclient.exe"" StartWork",
-,2026-04-20 18:23:02.679106+00:00,DESKTOP-A3EGFSV$,4688,C:\Windows\System32\svchost.exe,"""C:\WINDOWS\system32\sc.exe"" start pushtoinstall registration",
-,2026-04-20 18:23:02.687737+00:00,DESKTOP-A3EGFSV$,4688,C:\Windows\System32\sc.exe,\??\C:\WINDOWS\system32\conhost.exe 0xffffffff -ForceV1,
SYSTEM,2026-04-20 18:23:02.721243+00:00,DESKTOP-A3EGFSV$,4624,,,C:\Windows\System32\services.exe
,2026-04-20 18:23:02.721249+00:00,SYSTEM,4672,,,
-,2026-04-20 18:23:02.722500+00:00,DESKTOP-A3EGFSV$,4688,C:\Windows\System32\services.exe,C:\WINDOWS\System32\svchost.exe -k netsvcs -p -s PushToInstall,
-,2026-04-20 18:23:02.743160+00:00,DESKTOP-A3EGFSV$,4688,C:\Windows\System32\svchost.exe,"""C:\WINDOWS\uus\packages\preview\AMD64\MoUsoCoreWorker.exe"" useprivatenamespaces",
,2026-04-20 18:23:02.805071+00:00,DESKTOP-A3EGFSV$,4689,,,C:\Windows\System32\sc.exe
,2026-04-20 18:23:02.809347+00:00,DESKTOP-A3EGFSV$,4689,,,C:\Windows\System32\conhost.exe
,2026-04-20 18:23:02.824371+00:00,DESKTOP-A3EGFSV$,5379,,,
,2026-04-20 18:23:02.824471+00:00,DESKTOP-A3EGFSV$,5379,,,
,2026-04-20 18:23:02.825008+00:00,DESKTOP-A3EGFSV$,5379,,,
SYSTEM,2026-04-20 18:23:02.840218+00:00,DESKTOP-A3EGFSV$,4624,,,C:\Windows\System32\services.exe
,2026-04-20 18:23:02.840223+00:00,SYSTEM,4672,,,
-,2026-04-20 18:23:02.842010+00:00,DESKTOP-A3EGFSV$,4688,C:\Windows\System32\services.exe,C:\WINDOWS\system32\svchost.exe -k wusvcs -p -s WaaSMedicSvc,
,2026-04-20 18:23:02.956903+00:00,DESKTOP-A3EGFSV$,4689,,,C:\Windows\System32\UsoClient.exe
,2026-04-20 18:23:03.059441+00:00,DESKTOP-A3EGFSV$,5379,,,
,2026-04-20 18:23:03.059914+00:00,DESKTOP-A3EGFSV$,5379,,,
,2026-04-20 18:23:03.067219+00:00,DESKTOP-A3EGFSV$,5379,,,
,2026-04-20 18:23:03.067324+00:00,DESKTOP-A3EGFSV$,5379,,,
pizza,2026-04-20 18:23:03.076008+00:00,DESKTOP-A3EGFSV$,4688,C:\Windows\System32\svchost.exe,"""C:\WINDOWS\system32\BackgroundTaskHost.exe"" -ServerName:BackgroundTaskHost.WebAccountProvider",
pizza,2026-04-20 18:23:03.151974+00:00,DESKTOP-A3EGFSV$,4688,C:\Windows\System32\svchost.exe,C:\Windows\System32\RuntimeBroker.exe -Embedding,
,2026-04-20 18:23:03.216856+00:00,pizza,4689,,,C:\Windows\System32\backgroundTaskHost.exe
,2026-04-20 18:23:07.835970+00:00,pizza,4689,,,C:\Windows\System32\taskhostw.exe
,2026-04-20 18:23:08.145451+00:00,DESKTOP-A3EGFSV$,4689,,,C:\Windows\System32\svchost.exe
,2026-04-20 18:23:12.483631+00:00,DESKTOP-A3EGFSV$,4689,,,C:\Windows\System32\svchost.exe
,2026-04-20 18:23:13.787683+00:00,pizza,4689,,,C:\Program Files (x86)\Microsoft\Edge\Application\msedge.exe
DESKTOP-A3EGFSV$,2026-04-20 18:23:13.980112+00:00,DESKTOP-A3EGFSV$,4703,,,C:\Windows\System32\svchost.exe
DESKTOP-A3EGFSV$,2026-04-20 18:23:13.980673+00:00,DESKTOP-A3EGFSV$,4703,,,C:\Windows\System32\svchost.exe
,2026-04-20 18:23:17.250198+00:00,system44,4689,,,C:\Windows\System32\cmd.exe
,2026-04-20 18:23:17.266294+00:00,system44,4689,,,C:\Windows\System32\conhost.exe
DESKTOP-A3EGFSV$,2026-04-20 18:23:17.268311+00:00,DESKTOP-A3EGFSV$,4703,,,C:\Windows\System32\svchost.exe
DESKTOP-A3EGFSV$,2026-04-20 18:23:17.268324+00:00,DESKTOP-A3EGFSV$,4703,,,C:\Windows\System32\svchost.exe
DESKTOP-A3EGFSV$,2026-04-20 18:23:17.271734+00:00,DESKTOP-A3EGFSV$,4703,,,C:\Windows\System32\svchost.exe
DESKTOP-A3EGFSV$,2026-04-20 18:23:17.271746+00:00,DESKTOP-A3EGFSV$,4703,,,C:\Windows\System32\svchost.exe
system44,2026-04-20 18:23:17.286253+00:00,,4634,,,
system44,2026-04-20 18:23:17.286472+00:00,,4634,,,
-,2026-04-20 18:23:18.275242+00:00,DESKTOP-A3EGFSV$,4688,C:\Windows\System32\SearchIndexer.exe,"""C:\WINDOWS\System32\SearchProtocolHost.exe"" Global\UsGthrFltPipeMssGthrPipe7_ Global\UsGthrCtrlFltPipeMssGthrPipe7 1 -2147483646 ""Software\Microsoft\Windows Search"" ""Mozilla/4.0 (compatible; MSIE 6.0; Windows NT; MS Search 4.0 Robot)"" ""C:\ProgramData\Microsoft\Search\Data\Temp\usgthrsvc"" ""DownLevelDaemon"" ",
,2026-04-20 18:23:21.192490+00:00,LOCAL SERVICE,4689,,,C:\Windows\System32\svchost.exe
-,2026-04-20 18:23:22.934237+00:00,pizza,4688,C:\Windows\System32\WindowsPowerShell\v1.0\powershell.exe,"""C:\WINDOWS\system32\runas.exe"" system44 /user:Administrator ""powershell Start-Process cmd.exe -Verb runAs""",
,2026-04-20 18:23:22.951151+00:00,pizza,4689,,,C:\Windows\System32\runas.exe
,2026-04-20 18:23:26.020952+00:00,pizza,4689,,,C:\Windows\System32\WindowsPowerShell\v1.0\powershell.exe
,2026-04-20 18:23:26.057611+00:00,pizza,4689,,,C:\Windows\System32\conhost.exe
-,2026-04-20 18:23:30.607594+00:00,DESKTOP-A3EGFSV$,4688,C:\Windows\System32\svchost.exe,consent.exe 1040 604 0000012C8815B5B0,
-,2026-04-20 18:23:30.767412+00:00,DESKTOP-A3EGFSV$,4688,C:\Windows\System32\svchost.exe,/QuitInfo:0000000000000350;000000000000035C; ,
-,2026-04-20 18:23:30.872499+00:00,LOCAL SERVICE,4688,C:\Windows\System32\svchost.exe,C:\WINDOWS\system32\AUDIODG.EXE 0x0000000000000234 0x0000000000000450,
-,2026-04-20 18:23:31.905859+00:00,DESKTOP-A3EGFSV$,4688,C:\Windows\System32\svchost.exe,taskhostw.exe,
pizza,2026-04-20 18:23:32.036392+00:00,DESKTOP-A3EGFSV$,4688,C:\Windows\System32\svchost.exe,"""C:\WINDOWS\system32\BackgroundTaskHost.exe"" -ServerName:BackgroundTaskHost.WebAccountProvider",
pizza,2026-04-20 18:23:32.054701+00:00,DESKTOP-A3EGFSV$,4688,C:\Windows\System32\svchost.exe,"""C:\WINDOWS\system32\backgroundTaskHost.exe"" -ServerName:App.AppXmtcan0h2tfbfy7k9kn8hbxb6dmzz1zh0.mca",
,2026-04-20 18:23:32.171431+00:00,pizza,4689,,,C:\Windows\System32\backgroundTaskHost.exe
,2026-04-20 18:23:32.570370+00:00,pizza,4689,,,C:\Windows\System32\backgroundTaskHost.exe
DESKTOP-A3EGFSV$,2026-04-20 18:23:32.607140+00:00,DESKTOP-A3EGFSV$,4703,,,C:\Windows\System32\consent.exe
DESKTOP-A3EGFSV$,2026-04-20 18:23:32.607143+00:00,DESKTOP-A3EGFSV$,4703,,,C:\Windows\System32\consent.exe
DESKTOP-A3EGFSV$,2026-04-20 18:23:32.607466+00:00,DESKTOP-A3EGFSV$,4703,,,C:\Windows\System32\consent.exe
DESKTOP-A3EGFSV$,2026-04-20 18:23:32.607471+00:00,DESKTOP-A3EGFSV$,4703,,,C:\Windows\System32\consent.exe
DESKTOP-A3EGFSV$,2026-04-20 18:23:32.610821+00:00,DESKTOP-A3EGFSV$,4703,,,C:\Windows\System32\consent.exe
DESKTOP-A3EGFSV$,2026-04-20 18:23:32.610823+00:00,DESKTOP-A3EGFSV$,4703,,,C:\Windows\System32\consent.exe
DESKTOP-A3EGFSV$,2026-04-20 18:23:32.610882+00:00,DESKTOP-A3EGFSV$,4703,,,C:\Windows\System32\consent.exe
DESKTOP-A3EGFSV$,2026-04-20 18:23:32.610884+00:00,DESKTOP-A3EGFSV$,4703,,,C:\Windows\System32\consent.exe
,2026-04-20 18:23:32.626419+00:00,DESKTOP-A3EGFSV$,4689,,,C:\Windows\System32\consent.exe
DESKTOP-A3EGFSV$,2026-04-20 18:23:32.648643+00:00,DESKTOP-A3EGFSV$,4703,,,C:\Windows\System32\svchost.exe
DESKTOP-A3EGFSV$,2026-04-20 18:23:32.648657+00:00,DESKTOP-A3EGFSV$,4703,,,C:\Windows\System32\svchost.exe
DESKTOP-A3EGFSV$,2026-04-20 18:23:32.648907+00:00,DESKTOP-A3EGFSV$,4703,,,C:\Windows\System32\svchost.exe
DESKTOP-A3EGFSV$,2026-04-20 18:23:32.648914+00:00,DESKTOP-A3EGFSV$,4703,,,C:\Windows\System32\svchost.exe
pizza,2026-04-20 18:23:32.654316+00:00,DESKTOP-A3EGFSV$,4688,C:\Windows\explorer.exe,"""C:\Windows\System32\WindowsPowerShell\v1.0\powershell.exe"" ",
-,2026-04-20 18:23:32.878185+00:00,pizza,4688,C:\Windows\System32\WindowsPowerShell\v1.0\powershell.exe,\??\C:\WINDOWS\system32\conhost.exe 0xffffffff -ForceV1,
,2026-04-20 18:23:32.899290+00:00,pizza,5379,,,
,2026-04-20 18:23:32.900496+00:00,pizza,5379,,,
,2026-04-20 18:23:32.900549+00:00,pizza,5379,,,
,2026-04-20 18:23:32.903929+00:00,pizza,5379,,,
,2026-04-20 18:23:32.906097+00:00,pizza,5379,,,
,2026-04-20 18:23:33.119312+00:00,pizza,5379,,,
,2026-04-20 18:23:33.119585+00:00,pizza,5379,,,
,2026-04-20 18:23:33.119835+00:00,pizza,5379,,,
,2026-04-20 18:23:33.119957+00:00,pizza,5379,,,
,2026-04-20 18:23:33.120113+00:00,pizza,5379,,,
,2026-04-20 18:23:33.120243+00:00,pizza,5379,,,
,2026-04-20 18:23:33.120502+00:00,pizza,5379,,,
,2026-04-20 18:23:33.120642+00:00,pizza,5379,,,
,2026-04-20 18:23:33.120810+00:00,pizza,5379,,,
,2026-04-20 18:23:33.120939+00:00,pizza,5379,,,
,2026-04-20 18:23:33.121090+00:00,pizza,5379,,,
,2026-04-20 18:23:33.121180+00:00,pizza,5379,,,
,2026-04-20 18:23:33.121321+00:00,pizza,5379,,,
,2026-04-20 18:23:33.121410+00:00,pizza,5379,,,
,2026-04-20 18:23:33.121542+00:00,pizza,5379,,,
,2026-04-20 18:23:33.121866+00:00,pizza,5379,,,
,2026-04-20 18:23:33.128721+00:00,pizza,5379,,,
,2026-04-20 18:23:33.128914+00:00,pizza,5379,,,
,2026-04-20 18:23:33.129089+00:00,pizza,5379,,,
,2026-04-20 18:23:33.129190+00:00,pizza,5379,,,
,2026-04-20 18:23:33.129374+00:00,pizza,5379,,,
,2026-04-20 18:23:33.129519+00:00,pizza,5379,,,
,2026-04-20 18:23:33.129679+00:00,pizza,5379,,,
,2026-04-20 18:23:33.129770+00:00,pizza,5379,,,
,2026-04-20 18:23:33.129887+00:00,pizza,5379,,,
,2026-04-20 18:23:33.129982+00:00,pizza,5379,,,
,2026-04-20 18:23:33.130432+00:00,pizza,5379,,,
,2026-04-20 18:23:33.131115+00:00,pizza,5379,,,
,2026-04-20 18:23:33.131355+00:00,pizza,5379,,,
,2026-04-20 18:23:33.138556+00:00,pizza,5379,,,
,2026-04-20 18:23:33.138735+00:00,pizza,5379,,,
,2026-04-20 18:23:33.138920+00:00,pizza,5379,,,
,2026-04-20 18:23:33.139061+00:00,pizza,5379,,,
,2026-04-20 18:23:33.139248+00:00,pizza,5379,,,
,2026-04-20 18:23:33.139347+00:00,pizza,5379,,,
,2026-04-20 18:23:33.139482+00:00,pizza,5379,,,
,2026-04-20 18:23:33.139568+00:00,pizza,5379,,,
,2026-04-20 18:23:33.139700+00:00,pizza,5379,,,
,2026-04-20 18:23:33.139784+00:00,pizza,5379,,,
,2026-04-20 18:23:33.139906+00:00,pizza,5379,,,
,2026-04-20 18:23:33.139988+00:00,pizza,5379,,,
,2026-04-20 18:23:33.140112+00:00,pizza,5379,,,
,2026-04-20 18:23:33.141186+00:00,pizza,5379,,,
,2026-04-20 18:23:33.141420+00:00,pizza,5379,,,
,2026-04-20 18:23:33.207458+00:00,pizza,5379,,,
,2026-04-20 18:23:33.207970+00:00,pizza,5379,,,
,2026-04-20 18:23:33.208202+00:00,pizza,5379,,,
,2026-04-20 18:23:33.208323+00:00,pizza,5379,,,
,2026-04-20 18:23:33.208475+00:00,pizza,5379,,,
,2026-04-20 18:23:33.208570+00:00,pizza,5379,,,
,2026-04-20 18:23:33.208694+00:00,pizza,5379,,,
,2026-04-20 18:23:33.208786+00:00,pizza,5379,,,
,2026-04-20 18:23:33.208904+00:00,pizza,5379,,,
,2026-04-20 18:23:33.208988+00:00,pizza,5379,,,
,2026-04-20 18:23:33.209101+00:00,pizza,5379,,,
,2026-04-20 18:23:33.209183+00:00,pizza,5379,,,
,2026-04-20 18:23:33.209301+00:00,pizza,5379,,,
,2026-04-20 18:23:33.209442+00:00,pizza,5379,,,
pizza,2026-04-20 18:23:33.480160+00:00,pizza,4703,,,C:\Windows\System32\WindowsPowerShell\v1.0\powershell.exe
,2026-04-20 18:23:34.854959+00:00,DESKTOP-A3EGFSV$,4689,,,C:\Windows\System32\taskhostw.exe
-,2026-04-20 18:23:35.254055+00:00,pizza,4688,C:\Windows\System32\WindowsPowerShell\v1.0\powershell.exe,"""C:\WINDOWS\system32\runas.exe"" system44 /user:Administrator ""powershell Start-Process cmd.exe -Verb runAs""",
,2026-04-20 18:23:35.273241+00:00,pizza,4689,,,C:\Windows\System32\runas.exe
,2026-04-20 18:23:35.613165+00:00,DESKTOP-A3EGFSV$,4689,,,C:\Windows\System32\ctfmon.exe
,2026-04-20 18:23:48.150990+00:00,pizza,4689,,,C:\Windows\System32\RuntimeBroker.exe
-,2026-04-20 18:23:52.228096+00:00,pizza,4688,C:\Windows\System32\WindowsPowerShell\v1.0\powershell.exe,"""C:\WINDOWS\system32\schtasks.exe"" /create /tn Updater /tr cmd.exe /sc onlogon /ru SYSTEM",
,2026-04-20 18:23:52.277218+00:00,pizza,4689,,,C:\Windows\System32\schtasks.exe
-,2026-04-20 18:23:52.313549+00:00,pizza,4688,C:\Windows\System32\WindowsPowerShell\v1.0\powershell.exe,"""C:\WINDOWS\system32\schtasks.exe"" /delete /tn Updater /f",
,2026-04-20 18:23:52.336756+00:00,pizza,4689,,,C:\Windows\System32\schtasks.exe
-,2026-04-20 18:23:58.898260+00:00,pizza,4688,C:\Windows\System32\WindowsPowerShell\v1.0\powershell.exe,"""C:\WINDOWS\system32\net.exe"" localgroup administrators global /add",
-,2026-04-20 18:23:58.912647+00:00,pizza,4688,C:\Windows\System32\net.exe,C:\WINDOWS\system32\net1 localgroup administrators global /add,
,2026-04-20 18:23:58.935101+00:00,pizza,4689,,,C:\Windows\System32\net1.exe
,2026-04-20 18:23:58.936607+00:00,pizza,4689,,,C:\Windows\System32\net.exe
,2026-04-20 18:24:03.393311+00:00,DESKTOP-A3EGFSV$,4689,,,C:\Windows\System32\svchost.exe
,2026-04-20 18:24:04.281080+00:00,DESKTOP-A3EGFSV$,4689,,,C:\Windows\UUS\Packages\Preview\amd64\MoUsoCoreWorker.exe
-,2026-04-20 18:24:05.437433+00:00,pizza,4688,C:\Windows\System32\WindowsPowerShell\v1.0\powershell.exe,"""C:\WINDOWS\system32\net.exe"" localgroup administrators system2 /add",
-,2026-04-20 18:24:05.447315+00:00,pizza,4688,C:\Windows\System32\net.exe,C:\WINDOWS\system32\net1 localgroup administrators system2 /add,
,2026-04-20 18:24:05.460989+00:00,pizza,4689,,,C:\Windows\System32\net1.exe
,2026-04-20 18:24:05.462633+00:00,pizza,4689,,,C:\Windows\System32\net.exe
pizza,2026-04-20 18:24:08.220257+00:00,DESKTOP-A3EGFSV$,4688,C:\Windows\System32\svchost.exe,"""C:\WINDOWS\system32\backgroundTaskHost.exe"" -ServerName:App.AppXmtcan0h2tfbfy7k9kn8hbxb6dmzz1zh0.mca",
pizza,2026-04-20 18:24:08.325382+00:00,DESKTOP-A3EGFSV$,4688,C:\Windows\System32\svchost.exe,C:\Windows\System32\RuntimeBroker.exe -Embedding,
pizza,2026-04-20 18:24:08.478430+00:00,DESKTOP-A3EGFSV$,4688,C:\Windows\System32\svchost.exe,"""C:\WINDOWS\system32\BackgroundTaskHost.exe"" -ServerName:BackgroundTaskHost.WebAccountProvider",
pizza,2026-04-20 18:24:08.540190+00:00,DESKTOP-A3EGFSV$,4688,C:\Windows\System32\svchost.exe,C:\Windows\System32\RuntimeBroker.exe -Embedding,
,2026-04-20 18:24:08.605888+00:00,pizza,4689,,,C:\Windows\System32\backgroundTaskHost.exe
-,2026-04-20 18:24:09.078711+00:00,DESKTOP-A3EGFSV$,4688,C:\Windows\System32\svchost.exe,"""C:\WINDOWS\uus\packages\preview\AMD64\MoUsoCoreWorker.exe"" useprivatenamespaces",
SYSTEM,2026-04-20 18:24:09.153593+00:00,DESKTOP-A3EGFSV$,4624,,,C:\Windows\System32\services.exe
,2026-04-20 18:24:09.153599+00:00,SYSTEM,4672,,,
-,2026-04-20 18:24:09.155483+00:00,DESKTOP-A3EGFSV$,4688,C:\Windows\System32\services.exe,C:\WINDOWS\system32\svchost.exe -k wusvcs -p -s WaaSMedicSvc,
,2026-04-20 18:24:09.881527+00:00,pizza,4689,,,C:\Windows\System32\backgroundTaskHost.exe
pizza,2026-04-20 18:24:41.803177+00:00,DESKTOP-A3EGFSV$,4688,C:\Windows\System32\svchost.exe,"""C:\WINDOWS\system32\backgroundTaskHost.exe"" -ServerName:App.AppXmtcan0h2tfbfy7k9kn8hbxb6dmzz1zh0.mca",
,2026-04-20 18:24:42.157032+00:00,pizza,4689,,,C:\Windows\System32\backgroundTaskHost.exe
-,2026-04-20 18:24:46.220448+00:00,pizza,4688,C:\Windows\System32\WindowsPowerShell\v1.0\powershell.exe,"""C:\WINDOWS\system32\net.exe"" user global a /add",
-,2026-04-20 18:24:46.232227+00:00,pizza,4688,C:\Windows\System32\net.exe,C:\WINDOWS\system32\net1 user global a /add,
,2026-04-20 18:24:46.242954+00:00,pizza,4728,,,
global,2026-04-20 18:24:46.243393+00:00,pizza,4720,,,
global,2026-04-20 18:24:46.265791+00:00,pizza,4722,,,
global,2026-04-20 18:24:46.265919+00:00,pizza,4738,,,
global,2026-04-20 18:24:46.265938+00:00,pizza,4724,,,
Users,2026-04-20 18:24:46.271990+00:00,pizza,4732,,,
,2026-04-20 18:24:46.277084+00:00,pizza,4689,,,C:\Windows\System32\net1.exe
,2026-04-20 18:24:46.278978+00:00,pizza,4689,,,C:\Windows\System32\net.exe
-,2026-04-20 18:24:46.314878+00:00,pizza,4688,C:\Windows\System32\WindowsPowerShell\v1.0\powershell.exe,"""C:\WINDOWS\system32\net.exe"" user system2 a /add",
-,2026-04-20 18:24:46.325653+00:00,pizza,4688,C:\Windows\System32\net.exe,C:\WINDOWS\system32\net1 user system2 a /add,
,2026-04-20 18:24:46.337519+00:00,pizza,4728,,,
system2,2026-04-20 18:24:46.338013+00:00,pizza,4720,,,
system2,2026-04-20 18:24:46.360167+00:00,pizza,4722,,,
system2,2026-04-20 18:24:46.360247+00:00,pizza,4738,,,
system2,2026-04-20 18:24:46.360268+00:00,pizza,4724,,,
Users,2026-04-20 18:24:46.363447+00:00,pizza,4732,,,
,2026-04-20 18:24:46.366940+00:00,pizza,4689,,,C:\Windows\System32\net1.exe
,2026-04-20 18:24:46.368401+00:00,pizza,4689,,,C:\Windows\System32\net.exe
,2026-04-20 18:24:49.900709+00:00,pizza,4689,,,C:\Windows\System32\RuntimeBroker.exe
-,2026-04-20 18:24:54.041067+00:00,pizza,4688,C:\Windows\System32\WindowsPowerShell\v1.0\powershell.exe,"""C:\WINDOWS\system32\net.exe"" localgroup administrators global /add",
-,2026-04-20 18:24:54.048382+00:00,pizza,4688,C:\Windows\System32\net.exe,C:\WINDOWS\system32\net1 localgroup administrators global /add,
Administrators,2026-04-20 18:24:54.059294+00:00,pizza,4732,,,
,2026-04-20 18:24:54.063454+00:00,pizza,4689,,,C:\Windows\System32\net1.exe
,2026-04-20 18:24:54.065470+00:00,pizza,4689,,,C:\Windows\System32\net.exe
-,2026-04-20 18:24:54.095055+00:00,pizza,4688,C:\Windows\System32\WindowsPowerShell\v1.0\powershell.exe,"""C:\WINDOWS\system32\net.exe"" localgroup administrators system2 /add",
-,2026-04-20 18:24:54.106035+00:00,pizza,4688,C:\Windows\System32\net.exe,C:\WINDOWS\system32\net1 localgroup administrators system2 /add,
Administrators,2026-04-20 18:24:54.118803+00:00,pizza,4732,,,
,2026-04-20 18:24:54.124117+00:00,pizza,4689,,,C:\Windows\System32\net1.exe
,2026-04-20 18:24:54.125538+00:00,pizza,4689,,,C:\Windows\System32\net.exe
-,2026-04-20 18:25:04.886213+00:00,pizza,4688,C:\Windows\System32\WindowsPowerShell\v1.0\powershell.exe,"""C:\WINDOWS\system32\net.exe"" user global b",
-,2026-04-20 18:25:04.897194+00:00,pizza,4688,C:\Windows\System32\net.exe,C:\WINDOWS\system32\net1 user global b,
global,2026-04-20 18:25:04.908257+00:00,pizza,4798,,,
global,2026-04-20 18:25:04.931231+00:00,pizza,4738,,,
global,2026-04-20 18:25:04.931246+00:00,pizza,4724,,,
,2026-04-20 18:25:04.937056+00:00,pizza,4689,,,C:\Windows\System32\net1.exe
,2026-04-20 18:25:04.938833+00:00,pizza,4689,,,C:\Windows\System32\net.exe
,2026-04-20 18:25:09.444571+00:00,DESKTOP-A3EGFSV$,4689,,,C:\Windows\System32\svchost.exe
-,2026-04-20 18:25:10.062407+00:00,pizza,4688,C:\Windows\System32\WindowsPowerShell\v1.0\powershell.exe,"""C:\WINDOWS\system32\net.exe"" user global /active:no",
-,2026-04-20 18:25:10.072224+00:00,pizza,4688,C:\Windows\System32\net.exe,C:\WINDOWS\system32\net1 user global /active:no,
global,2026-04-20 18:25:10.086226+00:00,pizza,4798,,,
global,2026-04-20 18:25:10.086893+00:00,pizza,4725,,,
global,2026-04-20 18:25:10.087008+00:00,pizza,4738,,,
,2026-04-20 18:25:10.091476+00:00,pizza,4689,,,C:\Windows\System32\net1.exe
,2026-04-20 18:25:10.092850+00:00,pizza,4689,,,C:\Windows\System32\net.exe
-,2026-04-20 18:25:10.122089+00:00,pizza,4688,C:\Windows\System32\WindowsPowerShell\v1.0\powershell.exe,"""C:\WINDOWS\system32\net.exe"" user global /active:yes",
-,2026-04-20 18:25:10.132137+00:00,pizza,4688,C:\Windows\System32\net.exe,C:\WINDOWS\system32\net1 user global /active:yes,
global,2026-04-20 18:25:10.146725+00:00,pizza,4798,,,
global,2026-04-20 18:25:10.147337+00:00,pizza,4722,,,
global,2026-04-20 18:25:10.147392+00:00,pizza,4738,,,
,2026-04-20 18:25:10.150293+00:00,pizza,4689,,,C:\Windows\System32\net1.exe
,2026-04-20 18:25:10.152727+00:00,pizza,4689,,,C:\Windows\System32\net.exe
,2026-04-20 18:25:10.513113+00:00,DESKTOP-A3EGFSV$,4689,,,C:\Windows\UUS\Packages\Preview\amd64\MoUsoCoreWorker.exe
-,2026-04-20 18:25:15.026642+00:00,pizza,4688,C:\Windows\System32\WindowsPowerShell\v1.0\powershell.exe,"""C:\WINDOWS\system32\schtasks.exe"" /create /tn Updater /tr cmd.exe /sc onlogon /ru SYSTEM",
,2026-04-20 18:25:15.063309+00:00,pizza,4689,,,C:\Windows\System32\schtasks.exe
-,2026-04-20 18:25:15.078844+00:00,pizza,4688,C:\Windows\System32\WindowsPowerShell\v1.0\powershell.exe,"""C:\WINDOWS\system32\schtasks.exe"" /delete /tn Updater /f",
,2026-04-20 18:25:15.099943+00:00,pizza,4689,,,C:\Windows\System32\schtasks.exe
-,2026-04-20 18:25:15.134995+00:00,pizza,4688,C:\Windows\System32\WindowsPowerShell\v1.0\powershell.exe,"""C:\WINDOWS\system32\net.exe"" user system /delete",
-,2026-04-20 18:25:15.145718+00:00,pizza,4688,C:\Windows\System32\net.exe,C:\WINDOWS\system32\net1 user system /delete,
,2026-04-20 18:25:15.160280+00:00,pizza,4689,,,C:\Windows\System32\net1.exe
,2026-04-20 18:25:15.161993+00:00,pizza,4689,,,C:\Windows\System32\net.exe
,2026-04-20 18:25:22.176830+00:00,pizza,4689,,,C:\Windows\System32\RuntimeBroker.exe
-,2026-04-20 18:25:22.965031+00:00,pizza,4688,C:\Windows\System32\WindowsPowerShell\v1.0\powershell.exe,"""C:\WINDOWS\system32\net.exe"" user system /delete",
-,2026-04-20 18:25:22.972879+00:00,pizza,4688,C:\Windows\System32\net.exe,C:\WINDOWS\system32\net1 user system /delete,
,2026-04-20 18:25:22.987362+00:00,pizza,4689,,,C:\Windows\System32\net1.exe
,2026-04-20 18:25:22.988625+00:00,pizza,4689,,,C:\Windows\System32\net.exe
,2026-04-20 18:25:50.563274+00:00,pizza,4689,,,C:\Program Files (x86)\Microsoft\Edge\Application\msedge.exe
,2026-04-20 18:25:50.982218+00:00,pizza,4689,,,C:\Program Files (x86)\Microsoft\Edge\Application\msedge.exe
,2026-04-20 18:25:51.263416+00:00,pizza,4689,,,C:\Program Files (x86)\Microsoft\Edge\Application\msedge.exe
,2026-04-20 18:25:51.474960+00:00,pizza,4689,,,C:\Program Files (x86)\Microsoft\Edge\Application\msedge.exe
,2026-04-20 18:25:51.493523+00:00,pizza,4689,,,C:\Program Files (x86)\Microsoft\Edge\Application\msedge.exe
,2026-04-20 18:25:51.496267+00:00,pizza,4689,,,C:\Program Files (x86)\Microsoft\Edge\Application\msedge.exe
,2026-04-20 18:25:51.496731+00:00,pizza,4689,,,C:\Program Files (x86)\Microsoft\Edge\Application\msedge.exe
,2026-04-20 18:25:51.504549+00:00,pizza,4689,,,C:\Program Files (x86)\Microsoft\Edge\Application\msedge.exe
-,2026-04-20 18:25:51.504839+00:00,pizza,4688,C:\Program Files (x86)\Microsoft\Edge\Application\msedge.exe,"""C:\Program Files (x86)\Microsoft\Edge\Application\msedge.exe"" --no-startup-window",
,2026-04-20 18:25:51.505911+00:00,pizza,4689,,,C:\Program Files (x86)\Microsoft\Edge\Application\msedge.exe
,2026-04-20 18:25:51.541811+00:00,pizza,4689,,,C:\Program Files (x86)\Microsoft\Edge\Application\msedge.exe
,2026-04-20 18:25:51.553282+00:00,pizza,4689,,,C:\Program Files (x86)\Microsoft\Edge\Application\msedge.exe
,2026-04-20 18:25:51.558321+00:00,pizza,4689,,,C:\Program Files (x86)\Microsoft\Edge\Application\msedge.exe
-,2026-04-20 18:25:51.575212+00:00,pizza,4688,C:\Program Files (x86)\Microsoft\Edge\Application\msedge.exe,"""C:\Program Files (x86)\Microsoft\Edge\Application\msedge.exe"" --type=crashpad-handler ""--user-data-dir=C:\Users\pizza\AppData\Local\Microsoft\Edge\User Data"" /prefetch:4 --monitor-self-annotation=ptype=crashpad-handler ""--database=C:\Users\pizza\AppData\Local\Microsoft\Edge\User Data\Crashpad"" ""--metrics-dir=C:\Users\pizza\AppData\Local\Microsoft\Edge\User Data"" --annotation=IsOfficialBuild=1 --annotation=channel= --annotation=chromium-version=147.0.7727.102 ""--annotation=exe=C:\Program Files (x86)\Microsoft\Edge\Application\msedge.exe"" --annotation=plat=Win64 --annotation=prod=Edge --annotation=ver=147.0.3912.72 --initial-client-data=0x260,0x264,0x268,0x25c,0x270,0x7ff8f9c80d58,0x7ff8f9c80d64,0x7ff8f9c80d70",
,2026-04-20 18:25:51.628675+00:00,pizza,4695,,,
,2026-04-20 18:25:51.664925+00:00,pizza,4695,,,
,2026-04-20 18:25:51.665197+00:00,pizza,4695,,,
-,2026-04-20 18:25:51.697254+00:00,DESKTOP-A3EGFSV$,4688,C:\Windows\System32\services.exe,"""C:\Program Files (x86)\Microsoft\Edge\Application\147.0.3912.72\elevation_service.exe""",
-,2026-04-20 18:25:51.764336+00:00,pizza,4688,C:\Program Files (x86)\Microsoft\Edge\Application\msedge.exe,"""C:\Program Files (x86)\Microsoft\Edge\Application\msedge.exe"" --type=utility --utility-sub-type=network.mojom.NetworkService --lang=en-US --service-sandbox-type=none --startup-read-main-dll --metrics-shmem-handle=2104,i,11456109561804159731,12384054996075528396,524288 --field-trial-handle=2580,i,16363140994783023232,2662048548580896011,262144 --variations-seed-version --pseudonymization-salt-handle=2584,i,16317294031186864908,840205868831341560,4 --trace-process-track-uuid=3190708989122997041 --mojo-platform-channel-handle=2964 /prefetch:11",
-,2026-04-20 18:25:51.777719+00:00,pizza,4688,C:\Program Files (x86)\Microsoft\Edge\Application\msedge.exe,"""C:\Program Files (x86)\Microsoft\Edge\Application\msedge.exe"" --type=gpu-process --gpu-preferences=SAAAAAAAAADgAAAEAAAAAAAAAAAAAGAAAQAAAAAAAAAAAAAAAAAAAAIAAAAAAAAAAAAAAAAAAAAQAAAAAAAAABAAAAAAAAAACAAAAAAAAAAIAAAAAAAAAA== --startup-read-main-dll --metrics-shmem-handle=1876,i,414516120272070905,7243867155981862968,262144 --field-trial-handle=2580,i,16363140994783023232,2662048548580896011,262144 --variations-seed-version --pseudonymization-salt-handle=2584,i,16317294031186864908,840205868831341560,4 --trace-process-track-uuid=3190708988185955192 --mojo-platform-channel-handle=2576 /prefetch:2",
-,2026-04-20 18:25:51.852615+00:00,pizza,4688,C:\Program Files (x86)\Microsoft\Edge\Application\msedge.exe,"""C:\Program Files (x86)\Microsoft\Edge\Application\msedge.exe"" --type=utility --utility-sub-type=storage.mojom.StorageService --lang=en-US --service-sandbox-type=service --startup-read-main-dll --metrics-shmem-handle=2308,i,12901452581674087459,13325069903189096815,524288 --field-trial-handle=2580,i,16363140994783023232,2662048548580896011,262144 --variations-seed-version --pseudonymization-salt-handle=2584,i,16317294031186864908,840205868831341560,4 --trace-process-track-uuid=3190708990060038890 --mojo-platform-channel-handle=3716 /prefetch:13",
-,2026-04-20 18:25:51.855640+00:00,pizza,4688,C:\Program Files (x86)\Microsoft\Edge\Application\msedge.exe,"""C:\Program Files (x86)\Microsoft\Edge\Application\msedge.exe"" --type=utility --utility-sub-type=edge_collections.mojom.CollectionsDataManager --lang=en-US --service-sandbox-type=collections --ram-no-pressure-read-main-dll --metrics-shmem-handle=2876,i,12206727816626120828,7501257152106977122,524288 --field-trial-handle=2580,i,16363140994783023232,2662048548580896011,262144 --variations-seed-version --pseudonymization-salt-handle=2584,i,16317294031186864908,840205868831341560,4 --trace-process-track-uuid=3190708990997080739 --mojo-platform-channel-handle=3780 /prefetch:14",
,2026-04-20 18:25:52.150642+00:00,DESKTOP-A3EGFSV$,4695,,,
,2026-04-20 18:25:52.151323+00:00,pizza,4695,,,
,2026-04-20 18:25:52.190290+00:00,DESKTOP-A3EGFSV$,4689,,,C:\Program Files (x86)\Microsoft\Edge\Application\147.0.3912.72\elevation_service.exe
,2026-04-20 18:25:52.196684+00:00,pizza,5379,,,
,2026-04-20 18:25:52.198702+00:00,pizza,5379,,,
,2026-04-20 18:25:52.198774+00:00,pizza,5379,,,
,2026-04-20 18:25:52.202459+00:00,pizza,5379,,,
SYSTEM,2026-04-20 18:25:52.245092+00:00,DESKTOP-A3EGFSV$,4624,,,C:\Windows\System32\services.exe
,2026-04-20 18:25:52.245096+00:00,SYSTEM,4672,,,
-,2026-04-20 18:25:52.246553+00:00,DESKTOP-A3EGFSV$,4688,C:\Windows\System32\services.exe,C:\WINDOWS\system32\svchost.exe -k LocalSystemNetworkRestricted -p -s NgcSvc,
,2026-04-20 18:25:52.269661+00:00,pizza,5379,,,
,2026-04-20 18:25:52.271278+00:00,pizza,5379,,,
,2026-04-20 18:25:52.271429+00:00,pizza,5379,,,
,2026-04-20 18:25:52.276937+00:00,pizza,5379,,,
,2026-04-20 18:25:52.287836+00:00,pizza,5379,,,
,2026-04-20 18:25:52.289207+00:00,pizza,5379,,,
,2026-04-20 18:25:52.289955+00:00,pizza,5379,,,
,2026-04-20 18:25:52.290075+00:00,pizza,5379,,,
,2026-04-20 18:25:52.290340+00:00,pizza,5379,,,
,2026-04-20 18:25:52.292751+00:00,pizza,5379,,,
,2026-04-20 18:25:52.296734+00:00,pizza,5379,,,
LOCAL SERVICE,2026-04-20 18:25:52.356462+00:00,DESKTOP-A3EGFSV$,4688,C:\Windows\System32\services.exe,C:\WINDOWS\system32\svchost.exe -k LocalServiceNetworkRestricted -p -s NgcCtnrSvc,
,2026-04-20 18:25:52.418377+00:00,pizza,4689,,,C:\Program Files (x86)\Microsoft\Edge\Application\msedge.exe
,2026-04-20 18:25:52.442184+00:00,pizza,4689,,,C:\Program Files (x86)\Microsoft\Edge\Application\msedge.exe
-,2026-04-20 18:25:52.479946+00:00,pizza,4688,C:\Program Files (x86)\Microsoft\Edge\Application\msedge.exe,"""C:\Program Files (x86)\Microsoft\Edge\Application\147.0.3912.72\identity_helper.exe"" --type=utility --utility-sub-type=winrt_app_id.mojom.WinrtAppIdService --lang=en-US --service-sandbox-type=windows_package_identity --video-capture-use-gpu-memory-buffer --skip-read-main-dll --metrics-shmem-handle=5220,i,15846242698542007745,18242929114587420230,524288 --field-trial-handle=2580,i,16363140994783023232,2662048548580896011,262144 --variations-seed-version --pseudonymization-salt-handle=2584,i,16317294031186864908,840205868831341560,4 --trace-process-track-uuid=3190708991934122588 --mojo-platform-channel-handle=5256 /prefetch:14",
,2026-04-20 18:25:52.492733+00:00,pizza,4689,,,C:\Program Files (x86)\Microsoft\Edge\Application\147.0.3912.72\identity_helper.exe
-,2026-04-20 18:25:52.496294+00:00,pizza,4688,C:\Program Files (x86)\Microsoft\Edge\Application\msedge.exe,"""C:\Program Files (x86)\Microsoft\Edge\Application\147.0.3912.72\identity_helper.exe"" --type=utility --utility-sub-type=winrt_app_id.mojom.WinrtAppIdService --lang=en-US --service-sandbox-type=windows_package_identity --video-capture-use-gpu-memory-buffer --skip-read-main-dll --metrics-shmem-handle=5220,i,15846242698542007745,18242929114587420230,524288 --field-trial-handle=2580,i,16363140994783023232,2662048548580896011,262144 --variations-seed-version --pseudonymization-salt-handle=2584,i,16317294031186864908,840205868831341560,4 --trace-process-track-uuid=3190708991934122588 --mojo-platform-channel-handle=5256 /prefetch:14",
,2026-04-20 18:25:52.553198+00:00,pizza,5379,,,
,2026-04-20 18:25:52.553377+00:00,pizza,5379,,,
,2026-04-20 18:25:52.553619+00:00,pizza,5379,,,
,2026-04-20 18:25:52.553810+00:00,pizza,5379,,,
,2026-04-20 18:25:52.553974+00:00,pizza,5379,,,
,2026-04-20 18:25:52.554071+00:00,pizza,5379,,,
,2026-04-20 18:25:52.554918+00:00,pizza,5379,,,
,2026-04-20 18:25:52.555130+00:00,pizza,5379,,,
,2026-04-20 18:25:52.555315+00:00,pizza,5379,,,
,2026-04-20 18:25:52.555418+00:00,pizza,5379,,,
,2026-04-20 18:25:52.555555+00:00,pizza,5379,,,
,2026-04-20 18:25:52.555645+00:00,pizza,5379,,,
,2026-04-20 18:25:52.555777+00:00,pizza,5379,,,
,2026-04-20 18:25:52.555864+00:00,pizza,5379,,,
,2026-04-20 18:25:52.555992+00:00,pizza,5379,,,
,2026-04-20 18:25:52.556383+00:00,pizza,5379,,,
,2026-04-20 18:25:52.575844+00:00,pizza,5379,,,
,2026-04-20 18:25:52.576042+00:00,pizza,5379,,,
,2026-04-20 18:25:52.576267+00:00,pizza,5379,,,
,2026-04-20 18:25:52.576984+00:00,pizza,5379,,,
,2026-04-20 18:25:52.577332+00:00,pizza,5379,,,
,2026-04-20 18:25:52.577524+00:00,pizza,5379,,,
,2026-04-20 18:25:52.577713+00:00,pizza,5379,,,
,2026-04-20 18:25:52.578072+00:00,pizza,5379,,,
,2026-04-20 18:25:52.578291+00:00,pizza,5379,,,
,2026-04-20 18:25:52.578417+00:00,pizza,5379,,,
,2026-04-20 18:25:52.578611+00:00,pizza,5379,,,
,2026-04-20 18:25:52.578739+00:00,pizza,5379,,,
,2026-04-20 18:25:52.578876+00:00,pizza,5379,,,
,2026-04-20 18:25:52.583263+00:00,pizza,5379,,,
,2026-04-20 18:25:52.583427+00:00,pizza,5379,,,
,2026-04-20 18:25:52.583586+00:00,pizza,5379,,,
,2026-04-20 18:25:52.583694+00:00,pizza,5379,,,
,2026-04-20 18:25:52.583832+00:00,pizza,5379,,,
,2026-04-20 18:25:52.583920+00:00,pizza,5379,,,
,2026-04-20 18:25:52.584038+00:00,pizza,5379,,,
,2026-04-20 18:25:52.584129+00:00,pizza,5379,,,
,2026-04-20 18:25:52.584423+00:00,pizza,5379,,,
,2026-04-20 18:25:52.584646+00:00,pizza,5379,,,
,2026-04-20 18:25:52.584858+00:00,pizza,5379,,,
,2026-04-20 18:25:52.584986+00:00,pizza,5379,,,
,2026-04-20 18:25:52.585154+00:00,pizza,5379,,,
,2026-04-20 18:25:52.589321+00:00,pizza,5379,,,
,2026-04-20 18:25:52.591129+00:00,pizza,5379,,,
,2026-04-20 18:25:52.597523+00:00,pizza,5379,,,
,2026-04-20 18:25:52.597694+00:00,pizza,5379,,,
,2026-04-20 18:25:52.597889+00:00,pizza,5379,,,
,2026-04-20 18:25:52.597984+00:00,pizza,5379,,,
,2026-04-20 18:25:52.598137+00:00,pizza,5379,,,
,2026-04-20 18:25:52.598230+00:00,pizza,5379,,,
,2026-04-20 18:25:52.598381+00:00,pizza,5379,,,
,2026-04-20 18:25:52.598476+00:00,pizza,5379,,,
,2026-04-20 18:25:52.598869+00:00,pizza,5379,,,
,2026-04-20 18:25:52.599188+00:00,pizza,5379,,,
,2026-04-20 18:25:52.599524+00:00,pizza,5379,,,
,2026-04-20 18:25:52.599764+00:00,pizza,5379,,,
,2026-04-20 18:25:52.600016+00:00,pizza,5379,,,
,2026-04-20 18:25:52.600191+00:00,pizza,5379,,,
,2026-04-20 18:25:52.600374+00:00,pizza,5379,,,
,2026-04-20 18:25:52.600702+00:00,pizza,5379,,,
,2026-04-20 18:25:52.605827+00:00,pizza,5379,,,
,2026-04-20 18:25:52.606060+00:00,pizza,5379,,,
,2026-04-20 18:25:52.606218+00:00,pizza,5379,,,
,2026-04-20 18:25:52.606316+00:00,pizza,5379,,,
,2026-04-20 18:25:52.606487+00:00,pizza,5379,,,
,2026-04-20 18:25:52.606573+00:00,pizza,5379,,,
,2026-04-20 18:25:52.606693+00:00,pizza,5379,,,
,2026-04-20 18:25:52.606783+00:00,pizza,5379,,,
,2026-04-20 18:25:52.606901+00:00,pizza,5379,,,
,2026-04-20 18:25:52.607014+00:00,pizza,5379,,,
,2026-04-20 18:25:52.607128+00:00,pizza,5379,,,
,2026-04-20 18:25:52.607212+00:00,pizza,5379,,,
,2026-04-20 18:25:52.607328+00:00,pizza,5379,,,
,2026-04-20 18:25:52.609015+00:00,pizza,5379,,,
,2026-04-20 18:25:52.609158+00:00,pizza,5379,,,
,2026-04-20 18:25:52.609297+00:00,pizza,5379,,,
,2026-04-20 18:25:52.609413+00:00,pizza,5379,,,
,2026-04-20 18:25:52.609571+00:00,pizza,5379,,,
,2026-04-20 18:25:52.609680+00:00,pizza,5379,,,
,2026-04-20 18:25:52.610029+00:00,pizza,5379,,,
,2026-04-20 18:25:52.610868+00:00,pizza,5379,,,
,2026-04-20 18:25:52.611166+00:00,pizza,5379,,,
,2026-04-20 18:25:52.611437+00:00,pizza,5379,,,
,2026-04-20 18:25:52.611683+00:00,pizza,5379,,,
,2026-04-20 18:25:52.611877+00:00,pizza,5379,,,
,2026-04-20 18:25:52.612986+00:00,pizza,5379,,,
,2026-04-20 18:25:52.613153+00:00,pizza,5379,,,
,2026-04-20 18:25:52.613228+00:00,pizza,5379,,,
,2026-04-20 18:25:52.613371+00:00,pizza,5379,,,
,2026-04-20 18:25:52.613461+00:00,pizza,5379,,,
,2026-04-20 18:25:52.613581+00:00,pizza,5379,,,
,2026-04-20 18:25:52.613705+00:00,pizza,5379,,,
,2026-04-20 18:25:52.613853+00:00,pizza,5379,,,
,2026-04-20 18:25:52.613989+00:00,pizza,5379,,,
,2026-04-20 18:25:52.614378+00:00,pizza,5379,,,
,2026-04-20 18:25:52.614805+00:00,pizza,5379,,,
,2026-04-20 18:25:52.615585+00:00,pizza,5379,,,
,2026-04-20 18:25:52.615839+00:00,pizza,5379,,,
,2026-04-20 18:25:52.616423+00:00,pizza,5379,,,
,2026-04-20 18:25:52.617485+00:00,pizza,5379,,,
,2026-04-20 18:25:52.617607+00:00,pizza,5379,,,
,2026-04-20 18:25:52.617676+00:00,pizza,5379,,,
,2026-04-20 18:25:52.617805+00:00,pizza,5379,,,
,2026-04-20 18:25:52.618040+00:00,pizza,5379,,,
,2026-04-20 18:25:52.618195+00:00,pizza,5379,,,
,2026-04-20 18:25:52.618332+00:00,pizza,5379,,,
,2026-04-20 18:25:52.618868+00:00,pizza,5379,,,
,2026-04-20 18:25:52.618984+00:00,pizza,5379,,,
,2026-04-20 18:25:52.619118+00:00,pizza,5379,,,
,2026-04-20 18:25:52.619213+00:00,pizza,5379,,,
,2026-04-20 18:25:52.619362+00:00,pizza,5379,,,
,2026-04-20 18:25:52.619457+00:00,pizza,5379,,,
,2026-04-20 18:25:52.619579+00:00,pizza,5379,,,
,2026-04-20 18:25:52.619669+00:00,pizza,5379,,,
,2026-04-20 18:25:52.619780+00:00,pizza,5379,,,
,2026-04-20 18:25:52.624031+00:00,pizza,5379,,,
,2026-04-20 18:25:52.624224+00:00,pizza,5379,,,
,2026-04-20 18:25:52.624395+00:00,pizza,5379,,,
,2026-04-20 18:25:52.624512+00:00,pizza,5379,,,
,2026-04-20 18:25:52.624655+00:00,pizza,5379,,,
,2026-04-20 18:25:52.624763+00:00,pizza,5379,,,
,2026-04-20 18:25:52.624952+00:00,pizza,5379,,,
,2026-04-20 18:25:52.625086+00:00,pizza,5379,,,
,2026-04-20 18:25:52.625553+00:00,pizza,5379,,,
,2026-04-20 18:25:52.626703+00:00,pizza,5379,,,
,2026-04-20 18:25:52.626812+00:00,pizza,5379,,,
,2026-04-20 18:25:52.626907+00:00,pizza,5379,,,
,2026-04-20 18:25:52.627035+00:00,pizza,5379,,,
,2026-04-20 18:25:52.627146+00:00,pizza,5379,,,
,2026-04-20 18:25:52.627226+00:00,pizza,5379,,,
,2026-04-20 18:25:52.627398+00:00,pizza,5379,,,
,2026-04-20 18:25:52.627480+00:00,pizza,5379,,,
,2026-04-20 18:25:52.627550+00:00,pizza,5379,,,
,2026-04-20 18:25:52.627659+00:00,pizza,5379,,,
,2026-04-20 18:25:52.627771+00:00,pizza,5379,,,
,2026-04-20 18:25:52.627951+00:00,pizza,5379,,,
,2026-04-20 18:25:52.628075+00:00,pizza,5379,,,
,2026-04-20 18:25:52.628178+00:00,pizza,5379,,,
,2026-04-20 18:25:52.628332+00:00,pizza,5379,,,
,2026-04-20 18:25:52.628420+00:00,pizza,5379,,,
,2026-04-20 18:25:52.628563+00:00,pizza,5379,,,
,2026-04-20 18:25:52.628738+00:00,pizza,5379,,,
,2026-04-20 18:25:52.628853+00:00,pizza,5379,,,
,2026-04-20 18:25:52.628981+00:00,pizza,5379,,,
,2026-04-20 18:25:52.644213+00:00,pizza,5379,,,
,2026-04-20 18:25:52.644375+00:00,pizza,5379,,,
,2026-04-20 18:25:52.644648+00:00,pizza,5379,,,
,2026-04-20 18:25:52.644762+00:00,pizza,5379,,,
,2026-04-20 18:25:52.644890+00:00,pizza,5379,,,
,2026-04-20 18:25:52.644989+00:00,pizza,5379,,,
,2026-04-20 18:25:52.645117+00:00,pizza,5379,,,
,2026-04-20 18:25:52.645227+00:00,pizza,5379,,,
,2026-04-20 18:25:52.645445+00:00,pizza,5379,,,
,2026-04-20 18:25:52.645651+00:00,pizza,5379,,,
,2026-04-20 18:25:52.645836+00:00,pizza,5379,,,
,2026-04-20 18:25:52.645971+00:00,pizza,5379,,,
,2026-04-20 18:25:52.646120+00:00,pizza,5379,,,
,2026-04-20 18:25:52.646294+00:00,pizza,5379,,,
,2026-04-20 18:25:52.691994+00:00,pizza,5379,,,
,2026-04-20 18:25:52.693434+00:00,pizza,5379,,,
,2026-04-20 18:25:52.714743+00:00,pizza,5379,,,
,2026-04-20 18:25:52.714951+00:00,pizza,5379,,,
,2026-04-20 18:25:52.715210+00:00,pizza,5379,,,
,2026-04-20 18:25:52.715338+00:00,pizza,5379,,,
,2026-04-20 18:25:52.715500+00:00,pizza,5379,,,
,2026-04-20 18:25:52.715660+00:00,pizza,5379,,,
,2026-04-20 18:25:52.715853+00:00,pizza,5379,,,
,2026-04-20 18:25:52.716036+00:00,pizza,5379,,,
,2026-04-20 18:25:52.716185+00:00,pizza,5379,,,
,2026-04-20 18:25:52.716946+00:00,pizza,5379,,,
,2026-04-20 18:25:52.717989+00:00,pizza,5379,,,
,2026-04-20 18:25:52.718380+00:00,pizza,5379,,,
,2026-04-20 18:25:52.719387+00:00,pizza,5379,,,
,2026-04-20 18:25:52.719561+00:00,pizza,5379,,,
,2026-04-20 18:25:52.765795+00:00,pizza,4689,,,C:\Windows\System32\WindowsPowerShell\v1.0\powershell.exe
,2026-04-20 18:25:52.800161+00:00,pizza,4689,,,C:\Windows\System32\conhost.exe
,2026-04-20 18:25:53.485661+00:00,pizza,4689,,,C:\Program Files (x86)\Microsoft\Edge\Application\msedge.exe
-,2026-04-20 18:25:54.848213+00:00,pizza,4688,C:\Program Files (x86)\Microsoft\Edge\Application\msedge.exe,"""C:\Program Files (x86)\Microsoft\Edge\Application\msedge.exe"" --type=utility --utility-sub-type=entity_extraction_service.mojom.Extractor --lang=en-US --service-sandbox-type=entity_extraction --onnx-enabled-for-ee --video-capture-use-gpu-memory-buffer --skip-read-main-dll --metrics-shmem-handle=6328,i,13446253603830310052,12283692656390477967,524288 --field-trial-handle=2580,i,16363140994783023232,2662048548580896011,262144 --variations-seed-version --pseudonymization-salt-handle=2584,i,16317294031186864908,840205868831341560,4 --trace-process-track-uuid=3190708994745248135 --mojo-platform-channel-handle=6360 /prefetch:14",
-,2026-04-20 18:25:54.853174+00:00,pizza,4688,C:\Program Files (x86)\Microsoft\Edge\Application\msedge.exe,"""C:\Program Files (x86)\Microsoft\Edge\Application\msedge.exe"" --type=utility --utility-sub-type=asset_store.mojom.AssetStoreService --lang=en-US --service-sandbox-type=asset_store_service --video-capture-use-gpu-memory-buffer --skip-read-main-dll --metrics-shmem-handle=6388,i,7750265277782558500,11541135459677142645,524288 --field-trial-handle=2580,i,16363140994783023232,2662048548580896011,262144 --variations-seed-version --pseudonymization-salt-handle=2584,i,16317294031186864908,840205868831341560,4 --trace-process-track-uuid=3190708995682289984 --mojo-platform-channel-handle=6540 /prefetch:14",
-,2026-04-20 18:25:54.855501+00:00,pizza,4688,C:\Program Files (x86)\Microsoft\Edge\Application\msedge.exe,"""C:\Program Files (x86)\Microsoft\Edge\Application\msedge.exe"" --type=renderer --instant-process --pdf-upsell-enabled --video-capture-use-gpu-memory-buffer --lang=en-US --js-flags --device-scale-factor=1 --num-raster-threads=1 --renderer-client-id=8 --time-ticks-at-unix-epoch=-1776708462348892 --launch-time-ticks=1092472815 --skip-read-main-dll --metrics-shmem-handle=6224,i,13442545317544448071,2549064703842056996,2097152 --field-trial-handle=2580,i,16363140994783023232,2662048548580896011,262144 --variations-seed-version --pseudonymization-salt-handle=2584,i,16317294031186864908,840205868831341560,4 --trace-process-track-uuid=3190708993808206286 --mojo-platform-channel-handle=6252 /prefetch:1",
-,2026-04-20 18:25:55.045919+00:00,pizza,4688,C:\Program Files (x86)\Microsoft\Edge\Application\msedge.exe,"""C:\Program Files (x86)\Microsoft\Edge\Application\msedge.exe"" --type=renderer --pdf-upsell-enabled --video-capture-use-gpu-memory-buffer --lang=en-US --js-flags --device-scale-factor=1 --num-raster-threads=1 --renderer-client-id=11 --time-ticks-at-unix-epoch=-1776708462348892 --launch-time-ticks=1092695421 --skip-read-main-dll --metrics-shmem-handle=7144,i,7641363301335326730,9321123057515574011,2097152 --field-trial-handle=2580,i,16363140994783023232,2662048548580896011,262144 --variations-seed-version --pseudonymization-salt-handle=2584,i,16317294031186864908,840205868831341560,4 --trace-process-track-uuid=3190708996619331833 --mojo-platform-channel-handle=7096 /prefetch:1",
,2026-04-20 18:26:03.667976+00:00,pizza,4689,,,C:\Program Files (x86)\Microsoft\Edge\Application\147.0.3912.72\identity_helper.exe
-,2026-04-20 18:26:05.749176+00:00,pizza,4688,C:\Windows\explorer.exe,"""C:\WINDOWS\system32\mmc.exe"" ""C:\WINDOWS\system32\eventvwr.msc"" /s",
,2026-04-20 18:26:05.757582+00:00,pizza,4689,,,C:\Windows\System32\mmc.exe
-,2026-04-20 18:26:05.840954+00:00,DESKTOP-A3EGFSV$,4688,C:\Windows\System32\svchost.exe,consent.exe 1040 562 0000012C881AE1E0,
DESKTOP-A3EGFSV$,2026-04-20 18:26:05.926327+00:00,DESKTOP-A3EGFSV$,4703,,,C:\Windows\System32\consent.exe
DESKTOP-A3EGFSV$,2026-04-20 18:26:05.926340+00:00,DESKTOP-A3EGFSV$,4703,,,C:\Windows\System32\consent.exe
DESKTOP-A3EGFSV$,2026-04-20 18:26:05.926861+00:00,DESKTOP-A3EGFSV$,4703,,,C:\Windows\System32\consent.exe
DESKTOP-A3EGFSV$,2026-04-20 18:26:05.926863+00:00,DESKTOP-A3EGFSV$,4703,,,C:\Windows\System32\consent.exe
DESKTOP-A3EGFSV$,2026-04-20 18:26:05.930565+00:00,DESKTOP-A3EGFSV$,4703,,,C:\Windows\System32\consent.exe
DESKTOP-A3EGFSV$,2026-04-20 18:26:05.930569+00:00,DESKTOP-A3EGFSV$,4703,,,C:\Windows\System32\consent.exe
DESKTOP-A3EGFSV$,2026-04-20 18:26:05.930635+00:00,DESKTOP-A3EGFSV$,4703,,,C:\Windows\System32\consent.exe
DESKTOP-A3EGFSV$,2026-04-20 18:26:05.930637+00:00,DESKTOP-A3EGFSV$,4703,,,C:\Windows\System32\consent.exe
,2026-04-20 18:26:05.934782+00:00,DESKTOP-A3EGFSV$,4689,,,C:\Windows\System32\consent.exe
DESKTOP-A3EGFSV$,2026-04-20 18:26:05.937239+00:00,DESKTOP-A3EGFSV$,4703,,,C:\Windows\System32\svchost.exe
DESKTOP-A3EGFSV$,2026-04-20 18:26:05.937241+00:00,DESKTOP-A3EGFSV$,4703,,,C:\Windows\System32\svchost.exe
DESKTOP-A3EGFSV$,2026-04-20 18:26:05.937578+00:00,DESKTOP-A3EGFSV$,4703,,,C:\Windows\System32\svchost.exe
DESKTOP-A3EGFSV$,2026-04-20 18:26:05.937584+00:00,DESKTOP-A3EGFSV$,4703,,,C:\Windows\System32\svchost.exe
pizza,2026-04-20 18:26:05.941771+00:00,DESKTOP-A3EGFSV$,4688,C:\Windows\explorer.exe,"""C:\WINDOWS\system32\mmc.exe"" ""C:\WINDOWS\system32\eventvwr.msc"" /s",
-,2026-04-20 18:26:06.459379+00:00,DESKTOP-A3EGFSV$,4688,C:\Windows\System32\svchost.exe,"""C:\WINDOWS\system32\directxdatabaseupdater.exe""",
pizza,2026-04-20 18:26:06.586439+00:00,DESKTOP-A3EGFSV$,4688,C:\Windows\System32\svchost.exe,"""C:\Users\pizza\AppData\Local\Microsoft\OneDrive\26.062.0402.0001\OneDriveLauncher.exe"" /startInstances",
SYSTEM,2026-04-20 18:26:06.722094+00:00,DESKTOP-A3EGFSV$,4624,,,C:\Windows\System32\services.exe
,2026-04-20 18:26:06.722099+00:00,SYSTEM,4672,,,
-,2026-04-20 18:26:06.723490+00:00,DESKTOP-A3EGFSV$,4688,C:\Windows\System32\services.exe,C:\WINDOWS\System32\svchost.exe -k netsvcs -p -s BITS,
pizza,2026-04-20 18:26:07.107330+00:00,pizza,4703,,,C:\Windows\System32\mmc.exe
pizza,2026-04-20 18:26:09.068018+00:00,pizza,4703,,,C:\Windows\System32\mmc.exe
Administrators,2026-04-20 18:26:10.998137+00:00,DESKTOP-A3EGFSV$,4799,,,
SYSTEM,2026-04-20 18:26:11.037430+00:00,DESKTOP-A3EGFSV$,4624,,,C:\Windows\System32\services.exe
,2026-04-20 18:26:11.037481+00:00,SYSTEM,4672,,,
SYSTEM,2026-04-20 18:26:11.041361+00:00,DESKTOP-A3EGFSV$,4624,,,C:\Windows\System32\services.exe
,2026-04-20 18:26:11.041367+00:00,SYSTEM,4672,,,
SYSTEM,2026-04-20 18:26:11.042271+00:00,DESKTOP-A3EGFSV$,4624,,,C:\Windows\System32\services.exe
,2026-04-20 18:26:11.042276+00:00,SYSTEM,4672,,,
SYSTEM,2026-04-20 18:26:11.049707+00:00,DESKTOP-A3EGFSV$,4624,,,C:\Windows\System32\services.exe
,2026-04-20 18:26:11.049711+00:00,SYSTEM,4672,,,
SYSTEM,2026-04-20 18:26:11.052341+00:00,DESKTOP-A3EGFSV$,4624,,,C:\Windows\System32\services.exe
,2026-04-20 18:26:11.052347+00:00,SYSTEM,4672,,,
SYSTEM,2026-04-20 18:26:11.058014+00:00,DESKTOP-A3EGFSV$,4624,,,C:\Windows\System32\services.exe
,2026-04-20 18:26:11.058020+00:00,SYSTEM,4672,,,
,2026-04-20 18:26:11.072674+00:00,DESKTOP-A3EGFSV$,4689,,,C:\Windows\System32\directxdatabaseupdater.exe
SYSTEM,2026-04-20 18:26:11.717030+00:00,DESKTOP-A3EGFSV$,4624,,,C:\Windows\System32\services.exe
,2026-04-20 18:26:11.717045+00:00,SYSTEM,4672,,,
SYSTEM,2026-04-20 18:26:14.165125+00:00,DESKTOP-A3EGFSV$,4624,,,C:\Windows\System32\services.exe
,2026-04-20 18:26:14.165133+00:00,SYSTEM,4672,,,
-,2026-04-20 18:26:14.211466+00:00,DESKTOP-A3EGFSV$,4688,C:\Windows\System32\services.exe,C:\WINDOWS\system32\vssvc.exe,
DESKTOP-A3EGFSV$,2026-04-20 18:26:14.237448+00:00,DESKTOP-A3EGFSV$,4703,,,C:\Windows\System32\VSSVC.exe
DESKTOP-A3EGFSV$,2026-04-20 18:26:14.237461+00:00,DESKTOP-A3EGFSV$,4703,,,C:\Windows\System32\VSSVC.exe
Administrators,2026-04-20 18:26:14.261189+00:00,DESKTOP-A3EGFSV$,4799,,,
SYSTEM,2026-04-20 18:26:14.263903+00:00,DESKTOP-A3EGFSV$,4624,,,C:\Windows\System32\services.exe
,2026-04-20 18:26:14.263906+00:00,SYSTEM,4672,,,
-,2026-04-20 18:26:14.265223+00:00,DESKTOP-A3EGFSV$,4688,C:\Windows\System32\services.exe,C:\WINDOWS\System32\svchost.exe -k swprv,
Administrators,2026-04-20 18:26:14.409340+00:00,DESKTOP-A3EGFSV$,4799,,,
Administrators,2026-04-20 18:26:14.540285+00:00,DESKTOP-A3EGFSV$,4799,,,
Administrators,2026-04-20 18:26:14.628351+00:00,DESKTOP-A3EGFSV$,4799,,,
,2026-04-20 18:26:17.364336+00:00,pizza,4689,,,C:\Users\pizza\AppData\Local\Microsoft\OneDrive\26.062.0402.0001\OneDriveLauncher.exe
,2026-04-20 18:26:18.633261+00:00,DESKTOP-A3EGFSV$,4689,,,C:\Windows\System32\SearchProtocolHost.exe
-,2026-04-20 18:26:19.811625+00:00,DESKTOP-A3EGFSV$,4688,C:\Windows\System32\svchost.exe,taskhostw.exe -RegisterDevice -ProtectionStateChanged -FreeNetworkOnly,
pizza,2026-04-20 18:26:20.920019+00:00,DESKTOP-A3EGFSV$,4688,C:\Windows\System32\svchost.exe,\\?\C:\Windows\System32\SecurityHealthHost.exe {08728914-3F57-4D52-9E31-49DAECA5A80A} -Embedding,
,2026-04-20 18:26:21.279272+00:00,pizza,4689,,,C:\Windows\System32\SecurityHealthHost.exe
,2026-04-20 18:26:21.511292+00:00,pizza,4689,,,C:\Windows\System32\RuntimeBroker.exe
-,2026-04-20 18:26:21.675148+00:00,pizza,4688,C:\Program Files (x86)\Microsoft\Edge\Application\msedge.exe,"""C:\Program Files (x86)\Microsoft\Edge\Application\msedge.exe"" --type=utility --utility-sub-type=chrome.mojom.UtilWin --lang=en-US --service-sandbox-type=none --message-loop-type-ui --video-capture-use-gpu-memory-buffer --skip-read-main-dll --metrics-shmem-handle=7508,i,6999191344363125113,9486227356941251727,524288 --field-trial-handle=2580,i,16363140994783023232,2662048548580896011,262144 --variations-seed-version --pseudonymization-salt-handle=2584,i,16317294031186864908,840205868831341560,4 --trace-process-track-uuid=3190708997556373682 --mojo-platform-channel-handle=7532 /prefetch:14",
,2026-04-20 18:26:21.890415+00:00,pizza,4689,,,C:\Program Files (x86)\Microsoft\Edge\Application\msedge.exe
,2026-04-20 18:26:22.036501+00:00,pizza,4689,,,C:\Program Files (x86)\Microsoft\Edge\Application\msedge.exe
DESKTOP-A3EGFSV$,2026-04-20 18:26:22.151838+00:00,DESKTOP-A3EGFSV$,4703,,,C:\Windows\System32\svchost.exe
DESKTOP-A3EGFSV$,2026-04-20 18:26:22.153368+00:00,DESKTOP-A3EGFSV$,4703,,,C:\Windows\System32\svchost.exe
DESKTOP-A3EGFSV$,2026-04-20 18:26:22.154545+00:00,DESKTOP-A3EGFSV$,4703,,,C:\Windows\System32\svchost.exe
DESKTOP-A3EGFSV$,2026-04-20 18:26:22.155298+00:00,DESKTOP-A3EGFSV$,4703,,,C:\Windows\System32\svchost.exe
DESKTOP-A3EGFSV$,2026-04-20 18:26:22.159197+00:00,DESKTOP-A3EGFSV$,4688,C:\Windows\System32\svchost.exe,C:\WINDOWS\system32\wbem\wmiprvse.exe -secured -Embedding,
DESKTOP-A3EGFSV$,2026-04-20 18:26:22.212376+00:00,DESKTOP-A3EGFSV$,4703,,,C:\Windows\System32\svchost.exe
DESKTOP-A3EGFSV$,2026-04-20 18:26:22.218903+00:00,DESKTOP-A3EGFSV$,4703,,,C:\Windows\System32\svchost.exe
DESKTOP-A3EGFSV$,2026-04-20 18:26:22.229479+00:00,DESKTOP-A3EGFSV$,4703,,,C:\Windows\System32\svchost.exe
DESKTOP-A3EGFSV$,2026-04-20 18:26:22.242130+00:00,DESKTOP-A3EGFSV$,4703,,,C:\Windows\System32\svchost.exe
DESKTOP-A3EGFSV$,2026-04-20 18:26:22.368378+00:00,DESKTOP-A3EGFSV$,4703,,,C:\Windows\System32\svchost.exe
DESKTOP-A3EGFSV$,2026-04-20 18:26:22.403458+00:00,DESKTOP-A3EGFSV$,4703,,,C:\Windows\System32\svchost.exe
Administrator,2026-04-20 18:26:22.424252+00:00,DESKTOP-A3EGFSV$,4798,,,
DefaultAccount,2026-04-20 18:26:22.425404+00:00,DESKTOP-A3EGFSV$,4798,,,
global,2026-04-20 18:26:22.425766+00:00,DESKTOP-A3EGFSV$,4798,,,
Guest,2026-04-20 18:26:22.426125+00:00,DESKTOP-A3EGFSV$,4798,,,
pizza,2026-04-20 18:26:22.426594+00:00,DESKTOP-A3EGFSV$,4798,,,
,2026-04-20 18:26:22.449530+00:00,DESKTOP-A3EGFSV$,4689,,,C:\Windows\System32\taskhostw.exe
DESKTOP-A3EGFSV$,2026-04-20 18:26:22.596495+00:00,DESKTOP-A3EGFSV$,4703,,,C:\Windows\System32\svchost.exe
DESKTOP-A3EGFSV$,2026-04-20 18:26:22.598713+00:00,DESKTOP-A3EGFSV$,4703,,,C:\Windows\System32\svchost.exe
pizza,2026-04-20 18:26:22.623512+00:00,DESKTOP-A3EGFSV$,4688,C:\Windows\System32\svchost.exe,\\?\C:\Windows\System32\SecurityHealthHost.exe {08728914-3F57-4D52-9E31-49DAECA5A80A} -Embedding,
,2026-04-20 18:26:22.688543+00:00,pizza,4689,,,C:\Windows\System32\SecurityHealthHost.exe
,2026-04-20 18:26:24.941860+00:00,pizza,4689,,,C:\Program Files (x86)\Microsoft\Edge\Application\msedge.exe
,2026-04-20 18:26:25.277773+00:00,pizza,4689,,,C:\Program Files (x86)\Microsoft\Edge\Application\msedge.exe
SYSTEM,2026-04-20 18:26:30.430105+00:00,DESKTOP-A3EGFSV$,4624,,,C:\Windows\System32\services.exe
,2026-04-20 18:26:30.430115+00:00,SYSTEM,4672,,,
-,2026-04-20 18:26:30.431932+00:00,DESKTOP-A3EGFSV$,4688,C:\Windows\System32\svchost.exe,C:\WINDOWS\system32\directxdatabaseupdater.exe -DatabaseComplete {C0B92A30-CC61-451A-A7FC-BD43EE77CECB},
SYSTEM,2026-04-20 18:26:30.455172+00:00,DESKTOP-A3EGFSV$,4624,,,C:\Windows\System32\services.exe
,2026-04-20 18:26:30.455177+00:00,SYSTEM,4672,,,
-,2026-04-20 18:26:30.678793+00:00,DESKTOP-A3EGFSV$,4688,C:\Windows\System32\directxdatabaseupdater.exe,C:\Windows\System32\Dism\dismhost.exe {696962A3-1809-4785-9912-1BC6796C7AA1},
SYSTEM,2026-04-20 18:26:30.740849+00:00,DESKTOP-A3EGFSV$,4624,,,C:\Windows\System32\services.exe
,2026-04-20 18:26:30.740854+00:00,SYSTEM,4672,,,
-,2026-04-20 18:26:30.742781+00:00,DESKTOP-A3EGFSV$,4688,C:\Windows\System32\services.exe,C:\WINDOWS\servicing\TrustedInstaller.exe,
-,2026-04-20 18:26:30.789238+00:00,DESKTOP-A3EGFSV$,4688,C:\Windows\System32\svchost.exe,C:\WINDOWS\winsxs\amd64_microsoft-windows-servicingstack_31bf3856ad364e35_10.0.26100.8247_none_a53a4f5b773e04f9\TiWorker.exe -Embedding,
DESKTOP-A3EGFSV$,2026-04-20 18:26:30.830265+00:00,DESKTOP-A3EGFSV$,4703,,,C:\Windows\WinSxS\amd64_microsoft-windows-servicingstack_31bf3856ad364e35_10.0.26100.8247_none_a53a4f5b773e04f9\TiWorker.exe
,2026-04-20 18:26:35.364809+00:00,DESKTOP-A3EGFSV$,4689,,,C:\Windows\System32\Dism\DismHost.exe
,2026-04-20 18:26:35.374277+00:00,DESKTOP-A3EGFSV$,4689,,,C:\Windows\System32\directxdatabaseupdater.exe
