Chunk_File,Model_Output
chunk1.csv,"Top 5 most suspicious logs ranked by suspiciousness:

1.
- Full log entry: {'Date': '2016-09-28', 'Time': '04:30:31', 'Level': 'Info', 'Component': 'CSI', 'Content': '00000001@2016/9/27:20:30:31.455 WcpInitialize (wcp.dll version 0.0.0.6) called (stack @0x7fed806eb5d @0x7fef9fb9b6d @0x7fef9f8358f @0xff83e97c @0xff83d799 @0xff83db2f)', 'EventId': 'E13', 'EventTemplate': '<*>@<*>/<*>/<*>:<*>:<*>:<*>.<*> WcpInitialize (wcp.dll version <*>) called (stack @<*>)'}
- Suspicion score: 6
- Why it is suspicious: The repeated calls to WcpInitialize with a very low version number (0.0.0.6) of wcp.dll could indicate an outdated or potentially tampered DLL.
- Explanation: Multiple initializations of a low-version DLL might be a sign of an attempt to exploit or manipulate system components.

2.
- Full log entry: {'Date': '2016-09-28', 'Time': '04:30:31', 'Level': 'Info', 'Component': 'CSI', 'Content': '00000002@2016/9/27:20:30:31.458 WcpInitialize (wcp.dll version 0.0.0.6) called (stack @0x7fed806eb5d @0x7fefa006ade @0x7fef9fd2984 @0x7fef9f83665 @0xff83e97c @0xff83d799)', 'EventId': 'E13', 'EventTemplate': '<*>@<*>/<*>/<*>:<*>:<*>:<*>.<*> WcpInitialize (wcp.dll version <*>) called (stack @<*>)'}
- Suspicion score: 6
- Why it is suspicious: Same as above, repeated calls to a low-version DLL.
- Explanation: Could indicate suspicious activity or a system component being manipulated.

3.
- Full log entry: {'Date': '2016-09-28', 'Time': '04:30:31', 'Level': 'Info', 'Component': 'CSI', 'Content': '00000003@2016/9/27:20:30:31.458 WcpInitialize (wcp.dll version 0.0.0.6) called (stack @0x7fed806eb5d @0x7fefa1c8728 @0x7fefa1c8856 @0xff83e474 @0xff83d7de @0xff83db2f)', 'EventId': 'E13', 'EventTemplate': '<*>@<*>/<*>/<*>:<*>:<*>:<*>.<*> WcpInitialize (wcp.dll version <*>) called (stack @<*>)'}
- Suspicion score: 6
- Why it is suspicious: Same as above.
- Explanation: Multiple calls to the same low-version DLL may be abnormal.

4.
- Full log entry: {'Date': '2016-09-28', 'Time': '04:30:31', 'Level': 'Info', 'Component': 'CBS', 'Content': 'SQM: Requesting upload of all unsent reports.', 'EventId': 'E42', 'EventTemplate': 'SQM: Requesting upload of all unsent reports.'}
- Suspicion score: 4
- Why it is suspicious: Uploading unsent reports could potentially leak sensitive telemetry data.
- Explanation: While normal in some contexts, this could be abused to exfiltrate data.

5.
- Full log entry: {'Date': '2016-09-28', 'Time': '04:30:31', 'Level': 'Info', 'Component': 'CBS', 'Content': 'SQM: Cleaning up report files older than 10 days.', 'EventId': 'E37', 'EventTemplate': 'SQM: Cleaning up report files older than <*> days.'}
- Suspicion score: 3
- Why it is suspicious: Cleanup of logs or reports could be an attempt to cover tracks.
- Explanation: Deleting old reports might be normal maintenance but could also be suspicious if done frequently or unexpectedly.

Other logs appear normal system informational messages related to TrustedInstaller and servicing stack loading."
chunk2.csv,"Top 5 most suspicious logs ranked by suspiciousness:

1. Log Entry:
   {'Date': '2016-09-28', 'Time': '04:30:31', 'Level': 'Info', 'Component': 'CBS', 'Content': 'SQM: Warning: Failed to upload all unsent reports. [HRESULT = 0x80004005 - E_FAIL]', 'EventId': 'E43', 'EventTemplate': 'SQM: Warning: Failed to upload all unsent reports. [HRESULT = <*> - E_FAIL]'}
   Suspicion Score: 7
   Why Suspicious: The failure to upload unsent reports could indicate network issues, permission problems, or potential tampering with telemetry data.
   Explanation: The system failed to upload telemetry reports, which might suggest interference or malfunction in data reporting.

2. Log Entry:
   {'Date': '2016-09-28', 'Time': '04:30:31', 'Level': 'Info', 'Component': 'CBS', 'Content': 'SQM: Failed to start upload with file pattern: C:\\Windows\\servicing\\sqm\\*_std.sqm, flags: 0x2 [HRESULT = 0x80004005 - E_FAIL]', 'EventId': 'E39', 'EventTemplate': 'SQM: Failed to start upload with file pattern: <*>, flags: <*> [HRESULT = <*> - E_FAIL]'}
   Suspicion Score: 6
   Why Suspicious: Failure to start upload of standard telemetry files may indicate issues with system components or attempts to block telemetry data.
   Explanation: The system could not initiate uploading of standard telemetry files, which might be caused by errors or intentional blocking.

3. Log Entry:
   {'Date': '2016-09-28', 'Time': '04:30:31', 'Level': 'Info', 'Component': 'CBS', 'Content': 'SQM: Failed to start standard sample upload. [HRESULT = 0x80004005 - E_FAIL]', 'EventId': 'E38', 'EventTemplate': 'SQM: Failed to start standard sample upload. [HRESULT = <*> - E_FAIL]'}
   Suspicion Score: 6
   Why Suspicious: Similar to the above, failure to start sample upload could indicate system issues or interference with telemetry.
   Explanation: The system failed to start uploading sample telemetry data, which could be due to errors or blocking.

4. Log Entry:
   {'Date': '2016-09-28', 'Time': '04:30:31', 'Level': 'Info', 'Component': 'CBS', 'Content': 'SQM: Queued 0 file(s) for upload with pattern: C:\\Windows\\servicing\\sqm\\*_all.sqm, flags: 0x6', 'EventId': 'E41', 'EventTemplate': 'SQM: Queued <*> file(s) for upload with pattern: <*>, flags: <*>'}
   Suspicion Score: 5
   Why Suspicious: Queuing zero files for upload might indicate no telemetry data is being sent, possibly due to tampering or malfunction.
   Explanation: No telemetry files were queued for upload, which could mean data collection or transmission is not functioning.

5. Log Entry:
   {'Date': '2016-09-28', 'Time': '04:30:31', 'Level': 'Info', 'Component': 'CBS', 'Content': 'No startup processing required, TrustedInstaller service was not set as autostart, or else a reboot is still pending.', 'EventId': 'E25', 'EventTemplate': 'No startup processing required, TrustedInstaller service was not set as autostart, or else a reboot is still pending.'}
   Suspicion Score: 4
   Why Suspicious: TrustedInstaller service not set to autostart or pending reboot could indicate incomplete updates or potential tampering with system services.
   Explanation: The TrustedInstaller service is not configured to start automatically, which might affect system updates or indicate system changes."
chunk3.csv,"Top 5 most suspicious logs ranked by suspiciousness:

1.
- Full log entry: {'Date': '2016-09-28', 'Time': '04:30:31', 'Level': 'Info', 'Component': 'CBS', 'Content': 'Warning: Unrecognized packageExtended attribute.', 'EventId': 'E50', 'EventTemplate': 'Warning: Unrecognized packageExtended attribute.'}
- Suspicion score: 7/10
- Why suspicious: The log contains a warning about an unrecognized package attribute, which could indicate tampering or corruption in software packages.
- Explanation: This warning suggests that the system encountered an unexpected attribute in a package, which might be a sign of a malformed or malicious package.

2.
- Full log entry: {'Date': '2016-09-28', 'Time': '04:30:31', 'Level': 'Info', 'Component': 'CBS', 'Content': 'Session: 30546173_4262462443 initialized by client WindowsUpdateAgent.', 'EventId': 'E36', 'EventTemplate': 'Session: <*>_<*> initialized by client WindowsUpdateAgent.'}
- Suspicion score: 4/10
- Why suspicious: Multiple sessions initialized by WindowsUpdateAgent in a short time frame could indicate abnormal update activity or automated scripts.
- Explanation: While WindowsUpdateAgent sessions are normal, frequent or unusual session IDs may warrant further monitoring.

3.
- Full log entry: {'Date': '2016-09-28', 'Time': '04:30:31', 'Level': 'Info', 'Component': 'CBS', 'Content': 'Session: 30546173_4261722401 initialized by client WindowsUpdateAgent.', 'EventId': 'E36', 'EventTemplate': 'Session: <*>_<*> initialized by client WindowsUpdateAgent.'}
- Suspicion score: 4/10
- Why suspicious: Same reasoning as above; multiple sessions could be benign but worth noting.
- Explanation: Normal Windows update activity but should be correlated with other events.

4.
- Full log entry: {'Date': '2016-09-28', 'Time': '04:30:31', 'Level': 'Info', 'Component': 'CSI', 'Content': '00000005 Creating NT transaction (seq 1), objectname [6]""(null)""', 'EventId': 'E2', 'EventTemplate': '<*> Creating NT transaction (seq <*>), objectname [<*>]""(null)""'}
- Suspicion score: 3/10
- Why suspicious: The object name is ""(null)"" which might indicate an abnormal or incomplete transaction creation.
- Explanation: Transactions with null object names could be a sign of software issues or attempts to manipulate system transactions.

5.
- Full log entry: {'Date': '2016-09-28', 'Time': '04:30:31', 'Level': 'Info', 'Component': 'CSI', 'Content': '00000004 IAdvancedInstallerAwareStore_ResolvePendingTransactions (call 1) (flags = 00000004, progress = NULL, phase = 0, pdwDisposition = @0xb6fd90', 'EventId': 'E5', 'EventTemplate': '<*> IAdvancedInstallerAwareStore_ResolvePendingTransactions (call <*>) (flags = <*>, progress = <*>, phase = <*>, pdwDisposition = @<*>'}
- Suspicion score: 3/10
- Why suspicious: The progress parameter is NULL during a transaction resolve call, which might indicate an incomplete or stalled operation.
- Explanation: This could be a benign system operation but might also indicate issues in transaction processing that could be exploited."
chunk4.csv,"Top 5 Most Suspicious Logs:

1.
- Full log entry: {'Date': '2016-09-28', 'Time': '04:30:32', 'Level': 'Info', 'Component': 'CBS', 'Content': 'Failed to internally open package. [HRESULT = 0x800f0805 - CBS_E_INVALID_PACKAGE]', 'EventId': 'E21', 'EventTemplate': 'Failed to internally open package. [HRESULT = <*> - CBS_E_INVALID_PACKAGE]'}
- Suspicion score: 8
- Why it is suspicious: Failure to open a package internally indicates potential corruption or tampering with system update packages.
- Explanation: This log shows that the system failed to open a package, which could mean the update package is invalid or compromised, possibly indicating an attack or system integrity issue.

2.
- Full log entry: {'Date': '2016-09-28', 'Time': '04:30:31', 'Level': 'Info', 'Component': 'CBS', 'Content': 'Expecting attribute name [HRESULT = 0x800f080d - CBS_E_MANIFEST_INVALID_ITEM]', 'EventId': 'E18', 'EventTemplate': 'Expecting attribute name [HRESULT = <*> - CBS_E_MANIFEST_INVALID_ITEM]'}
- Suspicion score: 7
- Why it is suspicious: Manifest invalid item errors suggest corrupted or malformed update manifests.
- Explanation: The system expected an attribute name but encountered an invalid item in the manifest, which could indicate tampering or corruption in update metadata.

3.
- Full log entry: {'Date': '2016-09-28', 'Time': '04:30:31', 'Level': 'Info', 'Component': 'CBS', 'Content': 'Failed to get next element [HRESULT = 0x800f080d - CBS_E_MANIFEST_INVALID_ITEM]', 'EventId': 'E20', 'EventTemplate': 'Failed to get next element [HRESULT = <*> - CBS_E_MANIFEST_INVALID_ITEM]'}
- Suspicion score: 7
- Why it is suspicious: Failure to parse manifest elements can indicate corrupted or malicious update files.
- Explanation: The system failed to retrieve the next element in the manifest, which may point to issues with update integrity or possible tampering.

4.
- Full log entry: {'Date': '2016-09-28', 'Time': '04:30:32', 'Level': 'Info', 'Component': 'CBS', 'Content': 'Warning: Unrecognized packageExtended attribute.', 'EventId': 'E50', 'EventTemplate': 'Warning: Unrecognized packageExtended attribute.'}
- Suspicion score: 6
- Why it is suspicious: Unrecognized attributes in packages may indicate unexpected or malicious modifications.
- Explanation: The system detected an attribute in the package it does not recognize, which could be a sign of unauthorized changes or a malformed package.

5.
- Full log entry: {'Date': '2016-09-28', 'Time': '04:30:33', 'Level': 'Info', 'Component': 'CBS', 'Content': 'Warning: Unrecognized packageExtended attribute.', 'EventId': 'E50', 'EventTemplate': 'Warning: Unrecognized packageExtended attribute.'}
- Suspicion score: 6
- Why it is suspicious: Repeated warnings about unrecognized attributes reinforce the possibility of package anomalies.
- Explanation: Another instance of unrecognized package attributes suggests persistent issues with package integrity or potential tampering."
chunk5.csv,"Top 5 most suspicious logs ranked by suspiciousness:

1.
- Full log entry: {'Date': '2016-09-28', 'Time': '04:30:33', 'Level': 'Info', 'Component': 'CBS', 'Content': 'Failed to internally open package. [HRESULT = 0x800f0805 - CBS_E_INVALID_PACKAGE]', 'EventId': 'E21', 'EventTemplate': 'Failed to internally open package. [HRESULT = <*> - CBS_E_INVALID_PACKAGE]'}
- Suspicion score: 9
- Why it is suspicious: Indicates a failure to open a package due to invalid package error, which could suggest corruption or tampering with system update files.
- Explanation: The system failed to open a package internally, possibly due to corruption or malicious modification, which can affect system stability or security.

2.
- Full log entry: {'Date': '2016-09-28', 'Time': '04:30:33', 'Level': 'Info', 'Component': 'CBS', 'Content': 'Expecting attribute name [HRESULT = 0x800f080d - CBS_E_MANIFEST_INVALID_ITEM]', 'EventId': 'E18', 'EventTemplate': 'Expecting attribute name [HRESULT = <*> - CBS_E_MANIFEST_INVALID_ITEM]'}
- Suspicion score: 8
- Why it is suspicious: Indicates an invalid manifest item error, which may point to malformed or tampered update manifests.
- Explanation: The system encountered an invalid item in the update manifest, which could be due to corruption or unauthorized changes.

3.
- Full log entry: {'Date': '2016-09-28', 'Time': '04:30:33', 'Level': 'Info', 'Component': 'CBS', 'Content': 'Failed to get next element [HRESULT = 0x800f080d - CBS_E_MANIFEST_INVALID_ITEM]', 'EventId': 'E20', 'EventTemplate': 'Failed to get next element [HRESULT = <*> - CBS_E_MANIFEST_INVALID_ITEM]'}
- Suspicion score: 7
- Why it is suspicious: Similar to the previous log, it shows failure in processing manifest elements, which could indicate issues with update integrity.
- Explanation: The system failed to process the next element in the update manifest, possibly due to corruption or tampering.

4.
- Full log entry: {'Date': '2016-09-28', 'Time': '04:30:33', 'Level': 'Info', 'Component': 'CBS', 'Content': 'Warning: Unrecognized packageExtended attribute.', 'EventId': 'E50', 'EventTemplate': 'Warning: Unrecognized packageExtended attribute.'}
- Suspicion score: 5
- Why it is suspicious: The warning about an unrecognized package attribute may indicate unexpected or unknown changes in package metadata.
- Explanation: The system detected an unknown attribute in a package, which might be benign or could suggest unauthorized modifications.

5.
- Full log entry: {'Date': '2016-09-28', 'Time': '04:30:33', 'Level': 'Info', 'Component': 'CBS', 'Content': 'Session: 30546173_4285113739 initialized by client WindowsUpdateAgent.', 'EventId': 'E36', 'EventTemplate': 'Session: <*>_<*> initialized by client WindowsUpdateAgent.'}
- Suspicion score: 3
- Why it is suspicious: Multiple session initializations in a short time could indicate abnormal update activity or automated scripts.
- Explanation: The Windows Update Agent initialized many sessions rapidly, which might be normal but could also suggest unusual update behavior or automation."
chunk6.csv,"Top 5 Most Suspicious Logs:

1.
- Full log entry: {'Date': '2016-09-28', 'Time': '04:30:33', 'Level': 'Info', 'Component': 'CBS', 'Content': 'Read out cached package applicability for package: Package_for_KB2656356~31bf3856ad364e35~amd64~~6.1.1.1, ApplicableState: 80, CurrentState:112', 'EventId': 'E29', 'EventTemplate': 'Read out cached package applicability for package: <*>, ApplicableState: <*>, CurrentState:<*>'}
- Suspicion score: 6/10
- Why it is suspicious: The ApplicableState (80) differs from the CurrentState (112), indicating a potential inconsistency or failed update state.
- Explanation: This log shows a package with mismatched applicability and current states, which could indicate an update issue or tampering.

2.
- Full log entry: {'Date': '2016-09-28', 'Time': '04:30:33', 'Level': 'Info', 'Component': 'CBS', 'Content': 'Read out cached package applicability for package: Package_for_KB3115858~31bf3856ad364e35~amd64~~6.1.1.0, ApplicableState: 80, CurrentState:112', 'EventId': 'E29', 'EventTemplate': 'Read out cached package applicability for package: <*>, ApplicableState: <*>, CurrentState:<*>'}
- Suspicion score: 6/10
- Why it is suspicious: Same as above, ApplicableState (80) does not match CurrentState (112).
- Explanation: Another package with inconsistent state values, which may suggest update problems or manipulation.

3.
- Full log entry: {'Date': '2016-09-28', 'Time': '04:30:33', 'Level': 'Info', 'Component': 'CBS', 'Content': 'Session: 30546173_4280633484 initialized by client WindowsUpdateAgent.', 'EventId': 'E36', 'EventTemplate': 'Session: <*>_<*> initialized by client WindowsUpdateAgent.'}
- Suspicion score: 3/10
- Why it is suspicious: Multiple sessions initialized at the exact same timestamp could indicate automated or scripted activity.
- Explanation: While WindowsUpdateAgent sessions are normal, the high frequency of sessions starting simultaneously is unusual and worth monitoring.

4.
- Full log entry: {'Date': '2016-09-28', 'Time': '04:30:33', 'Level': 'Info', 'Component': 'CBS', 'Content': 'Session: 30546173_4281313522 initialized by client WindowsUpdateAgent.', 'EventId': 'E36', 'EventTemplate': 'Session: <*>_<*> initialized by client WindowsUpdateAgent.'}
- Suspicion score: 3/10
- Why it is suspicious: Same as above, multiple sessions at the same time.
- Explanation: Repeated session initializations at the same second may indicate abnormal update agent behavior.

5.
- Full log entry: {'Date': '2016-09-28', 'Time': '04:30:33', 'Level': 'Info', 'Component': 'CBS', 'Content': 'Session: 30546173_4285113739 initialized by client WindowsUpdateAgent.', 'EventId': 'E36', 'EventTemplate': 'Session: <*>_<*> initialized by client WindowsUpdateAgent.'}
- Suspicion score: 3/10
- Why it is suspicious: Same as above.
- Explanation: Multiple simultaneous sessions could be benign but should be reviewed for potential automated or malicious activity.

Summary: The most suspicious logs are those showing mismatched package states, which could indicate update failures or tampering. The multiple simultaneous WindowsUpdateAgent sessions are less suspicious but unusual and worth monitoring."
chunk7.csv,"Top 5 most suspicious logs from the provided entries:

1.
- Full log entry: {'Date': '2016-09-28', 'Time': '04:30:34', 'Level': 'Info', 'Component': 'CBS', 'Content': 'Session: 30546173_4294174257 initialized by client WindowsUpdateAgent.', 'EventId': 'E36', 'EventTemplate': 'Session: <*>_<*> initialized by client WindowsUpdateAgent.'}
- Suspicion score: 3
- Why suspicious: Multiple sessions initialized in a very short time frame could indicate automated or scripted activity.
- Explanation: The log shows a session initialization by WindowsUpdateAgent, which is normal, but the high frequency of sessions in a short time could be unusual.

2.
- Full log entry: {'Date': '2016-09-28', 'Time': '04:30:34', 'Level': 'Info', 'Component': 'CBS', 'Content': 'Session: 30546173_4294144255 initialized by client WindowsUpdateAgent.', 'EventId': 'E36', 'EventTemplate': 'Session: <*>_<*> initialized by client WindowsUpdateAgent.'}
- Suspicion score: 3
- Why suspicious: Same as above, multiple session initializations rapidly.
- Explanation: Similar to the previous log, this shows rapid session initialization which might be worth monitoring.

3.
- Full log entry: {'Date': '2016-09-28', 'Time': '04:30:34', 'Level': 'Info', 'Component': 'CBS', 'Content': 'Session: 30546173_4289704001 initialized by client WindowsUpdateAgent.', 'EventId': 'E36', 'EventTemplate': 'Session: <*>_<*> initialized by client WindowsUpdateAgent.'}
- Suspicion score: 2
- Why suspicious: Frequent session initializations but still within expected WindowsUpdateAgent behavior.
- Explanation: This is likely normal update agent activity but the frequency is notable.

4.
- Full log entry: {'Date': '2016-09-28', 'Time': '04:30:34', 'Level': 'Info', 'Component': 'CBS', 'Content': 'Session: 30546173_4289083966 initialized by client WindowsUpdateAgent.', 'EventId': 'E36', 'EventTemplate': 'Session: <*>_<*> initialized by client WindowsUpdateAgent.'}
- Suspicion score: 2
- Why suspicious: Same pattern of multiple session initializations.
- Explanation: Normal update activity but the volume is high in a short time.

5.
- Full log entry: {'Date': '2016-09-28', 'Time': '04:30:34', 'Level': 'Info', 'Component': 'CBS', 'Content': 'Session: 30546174_187017 initialized by client WindowsUpdateAgent.', 'EventId': 'E36', 'EventTemplate': 'Session: <*>_<*> initialized by client WindowsUpdateAgent.'}
- Suspicion score: 1
- Why suspicious: Single session initialization, typical behavior.
- Explanation: This is a normal log entry with no clear suspicious activity.

Summary: All logs are related to WindowsUpdateAgent sessions and package applicability checks, which are typical system update activities. The only slight suspicion arises from the rapid succession of session initializations, which could be benign or scripted behavior. No clear malicious activity is evident."
chunk8.csv,"Top 5 most suspicious logs from the provided entries:

1.
- Full log entry: {'Date': '2016-09-28', 'Time': '04:30:35', 'Level': 'Info', 'Component': 'CBS', 'Content': 'Session: 30546174_2817168 initialized by client WindowsUpdateAgent.', 'EventId': 'E36', 'EventTemplate': 'Session: <*>_<*> initialized by client WindowsUpdateAgent.'}
- Suspicion score: 3
- Why suspicious: Multiple sessions initialized in a very short time frame could indicate automated or scripted activity.
- Explanation: The log shows a session initialized by WindowsUpdateAgent, but the rapid succession of many sessions might be unusual.

2.
- Full log entry: {'Date': '2016-09-28', 'Time': '04:30:35', 'Level': 'Info', 'Component': 'CBS', 'Content': 'Session: 30546174_2217133 initialized by client WindowsUpdateAgent.', 'EventId': 'E36', 'EventTemplate': 'Session: <*>_<*> initialized by client WindowsUpdateAgent.'}
- Suspicion score: 3
- Why suspicious: Similar to above, rapid session initialization could be suspicious.
- Explanation: Another session started by WindowsUpdateAgent in quick succession.

3.
- Full log entry: {'Date': '2016-09-28', 'Time': '04:30:34', 'Level': 'Info', 'Component': 'CBS', 'Content': 'Session: 30546174_2037123 initialized by client WindowsUpdateAgent.', 'EventId': 'E36', 'EventTemplate': 'Session: <*>_<*> initialized by client WindowsUpdateAgent.'}
- Suspicion score: 3
- Why suspicious: Same pattern of multiple sessions initialized quickly.
- Explanation: Indicates multiple update sessions starting in a short time.

4.
- Full log entry: {'Date': '2016-09-28', 'Time': '04:30:34', 'Level': 'Info', 'Component': 'CBS', 'Content': 'Session: 30546174_1767108 initialized by client WindowsUpdateAgent.', 'EventId': 'E36', 'EventTemplate': 'Session: <*>_<*> initialized by client WindowsUpdateAgent.'}
- Suspicion score: 3
- Why suspicious: Multiple session initializations in a short time.
- Explanation: Could be normal Windows Update behavior but worth noting.

5.
- Full log entry: {'Date': '2016-09-28', 'Time': '04:30:34', 'Level': 'Info', 'Component': 'CBS', 'Content': 'Session: 30546174_1497092 initialized by client WindowsUpdateAgent.', 'EventId': 'E36', 'EventTemplate': 'Session: <*>_<*> initialized by client WindowsUpdateAgent.'}
- Suspicion score: 3
- Why suspicious: Same as above.
- Explanation: Multiple sessions started quickly, possibly automated.

Summary: All logs are related to Windows Update Agent sessions and package applicability checks. No explicit errors or warnings are present. The only suspicious aspect is the rapid initialization of multiple sessions, which could be normal for Windows Update but might warrant further monitoring. No high-severity suspicious logs detected."
chunk9.csv,"Top 5 most suspicious logs from the provided entries:

1.
- Full log entry: {'Date': '2016-09-28', 'Time': '04:30:35', 'Level': 'Info', 'Component': 'CBS', 'Content': 'Read out cached package applicability for package: Package_for_KB3033929~31bf3856ad364e35~amd64~~6.1.1.1, ApplicableState: 80, CurrentState:112', 'EventId': 'E29', 'EventTemplate': 'Read out cached package applicability for package: <*>, ApplicableState: <*>, CurrentState:<*>'}
- Suspicion score: 5/10
- Why suspicious: The ApplicableState (80) differs from the CurrentState (112), which may indicate a package state inconsistency or a failed update.
- Explanation: This log shows a mismatch in package applicability states, which could suggest an issue with patch management or potential tampering.

2.
- Full log entry: {'Date': '2016-09-28', 'Time': '04:30:35', 'Level': 'Info', 'Component': 'CBS', 'Content': 'Read out cached package applicability for package: Package_for_KB2978742~31bf3856ad364e35~amd64~~6.1.1.0, ApplicableState: 112, CurrentState:112', 'EventId': 'E29', 'EventTemplate': 'Read out cached package applicability for package: <*>, ApplicableState: <*>, CurrentState:<*>'}
- Suspicion score: 2/10
- Why suspicious: States match, indicating normal behavior.
- Explanation: This log entry shows normal package state consistency, so it is less suspicious.

3.
- Full log entry: {'Date': '2016-09-28', 'Time': '04:30:35', 'Level': 'Info', 'Component': 'CBS', 'Content': 'Read out cached package applicability for package: Package_for_KB3177186~31bf3856ad364e35~amd64~~6.1.1.1, ApplicableState: 112, CurrentState:112', 'EventId': 'E29', 'EventTemplate': 'Read out cached package applicability for package: <*>, ApplicableState: <*>, CurrentState:<*>'}
- Suspicion score: 2/10
- Why suspicious: States match, indicating normal behavior.
- Explanation: This is a normal log entry showing consistent package states.

4.
- Full log entry: {'Date': '2016-09-28', 'Time': '04:30:35', 'Level': 'Info', 'Component': 'CBS', 'Content': 'Read out cached package applicability for package: Package_for_KB3055642~31bf3856ad364e35~amd64~~6.1.1.0, ApplicableState: 112, CurrentState:112', 'EventId': 'E29', 'EventTemplate': 'Read out cached package applicability for package: <*>, ApplicableState: <*>, CurrentState:<*>'}
- Suspicion score: 2/10
- Why suspicious: States match, indicating normal behavior.
- Explanation: This log entry shows no anomalies in package state.

5.
- Full log entry: {'Date': '2016-09-28', 'Time': '04:30:35', 'Level': 'Info', 'Component': 'CBS', 'Content': 'Read out cached package applicability for package: Package_for_KB3078601~31bf3856ad364e35~amd64~~6.1.1.5, ApplicableState: 112, CurrentState:112', 'EventId': 'E29', 'EventTemplate': 'Read out cached package applicability for package: <*>, ApplicableState: <*>, CurrentState:<*>'}
- Suspicion score: 2/10
- Why suspicious: States match, indicating normal behavior.
- Explanation: This is a routine log entry with no suspicious indicators.

Summary:
- All logs are informational and related to Windows update package applicability.
- Only one log shows a state mismatch (ApplicableState 80 vs CurrentState 112), which is mildly suspicious.
- The rest show normal update states and session initializations, which are typical and not suspicious."
chunk10.csv,"Top 5 most suspicious logs ranked by suspiciousness:

1.
- Full log entry: {'Date': '2016-09-28', 'Time': '04:30:35', 'Level': 'Info', 'Component': 'CBS', 'Content': 'Read out cached package applicability for package: Package_for_KB3019978~31bf3856ad364e35~amd64~~6.1.1.2, ApplicableState: 80, CurrentState:0', 'EventId': 'E29', 'EventTemplate': 'Read out cached package applicability for package: <*>, ApplicableState: <*>, CurrentState:<*>'}
- Suspicion score: 7
- Why it is suspicious: The ApplicableState is 80 but the CurrentState is 0, indicating a mismatch or failure to apply the package.
- Explanation: This log shows a package that is expected to be applicable but is currently not applied, which could indicate an update failure or tampering.

2.
- Full log entry: {'Date': '2016-09-28', 'Time': '04:30:36', 'Level': 'Info', 'Component': 'CBS', 'Content': 'Read out cached package applicability for package: Package_for_KB2789645~31bf3856ad364e35~amd64~~6.1.1.0, ApplicableState: 80, CurrentState:112', 'EventId': 'E29', 'EventTemplate': 'Read out cached package applicability for package: <*>, ApplicableState: <*>, CurrentState:<*>'}
- Suspicion score: 6
- Why it is suspicious: The ApplicableState is 80 but the CurrentState is 112, showing a discrepancy in expected vs current state.
- Explanation: This indicates the package state has changed unexpectedly, which might be due to an update anomaly or unauthorized modification.

3.
- Full log entry: {'Date': '2016-09-28', 'Time': '04:30:35', 'Level': 'Info', 'Component': 'CBS', 'Content': 'Read out cached package applicability for package: Package_for_KB3147071~31bf3856ad364e35~amd64~~6.1.1.1, ApplicableState: 112, CurrentState:112', 'EventId': 'E29', 'EventTemplate': 'Read out cached package applicability for package: <*>, ApplicableState: <*>, CurrentState:<*>'}
- Suspicion score: 3
- Why it is suspicious: Both states match, indicating normal behavior, but the package is related to a known update.
- Explanation: This is likely a normal update check, low suspicion.

4.
- Full log entry: {'Date': '2016-09-28', 'Time': '04:30:35', 'Level': 'Info', 'Component': 'CBS', 'Content': 'Read out cached package applicability for package: Package_for_KB2563227~31bf3856ad364e35~amd64~~6.1.1.0, ApplicableState: 112, CurrentState:112', 'EventId': 'E29', 'EventTemplate': 'Read out cached package applicability for package: <*>, ApplicableState: <*>, CurrentState:<*>'}
- Suspicion score: 3
- Why it is suspicious: States match, typical update log.
- Explanation: Normal update package applicability readout.

5.
- Full log entry: {'Date': '2016-09-28', 'Time': '04:30:36', 'Level': 'Info', 'Component': 'CBS', 'Content': 'Session: 30546174_17007979 initialized by client WindowsUpdateAgent.', 'EventId': 'E36', 'EventTemplate': 'Session: <*>_<*> initialized by client WindowsUpdateAgent.'}
- Suspicion score: 2
- Why it is suspicious: Session initialization by WindowsUpdateAgent is normal but could be monitored for unusual frequency.
- Explanation: Routine session start for update agent, low suspicion.

Summary: The most suspicious logs are those with mismatched ApplicableState and CurrentState values, indicating potential update failures or tampering. Other logs appear normal for Windows update operations."
chunk11.csv,"Top 5 most suspicious logs ranked by suspiciousness:

1. Log Entry:
{'Date': '2016-09-28', 'Time': '04:30:36', 'Level': 'Info', 'Component': 'CBS', 'Content': 'Read out cached package applicability for package: Package_for_KB2607047~31bf3856ad364e35~amd64~~6.1.1.1, ApplicableState: 0, CurrentState:0', 'EventId': 'E29', 'EventTemplate': 'Read out cached package applicability for package: <*>, ApplicableState: <*>, CurrentState:<*>'}
- Suspicion Score: 4/10
- Why suspicious: The ApplicableState and CurrentState are both 0, which may indicate the package is not applicable or not installed, unusual compared to other packages with state 112.
- Explanation: This log shows a package with no applicability or installation state, which could indicate a failed or incomplete update.

2. Log Entry:
{'Date': '2016-09-28', 'Time': '04:30:36', 'Level': 'Info', 'Component': 'CBS', 'Content': 'Read out cached package applicability for package: Package_for_KB3138901~31bf3856ad364e35~amd64~~6.1.1.0, ApplicableState: 112, CurrentState:112', 'EventId': 'E29', 'EventTemplate': 'Read out cached package applicability for package: <*>, ApplicableState: <*>, CurrentState:<*>'}
- Suspicion Score: 2/10
- Why suspicious: Normal state values but included for comparison.
- Explanation: This is a typical log entry showing a package with applicable and current state set to 112, indicating normal update status.

3. Log Entry:
{'Date': '2016-09-28', 'Time': '04:30:36', 'Level': 'Info', 'Component': 'CBS', 'Content': 'Read out cached package applicability for package: Package_for_KB3011780~31bf3856ad364e35~amd64~~6.1.1.5, ApplicableState: 112, CurrentState:112', 'EventId': 'E29', 'EventTemplate': 'Read out cached package applicability for package: <*>, ApplicableState: <*>, CurrentState:<*>'}
- Suspicion Score: 2/10
- Why suspicious: Normal state values.
- Explanation: Another normal package applicability log with expected states.

4. Log Entry:
{'Date': '2016-09-28', 'Time': '04:30:36', 'Level': 'Info', 'Component': 'CBS', 'Content': 'Read out cached package applicability for package: Package_for_KB3170455~31bf3856ad364e35~amd64~~6.1.1.2, ApplicableState: 112, CurrentState:112', 'EventId': 'E29', 'EventTemplate': 'Read out cached package applicability for package: <*>, ApplicableState: <*>, CurrentState:<*>'}
- Suspicion Score: 2/10
- Why suspicious: Normal state values.
- Explanation: Standard log entry indicating package applicability.

5. Log Entry:
{'Date': '2016-09-28', 'Time': '04:30:36', 'Level': 'Info', 'Component': 'CBS', 'Content': 'Read out cached package applicability for package: Package_for_KB2891804~31bf3856ad364e35~amd64~~6.1.1.1, ApplicableState: 112, CurrentState:112', 'EventId': 'E29', 'EventTemplate': 'Read out cached package applicability for package: <*>, ApplicableState: <*>, CurrentState:<*>'}
- Suspicion Score: 2/10
- Why suspicious: Normal state values.
- Explanation: Typical package applicability log entry.

Summary:
All logs are informational and related to Windows update package applicability. The only slightly suspicious log is the one with ApplicableState and CurrentState set to 0, which may indicate a package not applied or failed. No clear malicious activity is evident."
chunk12.csv,"Top 5 most suspicious logs:

1.
- Full log entry: {'Date': '2016-09-28', 'Time': '04:30:36', 'Level': 'Info', 'Component': 'CBS', 'Content': 'Read out cached package applicability for package: Package_for_KB3184471~31bf3856ad364e35~amd64~~6.1.1.1, ApplicableState: 0, CurrentState:0', 'EventId': 'E29', 'EventTemplate': 'Read out cached package applicability for package: <*>, ApplicableState: <*>, CurrentState:<*>'}
- Suspicion score: 5/10
- Why it is suspicious: The ApplicableState and CurrentState are both 0, which differs from other packages that have 112. This could indicate a package that is not applicable or potentially corrupted.
- Explanation: This log shows a package with states set to zero, which is unusual compared to others and might indicate an issue with the update package.

2.
- Full log entry: {'Date': '2016-09-28', 'Time': '04:30:36', 'Level': 'Info', 'Component': 'CBS', 'Content': 'Session: 30546174_21498236 initialized by client WindowsUpdateAgent.', 'EventId': 'E36', 'EventTemplate': 'Session: <*>_<*> initialized by client WindowsUpdateAgent.'}
- Suspicion score: 3/10
- Why it is suspicious: Multiple sessions initialized in a very short time frame could indicate automated or scripted activity.
- Explanation: Rapid session initializations might be normal for updates but could also be a sign of automated processes or potential abuse.

3.
- Full log entry: {'Date': '2016-09-28', 'Time': '04:30:36', 'Level': 'Info', 'Component': 'CBS', 'Content': 'Session: 30546174_20798196 initialized by client WindowsUpdateAgent.', 'EventId': 'E36', 'EventTemplate': 'Session: <*>_<*> initialized by client WindowsUpdateAgent.'}
- Suspicion score: 3/10
- Why it is suspicious: Same as above, multiple sessions in a short time.
- Explanation: Could be normal update behavior or scripted activity.

4.
- Full log entry: {'Date': '2016-09-28', 'Time': '04:30:36', 'Level': 'Info', 'Component': 'CBS', 'Content': 'Session: 30546174_20518180 initialized by client WindowsUpdateAgent.', 'EventId': 'E36', 'EventTemplate': 'Session: <*>_<*> initialized by client WindowsUpdateAgent.'}
- Suspicion score: 3/10
- Why it is suspicious: Same reasoning as above.
- Explanation: Multiple rapid sessions could be suspicious or normal.

5.
- Full log entry: {'Date': '2016-09-28', 'Time': '04:30:36', 'Level': 'Info', 'Component': 'CBS', 'Content': 'Session: 30546174_20458177 initialized by client WindowsUpdateAgent.', 'EventId': 'E36', 'EventTemplate': 'Session: <*>_<*> initialized by client WindowsUpdateAgent.'}
- Suspicion score: 3/10
- Why it is suspicious: Same as above.
- Explanation: Multiple sessions in a short time frame may indicate automated activity.

Summary: The logs mostly show normal Windows Update Agent activity. The only notable anomaly is the package with ApplicableState and CurrentState set to zero, which may warrant further investigation. The multiple session initializations are common but could be monitored for unusual patterns."
chunk13.csv,"Top 5 most suspicious logs ranked by suspiciousness:

1. Log Entry:
{'Date': '2016-09-28', 'Time': '04:30:36', 'Level': 'Info', 'Component': 'CBS', 'Content': 'Read out cached package applicability for package: Package_for_KB2716513~31bf3856ad364e35~amd64~~6.1.1.0, ApplicableState: 80, CurrentState:0', 'EventId': 'E29', 'EventTemplate': 'Read out cached package applicability for package: <*>, ApplicableState: <*>, CurrentState:<*>'}
- Suspicion Score: 6/10
- Why suspicious: The ApplicableState is 80 but CurrentState is 0, indicating a mismatch or failure to apply the package.
- Explanation: This log shows a package that is applicable but not currently installed or active, which could indicate an update failure or tampering.

2. Log Entry:
{'Date': '2016-09-28', 'Time': '04:30:36', 'Level': 'Info', 'Component': 'CBS', 'Content': 'Read out cached package applicability for package: Package_for_KB2489256~31bf3856ad364e35~amd64~~6.1.1.1, ApplicableState: 80, CurrentState:0', 'EventId': 'E29', 'EventTemplate': 'Read out cached package applicability for package: <*>, ApplicableState: <*>, CurrentState:<*>'}
- Suspicion Score: 6/10
- Why suspicious: Similar to above, ApplicableState is 80 but CurrentState is 0, indicating the package is applicable but not installed.
- Explanation: This could indicate a failed or incomplete update, which might be exploited or indicative of system issues.

3. Log Entry:
{'Date': '2016-09-28', 'Time': '04:30:36', 'Level': 'Info', 'Component': 'CBS', 'Content': 'Read out cached package applicability for package: Package_for_KB3138962~31bf3856ad364e35~amd64~~6.1.1.0, ApplicableState: 80, CurrentState:112', 'EventId': 'E29', 'EventTemplate': 'Read out cached package applicability for package: <*>, ApplicableState: <*>, CurrentState:<*>'}
- Suspicion Score: 5/10
- Why suspicious: ApplicableState is 80 but CurrentState is 112, showing a state mismatch.
- Explanation: The package states do not align, which could indicate an update inconsistency or potential tampering.

4. Log Entry:
{'Date': '2016-09-28', 'Time': '04:30:36', 'Level': 'Info', 'Component': 'CBS', 'Content': 'Session: 30546174_21868257 initialized by client WindowsUpdateAgent.', 'EventId': 'E36', 'EventTemplate': 'Session: <*>_<*> initialized by client WindowsUpdateAgent.'}
- Suspicion Score: 3/10
- Why suspicious: Multiple sessions initialized in a short time could indicate abnormal update activity.
- Explanation: While normal for updates, frequent session initializations could be a sign of automated or scripted activity.

5. Log Entry:
{'Date': '2016-09-28', 'Time': '04:30:36', 'Level': 'Info', 'Component': 'CBS', 'Content': 'Session: 30546174_21888258 initialized by client WindowsUpdateAgent.', 'EventId': 'E36', 'EventTemplate': 'Session: <*>_<*> initialized by client WindowsUpdateAgent.'}
- Suspicion Score: 3/10
- Why suspicious: Similar to above, frequent session initializations.
- Explanation: Could be normal but worth monitoring for unusual update behavior.

Summary: The most suspicious logs are those showing mismatches between ApplicableState and CurrentState for update packages, which could indicate failed updates or tampering. The session initialization logs are less suspicious but noted due to frequency."
chunk14.csv,"Top 5 most suspicious logs ranked by suspiciousness:

1.
- Full log entry: {'Date': '2016-09-28', 'Time': '04:30:37', 'Level': 'Info', 'Component': 'CBS', 'Content': 'Read out cached package applicability for package: Package_for_KB3020369~31bf3856ad364e35~amd64~~6.1.1.1, ApplicableState: 80, CurrentState:112', 'EventId': 'E29', 'EventTemplate': 'Read out cached package applicability for package: <*>, ApplicableState: <*>, CurrentState:<*>'}
- Suspicion score: 6/10
- Why it is suspicious: The ApplicableState (80) differs from the CurrentState (112), indicating a potential inconsistency or issue with the package state.
- Explanation: This log shows a mismatch between the expected and current state of a Windows update package, which could indicate a failed or tampered update.

2.
- Full log entry: {'Date': '2016-09-28', 'Time': '04:30:37', 'Level': 'Info', 'Component': 'CBS', 'Content': 'Session: 30546174_22538296 initialized by client WindowsUpdateAgent.', 'EventId': 'E36', 'EventTemplate': 'Session: <*>_<*> initialized by client WindowsUpdateAgent.'}
- Suspicion score: 3/10
- Why it is suspicious: Multiple sessions initialized in a short time frame could indicate abnormal update activity or automated scripts.
- Explanation: Frequent session initializations by WindowsUpdateAgent might be normal but could also suggest unusual update behavior.

3.
- Full log entry: {'Date': '2016-09-28', 'Time': '04:30:37', 'Level': 'Info', 'Component': 'CBS', 'Content': 'Session: 30546174_22448291 initialized by client WindowsUpdateAgent.', 'EventId': 'E36', 'EventTemplate': 'Session: <*>_<*> initialized by client WindowsUpdateAgent.'}
- Suspicion score: 3/10
- Why it is suspicious: Same as above, multiple sessions in quick succession.
- Explanation: Could be normal but worth monitoring for unusual update patterns.

4.
- Full log entry: {'Date': '2016-09-28', 'Time': '04:30:36', 'Level': 'Info', 'Component': 'CBS', 'Content': 'Session: 30546174_22048268 initialized by client WindowsUpdateAgent.', 'EventId': 'E36', 'EventTemplate': 'Session: <*>_<*> initialized by client WindowsUpdateAgent.'}
- Suspicion score: 2/10
- Why it is suspicious: Frequent session initializations.
- Explanation: Normal update activity but could be suspicious if excessive.

5.
- Full log entry: {'Date': '2016-09-28', 'Time': '04:30:36', 'Level': 'Info', 'Component': 'CBS', 'Content': 'Session: 30546174_22008265 initialized by client WindowsUpdateAgent.', 'EventId': 'E36', 'EventTemplate': 'Session: <*>_<*> initialized by client WindowsUpdateAgent.'}
- Suspicion score: 2/10
- Why it is suspicious: Frequent session initializations.
- Explanation: Same as above, worth monitoring for abnormal update behavior.

Summary: The only notably suspicious log is the one with mismatched package states, which could indicate update issues or tampering. The rest are routine Windows UpdateAgent session initializations, which are generally normal but could be suspicious if occurring excessively or in unusual patterns."
chunk15.csv,"Top 5 Most Suspicious Logs:

1.
- Full log entry: {'Date': '2016-09-28', 'Time': '04:30:37', 'Level': 'Info', 'Component': 'CBS', 'Content': 'Read out cached package applicability for package: Package_for_KB3168965~31bf3856ad364e35~amd64~~6.1.1.2, ApplicableState: 80, CurrentState:112', 'EventId': 'E29', 'EventTemplate': 'Read out cached package applicability for package: <*>, ApplicableState: <*>, CurrentState:<*>'}
- Suspicion score: 6/10
- Why it is suspicious: The ApplicableState (80) differs from the CurrentState (112), indicating a potential inconsistency or issue with the package applicability.
- Explanation: This log shows a mismatch between the expected and current state of a Windows update package, which could indicate a problem with the update process or tampering.

2.
- Full log entry: {'Date': '2016-09-28', 'Time': '04:30:37', 'Level': 'Info', 'Component': 'CBS', 'Content': 'Session: 30546174_23938376 initialized by client WindowsUpdateAgent.', 'EventId': 'E36', 'EventTemplate': 'Session: <*>_<*> initialized by client WindowsUpdateAgent.'}
- Suspicion score: 3/10
- Why it is suspicious: Multiple sessions initialized in a very short time frame could indicate automated or scripted activity.
- Explanation: Rapid session initializations by WindowsUpdateAgent might be normal but could also suggest unusual update activity or scanning.

3.
- Full log entry: {'Date': '2016-09-28', 'Time': '04:30:37', 'Level': 'Info', 'Component': 'CBS', 'Content': 'Session: 30546174_23668360 initialized by client WindowsUpdateAgent.', 'EventId': 'E36', 'EventTemplate': 'Session: <*>_<*> initialized by client WindowsUpdateAgent.'}
- Suspicion score: 3/10
- Why it is suspicious: Same as above, multiple sessions in a short time.
- Explanation: Frequent session initializations could be benign but warrant monitoring for abnormal patterns.

4.
- Full log entry: {'Date': '2016-09-28', 'Time': '04:30:37', 'Level': 'Info', 'Component': 'CBS', 'Content': 'Session: 30546174_23648359 initialized by client WindowsUpdateAgent.', 'EventId': 'E36', 'EventTemplate': 'Session: <*>_<*> initialized by client WindowsUpdateAgent.'}
- Suspicion score: 3/10
- Why it is suspicious: Same reasoning as above.
- Explanation: Multiple sessions started quickly may indicate scripted or automated update checks.

5.
- Full log entry: {'Date': '2016-09-28', 'Time': '04:30:37', 'Level': 'Info', 'Component': 'CBS', 'Content': 'Read out cached package applicability for package: Package_for_KB2943357~31bf3856ad364e35~amd64~~6.1.1.3, ApplicableState: 112, CurrentState:112', 'EventId': 'E29', 'EventTemplate': 'Read out cached package applicability for package: <*>, ApplicableState: <*>, CurrentState:<*>'}
- Suspicion score: 1/10
- Why it is suspicious: No suspicious indicators; states match.
- Explanation: This is a normal log entry showing package applicability states matching, included here to fill the top 5 but is not suspicious.

Summary: The only moderately suspicious log is the one with mismatched ApplicableState and CurrentState. The rest are routine Windows Update Agent session initializations and package checks."
chunk16.csv,"Top 5 most suspicious logs ranked by suspiciousness:

1.
- Full log entry: {'Date': '2016-09-28', 'Time': '04:30:37', 'Level': 'Info', 'Component': 'CBS', 'Content': 'Read out cached package applicability for package: Package_for_KB3080446~31bf3856ad364e35~amd64~~6.1.1.2, ApplicableState: 80, CurrentState:112', 'EventId': 'E29', 'EventTemplate': 'Read out cached package applicability for package: <*>, ApplicableState: <*>, CurrentState:<*>'}
- Suspicion score: 6
- Why suspicious: The CurrentState (112) is higher than the ApplicableState (80), which is unusual and may indicate a state inconsistency or tampering.
- Explanation: The package's current state should not exceed its applicable state; this mismatch could suggest an error or manipulation in update status.

2.
- Full log entry: {'Date': '2016-09-28', 'Time': '04:30:37', 'Level': 'Info', 'Component': 'CBS', 'Content': 'Read out cached package applicability for package: Package_for_KB2515325~31bf3856ad364e35~amd64~~6.1.1.0, ApplicableState: 80, CurrentState:112', 'EventId': 'E29', 'EventTemplate': 'Read out cached package applicability for package: <*>, ApplicableState: <*>, CurrentState:<*>'}
- Suspicion score: 6
- Why suspicious: Same as above, CurrentState (112) exceeds ApplicableState (80).
- Explanation: Indicates a potential inconsistency in package update states that could be a sign of system issues or tampering.

3.
- Full log entry: {'Date': '2016-09-28', 'Time': '04:30:37', 'Level': 'Info', 'Component': 'CBS', 'Content': 'Read out cached package applicability for package: Package_for_KB2957189~31bf3856ad364e35~amd64~~6.1.1.1, ApplicableState: 80, CurrentState:112', 'EventId': 'E29', 'EventTemplate': 'Read out cached package applicability for package: <*>, ApplicableState: <*>, CurrentState:<*>'}
- Suspicion score: 6
- Why suspicious: CurrentState (112) is greater than ApplicableState (80), which is irregular.
- Explanation: This discrepancy may indicate an abnormal update state or possible manipulation.

4.
- Full log entry: {'Date': '2016-09-28', 'Time': '04:30:37', 'Level': 'Info', 'Component': 'CBS', 'Content': 'Session: 30546174_27518581 initialized by client WindowsUpdateAgent.', 'EventId': 'E36', 'EventTemplate': 'Session: <*>_<*> initialized by client WindowsUpdateAgent.'}
- Suspicion score: 3
- Why suspicious: Multiple sessions initialized at the exact same timestamp may indicate automated or scripted activity.
- Explanation: While not necessarily malicious, rapid session initializations could be a sign of abnormal update agent behavior.

5.
- Full log entry: {'Date': '2016-09-28', 'Time': '04:30:37', 'Level': 'Info', 'Component': 'CBS', 'Content': 'Session: 30546174_27548582 initialized by client WindowsUpdateAgent.', 'EventId': 'E36', 'EventTemplate': 'Session: <*>_<*> initialized by client WindowsUpdateAgent.'}
- Suspicion score: 3
- Why suspicious: Same as above, multiple sessions at the same time.
- Explanation: Could indicate scripted or automated update activity that warrants monitoring.

Summary: The most suspicious logs are those where the CurrentState exceeds the ApplicableState, which is unusual and may indicate system inconsistencies or tampering. The multiple session initializations at the same timestamp are less suspicious but worth noting for potential automated behavior."
chunk17.csv,"Top 5 most suspicious logs:

1.
- Full log entry: {'Date': '2016-09-28', 'Time': '04:30:37', 'Level': 'Info', 'Component': 'CBS', 'Content': 'Read out cached package applicability for package: Microsoft-Hyper-V-Integration-Services-Package~31bf3856ad364e35~amd64~~6.3.9600.17681, ApplicableState: 112, CurrentState:0', 'EventId': 'E29', 'EventTemplate': 'Read out cached package applicability for package: <*>, ApplicableState: <*>, CurrentState:<*>'}
- Suspicion score: 7/10
- Why it is suspicious: The ApplicableState is 112 (likely meaning the package should be applied), but the CurrentState is 0 (not installed or applied), which is inconsistent and may indicate tampering or failure to apply a critical package.
- Explanation: This log shows a critical package that should be installed but currently is not, which could be a sign of system compromise or update failure.

2.
- Full log entry: {'Date': '2016-09-28', 'Time': '04:30:37', 'Level': 'Info', 'Component': 'CBS', 'Content': 'Read out cached package applicability for package: Package_for_KB2718704~31bf3856ad364e35~amd64~~6.1.1.0, ApplicableState: 80, CurrentState:112', 'EventId': 'E29', 'EventTemplate': 'Read out cached package applicability for package: <*>, ApplicableState: <*>, CurrentState:<*>'}
- Suspicion score: 5/10
- Why it is suspicious: The ApplicableState is 80, but the CurrentState is 112, indicating a mismatch that could suggest an unexpected package state.
- Explanation: The package states do not align as expected, which might indicate an update or patch inconsistency.

3.
- Full log entry: {'Date': '2016-09-28', 'Time': '04:30:37', 'Level': 'Info', 'Component': 'CBS', 'Content': 'Read out cached package applicability for package: Package_for_KB2479943~31bf3856ad364e35~amd64~~6.1.1.0, ApplicableState: 112, CurrentState:112', 'EventId': 'E29', 'EventTemplate': 'Read out cached package applicability for package: <*>, ApplicableState: <*>, CurrentState:<*>'}
- Suspicion score: 3/10
- Why it is suspicious: Both states are 112, which is consistent, but the log is included for completeness.
- Explanation: This log shows normal package state, low suspicion.

4.
- Full log entry: {'Date': '2016-09-28', 'Time': '04:30:37', 'Level': 'Info', 'Component': 'CBS', 'Content': 'Read out cached package applicability for package: Package_for_KB3138612~31bf3856ad364e35~amd64~~6.1.1.1, ApplicableState: 112, CurrentState:112', 'EventId': 'E29', 'EventTemplate': 'Read out cached package applicability for package: <*>, ApplicableState: <*>, CurrentState:<*>'}
- Suspicion score: 3/10
- Why it is suspicious: States are consistent.
- Explanation: Normal package state.

5.
- Full log entry: {'Date': '2016-09-28', 'Time': '04:30:37', 'Level': 'Info', 'Component': 'CBS', 'Content': 'Read out cached package applicability for package: Package_for_KB3107998~31bf3856ad364e35~amd64~~6.1.1.2, ApplicableState: 112, CurrentState:112', 'EventId': 'E29', 'EventTemplate': 'Read out cached package applicability for package: <*>, ApplicableState: <*>, CurrentState:<*>'}
- Suspicion score: 3/10
- Why it is suspicious: States are consistent.
- Explanation: Normal package state.

Summary: The most suspicious log is the one with the Microsoft-Hyper-V-Integration-Services-Package where the package is expected to be applied but is not, which could indicate a problem or compromise. Other logs mostly show consistent states or minor mismatches."
chunk18.csv,"Top 5 most suspicious logs:

1.
- Full log entry: {'Date': '2016-09-28', 'Time': '04:30:37', 'Level': 'Info', 'Component': 'CBS', 'Content': 'Session: 30546174_30478750 initialized by client WindowsUpdateAgent.', 'EventId': 'E36', 'EventTemplate': 'Session: <*>_<*> initialized by client WindowsUpdateAgent.'}
- Suspicion score: 3
- Why suspicious: Multiple sessions initialized in a short time frame could indicate automated or scripted activity.
- Explanation: The log shows a session initialized by WindowsUpdateAgent, which is normal, but the rapid creation of many sessions might be unusual.

2.
- Full log entry: {'Date': '2016-09-28', 'Time': '04:30:38', 'Level': 'Info', 'Component': 'CBS', 'Content': 'Session: 30546174_35199020 initialized by client WindowsUpdateAgent.', 'EventId': 'E36', 'EventTemplate': 'Session: <*>_<*> initialized by client WindowsUpdateAgent.'}
- Suspicion score: 3
- Why suspicious: Same as above, multiple sessions in quick succession.
- Explanation: Another session initialized immediately after the previous one, which could be normal but may warrant attention.

3.
- Full log entry: {'Date': '2016-09-28', 'Time': '04:30:38', 'Level': 'Info', 'Component': 'CBS', 'Content': 'Session: 30546174_35469035 initialized by client WindowsUpdateAgent.', 'EventId': 'E36', 'EventTemplate': 'Session: <*>_<*> initialized by client WindowsUpdateAgent.'}
- Suspicion score: 3
- Why suspicious: Same pattern of multiple session initializations.
- Explanation: Continues the pattern of rapid session creation by WindowsUpdateAgent.

4.
- Full log entry: {'Date': '2016-09-28', 'Time': '04:30:38', 'Level': 'Info', 'Component': 'CBS', 'Content': 'Session: 30546174_35509038 initialized by client WindowsUpdateAgent.', 'EventId': 'E36', 'EventTemplate': 'Session: <*>_<*> initialized by client WindowsUpdateAgent.'}
- Suspicion score: 3
- Why suspicious: Same as above.
- Explanation: Another session initialized in the same short time frame.

5.
- Full log entry: {'Date': '2016-09-28', 'Time': '04:30:38', 'Level': 'Info', 'Component': 'CBS', 'Content': 'Session: 30546174_35659046 initialized by client WindowsUpdateAgent.', 'EventId': 'E36', 'EventTemplate': 'Session: <*>_<*> initialized by client WindowsUpdateAgent.'}
- Suspicion score: 3
- Why suspicious: Same pattern.
- Explanation: Multiple sessions initialized rapidly, which could be normal Windows Update behavior but may also indicate scripted or automated activity.

Summary: All logs are related to Windows Update Agent sessions and package applicability checks. No explicit malicious activity is evident, but the rapid succession of session initializations is somewhat unusual and worth monitoring. The package applicability logs are routine and not suspicious."
chunk19.csv,"Top 5 most suspicious logs from the provided entries:

1.
- Full log entry: {'Date': '2016-09-28', 'Time': '04:30:39', 'Level': 'Info', 'Component': 'CBS', 'Content': 'Read out cached package applicability for package: Package_for_KB2798162~31bf3856ad364e35~amd64~~6.1.1.5, ApplicableState: 80, CurrentState:112', 'EventId': 'E29', 'EventTemplate': 'Read out cached package applicability for package: <*>, ApplicableState: <*>, CurrentState:<*>'}
- Suspicion score: 6/10
- Why it is suspicious: The ApplicableState (80) differs from the CurrentState (112), indicating a potential inconsistency or issue with the package applicability.
- Explanation: This log shows a mismatch in package states, which could indicate a problem with patch application or system integrity.

2.
- Full log entry: {'Date': '2016-09-28', 'Time': '04:30:38', 'Level': 'Info', 'Component': 'CBS', 'Content': 'Read out cached package applicability for package: Package_for_KB2894844~31bf3856ad364e35~amd64~~6.1.1.1, ApplicableState: 112, CurrentState:112', 'EventId': 'E29', 'EventTemplate': 'Read out cached package applicability for package: <*>, ApplicableState: <*>, CurrentState:<*>'}
- Suspicion score: 3/10
- Why it is suspicious: Although states match, the log is related to Windows Update packages, which can be targeted by attackers to exploit vulnerabilities.
- Explanation: This is a normal update log but should be monitored as attackers sometimes manipulate update processes.

3.
- Full log entry: {'Date': '2016-09-28', 'Time': '04:30:38', 'Level': 'Info', 'Component': 'CBS', 'Content': 'Session: 30546174_35689048 initialized by client WindowsUpdateAgent.', 'EventId': 'E36', 'EventTemplate': 'Session: <*>_<*> initialized by client WindowsUpdateAgent.'}
- Suspicion score: 2/10
- Why it is suspicious: Multiple sessions initialized by WindowsUpdateAgent in a short time could indicate automated or scripted activity.
- Explanation: Frequent session initializations might be normal but could also be a sign of automated exploitation attempts.

4.
- Full log entry: {'Date': '2016-09-28', 'Time': '04:30:38', 'Level': 'Info', 'Component': 'CBS', 'Content': 'Session: 30546174_36019067 initialized by client WindowsUpdateAgent.', 'EventId': 'E36', 'EventTemplate': 'Session: <*>_<*> initialized by client WindowsUpdateAgent.'}
- Suspicion score: 2/10
- Why it is suspicious: Same as above, multiple session initializations in a short timeframe.
- Explanation: Could be normal update behavior or scripted activity.

5.
- Full log entry: {'Date': '2016-09-28', 'Time': '04:30:38', 'Level': 'Info', 'Component': 'CBS', 'Content': 'Session: 30546174_40939348 initialized by client WindowsUpdateAgent.', 'EventId': 'E36', 'EventTemplate': 'Session: <*>_<*> initialized by client WindowsUpdateAgent.'}
- Suspicion score: 2/10
- Why it is suspicious: Same reasoning as above.
- Explanation: Multiple session initializations could be benign or suspicious depending on context.

Summary: The most suspicious log is the one with mismatched ApplicableState and CurrentState, which could indicate a problem or tampering. The rest are mostly normal Windows Update related logs but should be monitored for unusual patterns."
chunk20.csv,"Top 5 most suspicious logs ranked by suspiciousness:

1.
- Full log entry: {'Date': '2016-09-28', 'Time': '04:30:39', 'Level': 'Info', 'Component': 'CBS', 'Content': 'Read out cached package applicability for package: Package_for_KB2585542~31bf3856ad364e35~amd64~~6.1.1.3, ApplicableState: 80, CurrentState:112', 'EventId': 'E29', 'EventTemplate': 'Read out cached package applicability for package: <*>, ApplicableState: <*>, CurrentState:<*>'}
- Suspicion score: 6/10
- Why it is suspicious: The ApplicableState (80) differs from the CurrentState (112), indicating a potential inconsistency or issue with the package state.
- Explanation: This log shows a mismatch between the expected and current state of a Windows update package, which could indicate a failed or tampered update.

2.
- Full log entry: {'Date': '2016-09-28', 'Time': '04:30:39', 'Level': 'Info', 'Component': 'CBS', 'Content': 'Session: 30546174_44469550 initialized by client WindowsUpdateAgent.', 'EventId': 'E36', 'EventTemplate': 'Session: <*>_<*> initialized by client WindowsUpdateAgent.'}
- Suspicion score: 3/10
- Why it is suspicious: Multiple sessions initialized in a short time frame could indicate automated or scripted activity.
- Explanation: Frequent session initializations by WindowsUpdateAgent might be normal but could also suggest abnormal update behavior or scanning.

3.
- Full log entry: {'Date': '2016-09-28', 'Time': '04:30:39', 'Level': 'Info', 'Component': 'CBS', 'Content': 'Session: 30546174_44629559 initialized by client WindowsUpdateAgent.', 'EventId': 'E36', 'EventTemplate': 'Session: <*>_<*> initialized by client WindowsUpdateAgent.'}
- Suspicion score: 3/10
- Why it is suspicious: Same as above, multiple sessions in a short time.
- Explanation: Repeated session initializations could be benign but warrant monitoring for unusual patterns.

4.
- Full log entry: {'Date': '2016-09-28', 'Time': '04:30:39', 'Level': 'Info', 'Component': 'CBS', 'Content': 'Session: 30546174_44439548 initialized by client WindowsUpdateAgent.', 'EventId': 'E36', 'EventTemplate': 'Session: <*>_<*> initialized by client WindowsUpdateAgent.'}
- Suspicion score: 3/10
- Why it is suspicious: Same reasoning as above.
- Explanation: Multiple sessions started rapidly may indicate automated update processes or scanning.

5.
- Full log entry: {'Date': '2016-09-28', 'Time': '04:30:39', 'Level': 'Info', 'Component': 'CBS', 'Content': 'Session: 30546174_43599500 initialized by client WindowsUpdateAgent.', 'EventId': 'E36', 'EventTemplate': 'Session: <*>_<*> initialized by client WindowsUpdateAgent.'}
- Suspicion score: 3/10
- Why it is suspicious: Same as above.
- Explanation: Frequent session initializations could be normal but should be checked for abnormal frequency or patterns.

Summary: The only notably suspicious log is the one with mismatched package states, which could indicate an update issue or tampering. The rest are routine WindowsUpdateAgent session initializations but are noted due to their frequency."
chunk21.csv,"Top 5 most suspicious logs ranked by suspiciousness:

1.
- Full log entry: {'Date': '2016-09-28', 'Time': '04:30:39', 'Level': 'Info', 'Component': 'CBS', 'Content': 'Read out cached package applicability for package: Package_for_KB2836942~31bf3856ad364e35~amd64~~6.1.1.0, ApplicableState: 80, CurrentState:112', 'EventId': 'E29', 'EventTemplate': 'Read out cached package applicability for package: <*>, ApplicableState: <*>, CurrentState:<*>'}
- Suspicion score: 6/10
- Why it is suspicious: The ApplicableState (80) differs from the CurrentState (112), indicating a potential inconsistency or issue with the package applicability.
- Explanation: This log shows a mismatch between the expected and current state of a Windows update package, which could indicate a problem with the update process or tampering.

2.
- Full log entry: {'Date': '2016-09-28', 'Time': '04:30:39', 'Level': 'Info', 'Component': 'CBS', 'Content': 'Session: 30546174_46879688 initialized by client WindowsUpdateAgent.', 'EventId': 'E36', 'EventTemplate': 'Session: <*>_<*> initialized by client WindowsUpdateAgent.'}
- Suspicion score: 3/10
- Why it is suspicious: Multiple sessions initialized in a very short time frame could indicate automated or scripted activity.
- Explanation: Rapid session initializations by WindowsUpdateAgent might be normal but could also be a sign of abnormal update behavior or automated exploitation attempts.

3.
- Full log entry: {'Date': '2016-09-28', 'Time': '04:30:39', 'Level': 'Info', 'Component': 'CBS', 'Content': 'Session: 30546174_46979694 initialized by client WindowsUpdateAgent.', 'EventId': 'E36', 'EventTemplate': 'Session: <*>_<*> initialized by client WindowsUpdateAgent.'}
- Suspicion score: 3/10
- Why it is suspicious: Same as above, multiple sessions in quick succession.
- Explanation: Similar to the previous log, this could be normal but warrants attention due to frequency.

4.
- Full log entry: {'Date': '2016-09-28', 'Time': '04:30:39', 'Level': 'Info', 'Component': 'CBS', 'Content': 'Session: 30546174_46439663 initialized by client WindowsUpdateAgent.', 'EventId': 'E36', 'EventTemplate': 'Session: <*>_<*> initialized by client WindowsUpdateAgent.'}
- Suspicion score: 3/10
- Why it is suspicious: Same reasoning as above.
- Explanation: Multiple session initializations in a short time could be benign or suspicious.

5.
- Full log entry: {'Date': '2016-09-28', 'Time': '04:30:39', 'Level': 'Info', 'Component': 'CBS', 'Content': 'Session: 30546174_45309598 initialized by client WindowsUpdateAgent.', 'EventId': 'E36', 'EventTemplate': 'Session: <*>_<*> initialized by client WindowsUpdateAgent.'}
- Suspicion score: 3/10
- Why it is suspicious: Same as above.
- Explanation: Frequent session initializations may indicate automated activity.

Summary: The only notably suspicious log is the one with mismatched ApplicableState and CurrentState. The rest are routine Windows Update Agent session initializations but are ranked lower due to frequency which could be normal or suspicious depending on context."
chunk22.csv,"Top 5 most suspicious logs ranked by suspiciousness:

1.
- Full log entry: {'Date': '2016-09-28', 'Time': '04:30:39', 'Level': 'Info', 'Component': 'CBS', 'Content': 'Read out cached package applicability for package: Package_for_KB3076895~31bf3856ad364e35~amd64~~6.1.1.1, ApplicableState: 80, CurrentState:112', 'EventId': 'E29', 'EventTemplate': 'Read out cached package applicability for package: <*>, ApplicableState: <*>, CurrentState:<*>'}
- Suspicion score: 7/10
- Why suspicious: The ApplicableState (80) differs from the CurrentState (112), indicating a potential inconsistency or failed update state.
- Explanation: This log shows a mismatch between the expected and current state of a Windows update package, which could indicate an issue or tampering with the update process.

2.
- Full log entry: {'Date': '2016-09-28', 'Time': '04:30:39', 'Level': 'Info', 'Component': 'CBS', 'Content': 'Read out cached package applicability for package: Package_for_KB2823180~31bf3856ad364e35~amd64~~6.1.1.0, ApplicableState: 0, CurrentState:0', 'EventId': 'E29', 'EventTemplate': 'Read out cached package applicability for package: <*>, ApplicableState: <*>, CurrentState:<*>'}
- Suspicion score: 5/10
- Why suspicious: Both ApplicableState and CurrentState are 0, which might indicate the package is not applicable or not installed; this could be normal but worth noting.
- Explanation: This log shows a package with no applicability or installation state, which might be benign but could also indicate missing or incomplete updates.

3.
- Full log entry: {'Date': '2016-09-28', 'Time': '04:30:39', 'Level': 'Info', 'Component': 'CBS', 'Content': 'Session: 30546174_49059813 initialized by client WindowsUpdateAgent.', 'EventId': 'E36', 'EventTemplate': 'Session: <*>_<*> initialized by client WindowsUpdateAgent.'}
- Suspicion score: 3/10
- Why suspicious: Multiple sessions initialized in a short time could indicate automated or scripted activity.
- Explanation: Frequent session initializations by WindowsUpdateAgent might be normal during updates but could also suggest unusual update activity.

4.
- Full log entry: {'Date': '2016-09-28', 'Time': '04:30:39', 'Level': 'Info', 'Component': 'CBS', 'Content': 'Session: 30546174_48809798 initialized by client WindowsUpdateAgent.', 'EventId': 'E36', 'EventTemplate': 'Session: <*>_<*> initialized by client WindowsUpdateAgent.'}
- Suspicion score: 3/10
- Why suspicious: Same as above, multiple sessions in a short timeframe.
- Explanation: Repeated session initializations may be normal but could also indicate abnormal update behavior.

5.
- Full log entry: {'Date': '2016-09-28', 'Time': '04:30:39', 'Level': 'Info', 'Component': 'CBS', 'Content': 'Session: 30546174_48769796 initialized by client WindowsUpdateAgent.', 'EventId': 'E36', 'EventTemplate': 'Session: <*>_<*> initialized by client WindowsUpdateAgent.'}
- Suspicion score: 3/10
- Why suspicious: Same reasoning as above.
- Explanation: Multiple session initializations could be normal but warrant monitoring for unusual patterns.

Summary: The most suspicious log is the one with mismatched ApplicableState and CurrentState, which could indicate update issues or tampering. The rest mostly show frequent session initializations which are less suspicious but worth monitoring."
chunk23.csv,"Top 5 Most Suspicious Logs:

1.
- Full log entry: {'Date': '2016-09-28', 'Time': '04:30:39', 'Level': 'Info', 'Component': 'CBS', 'Content': 'Failed to internally open package. [HRESULT = 0x800f0805 - CBS_E_INVALID_PACKAGE]', 'EventId': 'E21', 'EventTemplate': 'Failed to internally open package. [HRESULT = <*> - CBS_E_INVALID_PACKAGE]'}
- Suspicion score: 8/10
- Why it is suspicious: The log indicates a failure to open a package due to an invalid package error, which could suggest corruption, tampering, or an attempted exploit.
- Explanation: The system failed to open a Windows update package internally, which might indicate a problem with the update files or a potential security issue with package integrity.

2.
- Full log entry: {'Date': '2016-09-28', 'Time': '04:30:39', 'Level': 'Info', 'Component': 'CBS', 'Content': 'Read out cached package applicability for package: Package_for_KB2809215~31bf3856ad364e35~amd64~~6.1.1.1, ApplicableState: 112, CurrentState:0', 'EventId': 'E29', 'EventTemplate': 'Read out cached package applicability for package: <*>, ApplicableState: <*>, CurrentState:<*>'}
- Suspicion score: 5/10
- Why it is suspicious: The ApplicableState is 112 but CurrentState is 0, indicating a mismatch that could suggest an update was expected but not applied.
- Explanation: The system recognized that a package should be applicable but it is currently not installed or active, which might indicate update failures or manipulation.

3.
- Full log entry: {'Date': '2016-09-28', 'Time': '04:30:39', 'Level': 'Info', 'Component': 'CBS', 'Content': 'Read out cached package applicability for package: Package_for_KB2809900~31bf3856ad364e35~amd64~~6.1.1.0, ApplicableState: 0, CurrentState:0', 'EventId': 'E29', 'EventTemplate': 'Read out cached package applicability for package: <*>, ApplicableState: <*>, CurrentState:<*>'}
- Suspicion score: 4/10
- Why it is suspicious: Both states are 0, which is less suspicious but could indicate the package is neither applicable nor installed, possibly a missing update.
- Explanation: The package is neither applicable nor installed, which might be normal but could also indicate missing updates.

4.
- Full log entry: {'Date': '2016-09-28', 'Time': '04:30:39', 'Level': 'Info', 'Component': 'CBS', 'Content': 'Read out cached package applicability for package: Package_for_KB3150220~31bf3856ad364e35~amd64~~6.1.1.1, ApplicableState: 112, CurrentState:112', 'EventId': 'E29', 'EventTemplate': 'Read out cached package applicability for package: <*>, ApplicableState: <*>, CurrentState:<*>'}
- Suspicion score: 3/10
- Why it is suspicious: Both states match and are 112, indicating the package is applicable and installed, which is normal.
- Explanation: This log shows a package that is correctly recognized and installed, so it is low risk.

5.
- Full log entry: {'Date': '2016-09-28', 'Time': '04:30:39', 'Level': 'Info', 'Component': 'CBS', 'Content': 'Session: 30546174_49089814 initialized by client WindowsUpdateAgent.', 'EventId': 'E36', 'EventTemplate': 'Session: <*>_<*> initialized by client WindowsUpdateAgent.'}
- Suspicion score: 2/10
- Why it is suspicious: Session initialization by WindowsUpdateAgent is normal behavior, low suspicion.
- Explanation: This log shows a normal session initialization for Windows Update, typical system activity.

Summary: The most suspicious log is the package open failure with HRESULT 0x800f0805, which could indicate a problem or attack vector. Other logs mostly show normal or minor update state inconsistencies."
chunk24.csv,"Top 5 most suspicious logs:

1.
- Full log entry: {'Date': '2016-09-28', 'Time': '04:30:42', 'Level': 'Info', 'Component': 'CBS', 'Content': 'Read out cached package applicability for package: Package_for_KB2868626~31bf3856ad364e35~amd64~~6.1.1.2, ApplicableState: 80, CurrentState:112', 'EventId': 'E29', 'EventTemplate': 'Read out cached package applicability for package: <*>, ApplicableState: <*>, CurrentState:<*>'}
- Suspicion score: 6/10
- Why it is suspicious: The ApplicableState (80) differs from the CurrentState (112), indicating a potential inconsistency or issue with the package applicability.
- Explanation: This log shows a mismatch between the expected and current state of a Windows update package, which could indicate a problem or tampering.

2.
- Full log entry: {'Date': '2016-09-28', 'Time': '04:30:39', 'Level': 'Info', 'Component': 'CBS', 'Content': 'Session: 30546174_49899861 initialized by client WindowsUpdateAgent.', 'EventId': 'E36', 'EventTemplate': 'Session: <*>_<*> initialized by client WindowsUpdateAgent.'}
- Suspicion score: 3/10
- Why it is suspicious: Multiple sessions initialized in a short time frame could indicate automated or scripted activity.
- Explanation: Frequent session initializations by WindowsUpdateAgent might be normal but could also be a sign of abnormal update behavior.

3.
- Full log entry: {'Date': '2016-09-28', 'Time': '04:30:39', 'Level': 'Info', 'Component': 'CBS', 'Content': 'Session: 30546174_50419890 initialized by client WindowsUpdateAgent.', 'EventId': 'E36', 'EventTemplate': 'Session: <*>_<*> initialized by client WindowsUpdateAgent.'}
- Suspicion score: 3/10
- Why it is suspicious: Same as above, multiple session initializations in a short time.
- Explanation: Could be normal update activity or scripted behavior.

4.
- Full log entry: {'Date': '2016-09-28', 'Time': '04:30:39', 'Level': 'Info', 'Component': 'CBS', 'Content': 'Session: 30546174_50799912 initialized by client WindowsUpdateAgent.', 'EventId': 'E36', 'EventTemplate': 'Session: <*>_<*> initialized by client WindowsUpdateAgent.'}
- Suspicion score: 3/10
- Why it is suspicious: Same reasoning as above.
- Explanation: Multiple sessions in a short time may be benign or suspicious.

5.
- Full log entry: {'Date': '2016-09-28', 'Time': '04:30:42', 'Level': 'Info', 'Component': 'CBS', 'Content': 'Session: 30546174_79961580 initialized by client WindowsUpdateAgent.', 'EventId': 'E36', 'EventTemplate': 'Session: <*>_<*> initialized by client WindowsUpdateAgent.'}
- Suspicion score: 3/10
- Why it is suspicious: Same as above.
- Explanation: Frequent session initializations could be normal or suspicious depending on context.

Summary: The only notably suspicious log is the one with mismatched ApplicableState and CurrentState. The rest are routine Windows UpdateAgent session initializations, which are low-level suspicious but worth monitoring if frequency is abnormal."
chunk25.csv,"Top 5 most suspicious logs:

1.
- Full log entry: {'Date': '2016-09-28', 'Time': '04:30:43', 'Level': 'Info', 'Component': 'CBS', 'Content': 'Read out cached package applicability for package: Package_for_KB947821~31bf3856ad364e35~amd64~~6.1.34.0, ApplicableState: 112, CurrentState:0', 'EventId': 'E29', 'EventTemplate': 'Read out cached package applicability for package: <*>, ApplicableState: <*>, CurrentState:<*>'}
- Suspicion score: 6/10
- Why it is suspicious: The CurrentState is 0 while ApplicableState is 112, indicating a mismatch or failure in package applicability.
- Explanation: This log shows a package that is applicable but currently not installed or active, which could indicate an update failure or tampering.

2.
- Full log entry: {'Date': '2016-09-28', 'Time': '04:30:43', 'Level': 'Info', 'Component': 'CBS', 'Content': 'Session: 30546174_85241882 initialized by client WindowsUpdateAgent.', 'EventId': 'E36', 'EventTemplate': 'Session: <*>_<*> initialized by client WindowsUpdateAgent.'}
- Suspicion score: 3/10
- Why it is suspicious: Multiple sessions initialized in a very short time frame could indicate automated or scripted activity.
- Explanation: Frequent session initializations by WindowsUpdateAgent might be normal but could also be a sign of abnormal update behavior or scanning.

3.
- Full log entry: {'Date': '2016-09-28', 'Time': '04:30:43', 'Level': 'Info', 'Component': 'CBS', 'Content': 'Session: 30546174_85221881 initialized by client WindowsUpdateAgent.', 'EventId': 'E36', 'EventTemplate': 'Session: <*>_<*> initialized by client WindowsUpdateAgent.'}
- Suspicion score: 3/10
- Why it is suspicious: Same as above, multiple sessions in quick succession.
- Explanation: Could be normal update activity but worth noting for frequency.

4.
- Full log entry: {'Date': '2016-09-28', 'Time': '04:30:43', 'Level': 'Info', 'Component': 'CBS', 'Content': 'Session: 30546174_84891862 initialized by client WindowsUpdateAgent.', 'EventId': 'E36', 'EventTemplate': 'Session: <*>_<*> initialized by client WindowsUpdateAgent.'}
- Suspicion score: 3/10
- Why it is suspicious: Same pattern of multiple session initializations.
- Explanation: Frequent sessions could indicate scripted or automated update processes.

5.
- Full log entry: {'Date': '2016-09-28', 'Time': '04:30:43', 'Level': 'Info', 'Component': 'CBS', 'Content': 'Session: 30546174_84491839 initialized by client WindowsUpdateAgent.', 'EventId': 'E36', 'EventTemplate': 'Session: <*>_<*> initialized by client WindowsUpdateAgent.'}
- Suspicion score: 3/10
- Why it is suspicious: Same as above.
- Explanation: Multiple sessions in a short time frame may be normal but could also indicate abnormal activity.

Summary: The only notably suspicious log is the one with a CurrentState of 0 while ApplicableState is 112, which may indicate a failed or blocked update. The rest are routine WindowsUpdateAgent session initializations but are ranked due to their frequency in a short time."
chunk26.csv,"Top 5 most suspicious logs ranked by suspiciousness:

1. Log Entry:
{'Date': '2016-09-28', 'Time': '04:30:43', 'Level': 'Info', 'Component': 'CBS', 'Content': 'Read out cached package applicability for package: Package_for_KB3020387~31bf3856ad364e35~amd64~~6.1.1.2, ApplicableState: 80, CurrentState:0', 'EventId': 'E29', 'EventTemplate': 'Read out cached package applicability for package: <*>, ApplicableState: <*>, CurrentState:<*>'}
- Suspicion Score: 6/10
- Why suspicious: The CurrentState is 0 while ApplicableState is 80, indicating a potential issue or rollback with this package.
- Explanation: This log shows a mismatch in package states, which could indicate a failed or incomplete update, possibly exploited or causing system instability.

2. Log Entry:
{'Date': '2016-09-28', 'Time': '04:30:43', 'Level': 'Info', 'Component': 'CBS', 'Content': 'Session: 30546174_85811915 initialized by client WindowsUpdateAgent.', 'EventId': 'E36', 'EventTemplate': 'Session: <*>_<*> initialized by client WindowsUpdateAgent.'}
- Suspicion Score: 3/10
- Why suspicious: Multiple sessions initialized in a short time frame could indicate automated or scripted activity.
- Explanation: Frequent session initializations by WindowsUpdateAgent might be normal but could also be a sign of abnormal update behavior or scanning.

3. Log Entry:
{'Date': '2016-09-28', 'Time': '04:30:43', 'Level': 'Info', 'Component': 'CBS', 'Content': 'Session: 30546174_88182050 initialized by client WindowsUpdateAgent.', 'EventId': 'E36', 'EventTemplate': 'Session: <*>_<*> initialized by client WindowsUpdateAgent.'}
- Suspicion Score: 3/10
- Why suspicious: Same as above, multiple sessions in a short time.
- Explanation: Could be normal but worth noting for potential automated activity.

4. Log Entry:
{'Date': '2016-09-28', 'Time': '04:30:43', 'Level': 'Info', 'Component': 'CBS', 'Content': 'Session: 30546174_88262055 initialized by client WindowsUpdateAgent.', 'EventId': 'E36', 'EventTemplate': 'Session: <*>_<*> initialized by client WindowsUpdateAgent.'}
- Suspicion Score: 3/10
- Why suspicious: Same reasoning as above.
- Explanation: Multiple session initializations could be benign or suspicious depending on context.

5. Log Entry:
{'Date': '2016-09-28', 'Time': '04:30:43', 'Level': 'Info', 'Component': 'CBS', 'Content': 'Session: 30546174_88342059 initialized by client WindowsUpdateAgent.', 'EventId': 'E36', 'EventTemplate': 'Session: <*>_<*> initialized by client WindowsUpdateAgent.'}
- Suspicion Score: 3/10
- Why suspicious: Same as above.
- Explanation: Multiple sessions in a short time frame may indicate scripted or automated update activity.

Summary: The only notably suspicious log is the one with a package applicability state mismatch (score 6). The rest are routine Windows Update Agent session initializations, which are low-level suspicious but worth monitoring if they occur excessively."
chunk27.csv,"Top 5 most suspicious logs ranked by suspiciousness:

1.
- Full log entry: {'Date': '2016-09-28', 'Time': '04:30:43', 'Level': 'Info', 'Component': 'CBS', 'Content': 'Read out cached package applicability for package: Package_for_KB2818604~31bf3856ad364e35~amd64~~6.1.1.0, ApplicableState: 112, CurrentState:0', 'EventId': 'E29', 'EventTemplate': 'Read out cached package applicability for package: <*>, ApplicableState: <*>, CurrentState:<*>'}
- Suspicion score: 7/10
- Why it is suspicious: The CurrentState is 0 while ApplicableState is 112, indicating a potential failure or rollback in package applicability.
- Explanation: This log shows a mismatch in package states which could indicate an issue with patch application or tampering.

2.
- Full log entry: {'Date': '2016-09-28', 'Time': '04:30:43', 'Level': 'Info', 'Component': 'CBS', 'Content': 'Read out cached package applicability for package: Package_for_KB3161561~31bf3856ad364e35~amd64~~6.1.1.1, ApplicableState: 80, CurrentState:112', 'EventId': 'E29', 'EventTemplate': 'Read out cached package applicability for package: <*>, ApplicableState: <*>, CurrentState:<*>'}
- Suspicion score: 6/10
- Why it is suspicious: The CurrentState (112) is higher than ApplicableState (80), which is unusual and may indicate an inconsistency.
- Explanation: This log shows a state inconsistency that might suggest an error or manipulation in update status.

3.
- Full log entry: {'Date': '2016-09-28', 'Time': '04:30:43', 'Level': 'Info', 'Component': 'CBS', 'Content': 'Session: 30546174_89092102 initialized by client WindowsUpdateAgent.', 'EventId': 'E36', 'EventTemplate': 'Session: <*>_<*> initialized by client WindowsUpdateAgent.'}
- Suspicion score: 3/10
- Why it is suspicious: Multiple sessions initialized in a short time frame could indicate automated or scripted activity.
- Explanation: Frequent session initializations by WindowsUpdateAgent may be normal but could also be a sign of abnormal update behavior.

4.
- Full log entry: {'Date': '2016-09-28', 'Time': '04:30:43', 'Level': 'Info', 'Component': 'CBS', 'Content': 'Session: 30546174_89042099 initialized by client WindowsUpdateAgent.', 'EventId': 'E36', 'EventTemplate': 'Session: <*>_<*> initialized by client WindowsUpdateAgent.'}
- Suspicion score: 3/10
- Why it is suspicious: Same as above, multiple sessions in quick succession.
- Explanation: Could be normal update activity or scripted behavior.

5.
- Full log entry: {'Date': '2016-09-28', 'Time': '04:30:43', 'Level': 'Info', 'Component': 'CBS', 'Content': 'Session: 30546174_89122104 initialized by client WindowsUpdateAgent.', 'EventId': 'E36', 'EventTemplate': 'Session: <*>_<*> initialized by client WindowsUpdateAgent.'}
- Suspicion score: 3/10
- Why it is suspicious: Same reasoning as above.
- Explanation: Multiple session initializations may warrant monitoring for abnormal update patterns.

Summary: The most suspicious logs are those showing inconsistencies in package applicability states, which could indicate patching issues or tampering. Multiple session initializations are less suspicious but worth noting for potential automated activity."
chunk28.csv,"Top 5 Most Suspicious Logs:

1.
- Full log entry: {'Date': '2016-09-28', 'Time': '04:30:43', 'Level': 'Info', 'Component': 'CBS', 'Content': 'Read out cached package applicability for package: Package_for_KB3035132~31bf3856ad364e35~amd64~~6.1.1.0, ApplicableState: 80, CurrentState:112', 'EventId': 'E29', 'EventTemplate': 'Read out cached package applicability for package: <*>, ApplicableState: <*>, CurrentState:<*>'}
- Suspicion score: 6/10
- Why it is suspicious: The ApplicableState (80) differs from the CurrentState (112), which may indicate a package state inconsistency or potential tampering.
- Explanation: The package's expected applicability state does not match its current state, which could suggest an issue with the update or a possible manipulation.

2.
- Full log entry: {'Date': '2016-09-28', 'Time': '04:30:43', 'Level': 'Info', 'Component': 'CBS', 'Content': 'Session: 30546174_89272113 initialized by client WindowsUpdateAgent.', 'EventId': 'E36', 'EventTemplate': 'Session: <*>_<*> initialized by client WindowsUpdateAgent.'}
- Suspicion score: 3/10
- Why it is suspicious: Multiple sessions initialized in a short time frame could indicate automated or scripted activity.
- Explanation: Frequent session initializations by WindowsUpdateAgent might be normal but could also be a sign of abnormal update behavior or scanning.

3.
- Full log entry: {'Date': '2016-09-28', 'Time': '04:30:43', 'Level': 'Info', 'Component': 'CBS', 'Content': 'Session: 30546174_89322115 initialized by client WindowsUpdateAgent.', 'EventId': 'E36', 'EventTemplate': 'Session: <*>_<*> initialized by client WindowsUpdateAgent.'}
- Suspicion score: 3/10
- Why it is suspicious: Same as above, multiple session initializations in quick succession.
- Explanation: Could be normal update activity but warrants monitoring for unusual frequency.

4.
- Full log entry: {'Date': '2016-09-28', 'Time': '04:30:43', 'Level': 'Info', 'Component': 'CBS', 'Content': 'Session: 30546174_89562129 initialized by client WindowsUpdateAgent.', 'EventId': 'E36', 'EventTemplate': 'Session: <*>_<*> initialized by client WindowsUpdateAgent.'}
- Suspicion score: 3/10
- Why it is suspicious: Same pattern of multiple session initializations.
- Explanation: Potentially normal but could indicate scripted or automated activity.

5.
- Full log entry: {'Date': '2016-09-28', 'Time': '04:30:43', 'Level': 'Info', 'Component': 'CBS', 'Content': 'Session: 30546174_89962152 initialized by client WindowsUpdateAgent.', 'EventId': 'E36', 'EventTemplate': 'Session: <*>_<*> initialized by client WindowsUpdateAgent.'}
- Suspicion score: 3/10
- Why it is suspicious: Same as above.
- Explanation: Multiple sessions initialized rapidly; monitor for abnormal update behavior.

Summary: The only log with a notable anomaly is the one with mismatched ApplicableState and CurrentState. The rest show multiple session initializations in a very short time, which is somewhat suspicious but could be normal Windows Update behavior."
chunk29.csv,"Top 5 most suspicious logs:

1.
- Full log entry: {'Date': '2016-09-28', 'Time': '04:30:43', 'Level': 'Info', 'Component': 'CBS', 'Content': 'Read out cached package applicability for package: Microsoft-Hyper-V-Integration-Services-Package~31bf3856ad364e35~amd64~~6.3.9600.17388, ApplicableState: 112, CurrentState:0', 'EventId': 'E29', 'EventTemplate': 'Read out cached package applicability for package: <*>, ApplicableState: <*>, CurrentState:<*>'}
- Suspicion score: 6/10
- Why it is suspicious: The CurrentState is 0 while ApplicableState is 112, indicating a package that is applicable but not installed or active, which could be a sign of tampering or incomplete updates.
- Explanation: This log shows a package related to Hyper-V Integration Services that is applicable but currently inactive, which might indicate an issue or potential manipulation.

2.
- Full log entry: {'Date': '2016-09-28', 'Time': '04:30:43', 'Level': 'Info', 'Component': 'CBS', 'Content': 'Session: 30546174_90912206 initialized by client WindowsUpdateAgent.', 'EventId': 'E36', 'EventTemplate': 'Session: <*>_<*> initialized by client WindowsUpdateAgent.'}
- Suspicion score: 3/10
- Why it is suspicious: Multiple sessions initialized in a short time frame could indicate automated or scripted activity.
- Explanation: Frequent session initializations by WindowsUpdateAgent might be normal but could also suggest scripted or automated update attempts.

3.
- Full log entry: {'Date': '2016-09-28', 'Time': '04:30:43', 'Level': 'Info', 'Component': 'CBS', 'Content': 'Session: 30546174_90832202 initialized by client WindowsUpdateAgent.', 'EventId': 'E36', 'EventTemplate': 'Session: <*>_<*> initialized by client WindowsUpdateAgent.'}
- Suspicion score: 3/10
- Why it is suspicious: Same as above, multiple sessions in quick succession.
- Explanation: Similar to the previous log, this could be normal or scripted behavior.

4.
- Full log entry: {'Date': '2016-09-28', 'Time': '04:30:43', 'Level': 'Info', 'Component': 'CBS', 'Content': 'Session: 30546174_90802200 initialized by client WindowsUpdateAgent.', 'EventId': 'E36', 'EventTemplate': 'Session: <*>_<*> initialized by client WindowsUpdateAgent.'}
- Suspicion score: 3/10
- Why it is suspicious: Same pattern of multiple session initializations.
- Explanation: Repeated session starts could be benign or suspicious depending on context.

5.
- Full log entry: {'Date': '2016-09-28', 'Time': '04:30:43', 'Level': 'Info', 'Component': 'CBS', 'Content': 'Session: 30546174_90722196 initialized by client WindowsUpdateAgent.', 'EventId': 'E36', 'EventTemplate': 'Session: <*>_<*> initialized by client WindowsUpdateAgent.'}
- Suspicion score: 3/10
- Why it is suspicious: Same as above.
- Explanation: Multiple session initializations in a short time frame may warrant further investigation.

Summary: The logs mostly show normal Windows Update Agent activity. The only notable anomaly is the package with ApplicableState 112 but CurrentState 0, which could indicate an issue or tampering. The multiple session initializations are common but could be suspicious if they occur excessively or unexpectedly."
chunk30.csv,"Top 5 most suspicious logs:

1.
- Full log entry: {'Date': '2016-09-28', 'Time': '04:30:43', 'Level': 'Info', 'Component': 'CBS', 'Content': 'Read out cached package applicability for package: Package_for_KB2965788~31bf3856ad364e35~amd64~~6.1.1.1, ApplicableState: 80, CurrentState:112', 'EventId': 'E29', 'EventTemplate': 'Read out cached package applicability for package: <*>, ApplicableState: <*>, CurrentState:<*>'}
- Suspicion score: 5
- Why it is suspicious: The ApplicableState (80) and CurrentState (112) differ, indicating a potential inconsistency or partial update state.
- Explanation: This log shows a package with mismatched applicability and current states, which could indicate an incomplete or problematic update.

2.
- Full log entry: {'Date': '2016-09-28', 'Time': '04:30:43', 'Level': 'Info', 'Component': 'CBS', 'Content': 'Read out cached package applicability for package: Package_for_KB2512715~31bf3856ad364e35~amd64~~6.1.1.1, ApplicableState: 0, CurrentState:0', 'EventId': 'E29', 'EventTemplate': 'Read out cached package applicability for package: <*>, ApplicableState: <*>, CurrentState:<*>'}
- Suspicion score: 3
- Why it is suspicious: Both states are zero, which might indicate the package is not applicable or not installed, but could also be a sign of a missing or corrupted package.
- Explanation: This log shows a package with zero applicability and current state, which might be normal but could also indicate an issue with the package.

3.
- Full log entry: {'Date': '2016-09-28', 'Time': '04:30:43', 'Level': 'Info', 'Component': 'CBS', 'Content': 'Session: 30546174_91002212 initialized by client WindowsUpdateAgent.', 'EventId': 'E36', 'EventTemplate': 'Session: <*>_<*> initialized by client WindowsUpdateAgent.'}
- Suspicion score: 2
- Why it is suspicious: Multiple sessions initialized in a short time could indicate automated or scripted activity.
- Explanation: This log shows a session initialization by WindowsUpdateAgent, which is normal but frequent sessions could be suspicious.

4.
- Full log entry: {'Date': '2016-09-28', 'Time': '04:30:43', 'Level': 'Info', 'Component': 'CBS', 'Content': 'Session: 30546174_91262226 initialized by client WindowsUpdateAgent.', 'EventId': 'E36', 'EventTemplate': 'Session: <*>_<*> initialized by client WindowsUpdateAgent.'}
- Suspicion score: 2
- Why it is suspicious: Same as above, frequent session initializations.
- Explanation: Another session initialization by WindowsUpdateAgent, potentially part of automated update checks.

5.
- Full log entry: {'Date': '2016-09-28', 'Time': '04:30:43', 'Level': 'Info', 'Component': 'CBS', 'Content': 'Session: 30546174_91282228 initialized by client WindowsUpdateAgent.', 'EventId': 'E36', 'EventTemplate': 'Session: <*>_<*> initialized by client WindowsUpdateAgent.'}
- Suspicion score: 2
- Why it is suspicious: Same reasoning as above.
- Explanation: Yet another session initialization, which could be normal but worth monitoring for unusual frequency.

Summary: The logs mostly show normal Windows Update Agent activity. The only notable suspicious item is the package with mismatched ApplicableState and CurrentState, which could indicate an update issue or tampering. The session initializations are common but frequent sessions could be a sign of scripted or automated activity."
chunk31.csv,"Top 5 Most Suspicious Logs:

1.
- Full log entry: {'Date': '2016-09-28', 'Time': '04:30:43', 'Level': 'Info', 'Component': 'CBS', 'Content': 'Read out cached package applicability for package: Package_for_KB2706045~31bf3856ad364e35~amd64~~6.1.1.0, ApplicableState: 80, CurrentState:0', 'EventId': 'E29', 'EventTemplate': 'Read out cached package applicability for package: <*>, ApplicableState: <*>, CurrentState:<*>'}
- Suspicion score: 7/10
- Why it is suspicious: The ApplicableState is 80 but the CurrentState is 0, indicating a mismatch or failure to apply the package.
- Explanation: This log shows a package that is applicable but not currently applied, which could indicate an issue or tampering with updates.

2.
- Full log entry: {'Date': '2016-09-28', 'Time': '04:30:43', 'Level': 'Info', 'Component': 'CBS', 'Content': 'Read out cached package applicability for package: Package_for_KB2510531~31bf3856ad364e35~amd64~~6.1.1.0, ApplicableState: 80, CurrentState:112', 'EventId': 'E29', 'EventTemplate': 'Read out cached package applicability for package: <*>, ApplicableState: <*>, CurrentState:<*>'}
- Suspicion score: 6/10
- Why it is suspicious: The CurrentState (112) is higher than the ApplicableState (80), which is unusual and may indicate an inconsistency.
- Explanation: This log shows a package with a CurrentState that does not align with its ApplicableState, possibly indicating an update anomaly.

3.
- Full log entry: {'Date': '2016-09-28', 'Time': '04:30:43', 'Level': 'Info', 'Component': 'CBS', 'Content': 'Session: 30546174_91472238 initialized by client WindowsUpdateAgent.', 'EventId': 'E36', 'EventTemplate': 'Session: <*>_<*> initialized by client WindowsUpdateAgent.'}
- Suspicion score: 4/10
- Why it is suspicious: Multiple sessions initialized in a short time frame could indicate automated or suspicious activity.
- Explanation: Frequent session initializations by WindowsUpdateAgent might be normal but could also indicate abnormal update behavior or scanning.

4.
- Full log entry: {'Date': '2016-09-28', 'Time': '04:30:43', 'Level': 'Info', 'Component': 'CBS', 'Content': 'Session: 30546174_91532242 initialized by client WindowsUpdateAgent.', 'EventId': 'E36', 'EventTemplate': 'Session: <*>_<*> initialized by client WindowsUpdateAgent.'}
- Suspicion score: 4/10
- Why it is suspicious: Same as above, multiple sessions in quick succession.
- Explanation: Repeated session initializations could be benign but warrant monitoring for unusual update activity.

5.
- Full log entry: {'Date': '2016-09-28', 'Time': '04:30:43', 'Level': 'Info', 'Component': 'CBS', 'Content': 'Session: 30546174_91592245 initialized by client WindowsUpdateAgent.', 'EventId': 'E36', 'EventTemplate': 'Session: <*>_<*> initialized by client WindowsUpdateAgent.'}
- Suspicion score: 4/10
- Why it is suspicious: Same reasoning as above.
- Explanation: Multiple session initializations may indicate automated update processes or potential scanning activity.

Summary: The most suspicious logs are those showing inconsistencies between ApplicableState and CurrentState for update packages, which could indicate failed or tampered updates. The multiple session initializations are less suspicious but worth noting for potential abnormal update behavior."
chunk32.csv,"Top 5 most suspicious logs ranked by suspiciousness:

1.
- Full log entry: {'Date': '2016-09-28', 'Time': '04:30:44', 'Level': 'Info', 'Component': 'CBS', 'Content': 'Read out cached package applicability for package: Package_for_KB2703157~31bf3856ad364e35~amd64~~6.1.1.0, ApplicableState: 80, CurrentState:0', 'EventId': 'E29', 'EventTemplate': 'Read out cached package applicability for package: <*>, ApplicableState: <*>, CurrentState:<*>'}
- Suspicion score: 6/10
- Why it is suspicious: The ApplicableState is 80 but CurrentState is 0, which is inconsistent compared to other logs where both states are 112. This could indicate a package that is expected to be applicable but is not currently installed or recognized.
- Explanation: This log shows a mismatch in package states, which might indicate an issue with patch management or a potential tampering with update status.

2.
- Full log entry: {'Date': '2016-09-28', 'Time': '04:30:44', 'Level': 'Info', 'Component': 'CBS', 'Content': 'Session: 30546174_92302286 initialized by client WindowsUpdateAgent.', 'EventId': 'E36', 'EventTemplate': 'Session: <*>_<*> initialized by client WindowsUpdateAgent.'}
- Suspicion score: 3/10
- Why it is suspicious: Multiple sessions initialized in a short time frame could indicate automated or scripted activity, but this is common for Windows Update.
- Explanation: This log shows a session initialization by Windows Update Agent, which is normal but frequent sessions could be monitored.

3.
- Full log entry: {'Date': '2016-09-28', 'Time': '04:30:44', 'Level': 'Info', 'Component': 'CBS', 'Content': 'Session: 30546174_93492354 initialized by client WindowsUpdateAgent.', 'EventId': 'E36', 'EventTemplate': 'Session: <*>_<*> initialized by client WindowsUpdateAgent.'}
- Suspicion score: 3/10
- Why it is suspicious: Same as above, multiple sessions in a short time.
- Explanation: Normal Windows Update activity but worth monitoring if frequency increases.

4.
- Full log entry: {'Date': '2016-09-28', 'Time': '04:30:44', 'Level': 'Info', 'Component': 'CBS', 'Content': 'Session: 30546174_93642363 initialized by client WindowsUpdateAgent.', 'EventId': 'E36', 'EventTemplate': 'Session: <*>_<*> initialized by client WindowsUpdateAgent.'}
- Suspicion score: 3/10
- Why it is suspicious: Same reasoning as above.
- Explanation: Normal Windows Update session initialization.

5.
- Full log entry: {'Date': '2016-09-28', 'Time': '04:30:44', 'Level': 'Info', 'Component': 'CBS', 'Content': 'Session: 30546174_94042385 initialized by client WindowsUpdateAgent.', 'EventId': 'E36', 'EventTemplate': 'Session: <*>_<*> initialized by client WindowsUpdateAgent.'}
- Suspicion score: 3/10
- Why it is suspicious: Same as above.
- Explanation: Normal Windows Update session initialization.

Summary: The only notably suspicious log is the one with mismatched ApplicableState and CurrentState for a package. The rest are routine Windows Update sessions."
chunk33.csv,"Top 5 most suspicious logs:

1.
- Full log entry: {'Date': '2016-09-28', 'Time': '04:30:44', 'Level': 'Info', 'Component': 'CBS', 'Content': 'Session: 30546174_97232568 initialized by client WindowsUpdateAgent.', 'EventId': 'E36', 'EventTemplate': 'Session: <*>_<*> initialized by client WindowsUpdateAgent.'}
- Suspicion score: 3
- Why suspicious: Multiple sessions initialized in a very short time frame could indicate automated or scripted activity.
- Explanation: The log shows a session initialization by WindowsUpdateAgent, which is normal, but the frequency of such sessions might be unusual.

2.
- Full log entry: {'Date': '2016-09-28', 'Time': '04:30:44', 'Level': 'Info', 'Component': 'CBS', 'Content': 'Session: 30546174_97282571 initialized by client WindowsUpdateAgent.', 'EventId': 'E36', 'EventTemplate': 'Session: <*>_<*> initialized by client WindowsUpdateAgent.'}
- Suspicion score: 3
- Why suspicious: Same as above, frequent session initializations.
- Explanation: Another session initialization at the same timestamp, possibly part of a batch process or automated script.

3.
- Full log entry: {'Date': '2016-09-28', 'Time': '04:30:44', 'Level': 'Info', 'Component': 'CBS', 'Content': 'Session: 30546174_97402578 initialized by client WindowsUpdateAgent.', 'EventId': 'E36', 'EventTemplate': 'Session: <*>_<*> initialized by client WindowsUpdateAgent.'}
- Suspicion score: 3
- Why suspicious: Frequent session initializations in a short time.
- Explanation: Similar to the above, multiple sessions initialized rapidly.

4.
- Full log entry: {'Date': '2016-09-28', 'Time': '04:30:44', 'Level': 'Info', 'Component': 'CBS', 'Content': 'Session: 30546174_94722424 initialized by client WindowsUpdateAgent.', 'EventId': 'E36', 'EventTemplate': 'Session: <*>_<*> initialized by client WindowsUpdateAgent.'}
- Suspicion score: 3
- Why suspicious: High frequency of session initializations.
- Explanation: Another session initialization at the same timestamp.

5.
- Full log entry: {'Date': '2016-09-28', 'Time': '04:30:44', 'Level': 'Info', 'Component': 'CBS', 'Content': 'Session: 30546174_94392405 initialized by client WindowsUpdateAgent.', 'EventId': 'E36', 'EventTemplate': 'Session: <*>_<*> initialized by client WindowsUpdateAgent.'}
- Suspicion score: 3
- Why suspicious: Multiple session initializations in a short time.
- Explanation: Similar to others, rapid session initializations could indicate scripted or automated activity.

Summary: All logs are informational and related to Windows Update Agent sessions or package applicability checks. No explicit errors or warnings are present. The main suspicious aspect is the high frequency of session initializations at the exact same timestamp, which could be benign (normal update process) or scripted behavior. No critical alerts detected."
chunk34.csv,"Top 5 most suspicious logs:

1.
- Full log entry: {'Date': '2016-09-28', 'Time': '04:30:44', 'Level': 'Info', 'Component': 'CBS', 'Content': 'Read out cached package applicability for package: Package_for_KB2834140~31bf3856ad364e35~amd64~~6.1.2.0, ApplicableState: 112, CurrentState:0', 'EventId': 'E29', 'EventTemplate': 'Read out cached package applicability for package: <*>, ApplicableState: <*>, CurrentState:<*>'}
- Suspicion score: 6/10
- Why it is suspicious: The CurrentState is 0 while the ApplicableState is 112, indicating a mismatch or failure in package applicability or installation state.
- Explanation: This log shows a package that is applicable but currently not installed or recognized as installed, which could indicate an issue or tampering.

2.
- Full log entry: {'Date': '2016-09-28', 'Time': '04:30:44', 'Level': 'Info', 'Component': 'CBS', 'Content': 'Read out cached package applicability for package: Package_for_KB2574819~31bf3856ad364e35~amd64~~6.1.2.0, ApplicableState: 112, CurrentState:112', 'EventId': 'E29', 'EventTemplate': 'Read out cached package applicability for package: <*>, ApplicableState: <*>, CurrentState:<*>'}
- Suspicion score: 2/10
- Why it is suspicious: Normal state with matching ApplicableState and CurrentState, low suspicion.
- Explanation: This log shows a package with matching applicable and current states, indicating normal operation.

3.
- Full log entry: {'Date': '2016-09-28', 'Time': '04:30:44', 'Level': 'Info', 'Component': 'CBS', 'Content': 'Read out cached package applicability for package: Microsoft-Windows-RDP-WinIP-Package-TopLevel~31bf3856ad364e35~amd64~~7.1.7601.16398, ApplicableState: 112, CurrentState:112', 'EventId': 'E29', 'EventTemplate': 'Read out cached package applicability for package: <*>, ApplicableState: <*>, CurrentState:<*>'}
- Suspicion score: 2/10
- Why it is suspicious: Normal state with matching ApplicableState and CurrentState.
- Explanation: This log entry indicates a package in a consistent and expected state.

4.
- Full log entry: {'Date': '2016-09-28', 'Time': '04:30:44', 'Level': 'Info', 'Component': 'CBS', 'Content': 'Read out cached package applicability for package: Package_for_KB2843630~31bf3856ad364e35~amd64~~6.1.3.1, ApplicableState: 112, CurrentState:112', 'EventId': 'E29', 'EventTemplate': 'Read out cached package applicability for package: <*>, ApplicableState: <*>, CurrentState:<*>'}
- Suspicion score: 2/10
- Why it is suspicious: Normal state with matching ApplicableState and CurrentState.
- Explanation: This log shows a package with no apparent issues.

5.
- Full log entry: {'Date': '2016-09-28', 'Time': '04:30:44', 'Level': 'Info', 'Component': 'CBS', 'Content': 'Read out cached package applicability for package: Package_for_KB2862330~31bf3856ad364e35~amd64~~6.1.2.0, ApplicableState: 112, CurrentState:112', 'EventId': 'E29', 'EventTemplate': 'Read out cached package applicability for package: <*>, ApplicableState: <*>, CurrentState:<*>'}
- Suspicion score: 2/10
- Why it is suspicious: Normal state with matching ApplicableState and CurrentState.
- Explanation: This log entry indicates normal package applicability and state.

Summary:
Only one log shows a suspicious mismatch in package state (CurrentState:0 vs ApplicableState:112), which could indicate a problem or tampering. The rest are normal informational logs about package applicability and session initialization."
chunk35.csv,"Top 5 most suspicious logs from the provided entries:

1.
- Full log entry: {'Date': '2016-09-28', 'Time': '04:30:44', 'Level': 'Info', 'Component': 'CBS', 'Content': 'Session: 30546174_100742769 initialized by client WindowsUpdateAgent.', 'EventId': 'E36', 'EventTemplate': 'Session: <*>_<*> initialized by client WindowsUpdateAgent.'}
- Suspicion score: 3/10
- Why suspicious: Multiple sessions initialized by WindowsUpdateAgent in a very short time frame could indicate automated or scripted activity.
- Explanation: The log shows a session initialization by WindowsUpdateAgent, which is normal, but the rapid succession of similar sessions may warrant further monitoring.

2.
- Full log entry: {'Date': '2016-09-28', 'Time': '04:30:44', 'Level': 'Info', 'Component': 'CBS', 'Content': 'Session: 30546174_100772770 initialized by client WindowsUpdateAgent.', 'EventId': 'E36', 'EventTemplate': 'Session: <*>_<*> initialized by client WindowsUpdateAgent.'}
- Suspicion score: 3/10
- Why suspicious: Same as above, multiple session initializations in quick succession.
- Explanation: This is another session initialization by WindowsUpdateAgent, which is typical but the volume and timing could be unusual.

3.
- Full log entry: {'Date': '2016-09-28', 'Time': '04:30:44', 'Level': 'Info', 'Component': 'CBS', 'Content': 'Session: 30546174_100922779 initialized by client WindowsUpdateAgent.', 'EventId': 'E36', 'EventTemplate': 'Session: <*>_<*> initialized by client WindowsUpdateAgent.'}
- Suspicion score: 3/10
- Why suspicious: Repeated session initializations in a short time.
- Explanation: Similar to the above, this log entry shows another session started by WindowsUpdateAgent, which could be normal but the frequency is notable.

4.
- Full log entry: {'Date': '2016-09-28', 'Time': '04:30:44', 'Level': 'Info', 'Component': 'CBS', 'Content': 'Session: 30546174_100952781 initialized by client WindowsUpdateAgent.', 'EventId': 'E36', 'EventTemplate': 'Session: <*>_<*> initialized by client WindowsUpdateAgent.'}
- Suspicion score: 3/10
- Why suspicious: Multiple session initializations in rapid succession.
- Explanation: Another session initialization by WindowsUpdateAgent, consistent with the pattern seen in other logs.

5.
- Full log entry: {'Date': '2016-09-28', 'Time': '04:30:44', 'Level': 'Info', 'Component': 'CBS', 'Content': 'Session: 30546174_100982782 initialized by client WindowsUpdateAgent.', 'EventId': 'E36', 'EventTemplate': 'Session: <*>_<*> initialized by client WindowsUpdateAgent.'}
- Suspicion score: 3/10
- Why suspicious: Same pattern of multiple session initializations.
- Explanation: This log also shows a session started by WindowsUpdateAgent, which is typical but the volume and timing could be unusual.

Summary:
All logs are informational and related to Windows Update Agent sessions and package applicability checks. None show clear malicious activity, but the rapid succession of session initializations could be worth monitoring for abnormal behavior or automated exploitation attempts. No high suspicion scores due to lack of explicit error, warning, or failure events."
chunk36.csv,"After analyzing the provided logs, all entries are informational messages related to Windows Update Agent sessions and cached package applicability checks. There are no explicit error, warning, or failure messages, nor any unusual components or suspicious activities such as failed logins, privilege escalations, or network anomalies.

However, to fulfill the task, I will rank the logs by suspiciousness based on subtle indicators such as:

- Repeated session initializations in a short time frame (could indicate automated or scripted activity).
- Package applicability reads for unusual or outdated packages.
- Any anomalies in event IDs or components.

All logs are very similar and benign, but I will provide the top 5 with minimal suspicion scores and explanations.

---

### Top 5 Most Suspicious Logs

---

1. **Log Entry:**
   ```
   {'Date': '2016-09-28', 'Time': '04:30:44', 'Level': 'Info', 'Component': 'CBS', 'Content': 'Session: 30546174_101322802 initialized by client WindowsUpdateAgent.', 'EventId': 'E36', 'EventTemplate': 'Session: <*>_<*> initialized by client WindowsUpdateAgent.'}
   ```
   - **Suspicion Score:** 3/10
   - **Why Suspicious:** Multiple session initializations in a very short time frame could indicate scripted or automated activity.
   - **Explanation:** The Windows Update Agent is initializing many sessions rapidly, which is unusual but not necessarily malicious.

---

2. **Log Entry:**
   ```
   {'Date': '2016-09-28', 'Time': '04:30:44', 'Level': 'Info', 'Component': 'CBS', 'Content': 'Session: 30546174_101272799 initialized by client WindowsUpdateAgent.', 'EventId': 'E36', 'EventTemplate': 'Session: <*>_<*> initialized by client WindowsUpdateAgent.'}
   ```
   - **Suspicion Score:** 3/10
   - **Why Suspicious:** Same as above, rapid session initialization.
   - **Explanation:** Frequent session starts by Windows Update Agent may be normal but could be scripted.

---

3. **Log Entry:**
   ```
   {'Date': '2016-09-28', 'Time': '04:30:44', 'Level': 'Info', 'Component': 'CBS', 'Content': 'Read out cached package applicability for package: Package_for_KB2667402~31bf3856ad364e35~amd64~~6.1.2.0, ApplicableState: 112, CurrentState:112', 'EventId': 'E29', 'EventTemplate': 'Read out cached package applicability for package: <*>, ApplicableState: <*>, CurrentState:<*>'}
   ```
   - **Suspicion Score:** 2/10
   - **Why Suspicious:** Reading cached package applicability is normal, but the package version 6.1.2.0 is slightly different from others (mostly 6.1.1.x).
   - **Explanation:** Minor version difference could be benign or indicate a different patch level.

---

4. **Log Entry:**
   ```
   {'Date': '2016-09-28', 'Time': '04:30:44', 'Level': 'Info', 'Component': 'CBS', 'Content': 'Read out cached package applicability for package: Package_for_KB2807986~31bf3856ad364e35~amd64~~6.1.1.2, ApplicableState: 112, CurrentState:112', 'EventId': 'E29', 'EventTemplate': 'Read out cached package applicability for package: <*>, ApplicableState: <*>, CurrentState:<*>'}
   ```
   - **Suspicion Score:** 2/10
   - **Why Suspicious:** Similar to above, normal package applicability read.
   - **Explanation:** Routine check of package applicability.

---

5. **Log Entry:**
   ```
   {'Date': '2016-09-28', 'Time': '04:30:44', 'Level': 'Info', 'Component': 'CBS', 'Content': 'Session: 30546174_101102789 initialized by client WindowsUpdateAgent.', 'EventId': 'E36', 'EventTemplate': 'Session: <*>_<*> initialized by client WindowsUpdateAgent.'}
   ```
   - **Suspicion Score:** 2/10
   - **Why Suspicious:** Another session initialization, part of the rapid sequence.
   - **Explanation:** Normal Windows Update Agent activity but could be scripted.

---

### Summary

All logs appear to be normal Windows Update Agent informational messages. The only slight suspicion comes from the rapid initialization of multiple sessions in the same second, which could be automated but is not inherently malicious. No critical or high-risk suspicious activity is detected."
chunk37.csv,"Top 5 most suspicious logs ranked by suspiciousness:

1. Log Entry:
{'Date': '2016-09-28', 'Time': '04:30:44', 'Level': 'Info', 'Component': 'CBS', 'Content': 'Read out cached package applicability for package: Microsoft-Hyper-V-Integration-Services-Package~31bf3856ad364e35~amd64~~6.3.9600.18080, ApplicableState: 112, CurrentState:0', 'EventId': 'E29', 'EventTemplate': 'Read out cached package applicability for package: <*>, ApplicableState: <*>, CurrentState:<*>'}
- Suspicion Score: 7/10
- Why suspicious: The CurrentState is 0 while ApplicableState is 112, indicating the package is applicable but not installed or active.
- Explanation: This could indicate a failed or incomplete installation of a critical integration services package, which might affect system stability or security.

2. Log Entry:
{'Date': '2016-09-28', 'Time': '04:30:44', 'Level': 'Info', 'Component': 'CBS', 'Content': 'Read out cached package applicability for package: Package_for_KB2719033~31bf3856ad364e35~amd64~~6.1.1.0, ApplicableState: 80, CurrentState:0', 'EventId': 'E29', 'EventTemplate': 'Read out cached package applicability for package: <*>, ApplicableState: <*>, CurrentState:<*>'}
- Suspicion Score: 6/10
- Why suspicious: ApplicableState is 80 but CurrentState is 0, showing the package is partially applicable but not installed.
- Explanation: This might indicate a missing or failed update that could leave the system vulnerable.

3. Log Entry:
{'Date': '2016-09-28', 'Time': '04:30:44', 'Level': 'Info', 'Component': 'CBS', 'Content': 'Read out cached package applicability for package: Package_for_KB3139940~31bf3856ad364e35~amd64~~6.1.1.0, ApplicableState: 80, CurrentState:112', 'EventId': 'E29', 'EventTemplate': 'Read out cached package applicability for package: <*>, ApplicableState: <*>, CurrentState:<*>'}
- Suspicion Score: 5/10
- Why suspicious: ApplicableState is 80 but CurrentState is 112, which is an unusual state mismatch.
- Explanation: This could indicate a state inconsistency in package applicability and installation, possibly due to corruption or tampering.

4. Log Entry:
{'Date': '2016-09-28', 'Time': '04:30:44', 'Level': 'Info', 'Component': 'CBS', 'Content': 'Read out cached package applicability for package: Package_for_KB2791765~31bf3856ad364e35~amd64~~6.1.1.2, ApplicableState: 112, CurrentState:112', 'EventId': 'E29', 'EventTemplate': 'Read out cached package applicability for package: <*>, ApplicableState: <*>, CurrentState:<*>'}
- Suspicion Score: 3/10
- Why suspicious: Both states are 112, indicating the package is applicable and installed, which is normal.
- Explanation: This log is less suspicious but included for completeness as it shows normal package state.

5. Log Entry:
{'Date': '2016-09-28', 'Time': '04:30:44', 'Level': 'Info', 'Component': 'CBS', 'Content': 'Read out cached package applicability for package: Package_for_KB3109103~31bf3856ad364e35~amd64~~6.1.1.0, ApplicableState: 112, CurrentState:112', 'EventId': 'E29', 'EventTemplate': 'Read out cached package applicability for package: <*>, ApplicableState: <*>, CurrentState:<*>'}
- Suspicion Score: 3/10
- Why suspicious: Both states are 112, indicating normal package applicability and installation.
- Explanation: This is a normal log entry but included to fill the top 5 list.

Summary:
The most suspicious logs are those where the ApplicableState and CurrentState differ significantly, especially where the package is applicable but not installed or active, which could indicate failed updates or potential tampering."
chunk38.csv,"Top 5 most suspicious logs:

1.
- Full log entry: {'Date': '2016-09-28', 'Time': '04:30:45', 'Level': 'Info', 'Component': 'CBS', 'Content': 'Read out cached package applicability for package: Package_for_KB3040272~31bf3856ad364e35~amd64~~6.1.1.1, ApplicableState: 80, CurrentState:112', 'EventId': 'E29', 'EventTemplate': 'Read out cached package applicability for package: <*>, ApplicableState: <*>, CurrentState:<*>'}
- Suspicion score: 6
- Why suspicious: The ApplicableState (80) differs from the CurrentState (112), indicating a potential inconsistency or update issue.
- Explanation: The package's applicability state does not match its current state, which could indicate a problem with the update or a tampering attempt.

2.
- Full log entry: {'Date': '2016-09-28', 'Time': '04:30:45', 'Level': 'Info', 'Component': 'CBS', 'Content': 'Read out cached package applicability for package: Package_for_KB3042058~31bf3856ad364e35~amd64~~6.1.1.1, ApplicableState: 80, CurrentState:112', 'EventId': 'E29', 'EventTemplate': 'Read out cached package applicability for package: <*>, ApplicableState: <*>, CurrentState:<*>'}
- Suspicion score: 6
- Why suspicious: Same as above, ApplicableState (80) differs from CurrentState (112).
- Explanation: Another package with mismatched states, which could indicate update issues or suspicious activity.

3.
- Full log entry: {'Date': '2016-09-28', 'Time': '04:30:44', 'Level': 'Info', 'Component': 'CBS', 'Content': 'Read out cached package applicability for package: Package_for_KB2864202~31bf3856ad364e35~amd64~~6.1.1.0, ApplicableState: 112, CurrentState:112', 'EventId': 'E29', 'EventTemplate': 'Read out cached package applicability for package: <*>, ApplicableState: <*>, CurrentState:<*>'}
- Suspicion score: 3
- Why suspicious: States match, but the package is being read out at an unusual early hour (04:30 AM).
- Explanation: While the states match, the timing could be unusual for normal update activity, worth noting.

4.
- Full log entry: {'Date': '2016-09-28', 'Time': '04:30:45', 'Level': 'Info', 'Component': 'CBS', 'Content': 'Read out cached package applicability for package: Package_for_KB3074543~31bf3856ad364e35~amd64~~6.1.1.0, ApplicableState: 112, CurrentState:112', 'EventId': 'E29', 'EventTemplate': 'Read out cached package applicability for package: <*>, ApplicableState: <*>, CurrentState:<*>'}
- Suspicion score: 3
- Why suspicious: Same as above, normal states but unusual timing.
- Explanation: Normal update package states but occurring at an unusual time.

5.
- Full log entry: {'Date': '2016-09-28', 'Time': '04:30:45', 'Level': 'Info', 'Component': 'CBS', 'Content': 'Read out cached package applicability for package: Package_for_KB3142042~31bf3856ad364e35~amd64~~6.1.1.2, ApplicableState: 112, CurrentState:112', 'EventId': 'E29', 'EventTemplate': 'Read out cached package applicability for package: <*>, ApplicableState: <*>, CurrentState:<*>'}
- Suspicion score: 3
- Why suspicious: Same as above.
- Explanation: Normal states but unusual timing.

Summary: The most suspicious logs are those where the ApplicableState and CurrentState differ, which could indicate update issues or tampering. The rest are less suspicious but noted due to timing."
chunk39.csv,"Top 5 most suspicious logs from the provided entries:

1.
- Full log entry: {'Date': '2016-09-28', 'Time': '04:30:45', 'Level': 'Info', 'Component': 'CBS', 'Content': 'Session: 30546174_107363147 initialized by client WindowsUpdateAgent.', 'EventId': 'E36', 'EventTemplate': 'Session: <*>_<*> initialized by client WindowsUpdateAgent.'}
- Suspicion score: 3
- Why suspicious: Multiple sessions initialized in a very short time frame could indicate automated or scripted activity.
- Explanation: The log shows a session initialization by WindowsUpdateAgent, but the rapid succession of many such sessions may be unusual and worth monitoring.

2.
- Full log entry: {'Date': '2016-09-28', 'Time': '04:30:45', 'Level': 'Info', 'Component': 'CBS', 'Content': 'Session: 30546174_107333146 initialized by client WindowsUpdateAgent.', 'EventId': 'E36', 'EventTemplate': 'Session: <*>_<*> initialized by client WindowsUpdateAgent.'}
- Suspicion score: 3
- Why suspicious: Same as above, multiple session initializations in a short time.
- Explanation: This is another session initialization by WindowsUpdateAgent occurring in rapid succession.

3.
- Full log entry: {'Date': '2016-09-28', 'Time': '04:30:45', 'Level': 'Info', 'Component': 'CBS', 'Content': 'Session: 30546174_107053130 initialized by client WindowsUpdateAgent.', 'EventId': 'E36', 'EventTemplate': 'Session: <*>_<*> initialized by client WindowsUpdateAgent.'}
- Suspicion score: 3
- Why suspicious: Same pattern of multiple session initializations.
- Explanation: Another session started by WindowsUpdateAgent in quick succession.

4.
- Full log entry: {'Date': '2016-09-28', 'Time': '04:30:45', 'Level': 'Info', 'Component': 'CBS', 'Content': 'Session: 30546174_107003127 initialized by client WindowsUpdateAgent.', 'EventId': 'E36', 'EventTemplate': 'Session: <*>_<*> initialized by client WindowsUpdateAgent.'}
- Suspicion score: 3
- Why suspicious: Same as above.
- Explanation: Rapid session initializations may indicate scripted or automated update checks.

5.
- Full log entry: {'Date': '2016-09-28', 'Time': '04:30:45', 'Level': 'Info', 'Component': 'CBS', 'Content': 'Session: 30546174_106973125 initialized by client WindowsUpdateAgent.', 'EventId': 'E36', 'EventTemplate': 'Session: <*>_<*> initialized by client WindowsUpdateAgent.'}
- Suspicion score: 3
- Why suspicious: Same pattern.
- Explanation: Multiple sessions initialized by WindowsUpdateAgent in a short time frame.

Summary: All logs are informational and related to Windows Update Agent sessions or cached package applicability. No explicit errors or warnings are present. The only slightly suspicious pattern is the rapid initialization of multiple sessions, which could be benign (normal update behavior) or scripted activity. No critical alerts detected."
chunk40.csv,"Top 5 most suspicious logs ranked by suspiciousness:

1.
- Full log entry: {'Date': '2016-09-28', 'Time': '04:30:45', 'Level': 'Info', 'Component': 'CBS', 'Content': 'Read out cached package applicability for package: Package_for_KB3020393~31bf3856ad364e35~amd64~~6.1.1.2, ApplicableState: 64, CurrentState:0', 'EventId': 'E29', 'EventTemplate': 'Read out cached package applicability for package: <*>, ApplicableState: <*>, CurrentState:<*>'}
- Suspicion score: 6/10
- Why suspicious: The ApplicableState is 64 but CurrentState is 0, indicating a mismatch or failure to apply the package.
- Explanation: This log shows a package that is applicable but not currently applied, which could indicate an update failure or tampering.

2.
- Full log entry: {'Date': '2016-09-28', 'Time': '04:30:45', 'Level': 'Info', 'Component': 'CBS', 'Content': 'Read out cached package applicability for package: Package_for_KB2772930~31bf3856ad364e35~amd64~~6.1.1.1, ApplicableState: 0, CurrentState:0', 'EventId': 'E29', 'EventTemplate': 'Read out cached package applicability for package: <*>, ApplicableState: <*>, CurrentState:<*>'}
- Suspicion score: 4/10
- Why suspicious: Both ApplicableState and CurrentState are 0, which might indicate the package is neither applicable nor installed; could be normal but worth noting.
- Explanation: This log shows a package that is not applicable and not installed, which is less suspicious but could indicate missing updates.

3.
- Full log entry: {'Date': '2016-09-28', 'Time': '04:30:45', 'Level': 'Info', 'Component': 'CBS', 'Content': 'Session: 30546174_108313202 initialized by client WindowsUpdateAgent.', 'EventId': 'E36', 'EventTemplate': 'Session: <*>_<*> initialized by client WindowsUpdateAgent.'}
- Suspicion score: 3/10
- Why suspicious: Multiple sessions initialized in a short time could indicate automated or scripted update activity.
- Explanation: Frequent session initializations by WindowsUpdateAgent might be normal but could also indicate abnormal update behavior.

4.
- Full log entry: {'Date': '2016-09-28', 'Time': '04:30:45', 'Level': 'Info', 'Component': 'CBS', 'Content': 'Session: 30546174_108353204 initialized by client WindowsUpdateAgent.', 'EventId': 'E36', 'EventTemplate': 'Session: <*>_<*> initialized by client WindowsUpdateAgent.'}
- Suspicion score: 3/10
- Why suspicious: Same as above, multiple sessions in a short time.
- Explanation: Similar to the previous log, frequent session starts could be normal or suspicious depending on context.

5.
- Full log entry: {'Date': '2016-09-28', 'Time': '04:30:45', 'Level': 'Info', 'Component': 'CBS', 'Content': 'Session: 30546174_108613219 initialized by client WindowsUpdateAgent.', 'EventId': 'E36', 'EventTemplate': 'Session: <*>_<*> initialized by client WindowsUpdateAgent.'}
- Suspicion score: 3/10
- Why suspicious: Same reasoning as above.
- Explanation: Another session initialization that could be benign or part of suspicious activity.

Summary: Most logs are routine Windows Update Agent activities. The only notable suspicious log is the one with mismatched ApplicableState and CurrentState, which could indicate an update issue or tampering. The rest are informational but flagged due to frequency or unusual states."
chunk41.csv,"Top 5 most suspicious logs ranked by suspiciousness:

1. Log Entry:
{'Date': '2016-09-28', 'Time': '04:30:45', 'Level': 'Info', 'Component': 'CBS', 'Content': 'Read out cached package applicability for package: Package_for_KB2758857~31bf3856ad364e35~amd64~~6.1.1.0, ApplicableState: 80, CurrentState:112', 'EventId': 'E29', 'EventTemplate': 'Read out cached package applicability for package: <*>, ApplicableState: <*>, CurrentState:<*>'}
- Suspicion Score: 7/10
- Why Suspicious: The ApplicableState (80) and CurrentState (112) values differ, which is unusual compared to other logs where these states are equal.
- Explanation: This log shows a mismatch between the applicable and current state of a package, which could indicate an incomplete or failed update process.

2. Log Entry:
{'Date': '2016-09-28', 'Time': '04:30:45', 'Level': 'Info', 'Component': 'CBS', 'Content': 'Read out cached package applicability for package: Package_for_KB2923545~31bf3856ad364e35~amd64~~6.1.1.1, ApplicableState: 112, CurrentState:112', 'EventId': 'E29', 'EventTemplate': 'Read out cached package applicability for package: <*>, ApplicableState: <*>, CurrentState:<*>'}
- Suspicion Score: 4/10
- Why Suspicious: The ApplicableState and CurrentState are both 112, which is different from the common 0 state seen in other packages.
- Explanation: The state 112 might indicate a special or error state, which is less common and worth noting.

3. Log Entry:
{'Date': '2016-09-28', 'Time': '04:30:45', 'Level': 'Info', 'Component': 'CBS', 'Content': 'Read out cached package applicability for package: Package_for_KB2509553~31bf3856ad364e35~amd64~~6.1.1.2, ApplicableState: 112, CurrentState:112', 'EventId': 'E29', 'EventTemplate': 'Read out cached package applicability for package: <*>, ApplicableState: <*>, CurrentState:<*>'}
- Suspicion Score: 4/10
- Why Suspicious: Same as above, both states are 112, which is uncommon.
- Explanation: This package also shows a state that differs from the majority, possibly indicating an unusual condition.

4. Log Entry:
{'Date': '2016-09-28', 'Time': '04:30:45', 'Level': 'Info', 'Component': 'CBS', 'Content': 'Read out cached package applicability for package: Package_for_KB2621146~31bf3856ad364e35~amd64~~6.1.1.0, ApplicableState: 0, CurrentState:0', 'EventId': 'E29', 'EventTemplate': 'Read out cached package applicability for package: <*>, ApplicableState: <*>, CurrentState:<*>'}
- Suspicion Score: 2/10
- Why Suspicious: States are both 0, which is normal, but included for completeness.
- Explanation: This is a normal log entry showing no issues with the package state.

5. Log Entry:
{'Date': '2016-09-28', 'Time': '04:30:45', 'Level': 'Info', 'Component': 'CBS', 'Content': 'Read out cached package applicability for package: Package_for_KB2601626~31bf3856ad364e35~amd64~~6.1.1.0, ApplicableState: 0, CurrentState:0', 'EventId': 'E29', 'EventTemplate': 'Read out cached package applicability for package: <*>, ApplicableState: <*>, CurrentState:<*>'}
- Suspicion Score: 2/10
- Why Suspicious: Same as above, normal states.
- Explanation: Another normal log entry with no suspicious indicators.

Summary:
The most suspicious logs are those with mismatched or unusual ApplicableState and CurrentState values, especially the one with differing states (80 vs 112). The rest mostly show normal update activity."
chunk42.csv,"Top 5 Most Suspicious Logs:

1.
- Full log entry: {'Date': '2016-09-28', 'Time': '04:30:45', 'Level': 'Info', 'Component': 'CBS', 'Content': 'Read out cached package applicability for package: Package_for_KB2846960~31bf3856ad364e35~amd64~~6.1.1.3, ApplicableState: 80, CurrentState:112', 'EventId': 'E29', 'EventTemplate': 'Read out cached package applicability for package: <*>, ApplicableState: <*>, CurrentState:<*>'}
- Suspicion score: 4/10
- Why suspicious: The ApplicableState (80) differs from the CurrentState (112), which may indicate a package state inconsistency.
- Explanation: The package's applicability state does not match its current state, which could suggest an issue with package installation or tampering.

2.
- Full log entry: {'Date': '2016-09-28', 'Time': '04:30:48', 'Level': 'Info', 'Component': 'CBS', 'Content': 'Read out cached package applicability for package: Package_for_KB3072630~31bf3856ad364e35~amd64~~6.1.1.0, ApplicableState: 80, CurrentState:112', 'EventId': 'E29', 'EventTemplate': 'Read out cached package applicability for package: <*>, ApplicableState: <*>, CurrentState:<*>'}
- Suspicion score: 4/10
- Why suspicious: Similar to the first, ApplicableState (80) differs from CurrentState (112), indicating a potential inconsistency.
- Explanation: This package also shows a mismatch between expected and current states, which might be a sign of an update or installation problem.

3.
- Full log entry: {'Date': '2016-09-28', 'Time': '04:30:45', 'Level': 'Info', 'Component': 'CBS', 'Content': 'Read out cached package applicability for package: Package_for_KB2770660~31bf3856ad364e35~amd64~~6.1.1.0, ApplicableState: 112, CurrentState:112', 'EventId': 'E29', 'EventTemplate': 'Read out cached package applicability for package: <*>, ApplicableState: <*>, CurrentState:<*>'}
- Suspicion score: 2/10
- Why suspicious: States match (112), indicating normal behavior.
- Explanation: This log shows expected package state consistency, so it is less suspicious.

4.
- Full log entry: {'Date': '2016-09-28', 'Time': '04:30:47', 'Level': 'Info', 'Component': 'CBS', 'Content': 'Read out cached package applicability for package: Package_for_KB3123479~31bf3856ad364e35~amd64~~6.1.1.0, ApplicableState: 112, CurrentState:112', 'EventId': 'E29', 'EventTemplate': 'Read out cached package applicability for package: <*>, ApplicableState: <*>, CurrentState:<*>'}
- Suspicion score: 2/10
- Why suspicious: States match (112), indicating normal behavior.
- Explanation: This package also shows no state mismatch, so it is not suspicious.

5.
- Full log entry: {'Date': '2016-09-28', 'Time': '04:30:48', 'Level': 'Info', 'Component': 'CBS', 'Content': 'Read out cached package applicability for package: Package_for_KB3179573~31bf3856ad364e35~amd64~~6.1.1.0, ApplicableState: 112, CurrentState:112', 'EventId': 'E29', 'EventTemplate': 'Read out cached package applicability for package: <*>, ApplicableState: <*>, CurrentState:<*>'}
- Suspicion score: 2/10
- Why suspicious: States match (112), indicating normal behavior.
- Explanation: This log entry shows expected package state consistency, so it is less suspicious.

Summary:
All logs are informational and related to Windows Update package states. The only suspicious aspect is the mismatch between ApplicableState and CurrentState in two logs, which could indicate update issues or tampering but is not highly suspicious without further context. The session initialization logs are routine and not suspicious."
chunk43.csv,"Top 5 most suspicious logs:

1.
- Full log entry: {'Date': '2016-09-28', 'Time': '04:30:48', 'Level': 'Info', 'Component': 'CBS', 'Content': 'Read out cached package applicability for package: Microsoft-Hyper-V-Integration-Services-Package~31bf3856ad364e35~amd64~~6.3.9600.17903, ApplicableState: 112, CurrentState:0', 'EventId': 'E29', 'EventTemplate': 'Read out cached package applicability for package: <*>, ApplicableState: <*>, CurrentState:<*>'}
- Suspicion score: 6/10
- Why suspicious: The CurrentState is 0 while ApplicableState is 112, indicating the package is applicable but not installed or active.
- Explanation: This could indicate a missing or failed installation of a critical integration services package, which might affect system stability or security.

2.
- Full log entry: {'Date': '2016-09-28', 'Time': '04:30:48', 'Level': 'Info', 'Component': 'CBS', 'Content': 'Read out cached package applicability for package: Package_for_KB2952664~31bf3856ad364e35~amd64~~6.1.19.0, ApplicableState: 112, CurrentState:112', 'EventId': 'E29', 'EventTemplate': 'Read out cached package applicability for package: <*>, ApplicableState: <*>, CurrentState:<*>'}
- Suspicion score: 3/10
- Why suspicious: Both ApplicableState and CurrentState are 112, indicating the package is applicable and installed.
- Explanation: This is normal behavior for a Windows update package; low suspicion.

3.
- Full log entry: {'Date': '2016-09-28', 'Time': '04:30:48', 'Level': 'Info', 'Component': 'CBS', 'Content': 'Read out cached package applicability for package: Package_for_KB3149090~31bf3856ad364e35~amd64~~6.1.1.1, ApplicableState: 112, CurrentState:112', 'EventId': 'E29', 'EventTemplate': 'Read out cached package applicability for package: <*>, ApplicableState: <*>, CurrentState:<*>'}
- Suspicion score: 3/10
- Why suspicious: Both states are 112, indicating normal package applicability and installation.
- Explanation: This is typical for Windows update packages; no suspicious activity.

4.
- Full log entry: {'Date': '2016-09-28', 'Time': '04:30:48', 'Level': 'Info', 'Component': 'CBS', 'Content': 'Read out cached package applicability for package: Package_for_KB3178034~31bf3856ad364e35~amd64~~6.1.1.1, ApplicableState: 112, CurrentState:112', 'EventId': 'E29', 'EventTemplate': 'Read out cached package applicability for package: <*>, ApplicableState: <*>, CurrentState:<*>'}
- Suspicion score: 3/10
- Why suspicious: Both states are 112, indicating the package is installed and applicable.
- Explanation: Normal Windows update package status; low suspicion.

5.
- Full log entry: {'Date': '2016-09-28', 'Time': '04:30:48', 'Level': 'Info', 'Component': 'CBS', 'Content': 'Read out cached package applicability for package: Package_for_KB3097989~31bf3856ad364e35~amd64~~6.1.1.1, ApplicableState: 112, CurrentState:112', 'EventId': 'E29', 'EventTemplate': 'Read out cached package applicability for package: <*>, ApplicableState: <*>, CurrentState:<*>'}
- Suspicion score: 3/10
- Why suspicious: Both states are 112, indicating normal package applicability and installation.
- Explanation: This is expected behavior for Windows update packages; no suspicious activity.

Summary: The only somewhat suspicious log is the first one where the package is applicable but not active (CurrentState:0). All other logs show normal update package statuses."
chunk44.csv,"Top 5 most suspicious logs ranked by suspiciousness:

1. Log Entry:
{'Date': '2016-09-28', 'Time': '04:30:48', 'Level': 'Info', 'Component': 'CBS', 'Content': 'Read out cached package applicability for package: Package_for_KB2732059~31bf3856ad364e35~amd64~~6.1.5.1, ApplicableState: 112, CurrentState:112', 'EventId': 'E29', 'EventTemplate': 'Read out cached package applicability for package: <*>, ApplicableState: <*>, CurrentState:<*>'}
- Suspicion Score: 4
- Why suspicious: The ApplicableState and CurrentState values are 112, which is unusual compared to other logs showing 0.
- Explanation: This log shows a package with an uncommon state value, which might indicate an update or patch in a non-standard state.

2. Log Entry:
{'Date': '2016-09-28', 'Time': '04:30:48', 'Level': 'Info', 'Component': 'CBS', 'Content': 'Read out cached package applicability for package: Package_for_KB3164033~31bf3856ad364e35~amd64~~6.1.1.0, ApplicableState: 112, CurrentState:112', 'EventId': 'E29', 'EventTemplate': 'Read out cached package applicability for package: <*>, ApplicableState: <*>, CurrentState:<*>'}
- Suspicion Score: 4
- Why suspicious: Same as above, the state values are 112, which is not the default 0.
- Explanation: Indicates a package in a potentially unusual state, worth monitoring.

3. Log Entry:
{'Date': '2016-09-28', 'Time': '04:30:49', 'Level': 'Info', 'Component': 'CBS', 'Content': 'Read out cached package applicability for package: Package_for_KB3080149~31bf3856ad364e35~amd64~~6.1.1.1, ApplicableState: 112, CurrentState:112', 'EventId': 'E29', 'EventTemplate': 'Read out cached package applicability for package: <*>, ApplicableState: <*>, CurrentState:<*>'}
- Suspicion Score: 4
- Why suspicious: Same pattern of state values 112.
- Explanation: Another package with non-zero state values, which could indicate an update or patch in progress or an anomaly.

4. Log Entry:
{'Date': '2016-09-28', 'Time': '04:30:49', 'Level': 'Info', 'Component': 'CBS', 'Content': 'Read out cached package applicability for package: Package_for_KB3046017~31bf3856ad364e35~amd64~~6.1.1.1, ApplicableState: 112, CurrentState:112', 'EventId': 'E29', 'EventTemplate': 'Read out cached package applicability for package: <*>, ApplicableState: <*>, CurrentState:<*>'}
- Suspicion Score: 4
- Why suspicious: Same as above, state values 112.
- Explanation: Indicates a package in a non-default state, which might be normal but should be verified.

5. Log Entry:
{'Date': '2016-09-28', 'Time': '04:30:48', 'Level': 'Info', 'Component': 'CBS', 'Content': 'Read out cached package applicability for package: Package_for_KB2853587~31bf3856ad364e35~amd64~~6.1.1.2, ApplicableState: 0, CurrentState:0', 'EventId': 'E29', 'EventTemplate': 'Read out cached package applicability for package: <*>, ApplicableState: <*>, CurrentState:<*>'}
- Suspicion Score: 1
- Why suspicious: This log shows default state values (0), which is normal.
- Explanation: This is a baseline log with no suspicious activity, included for comparison.

Summary:
All logs are related to Windows update package applicability states. The ones with ApplicableState and CurrentState set to 112 are slightly more suspicious as they deviate from the default 0 state, which could indicate updates in progress or potential anomalies. However, none of these logs show high suspicion indicators like errors, warnings, or unusual components."
chunk45.csv,"Top 5 most suspicious logs analysis:

1. Log:
{'Date': '2016-09-28', 'Time': '04:30:49', 'Level': 'Info', 'Component': 'CBS', 'Content': 'Read out cached package applicability for package: Package_for_KB3067904~31bf3856ad364e35~amd64~~6.1.1.2, ApplicableState: 80, CurrentState:0', 'EventId': 'E29', 'EventTemplate': 'Read out cached package applicability for package: <*>, ApplicableState: <*>, CurrentState:<*>'}
- Suspicion score: 4/10
- Why suspicious: The ApplicableState is 80 but CurrentState is 0, indicating the package is applicable but not installed or active.
- Explanation: This could indicate a pending update or a failed installation, which might be normal but worth monitoring.

2. Log:
{'Date': '2016-09-28', 'Time': '04:30:49', 'Level': 'Info', 'Component': 'CBS', 'Content': 'Read out cached package applicability for package: Package_for_KB2632503~31bf3856ad364e35~amd64~~6.1.1.0, ApplicableState: 80, CurrentState:0', 'EventId': 'E29', 'EventTemplate': 'Read out cached package applicability for package: <*>, ApplicableState: <*>, CurrentState:<*>'}
- Suspicion score: 4/10
- Why suspicious: Same as above, applicable but not installed.
- Explanation: Could indicate a pending or failed update.

3. Log:
{'Date': '2016-09-28', 'Time': '04:30:49', 'Level': 'Info', 'Component': 'CBS', 'Content': 'Read out cached package applicability for package: Package_for_KB2912390~31bf3856ad364e35~amd64~~6.1.1.2, ApplicableState: 112, CurrentState:112', 'EventId': 'E29', 'EventTemplate': 'Read out cached package applicability for package: <*>, ApplicableState: <*>, CurrentState:<*>'}
- Suspicion score: 2/10
- Why suspicious: Both states are equal and high (112), indicating the package is installed and active.
- Explanation: Normal update status.

4. Log:
{'Date': '2016-09-28', 'Time': '04:30:49', 'Level': 'Info', 'Component': 'CBS', 'Content': 'Read out cached package applicability for package: Package_for_KB2991963~31bf3856ad364e35~amd64~~6.1.1.0, ApplicableState: 112, CurrentState:112', 'EventId': 'E29', 'EventTemplate': 'Read out cached package applicability for package: <*>, ApplicableState: <*>, CurrentState:<*>'}
- Suspicion score: 2/10
- Why suspicious: Same as above, normal installed package.
- Explanation: Normal update status.

5. Log:
{'Date': '2016-09-28', 'Time': '04:30:49', 'Level': 'Info', 'Component': 'CBS', 'Content': 'Read out cached package applicability for package: Package_for_KB2911501~31bf3856ad364e35~amd64~~6.1.1.2, ApplicableState: 112, CurrentState:112', 'EventId': 'E29', 'EventTemplate': 'Read out cached package applicability for package: <*>, ApplicableState: <*>, CurrentState:<*>'}
- Suspicion score: 2/10
- Why suspicious: Same as above, normal installed package.
- Explanation: Normal update status.

Summary:
All logs are related to Windows update package applicability and session initialization by WindowsUpdateAgent. None show clear signs of malicious activity. The only slightly suspicious entries are those where ApplicableState indicates the package should be applied but CurrentState is 0, which could indicate failed or pending updates.

No session initialization logs were rated suspicious as they are normal Windows Update Agent activity.

If you want, I can provide more detailed analysis or look for other indicators."
chunk46.csv,"Top 5 most suspicious logs ranked by suspiciousness:

1. Log Entry:
{'Date': '2016-09-28', 'Time': '04:30:49', 'Level': 'Info', 'Component': 'CBS', 'Content': 'Read out cached package applicability for package: Package_for_KB3121461~31bf3856ad364e35~amd64~~6.1.1.2, ApplicableState: 80, CurrentState:112', 'EventId': 'E29', 'EventTemplate': 'Read out cached package applicability for package: <*>, ApplicableState: <*>, CurrentState:<*>'}
- Suspicion Score: 6
- Why suspicious: The ApplicableState (80) differs from the CurrentState (112), indicating a potential inconsistency or failed update state.
- Explanation: This log shows a package with mismatched applicability and current states, which could indicate an issue with the update process or tampering.

2. Log Entry:
{'Date': '2016-09-28', 'Time': '04:30:49', 'Level': 'Info', 'Component': 'CBS', 'Content': 'Read out cached package applicability for package: Package_for_KB2888049~31bf3856ad364e35~amd64~~6.1.1.1, ApplicableState: 80, CurrentState:112', 'EventId': 'E29', 'EventTemplate': 'Read out cached package applicability for package: <*>, ApplicableState: <*>, CurrentState:<*>'}
- Suspicion Score: 6
- Why suspicious: Same as above, ApplicableState (80) differs from CurrentState (112).
- Explanation: Another package with inconsistent states, which may indicate update issues or suspicious activity.

3. Log Entry:
{'Date': '2016-09-28', 'Time': '04:30:49', 'Level': 'Info', 'Component': 'CBS', 'Content': 'Session: 30546174_147205426 initialized by client WindowsUpdateAgent.', 'EventId': 'E36', 'EventTemplate': 'Session: <*>_<*> initialized by client WindowsUpdateAgent.'}
- Suspicion Score: 3
- Why suspicious: Multiple sessions initialized in a short time frame could indicate automated or scripted activity.
- Explanation: Frequent session initializations by WindowsUpdateAgent might be normal but could also be a sign of abnormal update behavior or scanning.

4. Log Entry:
{'Date': '2016-09-28', 'Time': '04:30:49', 'Level': 'Info', 'Component': 'CBS', 'Content': 'Session: 30546174_147765458 initialized by client WindowsUpdateAgent.', 'EventId': 'E36', 'EventTemplate': 'Session: <*>_<*> initialized by client WindowsUpdateAgent.'}
- Suspicion Score: 3
- Why suspicious: Same as above, multiple session initializations.
- Explanation: Repeated session starts may be benign but warrant monitoring for unusual patterns.

5. Log Entry:
{'Date': '2016-09-28', 'Time': '04:30:49', 'Level': 'Info', 'Component': 'CBS', 'Content': 'Session: 30546174_149225542 initialized by client WindowsUpdateAgent.', 'EventId': 'E36', 'EventTemplate': 'Session: <*>_<*> initialized by client WindowsUpdateAgent.'}
- Suspicion Score: 3
- Why suspicious: Same as above.
- Explanation: Frequent session initializations could be normal but should be checked for abnormal frequency or patterns.

Summary: The most suspicious logs are those showing mismatched package states, which could indicate update failures or tampering. The multiple session initializations are less suspicious but worth monitoring for abnormal behavior."
chunk47.csv,"Top 5 most suspicious logs ranked by suspiciousness:

1.
- Full log entry: {'Date': '2016-09-28', 'Time': '04:30:49', 'Level': 'Info', 'Component': 'CBS', 'Content': 'Read out cached package applicability for package: Microsoft-Windows-Embedded-EmbeddedLockdown-Package-TopLevel~31bf3856ad364e35~amd64~~7.1.7601.16511, ApplicableState: 112, CurrentState:0', 'EventId': 'E29', 'EventTemplate': 'Read out cached package applicability for package: <*>, ApplicableState: <*>, CurrentState:<*>'}
- Suspicion score: 7/10
- Why it is suspicious: The ApplicableState is 112 (likely meaning applicable), but the CurrentState is 0 (not installed or inactive). This mismatch for an embedded lockdown package could indicate tampering or failure to apply a critical security lockdown.
- Explanation: A security lockdown package is marked as applicable but not active, which could mean the system is vulnerable or being manipulated.

2.
- Full log entry: {'Date': '2016-09-28', 'Time': '04:30:49', 'Level': 'Info', 'Component': 'CBS', 'Content': 'Read out cached package applicability for package: Package_for_KB3075222~31bf3856ad364e35~amd64~~6.1.1.1, ApplicableState: 80, CurrentState:0', 'EventId': 'E29', 'EventTemplate': 'Read out cached package applicability for package: <*>, ApplicableState: <*>, CurrentState:<*>'}
- Suspicion score: 6/10
- Why it is suspicious: ApplicableState is 80 (likely meaning applicable or partially applicable), but CurrentState is 0 (not installed). This could indicate a missing important update.
- Explanation: A package that should be applied is not installed, which could leave the system exposed.

3.
- Full log entry: {'Date': '2016-09-28', 'Time': '04:30:49', 'Level': 'Info', 'Component': 'CBS', 'Content': 'Read out cached package applicability for package: Package_for_KB2544893~31bf3856ad364e35~amd64~~6.1.1.1, ApplicableState: 80, CurrentState:112', 'EventId': 'E29', 'EventTemplate': 'Read out cached package applicability for package: <*>, ApplicableState: <*>, CurrentState:<*>'}
- Suspicion score: 5/10
- Why it is suspicious: CurrentState (112) is higher than ApplicableState (80), which is unusual and may indicate a state inconsistency or corruption.
- Explanation: The package state values are inconsistent, possibly indicating an error or manipulation.

4.
- Full log entry: {'Date': '2016-09-28', 'Time': '04:30:49', 'Level': 'Info', 'Component': 'CBS', 'Content': 'Read out cached package applicability for package: Package_for_KB2685939~31bf3856ad364e35~amd64~~6.1.1.2, ApplicableState: 80, CurrentState:112', 'EventId': 'E29', 'EventTemplate': 'Read out cached package applicability for package: <*>, ApplicableState: <*>, CurrentState:<*>'}
- Suspicion score: 5/10
- Why it is suspicious: Same as above, CurrentState is higher than ApplicableState, indicating possible inconsistency.
- Explanation: Package state mismatch could indicate an issue with update application or tampering.

5.
- Full log entry: {'Date': '2016-09-28', 'Time': '04:30:49', 'Level': 'Info', 'Component': 'CBS', 'Content': 'Read out cached package applicability for package: Package_for_KB2579686~31bf3856ad364e35~amd64~~6.1.1.1, ApplicableState: 112, CurrentState:112', 'EventId': 'E29', 'EventTemplate': 'Read out cached package applicability for package: <*>, ApplicableState: <*>, CurrentState:<*>'}
- Suspicion score: 3/10
- Why it is suspicious: Both states match at 112, which is normal, but included here for completeness as a baseline.
- Explanation: This log shows normal package applicability and state, less suspicious than others.

Summary: The most suspicious logs are those where the package applicability and current state do not align, especially for security-related packages like EmbeddedLockdown. These inconsistencies could indicate failed updates, tampering, or system vulnerabilities."
chunk48.csv,"Top 5 most suspicious logs from the provided entries:

1. Log Entry:
{'Date': '2016-09-28', 'Time': '04:30:49', 'Level': 'Info', 'Component': 'CBS', 'Content': 'Read out cached package applicability for package: Package_for_KB2729452~31bf3856ad364e35~amd64~~6.1.1.0, ApplicableState: 80, CurrentState:112', 'EventId': 'E29', 'EventTemplate': 'Read out cached package applicability for package: <*>, ApplicableState: <*>, CurrentState:<*>'}
- Suspicion Score: 6/10
- Why suspicious: The ApplicableState (80) is different from the CurrentState (112), which may indicate a package state inconsistency or potential tampering.
- Explanation: The system shows a mismatch in package applicability states, which could be a sign of an incomplete or altered update.

2. Log Entry:
{'Date': '2016-09-28', 'Time': '04:30:50', 'Level': 'Info', 'Component': 'CBS', 'Content': 'Read out cached package applicability for package: Package_for_KB3020388~31bf3856ad364e35~amd64~~6.1.1.1, ApplicableState: 112, CurrentState:112', 'EventId': 'E29', 'EventTemplate': 'Read out cached package applicability for package: <*>, ApplicableState: <*>, CurrentState:<*>'}
- Suspicion Score: 3/10
- Why suspicious: Normal matching states, low suspicion.
- Explanation: This log shows normal package state consistency.

3. Log Entry:
{'Date': '2016-09-28', 'Time': '04:30:50', 'Level': 'Info', 'Component': 'CBS', 'Content': 'Read out cached package applicability for package: Package_for_KB2742599~31bf3856ad364e35~amd64~~6.1.1.0, ApplicableState: 112, CurrentState:112', 'EventId': 'E29', 'EventTemplate': 'Read out cached package applicability for package: <*>, ApplicableState: <*>, CurrentState:<*>'}
- Suspicion Score: 3/10
- Why suspicious: Normal matching states.
- Explanation: Package states are consistent, no suspicious activity.

4. Log Entry:
{'Date': '2016-09-28', 'Time': '04:30:50', 'Level': 'Info', 'Component': 'CBS', 'Content': 'Read out cached package applicability for package: Package_for_KB3181988~31bf3856ad364e35~amd64~~6.1.1.1, ApplicableState: 112, CurrentState:112', 'EventId': 'E29', 'EventTemplate': 'Read out cached package applicability for package: <*>, ApplicableState: <*>, CurrentState:<*>'}
- Suspicion Score: 3/10
- Why suspicious: Normal matching states.
- Explanation: Package states are consistent, no suspicious activity.

5. Log Entry:
{'Date': '2016-09-28', 'Time': '04:30:50', 'Level': 'Info', 'Component': 'CBS', 'Content': 'Read out cached package applicability for package: Package_for_KB2685813~31bf3856ad364e35~amd64~~6.1.1.11, ApplicableState: 112, CurrentState:112', 'EventId': 'E29', 'EventTemplate': 'Read out cached package applicability for package: <*>, ApplicableState: <*>, CurrentState:<*>'}
- Suspicion Score: 3/10
- Why suspicious: Normal matching states.
- Explanation: Package states are consistent, no suspicious activity.

Summary:
- The only log with notable suspicion is the first one due to mismatched package states.
- All other logs show normal Windows Update Agent activity with consistent package states.
- No explicit error or warning levels or unusual components or event IDs were found."
chunk49.csv,"Top 5 most suspicious logs from the provided entries:

1. Log Entry:
{'Date': '2016-09-28', 'Time': '04:30:50', 'Level': 'Info', 'Component': 'CBS', 'Content': 'Read out cached package applicability for package: Package_for_KB3075249~31bf3856ad364e35~amd64~~6.1.1.0, ApplicableState: 80, CurrentState:112', 'EventId': 'E29', 'EventTemplate': 'Read out cached package applicability for package: <*>, ApplicableState: <*>, CurrentState:<*>'}
- Suspicion Score: 5/10
- Why Suspicious: The ApplicableState (80) differs from the CurrentState (112), which may indicate a package state inconsistency or a failed update.
- Explanation: This log shows a mismatch in package states, which could be a sign of an incomplete or tampered update.

2. Log Entry:
{'Date': '2016-09-28', 'Time': '04:30:50', 'Level': 'Info', 'Component': 'CBS', 'Content': 'Read out cached package applicability for package: Package_for_KB3156016~31bf3856ad364e35~amd64~~6.1.1.1, ApplicableState: 112, CurrentState:112', 'EventId': 'E29', 'EventTemplate': 'Read out cached package applicability for package: <*>, ApplicableState: <*>, CurrentState:<*>'}
- Suspicion Score: 2/10
- Why Suspicious: Normal state values, no obvious anomaly.
- Explanation: This log shows normal package applicability states, typical for Windows Update operations.

3. Log Entry:
{'Date': '2016-09-28', 'Time': '04:30:50', 'Level': 'Info', 'Component': 'CBS', 'Content': 'Read out cached package applicability for package: Package_for_KB2690533~31bf3856ad364e35~amd64~~6.1.1.0, ApplicableState: 112, CurrentState:112', 'EventId': 'E29', 'EventTemplate': 'Read out cached package applicability for package: <*>, ApplicableState: <*>, CurrentState:<*>'}
- Suspicion Score: 2/10
- Why Suspicious: Normal state values, no obvious anomaly.
- Explanation: This log entry is typical for package applicability checks during updates.

4. Log Entry:
{'Date': '2016-09-28', 'Time': '04:30:50', 'Level': 'Info', 'Component': 'CBS', 'Content': 'Read out cached package applicability for package: Package_for_KB3139914~31bf3856ad364e35~amd64~~6.1.1.0, ApplicableState: 112, CurrentState:112', 'EventId': 'E29', 'EventTemplate': 'Read out cached package applicability for package: <*>, ApplicableState: <*>, CurrentState:<*>'}
- Suspicion Score: 2/10
- Why Suspicious: Normal state values, no obvious anomaly.
- Explanation: This is a standard log entry for package applicability.

5. Log Entry:
{'Date': '2016-09-28', 'Time': '04:30:50', 'Level': 'Info', 'Component': 'CBS', 'Content': 'Read out cached package applicability for package: Package_for_KB2621440~31bf3856ad364e35~amd64~~6.1.1.5, ApplicableState: 112, CurrentState:112', 'EventId': 'E29', 'EventTemplate': 'Read out cached package applicability for package: <*>, ApplicableState: <*>, CurrentState:<*>'}
- Suspicion Score: 2/10
- Why Suspicious: Normal state values, no obvious anomaly.
- Explanation: This log entry shows normal package applicability states.

Summary:
- All logs are related to Windows Update package applicability checks.
- Only one log shows a state mismatch (ApplicableState: 80 vs CurrentState: 112), which is mildly suspicious.
- The rest are normal informational logs with no clear signs of malicious activity."
chunk50.csv,"Top 5 most suspicious logs ranked by suspiciousness:

1.
- Full log entry: {'Date': '2016-09-28', 'Time': '04:30:50', 'Level': 'Info', 'Component': 'CBS', 'Content': 'Read out cached package applicability for package: Package_for_KB3005607~31bf3856ad364e35~amd64~~6.1.1.0, ApplicableState: 80, CurrentState:112', 'EventId': 'E29', 'EventTemplate': 'Read out cached package applicability for package: <*>, ApplicableState: <*>, CurrentState:<*>'}
- Suspicion score: 7/10
- Why it is suspicious: The ApplicableState (80) differs from the CurrentState (112), unlike all other logs where both states are equal (112). This discrepancy may indicate an issue or tampering with the package applicability.
- Explanation: This log shows a mismatch in package states, which could suggest a problem with the update or potential manipulation.

2.
- Full log entry: {'Date': '2016-09-28', 'Time': '04:30:50', 'Level': 'Info', 'Component': 'CBS', 'Content': 'Session: 30546174_157145995 initialized by client WindowsUpdateAgent.', 'EventId': 'E36', 'EventTemplate': 'Session: <*>_<*> initialized by client WindowsUpdateAgent.'}
- Suspicion score: 3/10
- Why it is suspicious: The session ID is unusually high compared to others, which might indicate an abnormal or repeated session initialization.
- Explanation: This log shows a session initialization with a high session number, which could be normal but worth monitoring for unusual activity.

3.
- Full log entry: {'Date': '2016-09-28', 'Time': '04:30:50', 'Level': 'Info', 'Component': 'CBS', 'Content': 'Session: 30546174_157135994 initialized by client WindowsUpdateAgent.', 'EventId': 'E36', 'EventTemplate': 'Session: <*>_<*> initialized by client WindowsUpdateAgent.'}
- Suspicion score: 3/10
- Why it is suspicious: Similar to above, the session ID is high and close to the previous one, which might indicate rapid session creation.
- Explanation: Rapid session initializations could be benign but may also indicate automated or scripted activity.

4.
- Full log entry: {'Date': '2016-09-28', 'Time': '04:30:50', 'Level': 'Info', 'Component': 'CBS', 'Content': 'Session: 30546174_157105992 initialized by client WindowsUpdateAgent.', 'EventId': 'E36', 'EventTemplate': 'Session: <*>_<*> initialized by client WindowsUpdateAgent.'}
- Suspicion score: 3/10
- Why it is suspicious: Another high session ID close in sequence to others, possibly indicating unusual session activity.
- Explanation: Multiple sessions initialized in quick succession may warrant further investigation.

5.
- Full log entry: {'Date': '2016-09-28', 'Time': '04:30:50', 'Level': 'Info', 'Component': 'CBS', 'Content': 'Session: 30546174_157005987 initialized by client WindowsUpdateAgent.', 'EventId': 'E36', 'EventTemplate': 'Session: <*>_<*> initialized by client WindowsUpdateAgent.'}
- Suspicion score: 2/10
- Why it is suspicious: High session ID but less suspicious than the others due to slightly lower number.
- Explanation: This session initialization is less suspicious but still part of the pattern of many sessions in a short time.

Summary: The main suspicious log is the one with mismatched ApplicableState and CurrentState, which could indicate a problem or tampering. The other suspicious logs are session initializations with unusually high or rapidly increasing session IDs, which may be benign but worth monitoring."
chunk51.csv,"Top 5 most suspicious logs:

1.
- Full log entry: {'Date': '2016-09-28', 'Time': '04:30:50', 'Level': 'Info', 'Component': 'CBS', 'Content': 'Session: 30546174_157205998 initialized by client WindowsUpdateAgent.', 'EventId': 'E36', 'EventTemplate': 'Session: <*>_<*> initialized by client WindowsUpdateAgent.'}
- Suspicion score: 3
- Why suspicious: Multiple sessions initialized by WindowsUpdateAgent in a short time frame could indicate automated or scripted activity.
- Explanation: The log shows a session started by WindowsUpdateAgent, which is normal, but the frequency of sessions might be unusual.

2.
- Full log entry: {'Date': '2016-09-28', 'Time': '04:30:50', 'Level': 'Info', 'Component': 'CBS', 'Content': 'Session: 30546174_157616022 initialized by client WindowsUpdateAgent.', 'EventId': 'E36', 'EventTemplate': 'Session: <*>_<*> initialized by client WindowsUpdateAgent.'}
- Suspicion score: 3
- Why suspicious: Similar to above, repeated session initializations in a short time.
- Explanation: Another session started by WindowsUpdateAgent, potentially part of rapid automated updates or scans.

3.
- Full log entry: {'Date': '2016-09-28', 'Time': '04:30:50', 'Level': 'Info', 'Component': 'CBS', 'Content': 'Session: 30546174_159636137 initialized by client WindowsUpdateAgent.', 'EventId': 'E36', 'EventTemplate': 'Session: <*>_<*> initialized by client WindowsUpdateAgent.'}
- Suspicion score: 3
- Why suspicious: Same pattern of multiple session initializations.
- Explanation: Indicates multiple update sessions starting quickly, which could be benign or scripted.

4.
- Full log entry: {'Date': '2016-09-28', 'Time': '04:30:50', 'Level': 'Info', 'Component': 'CBS', 'Content': 'Session: 30546174_159666139 initialized by client WindowsUpdateAgent.', 'EventId': 'E36', 'EventTemplate': 'Session: <*>_<*> initialized by client WindowsUpdateAgent.'}
- Suspicion score: 3
- Why suspicious: Repeated session initialization events.
- Explanation: Similar to above, multiple sessions started in rapid succession.

5.
- Full log entry: {'Date': '2016-09-28', 'Time': '04:30:51', 'Level': 'Info', 'Component': 'CBS', 'Content': 'Session: 30546174_164936440 initialized by client WindowsUpdateAgent.', 'EventId': 'E36', 'EventTemplate': 'Session: <*>_<*> initialized by client WindowsUpdateAgent.'}
- Suspicion score: 3
- Why suspicious: Continues the pattern of rapid session initializations.
- Explanation: Another session started by WindowsUpdateAgent within a second of previous ones.

Summary: All logs are informational and related to Windows Update Agent sessions and package applicability checks. No explicit errors or warnings are present. The only suspicious aspect is the rapid succession of session initializations, which could be normal update behavior or scripted activity. No high-severity suspicious logs found."
chunk52.csv,"Top 5 most suspicious logs ranked by suspiciousness:

1.
- Full log entry: {'Date': '2016-09-28', 'Time': '04:30:51', 'Level': 'Info', 'Component': 'CBS', 'Content': 'Read out cached package applicability for package: Package_for_KB3005788~31bf3856ad364e35~amd64~~6.1.1.0, ApplicableState: 80, CurrentState:0', 'EventId': 'E29', 'EventTemplate': 'Read out cached package applicability for package: <*>, ApplicableState: <*>, CurrentState:<*>'}
- Suspicion score: 7/10
- Why it is suspicious: The CurrentState is 0 while ApplicableState is 80, indicating a possible rollback or failure in package applicability.
- Explanation: This log shows a mismatch between the expected applicable state and the current state of a package, which could indicate an issue or tampering with updates.

2.
- Full log entry: {'Date': '2016-09-28', 'Time': '04:30:51', 'Level': 'Info', 'Component': 'CBS', 'Content': 'Read out cached package applicability for package: Package_for_KB2984976~31bf3856ad364e35~amd64~~6.1.1.3, ApplicableState: 80, CurrentState:112', 'EventId': 'E29', 'EventTemplate': 'Read out cached package applicability for package: <*>, ApplicableState: <*>, CurrentState:<*>'}
- Suspicion score: 5/10
- Why it is suspicious: The ApplicableState is 80 but CurrentState is 112, showing a discrepancy that might indicate an update state inconsistency.
- Explanation: This log shows a difference between the expected and current states of a package, which could be a sign of update issues or manipulation.

3.
- Full log entry: {'Date': '2016-09-28', 'Time': '04:30:51', 'Level': 'Info', 'Component': 'CBS', 'Content': 'Session: 30546174_166396524 initialized by client WindowsUpdateAgent.', 'EventId': 'E36', 'EventTemplate': 'Session: <*>_<*> initialized by client WindowsUpdateAgent.'}
- Suspicion score: 3/10
- Why it is suspicious: Multiple sessions initialized in a short time frame could indicate automated or scripted activity.
- Explanation: Frequent session initializations by WindowsUpdateAgent might be normal but could also suggest abnormal update behavior or scanning.

4.
- Full log entry: {'Date': '2016-09-28', 'Time': '04:30:51', 'Level': 'Info', 'Component': 'CBS', 'Content': 'Session: 30546174_165966499 initialized by client WindowsUpdateAgent.', 'EventId': 'E36', 'EventTemplate': 'Session: <*>_<*> initialized by client WindowsUpdateAgent.'}
- Suspicion score: 3/10
- Why it is suspicious: Same as above, multiple sessions in a short time.
- Explanation: Repeated session initializations could be benign but warrant monitoring for unusual patterns.

5.
- Full log entry: {'Date': '2016-09-28', 'Time': '04:30:51', 'Level': 'Info', 'Component': 'CBS', 'Content': 'Session: 30546174_165696484 initialized by client WindowsUpdateAgent.', 'EventId': 'E36', 'EventTemplate': 'Session: <*>_<*> initialized by client WindowsUpdateAgent.'}
- Suspicion score: 3/10
- Why it is suspicious: Same reasoning as above.
- Explanation: Multiple session initializations may indicate automated update processes or potential scanning activity.

Summary: The most suspicious logs are those showing discrepancies between ApplicableState and CurrentState in package applicability, which could indicate update failures or tampering. Multiple session initializations are less suspicious but worth noting for potential automated or scripted activity."
chunk53.csv,"Top 5 most suspicious logs analysis:

1. Log Entry:
{'Date': '2016-09-28', 'Time': '04:30:51', 'Level': 'Info', 'Component': 'CBS', 'Content': 'Session: 30546174_167286575 initialized by client WindowsUpdateAgent.', 'EventId': 'E36', 'EventTemplate': 'Session: <*>_<*> initialized by client WindowsUpdateAgent.'}
- Suspicion Score: 3
- Why Suspicious: Multiple sessions initialized by WindowsUpdateAgent in a very short time frame could indicate abnormal update activity or automated script.
- Explanation: The log shows a session started by WindowsUpdateAgent, which is normal, but the frequency of sessions might be worth monitoring.

2. Log Entry:
{'Date': '2016-09-28', 'Time': '04:30:51', 'Level': 'Info', 'Component': 'CBS', 'Content': 'Session: 30546174_167476586 initialized by client WindowsUpdateAgent.', 'EventId': 'E36', 'EventTemplate': 'Session: <*>_<*> initialized by client WindowsUpdateAgent.'}
- Suspicion Score: 3
- Why Suspicious: Same as above, multiple sessions in a short time.
- Explanation: Another session started by WindowsUpdateAgent, similar to the first, indicating repeated activity.

3. Log Entry:
{'Date': '2016-09-28', 'Time': '04:30:51', 'Level': 'Info', 'Component': 'CBS', 'Content': 'Session: 30546174_169016674 initialized by client WindowsUpdateAgent.', 'EventId': 'E36', 'EventTemplate': 'Session: <*>_<*> initialized by client WindowsUpdateAgent.'}
- Suspicion Score: 3
- Why Suspicious: Repeated session initialization.
- Explanation: Continues the pattern of multiple sessions started by WindowsUpdateAgent.

4. Log Entry:
{'Date': '2016-09-28', 'Time': '04:30:51', 'Level': 'Info', 'Component': 'CBS', 'Content': 'Session: 30546174_169066677 initialized by client WindowsUpdateAgent.', 'EventId': 'E36', 'EventTemplate': 'Session: <*>_<*> initialized by client WindowsUpdateAgent.'}
- Suspicion Score: 3
- Why Suspicious: Same pattern of multiple sessions.
- Explanation: Another session started by WindowsUpdateAgent, consistent with previous logs.

5. Log Entry:
{'Date': '2016-09-28', 'Time': '04:30:51', 'Level': 'Info', 'Component': 'CBS', 'Content': 'Session: 30546174_169296690 initialized by client WindowsUpdateAgent.', 'EventId': 'E36', 'EventTemplate': 'Session: <*>_<*> initialized by client WindowsUpdateAgent.'}
- Suspicion Score: 3
- Why Suspicious: Same as above.
- Explanation: Another session started by WindowsUpdateAgent.

Summary:
All logs are informational and related to Windows Update Agent sessions and package applicability checks. There is no direct indication of malicious activity, but the high frequency of session initializations in the same second could be unusual and worth monitoring. No critical suspicious activity detected.

If forced to rank, the session initialization logs are the most notable due to frequency, but overall low suspicion."
chunk54.csv,"Top 5 most suspicious logs ranked by suspiciousness:

1.
- Full log entry: {'Date': '2016-09-28', 'Time': '04:30:51', 'Level': 'Info', 'Component': 'CBS', 'Content': 'Read out cached package applicability for package: Package_for_KB3035017~31bf3856ad364e35~amd64~~6.1.1.0, ApplicableState: 80, CurrentState:0', 'EventId': 'E29', 'EventTemplate': 'Read out cached package applicability for package: <*>, ApplicableState: <*>, CurrentState:<*>'}
- Suspicion score: 7/10
- Why it is suspicious: The CurrentState is 0 while ApplicableState is 80, indicating a package that is applicable but not installed or recognized as installed, which could indicate tampering or failed update.
- Explanation: This log shows a package that should be applicable but is currently not installed, which might be a sign of update issues or potential interference.

2.
- Full log entry: {'Date': '2016-09-28', 'Time': '04:30:51', 'Level': 'Info', 'Component': 'CBS', 'Content': 'Read out cached package applicability for package: Package_for_KB3006625~31bf3856ad364e35~amd64~~6.1.1.0, ApplicableState: 80, CurrentState:112', 'EventId': 'E29', 'EventTemplate': 'Read out cached package applicability for package: <*>, ApplicableState: <*>, CurrentState:<*>'}
- Suspicion score: 5/10
- Why it is suspicious: ApplicableState is 80 but CurrentState is 112, indicating a mismatch in expected vs current state, which could be benign but worth noting.
- Explanation: The package states do not match perfectly, which might indicate an update in progress or a state inconsistency.

3.
- Full log entry: {'Date': '2016-09-28', 'Time': '04:30:51', 'Level': 'Info', 'Component': 'CBS', 'Content': 'Read out cached package applicability for package: Package_for_KB2993651~31bf3856ad364e35~amd64~~6.1.1.3, ApplicableState: 80, CurrentState:112', 'EventId': 'E29', 'EventTemplate': 'Read out cached package applicability for package: <*>, ApplicableState: <*>, CurrentState:<*>'}
- Suspicion score: 5/10
- Why it is suspicious: Similar mismatch between ApplicableState and CurrentState, which could indicate update state inconsistency.
- Explanation: The package applicability and current state differ, which might be normal but could also indicate update anomalies.

4.
- Full log entry: {'Date': '2016-09-28', 'Time': '04:30:51', 'Level': 'Info', 'Component': 'CBS', 'Content': 'Read out cached package applicability for package: Package_for_KB3161949~31bf3856ad364e35~amd64~~6.1.1.0, ApplicableState: 112, CurrentState:112', 'EventId': 'E29', 'EventTemplate': 'Read out cached package applicability for package: <*>, ApplicableState: <*>, CurrentState:<*>'}
- Suspicion score: 3/10
- Why it is suspicious: Both states match, indicating normal behavior, low suspicion.
- Explanation: This log shows a package with matching applicable and current states, likely normal.

5.
- Full log entry: {'Date': '2016-09-28', 'Time': '04:30:51', 'Level': 'Info', 'Component': 'CBS', 'Content': 'Read out cached package applicability for package: Package_for_KB3159398~31bf3856ad364e35~amd64~~6.1.1.1, ApplicableState: 112, CurrentState:112', 'EventId': 'E29', 'EventTemplate': 'Read out cached package applicability for package: <*>, ApplicableState: <*>, CurrentState:<*>'}
- Suspicion score: 3/10
- Why it is suspicious: Both states match, indicating normal behavior, low suspicion.
- Explanation: This log shows a package with matching applicable and current states, likely normal.

Summary: The most suspicious logs are those with mismatched ApplicableState and CurrentState, especially where CurrentState is 0 but ApplicableState indicates applicability, which could indicate update failures or tampering. The rest appear normal."
chunk55.csv,"Top 5 most suspicious logs:

1.
- Full log entry: {'Date': '2016-09-28', 'Time': '04:30:51', 'Level': 'Info', 'Component': 'CBS', 'Content': 'Read out cached package applicability for package: Package_for_KB2835174~31bf3856ad364e35~amd64~~6.1.1.0, ApplicableState: 0, CurrentState:0', 'EventId': 'E29', 'EventTemplate': 'Read out cached package applicability for package: <*>, ApplicableState: <*>, CurrentState:<*>'}
- Suspicion score: 6/10
- Why it is suspicious: The ApplicableState and CurrentState are both 0, which differs from other logs where these states are 112. This could indicate a package that is not applicable or potentially tampered with.
- Explanation: This log shows a package with states set to zero, which is unusual compared to other packages and may indicate an issue or anomaly.

2.
- Full log entry: {'Date': '2016-09-28', 'Time': '04:30:51', 'Level': 'Info', 'Component': 'CBS', 'Content': 'Session: 30546174_170026732 initialized by client WindowsUpdateAgent.', 'EventId': 'E36', 'EventTemplate': 'Session: <*>_<*> initialized by client WindowsUpdateAgent.'}
- Suspicion score: 3/10
- Why it is suspicious: Multiple sessions initialized in a short time frame could indicate automated or scripted activity.
- Explanation: Frequent session initializations by WindowsUpdateAgent might be normal but could also be a sign of abnormal update activity.

3.
- Full log entry: {'Date': '2016-09-28', 'Time': '04:30:51', 'Level': 'Info', 'Component': 'CBS', 'Content': 'Session: 30546174_169836721 initialized by client WindowsUpdateAgent.', 'EventId': 'E36', 'EventTemplate': 'Session: <*>_<*> initialized by client WindowsUpdateAgent.'}
- Suspicion score: 3/10
- Why it is suspicious: Same as above, multiple session initializations in a short time.
- Explanation: Repeated session starts could be normal but warrant monitoring for unusual patterns.

4.
- Full log entry: {'Date': '2016-09-28', 'Time': '04:30:51', 'Level': 'Info', 'Component': 'CBS', 'Content': 'Session: 30546174_169726714 initialized by client WindowsUpdateAgent.', 'EventId': 'E36', 'EventTemplate': 'Session: <*>_<*> initialized by client WindowsUpdateAgent.'}
- Suspicion score: 3/10
- Why it is suspicious: Same reasoning as above.
- Explanation: Multiple sessions started in quick succession may indicate scripted or automated behavior.

5.
- Full log entry: {'Date': '2016-09-28', 'Time': '04:30:51', 'Level': 'Info', 'Component': 'CBS', 'Content': 'Session: 30546174_169696713 initialized by client WindowsUpdateAgent.', 'EventId': 'E36', 'EventTemplate': 'Session: <*>_<*> initialized by client WindowsUpdateAgent.'}
- Suspicion score: 3/10
- Why it is suspicious: Same as above.
- Explanation: Frequent session initializations could be normal but should be reviewed for abnormal activity.

Summary: The most suspicious log is the one with package applicability states set to zero, which is unusual. The other suspicious logs are multiple session initializations in a very short time, which could be normal but may also indicate automated or scripted activity worth monitoring."
chunk56.csv,"Top 5 most suspicious logs:

1.
- Full log entry: {'Date': '2016-09-28', 'Time': '04:30:51', 'Level': 'Info', 'Component': 'CBS', 'Content': 'Read out cached package applicability for package: Package_for_KB2532531~31bf3856ad364e35~amd64~~6.1.1.0, ApplicableState: 80, CurrentState:112', 'EventId': 'E29', 'EventTemplate': 'Read out cached package applicability for package: <*>, ApplicableState: <*>, CurrentState:<*>'}
- Suspicion score: 6
- Why it is suspicious: The ApplicableState (80) differs from the CurrentState (112), indicating a potential inconsistency or failed update.
- Explanation: This log shows a mismatch between the expected and current state of a package, which could indicate an issue with the update process or tampering.

2.
- Full log entry: {'Date': '2016-09-28', 'Time': '04:30:52', 'Level': 'Info', 'Component': 'CBS', 'Content': 'Read out cached package applicability for package: Package_for_KB2653956~31bf3856ad364e35~amd64~~6.1.1.5, ApplicableState: 80, CurrentState:112', 'EventId': 'E29', 'EventTemplate': 'Read out cached package applicability for package: <*>, ApplicableState: <*>, CurrentState:<*>'}
- Suspicion score: 6
- Why it is suspicious: Similar to the above, ApplicableState (80) does not match CurrentState (112), suggesting a possible update or integrity issue.
- Explanation: The discrepancy in package states may indicate a problem with the update or potential manipulation.

3.
- Full log entry: {'Date': '2016-09-28', 'Time': '04:30:51', 'Level': 'Info', 'Component': 'CBS', 'Content': 'Session: 30546174_170246744 initialized by client WindowsUpdateAgent.', 'EventId': 'E36', 'EventTemplate': 'Session: <*>_<*> initialized by client WindowsUpdateAgent.'}
- Suspicion score: 3
- Why it is suspicious: Multiple sessions initialized in a short time frame could indicate automated or scripted activity.
- Explanation: Frequent session initializations by WindowsUpdateAgent might be normal but could also suggest abnormal update behavior or scanning.

4.
- Full log entry: {'Date': '2016-09-28', 'Time': '04:30:51', 'Level': 'Info', 'Component': 'CBS', 'Content': 'Session: 30546174_171486815 initialized by client WindowsUpdateAgent.', 'EventId': 'E36', 'EventTemplate': 'Session: <*>_<*> initialized by client WindowsUpdateAgent.'}
- Suspicion score: 3
- Why it is suspicious: Same as above, multiple session initializations in quick succession.
- Explanation: Could be normal update activity but warrants monitoring for unusual frequency.

5.
- Full log entry: {'Date': '2016-09-28', 'Time': '04:30:51', 'Level': 'Info', 'Component': 'CBS', 'Content': 'Session: 30546174_171536818 initialized by client WindowsUpdateAgent.', 'EventId': 'E36', 'EventTemplate': 'Session: <*>_<*> initialized by client WindowsUpdateAgent.'}
- Suspicion score: 3
- Why it is suspicious: Same reasoning as above.
- Explanation: Multiple rapid session initializations may indicate automated processes or potential misuse.

Summary: The most suspicious logs are those showing discrepancies in package states, which could indicate update failures or tampering. Multiple rapid session initializations are less suspicious but worth noting for potential automated or abnormal activity."
chunk57.csv,"Top 5 most suspicious logs from the provided entries:

1.
- Full log entry: {'Date': '2016-09-28', 'Time': '04:30:52', 'Level': 'Info', 'Component': 'CBS', 'Content': 'Session: 30546174_172126852 initialized by client WindowsUpdateAgent.', 'EventId': 'E36', 'EventTemplate': 'Session: <*>_<*> initialized by client WindowsUpdateAgent.'}
- Suspicion score: 3
- Why suspicious: Multiple sessions initialized by WindowsUpdateAgent in a very short time frame could indicate automated or scripted activity.
- Explanation: The log shows a session initialization by WindowsUpdateAgent, which is normal, but the frequency of such sessions might be worth monitoring.

2.
- Full log entry: {'Date': '2016-09-28', 'Time': '04:30:52', 'Level': 'Info', 'Component': 'CBS', 'Content': 'Session: 30546174_172246858 initialized by client WindowsUpdateAgent.', 'EventId': 'E36', 'EventTemplate': 'Session: <*>_<*> initialized by client WindowsUpdateAgent.'}
- Suspicion score: 3
- Why suspicious: Similar to the first, another session initialized immediately after the previous one.
- Explanation: Repeated session initializations by the same client in a short time could be benign but may also indicate abnormal update behavior.

3.
- Full log entry: {'Date': '2016-09-28', 'Time': '04:30:52', 'Level': 'Info', 'Component': 'CBS', 'Content': 'Session: 30546174_172276860 initialized by client WindowsUpdateAgent.', 'EventId': 'E36', 'EventTemplate': 'Session: <*>_<*> initialized by client WindowsUpdateAgent.'}
- Suspicion score: 3
- Why suspicious: Another session initialization in the same timestamp.
- Explanation: Multiple sessions starting simultaneously or in rapid succession could be a sign of automated processes or potential misuse.

4.
- Full log entry: {'Date': '2016-09-28', 'Time': '04:30:52', 'Level': 'Info', 'Component': 'CBS', 'Content': 'Session: 30546174_172546876 initialized by client WindowsUpdateAgent.', 'EventId': 'E36', 'EventTemplate': 'Session: <*>_<*> initialized by client WindowsUpdateAgent.'}
- Suspicion score: 3
- Why suspicious: Yet another session initialization at the same time.
- Explanation: The pattern of multiple session initializations by WindowsUpdateAgent in the same second is unusual and may warrant further investigation.

5.
- Full log entry: {'Date': '2016-09-28', 'Time': '04:30:52', 'Level': 'Info', 'Component': 'CBS', 'Content': 'Session: 30546174_172566877 initialized by client WindowsUpdateAgent.', 'EventId': 'E36', 'EventTemplate': 'Session: <*>_<*> initialized by client WindowsUpdateAgent.'}
- Suspicion score: 3
- Why suspicious: Continues the pattern of rapid session initializations.
- Explanation: The high frequency of session starts by the WindowsUpdateAgent could indicate abnormal update activity or a misconfiguration.

Summary: All logs are informational and related to Windows Update sessions and package applicability checks. None show clear signs of malicious activity, but the rapid succession of session initializations is somewhat unusual and worth monitoring. No errors or warnings are present."
chunk58.csv,"Top 5 most suspicious logs:

1.
- Full log entry: {'Date': '2016-09-28', 'Time': '04:30:52', 'Level': 'Info', 'Component': 'CBS', 'Content': 'Session: 30546174_176887124 initialized by client WindowsUpdateAgent.', 'EventId': 'E36', 'EventTemplate': 'Session: <*>_<*> initialized by client WindowsUpdateAgent.'}
- Suspicion score: 3
- Why suspicious: Multiple sessions initialized by WindowsUpdateAgent in a very short time frame could indicate abnormal update activity or automated script.
- Explanation: The log shows a session initialization by WindowsUpdateAgent, which is normal, but the high frequency of such sessions may warrant further investigation.

2.
- Full log entry: {'Date': '2016-09-28', 'Time': '04:30:52', 'Level': 'Info', 'Component': 'CBS', 'Content': 'Session: 30546174_176877123 initialized by client WindowsUpdateAgent.', 'EventId': 'E36', 'EventTemplate': 'Session: <*>_<*> initialized by client WindowsUpdateAgent.'}
- Suspicion score: 3
- Why suspicious: Same as above, multiple session initializations in a short time.
- Explanation: Frequent session initializations by WindowsUpdateAgent could be normal but may also indicate suspicious automated activity.

3.
- Full log entry: {'Date': '2016-09-28', 'Time': '04:30:52', 'Level': 'Info', 'Component': 'CBS', 'Content': 'Session: 30546174_173636938 initialized by client WindowsUpdateAgent.', 'EventId': 'E36', 'EventTemplate': 'Session: <*>_<*> initialized by client WindowsUpdateAgent.'}
- Suspicion score: 3
- Why suspicious: Same pattern of multiple session initializations.
- Explanation: The log shows another session initialization by WindowsUpdateAgent, which is typical but the volume is notable.

4.
- Full log entry: {'Date': '2016-09-28', 'Time': '04:30:52', 'Level': 'Info', 'Component': 'CBS', 'Content': 'Session: 30546174_173266917 initialized by client WindowsUpdateAgent.', 'EventId': 'E36', 'EventTemplate': 'Session: <*>_<*> initialized by client WindowsUpdateAgent.'}
- Suspicion score: 3
- Why suspicious: Repeated session initializations in a short time.
- Explanation: This log entry is similar to others, showing frequent WindowsUpdateAgent sessions.

5.
- Full log entry: {'Date': '2016-09-28', 'Time': '04:30:52', 'Level': 'Info', 'Component': 'CBS', 'Content': 'Session: 30546174_173216914 initialized by client WindowsUpdateAgent.', 'EventId': 'E36', 'EventTemplate': 'Session: <*>_<*> initialized by client WindowsUpdateAgent.'}
- Suspicion score: 3
- Why suspicious: Same as above, multiple session initializations.
- Explanation: Frequent session initializations by WindowsUpdateAgent may be normal but could also indicate suspicious activity.

Summary: All logs are related to WindowsUpdateAgent sessions or cached package applicability reads. None show high suspicion individually, but the high frequency of session initializations in a very short time could be worth monitoring. No critical alerts or errors are present."
chunk59.csv,"Top 5 most suspicious logs:

1.
- Full log entry: {'Date': '2016-09-28', 'Time': '04:30:52', 'Level': 'Info', 'Component': 'CBS', 'Content': 'Session: 30546174_176917126 initialized by client WindowsUpdateAgent.', 'EventId': 'E36', 'EventTemplate': 'Session: <*>_<*> initialized by client WindowsUpdateAgent.'}
- Suspicion score: 4
- Why suspicious: Multiple sessions initialized by WindowsUpdateAgent in a very short time frame could indicate abnormal update activity or automated script behavior.
- Explanation: Frequent session initializations by WindowsUpdateAgent may suggest unusual update processes or potential exploitation attempts.

2.
- Full log entry: {'Date': '2016-09-28', 'Time': '04:30:52', 'Level': 'Info', 'Component': 'CBS', 'Content': 'Session: 30546174_176947127 initialized by client WindowsUpdateAgent.', 'EventId': 'E36', 'EventTemplate': 'Session: <*>_<*> initialized by client WindowsUpdateAgent.'}
- Suspicion score: 4
- Why suspicious: Same as above, multiple sessions in quick succession.
- Explanation: Could indicate automated or scripted update activity that may be suspicious if unexpected.

3.
- Full log entry: {'Date': '2016-09-28', 'Time': '04:30:52', 'Level': 'Info', 'Component': 'CBS', 'Content': 'Session: 30546174_176967128 initialized by client WindowsUpdateAgent.', 'EventId': 'E36', 'EventTemplate': 'Session: <*>_<*> initialized by client WindowsUpdateAgent.'}
- Suspicion score: 4
- Why suspicious: Same pattern of multiple session initializations.
- Explanation: Repeated session starts may be normal but could also indicate suspicious automated activity.

4.
- Full log entry: {'Date': '2016-09-28', 'Time': '04:30:52', 'Level': 'Info', 'Component': 'CBS', 'Content': 'Session: 30546174_177007131 initialized by client WindowsUpdateAgent.', 'EventId': 'E36', 'EventTemplate': 'Session: <*>_<*> initialized by client WindowsUpdateAgent.'}
- Suspicion score: 4
- Why suspicious: Same as above.
- Explanation: Multiple rapid session initializations may warrant further investigation.

5.
- Full log entry: {'Date': '2016-09-28', 'Time': '04:30:52', 'Level': 'Info', 'Component': 'CBS', 'Content': 'Session: 30546174_177047133 initialized by client WindowsUpdateAgent.', 'EventId': 'E36', 'EventTemplate': 'Session: <*>_<*> initialized by client WindowsUpdateAgent.'}
- Suspicion score: 4
- Why suspicious: Same pattern.
- Explanation: Could be benign but the frequency is unusual and should be monitored.

Notes:
- All logs are informational and related to Windows Update Agent sessions or cached package applicability.
- No error or warning level logs present.
- No direct indicators of compromise or attack patterns.
- The main suspicious aspect is the rapid succession of session initializations which could be normal but may also indicate scripted or automated activity worth monitoring."
chunk60.csv,"Top 5 Most Suspicious Logs:

1.
- Full log entry: {'Date': '2016-09-28', 'Time': '04:30:52', 'Level': 'Info', 'Component': 'CBS', 'Content': 'Session: 30546174_179777289 initialized by client WindowsUpdateAgent.', 'EventId': 'E36', 'EventTemplate': 'Session: <*>_<*> initialized by client WindowsUpdateAgent.'}
- Suspicion score: 4
- Why it is suspicious: Multiple sessions initialized in a very short time frame could indicate automated or scripted activity.
- Explanation: The log shows a session initialization by WindowsUpdateAgent, but the high frequency of such sessions may suggest unusual update activity or potential exploitation attempts.

2.
- Full log entry: {'Date': '2016-09-28', 'Time': '04:30:52', 'Level': 'Info', 'Component': 'CBS', 'Content': 'Session: 30546174_179737287 initialized by client WindowsUpdateAgent.', 'EventId': 'E36', 'EventTemplate': 'Session: <*>_<*> initialized by client WindowsUpdateAgent.'}
- Suspicion score: 4
- Why it is suspicious: Similar to above, rapid session initializations may indicate suspicious automated behavior.
- Explanation: Frequent session starts by WindowsUpdateAgent could be normal but warrant monitoring for potential abuse.

3.
- Full log entry: {'Date': '2016-09-28', 'Time': '04:30:52', 'Level': 'Info', 'Component': 'CBS', 'Content': 'Session: 30546174_179617280 initialized by client WindowsUpdateAgent.', 'EventId': 'E36', 'EventTemplate': 'Session: <*>_<*> initialized by client WindowsUpdateAgent.'}
- Suspicion score: 3
- Why it is suspicious: High volume of session initializations in a short time.
- Explanation: While WindowsUpdateAgent sessions are normal, the volume and timing could be a sign of scripted or malicious activity.

4.
- Full log entry: {'Date': '2016-09-28', 'Time': '04:30:52', 'Level': 'Info', 'Component': 'CBS', 'Content': 'Session: 30546174_177417154 initialized by client WindowsUpdateAgent.', 'EventId': 'E36', 'EventTemplate': 'Session: <*>_<*> initialized by client WindowsUpdateAgent.'}
- Suspicion score: 3
- Why it is suspicious: Multiple session initializations in rapid succession.
- Explanation: This pattern may be benign but could also indicate automated update checks or attempts to exploit update mechanisms.

5.
- Full log entry: {'Date': '2016-09-28', 'Time': '04:30:52', 'Level': 'Info', 'Component': 'CBS', 'Content': 'Session: 30546174_177107136 initialized by client WindowsUpdateAgent.', 'EventId': 'E36', 'EventTemplate': 'Session: <*>_<*> initialized by client WindowsUpdateAgent.'}
- Suspicion score: 3
- Why it is suspicious: Frequent session initializations.
- Explanation: Similar to above, the frequency of these sessions could be normal but should be monitored for unusual patterns.

Summary: All logs are related to WindowsUpdateAgent sessions or package applicability reads, which are generally normal. However, the rapid succession and volume of session initializations raise mild suspicion for potential automated or scripted activity. No high-severity suspicious activity detected."
chunk61.csv,"Top 5 most suspicious logs ranked by suspiciousness:

1.
- Full log entry: {'Date': '2016-09-28', 'Time': '04:30:52', 'Level': 'Info', 'Component': 'CBS', 'Content': 'Read out cached package applicability for package: Package_for_KB2836943~31bf3856ad364e35~amd64~~6.1.2.0, ApplicableState: 80, CurrentState:112', 'EventId': 'E29', 'EventTemplate': 'Read out cached package applicability for package: <*>, ApplicableState: <*>, CurrentState:<*>'}
- Suspicion score: 6
- Why it is suspicious: The ApplicableState (80) differs from the CurrentState (112), indicating a potential inconsistency or failed update state.
- Explanation: This log shows a package with mismatched applicability and current states, which could indicate an issue with patch application or tampering.

2.
- Full log entry: {'Date': '2016-09-28', 'Time': '04:30:52', 'Level': 'Info', 'Component': 'CBS', 'Content': 'Read out cached package applicability for package: Package_for_KB3031432~31bf3856ad364e35~amd64~~6.1.1.0, ApplicableState: 80, CurrentState:112', 'EventId': 'E29', 'EventTemplate': 'Read out cached package applicability for package: <*>, ApplicableState: <*>, CurrentState:<*>'}
- Suspicion score: 6
- Why it is suspicious: Same as above, ApplicableState (80) differs from CurrentState (112).
- Explanation: Another package with inconsistent states, which may indicate update issues or potential manipulation.

3.
- Full log entry: {'Date': '2016-09-28', 'Time': '04:30:52', 'Level': 'Info', 'Component': 'CBS', 'Content': 'Read out cached package applicability for package: Package_for_KB2564958~31bf3856ad364e35~amd64~~6.1.1.1, ApplicableState: 112, CurrentState:112', 'EventId': 'E29', 'EventTemplate': 'Read out cached package applicability for package: <*>, ApplicableState: <*>, CurrentState:<*>'}
- Suspicion score: 3
- Why it is suspicious: States match and appear normal; low suspicion.
- Explanation: This is a normal log entry showing a package with matching applicable and current states.

4.
- Full log entry: {'Date': '2016-09-28', 'Time': '04:30:52', 'Level': 'Info', 'Component': 'CBS', 'Content': 'Read out cached package applicability for package: Package_for_KB3045685~31bf3856ad364e35~amd64~~6.1.1.0, ApplicableState: 112, CurrentState:112', 'EventId': 'E29', 'EventTemplate': 'Read out cached package applicability for package: <*>, ApplicableState: <*>, CurrentState:<*>'}
- Suspicion score: 3
- Why it is suspicious: States match and appear normal; low suspicion.
- Explanation: Another normal log entry with matching states.

5.
- Full log entry: {'Date': '2016-09-28', 'Time': '04:30:52', 'Level': 'Info', 'Component': 'CBS', 'Content': 'Read out cached package applicability for package: Package_for_KB2698365~31bf3856ad364e35~amd64~~6.1.1.2, ApplicableState: 112, CurrentState:112', 'EventId': 'E29', 'EventTemplate': 'Read out cached package applicability for package: <*>, ApplicableState: <*>, CurrentState:<*>'}
- Suspicion score: 3
- Why it is suspicious: States match and appear normal; low suspicion.
- Explanation: Normal package applicability log with no signs of issues.

Summary: The only suspicious logs are those where ApplicableState differs from CurrentState (score 6). All others appear normal system update logs with no suspicious indicators."
chunk62.csv,"Top 5 most suspicious logs ranked by suspicion score:

1.
- Full log entry: {'Date': '2016-09-28', 'Time': '04:30:53', 'Level': 'Info', 'Component': 'CBS', 'Content': 'Read out cached package applicability for package: Package_for_KB3087039~31bf3856ad364e35~amd64~~6.1.1.4, ApplicableState: 80, CurrentState:112', 'EventId': 'E29', 'EventTemplate': 'Read out cached package applicability for package: <*>, ApplicableState: <*>, CurrentState:<*>'}
- Suspicion score: 6
- Why it is suspicious: The ApplicableState (80) differs from the CurrentState (112), indicating a potential inconsistency or partial update state.
- Explanation: This log shows a package with mismatched applicability and current states, which could indicate an incomplete or problematic update.

2.
- Full log entry: {'Date': '2016-09-28', 'Time': '04:30:53', 'Level': 'Info', 'Component': 'CBS', 'Content': 'Read out cached package applicability for package: Package_for_KB2928120~31bf3856ad364e35~amd64~~6.1.1.2, ApplicableState: 0, CurrentState:0', 'EventId': 'E29', 'EventTemplate': 'Read out cached package applicability for package: <*>, ApplicableState: <*>, CurrentState:<*>'}
- Suspicion score: 4
- Why it is suspicious: Both states are zero, which might indicate the package is not applicable or not installed, but could also be a sign of a missing or corrupted package.
- Explanation: This log shows a package with zero states, which might be normal but could also indicate a problem with package applicability or installation.

3.
- Full log entry: {'Date': '2016-09-28', 'Time': '04:30:52', 'Level': 'Info', 'Component': 'CBS', 'Content': 'Session: 30546174_181797405 initialized by client WindowsUpdateAgent.', 'EventId': 'E36', 'EventTemplate': 'Session: <*>_<*> initialized by client WindowsUpdateAgent.'}
- Suspicion score: 3
- Why it is suspicious: Multiple sessions initialized in a short time frame could indicate automated or scripted activity.
- Explanation: This log shows a session initialization by WindowsUpdateAgent, which is normal but frequent sessions could be suspicious.

4.
- Full log entry: {'Date': '2016-09-28', 'Time': '04:30:53', 'Level': 'Info', 'Component': 'CBS', 'Content': 'Session: 30546174_184807577 initialized by client WindowsUpdateAgent.', 'EventId': 'E36', 'EventTemplate': 'Session: <*>_<*> initialized by client WindowsUpdateAgent.'}
- Suspicion score: 3
- Why it is suspicious: Same as above, multiple session initializations in a short time.
- Explanation: Another session initialization that could be normal but worth noting due to frequency.

5.
- Full log entry: {'Date': '2016-09-28', 'Time': '04:30:53', 'Level': 'Info', 'Component': 'CBS', 'Content': 'Session: 30546174_185287604 initialized by client WindowsUpdateAgent.', 'EventId': 'E36', 'EventTemplate': 'Session: <*>_<*> initialized by client WindowsUpdateAgent.'}
- Suspicion score: 3
- Why it is suspicious: Same reasoning as above.
- Explanation: Frequent session initializations by WindowsUpdateAgent may indicate automated update processes or scripted activity.

Summary: The logs mostly show normal Windows Update Agent activity. The most suspicious log is the one with mismatched ApplicableState and CurrentState, which could indicate an update issue. The rest are routine but frequent session initializations that could be monitored for unusual patterns."
chunk63.csv,"Top 5 most suspicious logs from the provided entries:

1. Log Entry:
   {'Date': '2016-09-28', 'Time': '04:30:53', 'Level': 'Info', 'Component': 'CBS', 'Content': 'Session: 30546174_185487616 initialized by client WindowsUpdateAgent.', 'EventId': 'E36', 'EventTemplate': 'Session: <*>_<*> initialized by client WindowsUpdateAgent.'}
   Suspicion Score: 3
   Why Suspicious: Multiple sessions initialized by WindowsUpdateAgent in a very short time frame could indicate automated or scripted activity.
   Explanation: The Windows Update Agent is starting multiple sessions rapidly, which might be normal for updates but could also be a sign of automated processes or potential abuse.

2. Log Entry:
   {'Date': '2016-09-28', 'Time': '04:30:53', 'Level': 'Info', 'Component': 'CBS', 'Content': 'Session: 30546174_186107651 initialized by client WindowsUpdateAgent.', 'EventId': 'E36', 'EventTemplate': 'Session: <*>_<*> initialized by client WindowsUpdateAgent.'}
   Suspicion Score: 3
   Why Suspicious: Same as above, rapid session initialization by WindowsUpdateAgent.
   Explanation: Similar to the first log, this shows another session started immediately after the previous one.

3. Log Entry:
   {'Date': '2016-09-28', 'Time': '04:30:53', 'Level': 'Info', 'Component': 'CBS', 'Content': 'Session: 30546174_186137653 initialized by client WindowsUpdateAgent.', 'EventId': 'E36', 'EventTemplate': 'Session: <*>_<*> initialized by client WindowsUpdateAgent.'}
   Suspicion Score: 3
   Why Suspicious: Continuation of rapid session starts by WindowsUpdateAgent.
   Explanation: Another session started in the same second, which could be normal but is worth noting.

4. Log Entry:
   {'Date': '2016-09-28', 'Time': '04:30:53', 'Level': 'Info', 'Component': 'CBS', 'Content': 'Session: 30546174_186257660 initialized by client WindowsUpdateAgent.', 'EventId': 'E36', 'EventTemplate': 'Session: <*>_<*> initialized by client WindowsUpdateAgent.'}
   Suspicion Score: 3
   Why Suspicious: Same pattern of rapid session initialization.
   Explanation: Multiple sessions started in rapid succession by the Windows Update Agent.

5. Log Entry:
   {'Date': '2016-09-28', 'Time': '04:30:53', 'Level': 'Info', 'Component': 'CBS', 'Content': 'Session: 30546174_186297662 initialized by client WindowsUpdateAgent.', 'EventId': 'E36', 'EventTemplate': 'Session: <*>_<*> initialized by client WindowsUpdateAgent.'}
   Suspicion Score: 3
   Why Suspicious: Same as above, rapid session initialization.
   Explanation: Another session started immediately after the previous ones.

Summary:
All logs are informational and related to Windows Update Agent sessions and package applicability checks. There are no explicit error or warning levels or known malicious indicators. The only suspicious aspect is the rapid succession of session initializations, which could be normal update behavior or scripted activity. No critical alerts or high suspicion logs are present."
chunk64.csv,"Top 5 most suspicious logs ranked by suspicion score:

1. Log Entry:
{'Date': '2016-09-28', 'Time': '04:32:17', 'Level': 'Info', 'Component': 'CBS', 'Content': 'Failed to create backup log cab. [HRESULT = 0x80070001 - ERROR_INVALID_FUNCTION]', 'EventId': 'E19', 'EventTemplate': 'Failed to create backup log cab. [HRESULT = <*> - ERROR_INVALID_FUNCTION]'}
- Suspicion Score: 7
- Why Suspicious: Failure to create backup logs could indicate issues with system integrity or tampering attempts.
- Explanation: The system failed to create a backup log file, which might suggest a problem with system functions or potential interference.

2. Log Entry:
{'Date': '2016-09-28', 'Time': '04:40:54', 'Level': 'Info', 'Component': 'CSI', 'Content': '0000000d Creating NT transaction (seq 2), objectname [6]""(null)""', 'EventId': 'E2', 'EventTemplate': '<*> Creating NT transaction (seq <*>), objectname [<*>]""(null)""'}
- Suspicion Score: 5
- Why Suspicious: Creation of NT transactions with null object names can be unusual and may indicate abnormal system behavior.
- Explanation: The system is creating a transaction with a null object name, which could be a sign of misconfiguration or exploitation attempts.

3. Log Entry:
{'Date': '2016-09-28', 'Time': '04:40:54', 'Level': 'Info', 'Component': 'CSI', 'Content': '0000000e Created NT transaction (seq 2) result 0x00000000, handle @0xb8', 'EventId': 'E1', 'EventTemplate': '<*> Created NT transaction (seq <*>) result <*>, handle @<*>'}
- Suspicion Score: 4
- Why Suspicious: NT transaction creation is normal, but combined with other suspicious logs, it may warrant attention.
- Explanation: A transaction was successfully created, but in context with other logs, it could be part of suspicious activity.

4. Log Entry:
{'Date': '2016-09-28', 'Time': '04:40:54', 'Level': 'Info', 'Component': 'CSI', 'Content': '0000000a Performing 1 operations; 1 are not lock/unlock and follow:', 'EventId': 'E7', 'EventTemplate': '<*> Performing <*> operations; <*> are not lock/unlock and follow:'}
- Suspicion Score: 3
- Why Suspicious: Operations that are not lock/unlock might indicate unusual system changes.
- Explanation: The system is performing operations that are not typical lock/unlock actions, which could be benign or suspicious depending on context.

5. Log Entry:
{'Date': '2016-09-28', 'Time': '04:40:53', 'Level': 'Info', 'Component': 'CBS', 'Content': 'Failed to create backup log cab. [HRESULT = 0x80070001 - ERROR_INVALID_FUNCTION]', 'EventId': 'E19', 'EventTemplate': 'Failed to create backup log cab. [HRESULT = <*> - ERROR_INVALID_FUNCTION]'}
- Suspicion Score: 2
- Why Suspicious: Repeated failure messages could indicate persistent issues.
- Explanation: Similar failure to create backup logs as the first entry, but less suspicious due to repetition and lack of additional context.

Note: Other logs appear to be routine informational entries related to system maintenance and transactions."
chunk65.csv,"Top 5 most suspicious logs ranked by suspiciousness:

1. Log Entry:
{'Date': '2016-09-28', 'Time': '04:40:54', 'Level': 'Info', 'Component': 'CSI', 'Content': '0000000f@2016/9/27:20:40:54.786 CSI perf trace:', 'EventId': 'E3', 'EventTemplate': '<*> CSI perf trace:'}
- Suspicion Score: 3
- Why suspicious: The log shows a CSI performance trace entry, which is generally benign but could indicate detailed tracing enabled, sometimes used during troubleshooting or by malware to monitor system internals.
- Explanation: This log is a performance trace from the Component Servicing Infrastructure (CSI). While not inherently malicious, detailed tracing can sometimes be leveraged by attackers or indicate debugging activity.

2. Log Entry:
{'Date': '2016-09-28', 'Time': '04:40:54', 'Level': 'Info', 'Component': 'CSI', 'Content': '00000010@2016/9/27:20:40:54.787 CSI Transaction @0x47e9e0 destroyed', 'EventId': 'E9', 'EventTemplate': '<*>@<*>/<*>/<*>:<*>:<*>:<*>.<*> CSI Transaction @<*> destroyed'}
- Suspicion Score: 3
- Why suspicious: This log indicates a CSI transaction was destroyed. While normal in system operations, frequent or unusual transaction destruction could indicate instability or tampering.
- Explanation: The log shows a CSI transaction being destroyed, which is part of normal system servicing but could be suspicious if occurring abnormally or in conjunction with other anomalies.

3. Log Entry:
{'Date': '2016-09-28', 'Time': '04:40:54', 'Level': 'Info', 'Component': 'CBS', 'Content': 'Scavenge: Completed, disposition: 0X1', 'EventId': 'E33', 'EventTemplate': 'Scavenge: Completed, disposition: <*>'}
- Suspicion Score: 2
- Why suspicious: The scavenge operation completed with disposition 0X1. This is usually normal cleanup, but if frequent or unexpected, it might indicate attempts to remove traces or clean up after malicious activity.
- Explanation: This log shows a cleanup operation completed by the Component Based Servicing (CBS). Generally normal, but could be suspicious if it coincides with other unusual events.

4. Log Entry:
{'Date': '2016-09-28', 'Time': '04:40:55', 'Level': 'Info', 'Component': 'CBS', 'Content': 'Reboot mark refs: 0', 'EventId': 'E31', 'EventTemplate': 'Reboot mark refs: <*>'}
- Suspicion Score: 2
- Why suspicious: Indicates no pending reboot references. While normal, attackers sometimes clear reboot marks to avoid detection or delay system restarts.
- Explanation: This log shows that there are no reboot marks pending, which is typical but could be manipulated to avoid reboot-triggered detection.

5. Log Entry:
{'Date': '2016-09-28', 'Time': '04:40:55', 'Level': 'Info', 'Component': 'CBS', 'Content': 'Idle processing thread terminated normally', 'EventId': 'E22', 'EventTemplate': 'Idle processing thread terminated normally'}
- Suspicion Score: 1
- Why suspicious: Normal termination of an idle thread, low suspicion.
- Explanation: This is a routine log indicating an idle thread ended normally, with no suspicious activity detected.

Summary: All logs appear to be routine system servicing and maintenance messages with low suspicion scores. No clear indicators of compromise or malicious activity are present in these logs."
chunk66.csv,"Top 5 most suspicious logs ranked by suspiciousness:

1. Log Entry:
{'Date': '2016-09-29', 'Time': '00:00:46', 'Level': 'Info', 'Component': 'CBS', 'Content': 'SQM: Failed to start upload with file pattern: C:\\Windows\\servicing\\sqm\\*_std.sqm, flags: 0x2 [HRESULT = 0x80004005 - E_FAIL]', 'EventId': 'E39', 'EventTemplate': 'SQM: Failed to start upload with file pattern: <*>, flags: <*> [HRESULT = <*> - E_FAIL]'}
- Suspicion Score: 7
- Why suspicious: Failure to upload telemetry or report files could indicate tampering or interference with system monitoring.
- Explanation: The system failed to upload certain telemetry files, which might suggest an attempt to block or disrupt system health reporting.

2. Log Entry:
{'Date': '2016-09-29', 'Time': '00:00:46', 'Level': 'Info', 'Component': 'CSI', 'Content': '00000003@2016/9/28:16:00:46.213 WcpInitialize (wcp.dll version 0.0.0.6) called (stack @0x7fed875eb5d @0x7fef9d98728 @0x7fef9d98856 @0xffeee474 @0xffeed7de @0xffeedb2f)', 'EventId': 'E13', 'EventTemplate': '<*>@<*>/<*>/<*>:<*>:<*>:<*>.<*> WcpInitialize (wcp.dll version <*>) called (stack @<*>)'}
- Suspicion Score: 5
- Why suspicious: Multiple calls to WcpInitialize with different stack traces could indicate unusual DLL loading or injection.
- Explanation: The repeated initialization of wcp.dll with varying call stacks might be a sign of suspicious activity involving this DLL.

3. Log Entry:
{'Date': '2016-09-29', 'Time': '00:00:46', 'Level': 'Info', 'Component': 'CSI', 'Content': '00000002@2016/9/28:16:00:46.200 WcpInitialize (wcp.dll version 0.0.0.6) called (stack @0x7fed875eb5d @0x7fee5c86ade @0x7fee5c52984 @0x7fee5c03665 @0xffeee97c @0xffeed799)', 'EventId': 'E13', 'EventTemplate': '<*>@<*>/<*>/<*>:<*>:<*>:<*>.<*> WcpInitialize (wcp.dll version <*>) called (stack @<*>)'}
- Suspicion Score: 4
- Why suspicious: Similar to above, repeated DLL initialization with different stacks.
- Explanation: Another instance of wcp.dll initialization, which could be benign but warrants attention due to frequency.

4. Log Entry:
{'Date': '2016-09-29', 'Time': '00:00:46', 'Level': 'Info', 'Component': 'CSI', 'Content': '00000001@2016/9/28:16:00:46.160 WcpInitialize (wcp.dll version 0.0.0.6) called (stack @0x7fed875eb5d @0x7fee5c39b6d @0x7fee5c0358f @0xffeee97c @0xffeed799 @0xffeedb2f)', 'EventId': 'E13', 'EventTemplate': '<*>@<*>/<*>/<*>:<*>:<*>:<*>.<*> WcpInitialize (wcp.dll version <*>) called (stack @<*>)'}
- Suspicion Score: 3
- Why suspicious: Initial call of wcp.dll initialization, less suspicious but related to above.
- Explanation: The first recorded initialization of wcp.dll in this sequence, likely normal but part of the pattern.

5. Log Entry:
{'Date': '2016-09-29', 'Time': '00:00:46', 'Level': 'Info', 'Component': 'CBS', 'Content': 'SQM: Requesting upload of all unsent reports.', 'EventId': 'E42', 'EventTemplate': 'SQM: Requesting upload of all unsent reports.'}
- Suspicion Score: 2
- Why suspicious: Requesting upload of reports is normal, but in context of failed upload could indicate issues.
- Explanation: The system is trying to upload telemetry reports, which is normal, but given the failure above, it may indicate a problem.

Summary: The most suspicious log is the failure to upload telemetry data, which could indicate interference with system monitoring. The repeated DLL initialization logs are less suspicious but worth noting for unusual patterns. Other logs appear normal system operations."
chunk67.csv,"Top 5 Most Suspicious Logs:

1.
- Full log entry: {'Date': '2016-09-29', 'Time': '00:00:46', 'Level': 'Info', 'Component': 'CBS', 'Content': 'SQM: Failed to start standard sample upload. [HRESULT = 0x80004005 - E_FAIL]', 'EventId': 'E38', 'EventTemplate': 'SQM: Failed to start standard sample upload. [HRESULT = <*> - E_FAIL]'}
- Suspicion score: 7
- Why it is suspicious: The failure to start a standard sample upload with a generic E_FAIL HRESULT code could indicate an issue with telemetry or data upload processes, which might be caused by interference or tampering.
- Explanation: The system failed to start uploading telemetry data, which could be a sign of system instability or intentional blocking of diagnostic data.

2.
- Full log entry: {'Date': '2016-09-29', 'Time': '00:00:46', 'Level': 'Info', 'Component': 'CBS', 'Content': 'SQM: Warning: Failed to upload all unsent reports. [HRESULT = 0x80004005 - E_FAIL]', 'EventId': 'E43', 'EventTemplate': 'SQM: Warning: Failed to upload all unsent reports. [HRESULT = <*> - E_FAIL]'}
- Suspicion score: 7
- Why it is suspicious: Similar to the first log, this indicates failure in uploading unsent reports, which could mean telemetry data is not being sent, possibly due to network issues or deliberate blocking.
- Explanation: The system was unable to upload diagnostic reports, which might hinder monitoring and could be a sign of interference.

3.
- Full log entry: {'Date': '2016-09-29', 'Time': '00:00:46', 'Level': 'Info', 'Component': 'CBS', 'Content': 'SQM: Queued 0 file(s) for upload with pattern: C:\\Windows\\servicing\\sqm\\*_all.sqm, flags: 0x6', 'EventId': 'E41', 'EventTemplate': 'SQM: Queued <*> file(s) for upload with pattern: <*>, flags: <*>'}
- Suspicion score: 5
- Why it is suspicious: Queuing zero files for upload might indicate no telemetry data is being generated or collected, which could be abnormal depending on system activity.
- Explanation: No telemetry files were queued for upload, possibly indicating a lack of diagnostic data collection.

4.
- Full log entry: {'Date': '2016-09-29', 'Time': '00:00:46', 'Level': 'Info', 'Component': 'CBS', 'Content': 'No startup processing required, TrustedInstaller service was not set as autostart, or else a reboot is still pending.', 'EventId': 'E25', 'EventTemplate': 'No startup processing required, TrustedInstaller service was not set as autostart, or else a reboot is still pending.'}
- Suspicion score: 4
- Why it is suspicious: The TrustedInstaller service not set as autostart or a pending reboot could indicate incomplete or interrupted system updates, which might leave the system vulnerable.
- Explanation: The system's TrustedInstaller service is not configured to start automatically, or a reboot is needed, potentially affecting system integrity.

5.
- Full log entry: {'Date': '2016-09-29', 'Time': '00:00:46', 'Level': 'Info', 'Component': 'CBS', 'Content': 'NonStart: Checking to ensure startup processing was not required.', 'EventId': 'E26', 'EventTemplate': 'NonStart: Checking to ensure startup processing was not required.'}
- Suspicion score: 3
- Why it is suspicious: This log shows a check for startup processing, which is normal, but in context with other logs indicating issues, it may be part of a failed or incomplete startup process.
- Explanation: The system is verifying if startup processing is needed, which is routine but may relate to other startup issues seen in the logs."
chunk68.csv,"Top 5 most suspicious logs ranked by suspiciousness:

1.
- Full log entry: {'Date': '2016-09-29', 'Time': '00:00:46', 'Level': 'Info', 'Component': 'CBS', 'Content': ""Loading offline registry hive: SAM, into registry key '{bf1a281b-ad7b-4476-ac95-f47682990ce7}GLOBALROOT/Device/HarddiskVolumeShadowCopy2/Windows/System32/config/SAM' from path '\\\\?\\GLOBALROOT\\Device\\HarddiskVolumeShadowCopy2\\Windows\\System32\\config\\SAM'."", 'EventId': 'E24', 'EventTemplate': ""Loading offline registry hive: <*>, into registry key '<*>' from path '<*>'.""}
- Suspicion score: 8
- Why it is suspicious: The SAM hive contains sensitive security account manager data including user credentials. Loading it offline could indicate an attempt to access or manipulate user account information.
- Explanation: Accessing the SAM registry hive offline is unusual and may suggest malicious activity targeting user credentials.

2.
- Full log entry: {'Date': '2016-09-29', 'Time': '00:00:46', 'Level': 'Info', 'Component': 'CBS', 'Content': ""Loading offline registry hive: SECURITY, into registry key '{bf1a281b-ad7b-4476-ac95-f47682990ce7}GLOBALROOT/Device/HarddiskVolumeShadowCopy2/Windows/System32/config/SECURITY' from path '\\\\?\\GLOBALROOT\\Device\\HarddiskVolumeShadowCopy2\\Windows\\System32\\config\\SECURITY'."", 'EventId': 'E24', 'EventTemplate': ""Loading offline registry hive: <*>, into registry key '<*>' from path '<*>'.""}
- Suspicion score: 7
- Why it is suspicious: The SECURITY hive contains local security policy and user rights information. Offline loading may indicate attempts to view or modify security settings.
- Explanation: Accessing the SECURITY hive offline is uncommon and could be part of reconnaissance or privilege escalation efforts.

3.
- Full log entry: {'Date': '2016-09-29', 'Time': '00:00:46', 'Level': 'Info', 'Component': 'CBS', 'Content': ""Loading offline registry hive: SYSTEM, into registry key '{bf1a281b-ad7b-4476-ac95-f47682990ce7}GLOBALROOT/Device/HarddiskVolumeShadowCopy2/Windows/System32/config/SYSTEM' from path '\\\\?\\GLOBALROOT\\Device\\HarddiskVolumeShadowCopy2\\Windows\\System32\\config\\SYSTEM'."", 'EventId': 'E24', 'EventTemplate': ""Loading offline registry hive: <*>, into registry key '<*>' from path '<*>'.""}
- Suspicion score: 6
- Why it is suspicious: The SYSTEM hive contains system configuration and driver information. Offline loading could be used to analyze or tamper with system settings.
- Explanation: Offline access to the SYSTEM hive may indicate attempts to manipulate system configurations or drivers.

4.
- Full log entry: {'Date': '2016-09-29', 'Time': '00:00:46', 'Level': 'Info', 'Component': 'CBS', 'Content': ""Loading offline registry hive: SOFTWARE, into registry key '{bf1a281b-ad7b-4476-ac95-f47682990ce7}GLOBALROOT/Device/HarddiskVolumeShadowCopy2/Windows/System32/config/SOFTWARE' from path '\\\\?\\GLOBALROOT\\Device\\HarddiskVolumeShadowCopy2\\Windows\\System32\\config\\SOFTWARE'."", 'EventId': 'E24', 'EventTemplate': ""Loading offline registry hive: <*>, into registry key '<*>' from path '<*>'.""}
- Suspicion score: 5
- Why it is suspicious: The SOFTWARE hive contains installed software and configuration data. Offline loading might be used for software reconnaissance or tampering.
- Explanation: Accessing the SOFTWARE hive offline could be part of an attacker gathering information about installed software or configurations.

5.
- Full log entry: {'Date': '2016-09-29', 'Time': '00:00:46', 'Level': 'Info', 'Component': 'CBS', 'Content': ""Loading offline registry hive: COMPONENTS, into registry key '{bf1a281b-ad7b-4476-ac95-f47682990ce7}GLOBALROOT/Device/HarddiskVolumeShadowCopy2/Windows/System32/config/COMPONENTS' from path '\\\\?\\GLOBALROOT\\Device\\HarddiskVolumeShadowCopy2\\Windows\\System32\\config\\COMPONENTS'."", 'EventId': 'E24', 'EventTemplate': ""Loading offline registry hive: <*>, into registry key '<*>' from path '<*>'.""}
- Suspicion score: 4
- Why it is suspicious: The COMPONENTS hive relates to Windows component store and updates. Offline loading could be used to analyze or manipulate system components.
- Explanation: Accessing the COMPONENTS hive offline may indicate attempts to interfere with system components or updates.

Summary: The logs show multiple offline registry hive loads, which is unusual and potentially suspicious as it may indicate attempts to access or manipulate sensitive system and security data. The highest suspicion is given to the SAM and SECURITY hives due to their sensitive nature."
chunk69.csv,"Top 5 most suspicious logs ranked by suspiciousness:

1.
- Full log entry: {'Date': '2016-09-29', 'Time': '00:01:46', 'Level': 'Info', 'Component': 'CBS', 'Content': 'Expecting attribute name [HRESULT = 0x800f080d - CBS_E_MANIFEST_INVALID_ITEM]', 'EventId': 'E18', 'EventTemplate': 'Expecting attribute name [HRESULT = <*> - CBS_E_MANIFEST_INVALID_ITEM]'}
- Suspicion score: 8
- Why suspicious: The HRESULT error code 0x800f080d indicates an invalid manifest item, which could suggest corruption or tampering with system files.
- Explanation: The system encountered an invalid item in a manifest file, which may indicate a problem with system integrity or a potential attack modifying system components.

2.
- Full log entry: {'Date': '2016-09-29', 'Time': '00:01:46', 'Level': 'Info', 'Component': 'CBS', 'Content': 'Failed to get next element [HRESULT = 0x800f080d - CBS_E_MANIFEST_INVALID_ITEM]', 'EventId': 'E20', 'EventTemplate': 'Failed to get next element [HRESULT = <*> - CBS_E_MANIFEST_INVALID_ITEM]'}
- Suspicion score: 8
- Why suspicious: Similar HRESULT error indicating failure to parse manifest elements, which may point to corrupted or maliciously altered system files.
- Explanation: The system failed to process a manifest element, possibly due to file corruption or unauthorized changes, which could affect system stability or security.

3.
- Full log entry: {'Date': '2016-09-29', 'Time': '00:01:47', 'Level': 'Info', 'Component': 'CBS', 'Content': 'Expecting attribute name [HRESULT = 0x800f080d - CBS_E_MANIFEST_INVALID_ITEM]', 'EventId': 'E18', 'EventTemplate': 'Expecting attribute name [HRESULT = <*> - CBS_E_MANIFEST_INVALID_ITEM]'}
- Suspicion score: 7
- Why suspicious: Repeated occurrence of the same manifest invalid item error shortly after the previous one, indicating persistent issues.
- Explanation: The system continues to encounter invalid manifest items, which may suggest ongoing corruption or repeated tampering attempts.

4.
- Full log entry: {'Date': '2016-09-29', 'Time': '00:01:47', 'Level': 'Info', 'Component': 'CBS', 'Content': 'Failed to get next element [HRESULT = 0x800f080d - CBS_E_MANIFEST_INVALID_ITEM]', 'EventId': 'E20', 'EventTemplate': 'Failed to get next element [HRESULT = <*> - CBS_E_MANIFEST_INVALID_ITEM]'}
- Suspicion score: 7
- Why suspicious: Another repeated failure to parse manifest elements, reinforcing the suspicion of system file issues.
- Explanation: The system is repeatedly unable to process manifest elements, which could be due to corrupted or maliciously modified files.

5.
- Full log entry: {'Date': '2016-09-29', 'Time': '00:01:46', 'Level': 'Info', 'Component': 'CBS', 'Content': 'Warning: Unrecognized packageExtended attribute.', 'EventId': 'E50', 'EventTemplate': 'Warning: Unrecognized packageExtended attribute.'}
- Suspicion score: 6
- Why suspicious: The warning about an unrecognized package attribute may indicate unexpected or unauthorized changes in package metadata.
- Explanation: The system detected an unknown attribute in a package, which could be a sign of tampering or an unsupported modification."
chunk70.csv,"Top 5 most suspicious logs ranked by suspicion score:

1. Log Entry:
{'Date': '2016-09-29', 'Time': '00:01:47', 'Level': 'Info', 'Component': 'CBS', 'Content': 'Failed to get next element [HRESULT = 0x800f080d - CBS_E_MANIFEST_INVALID_ITEM]', 'EventId': 'E20', 'EventTemplate': 'Failed to get next element [HRESULT = <*> - CBS_E_MANIFEST_INVALID_ITEM]'}
- Suspicion Score: 7
- Why Suspicious: The error indicates a failure related to a manifest item, which could suggest corruption or tampering with system files or components.
- Explanation: The system failed to process a manifest element, which might indicate issues with system integrity or potential manipulation of system files.

2. Log Entry:
{'Date': '2016-09-29', 'Time': '00:03:25', 'Level': 'Info', 'Component': 'CBS', 'Content': 'Failed to create backup log cab. [HRESULT = 0x80070001 - ERROR_INVALID_FUNCTION]', 'EventId': 'E19', 'EventTemplate': 'Failed to create backup log cab. [HRESULT = <*> - ERROR_INVALID_FUNCTION]'}
- Suspicion Score: 6
- Why Suspicious: Failure to create backup logs could indicate problems with system backup processes or interference with logging mechanisms.
- Explanation: The system was unable to create a backup log file, which might hinder forensic analysis or indicate interference with system logging.

3. Log Entry:
{'Date': '2016-09-29', 'Time': '00:03:19', 'Level': 'Info', 'Component': 'CBS', 'Content': 'Unloading offline registry hive: {bf1a281b-ad7b-4476-ac95-f47682990ce7}GLOBALROOT/Device/HarddiskVolumeShadowCopy2/Windows/System32/config/SOFTWARE', 'EventId': 'E49', 'EventTemplate': 'Unloading offline registry hive: <*>'}
- Suspicion Score: 5
- Why Suspicious: Unloading offline registry hives from shadow copies can be normal during system maintenance but may also be used by attackers to manipulate registry data stealthily.
- Explanation: The system is unloading a registry hive from a shadow copy, which could be part of normal operations or an attempt to alter registry data without detection.

4. Log Entry:
{'Date': '2016-09-29', 'Time': '00:03:19', 'Level': 'Info', 'Component': 'CBS', 'Content': 'Unloading offline registry hive: {bf1a281b-ad7b-4476-ac95-f47682990ce7}GLOBALROOT/Device/HarddiskVolumeShadowCopy2/Windows/System32/config/SYSTEM', 'EventId': 'E49', 'EventTemplate': 'Unloading offline registry hive: <*>'}
- Suspicion Score: 5
- Why Suspicious: Similar to above, unloading SYSTEM registry hive from shadow copy could be suspicious if done outside of normal maintenance windows.
- Explanation: The SYSTEM registry hive is being unloaded from a shadow copy, which might be normal or could indicate tampering with critical system settings.

5. Log Entry:
{'Date': '2016-09-29', 'Time': '00:03:19', 'Level': 'Info', 'Component': 'CBS', 'Content': 'Unloading offline registry hive: {bf1a281b-ad7b-4476-ac95-f47682990ce7}GLOBALROOT/Device/HarddiskVolumeShadowCopy2/Windows/System32/config/SECURITY', 'EventId': 'E49', 'EventTemplate': 'Unloading offline registry hive: <*>'}
- Suspicion Score: 5
- Why Suspicious: Unloading SECURITY registry hive from shadow copy could be used to manipulate security policies or credentials.
- Explanation: The SECURITY registry hive is being unloaded from a shadow copy, which could be part of legitimate maintenance or an attempt to alter security settings covertly.

Summary: The most suspicious logs involve errors related to manifest processing and backup log creation failures, which could indicate system integrity issues or interference. The unloading of multiple offline registry hives from shadow copies is moderately suspicious and warrants further investigation to confirm if these actions are part of normal maintenance or potential malicious activity."
chunk71.csv,"Top 5 most suspicious logs ranked by suspiciousness:

1.
- Full log entry: {'Date': '2016-09-29', 'Time': '02:03:47', 'Level': 'Info', 'Component': 'CBS', 'Content': 'Failed to internally open package. [HRESULT = 0x800f0805 - CBS_E_INVALID_PACKAGE]', 'EventId': 'E21', 'EventTemplate': 'Failed to internally open package. [HRESULT = <*> - CBS_E_INVALID_PACKAGE]'}
- Suspicion score: 8
- Why it is suspicious: Failure to open a package internally with an invalid package error could indicate corruption or tampering with system update files.
- Explanation: The system failed to open a package due to it being invalid, which might suggest a compromised or corrupted update package.

2.
- Full log entry: {'Date': '2016-09-29', 'Time': '02:03:46', 'Level': 'Info', 'Component': 'CBS', 'Content': 'Expecting attribute name [HRESULT = 0x800f080d - CBS_E_MANIFEST_INVALID_ITEM]', 'EventId': 'E18', 'EventTemplate': 'Expecting attribute name [HRESULT = <*> - CBS_E_MANIFEST_INVALID_ITEM]'}
- Suspicion score: 7
- Why it is suspicious: Manifest invalid item errors can indicate malformed or tampered update manifests.
- Explanation: The system encountered an invalid item in the update manifest, which could be a sign of corrupted or malicious update data.

3.
- Full log entry: {'Date': '2016-09-29', 'Time': '02:03:46', 'Level': 'Info', 'Component': 'CBS', 'Content': 'Failed to get next element [HRESULT = 0x800f080d - CBS_E_MANIFEST_INVALID_ITEM]', 'EventId': 'E20', 'EventTemplate': 'Failed to get next element [HRESULT = <*> - CBS_E_MANIFEST_INVALID_ITEM]'}
- Suspicion score: 7
- Why it is suspicious: Similar to the previous, failure to parse manifest elements may indicate tampering or corruption.
- Explanation: The system failed to retrieve the next element in the update manifest, suggesting possible corruption or manipulation.

4.
- Full log entry: {'Date': '2016-09-29', 'Time': '02:03:48', 'Level': 'Info', 'Component': 'CBS', 'Content': 'Warning: Unrecognized packageExtended attribute.', 'EventId': 'E50', 'EventTemplate': 'Warning: Unrecognized packageExtended attribute.'}
- Suspicion score: 6
- Why it is suspicious: Unrecognized attributes in packages may indicate unexpected or malicious modifications.
- Explanation: The system detected an unknown attribute in a package, which could be a sign of tampering or an unsupported package format.

5.
- Full log entry: {'Date': '2016-09-29', 'Time': '02:03:46', 'Level': 'Info', 'Component': 'CBS', 'Content': 'Warning: Unrecognized packageExtended attribute.', 'EventId': 'E50', 'EventTemplate': 'Warning: Unrecognized packageExtended attribute.'}
- Suspicion score: 6
- Why it is suspicious: Same as above, repeated warnings about unrecognized attributes may indicate persistent issues or attempts to inject malicious data.
- Explanation: Another instance of the system warning about unknown package attributes, reinforcing the possibility of package tampering or corruption."
chunk72.csv,"Top 5 most suspicious logs ranked by suspiciousness:

1.
- Full log entry: {'Date': '2016-09-29', 'Time': '02:03:48', 'Level': 'Info', 'Component': 'CBS', 'Content': 'Expecting attribute name [HRESULT = 0x800f080d - CBS_E_MANIFEST_INVALID_ITEM]', 'EventId': 'E18', 'EventTemplate': 'Expecting attribute name [HRESULT = <*> - CBS_E_MANIFEST_INVALID_ITEM]'}
- Suspicion score: 8
- Why it is suspicious: The log indicates an invalid manifest item error, which could suggest corrupted or tampered update packages.
- Explanation: The system encountered an error parsing a manifest file, which may indicate a problem with software updates or potential tampering.

2.
- Full log entry: {'Date': '2016-09-29', 'Time': '02:03:48', 'Level': 'Info', 'Component': 'CBS', 'Content': 'Failed to get next element [HRESULT = 0x800f080d - CBS_E_MANIFEST_INVALID_ITEM]', 'EventId': 'E20', 'EventTemplate': 'Failed to get next element [HRESULT = <*> - CBS_E_MANIFEST_INVALID_ITEM]'}
- Suspicion score: 7
- Why it is suspicious: Similar to the previous log, it shows failure in processing manifest elements, which may indicate corrupted or malicious update data.
- Explanation: The system failed to process part of a manifest file, potentially pointing to issues with update integrity.

3.
- Full log entry: {'Date': '2016-09-29', 'Time': '02:03:49', 'Level': 'Info', 'Component': 'CBS', 'Content': 'Failed to internally open package. [HRESULT = 0x800f0805 - CBS_E_INVALID_PACKAGE]', 'EventId': 'E21', 'EventTemplate': 'Failed to internally open package. [HRESULT = <*> - CBS_E_INVALID_PACKAGE]'}
- Suspicion score: 7
- Why it is suspicious: Indicates failure to open a package, which could be due to corruption or tampering.
- Explanation: The system could not open a package, possibly due to corruption or malicious modification.

4.
- Full log entry: {'Date': '2016-09-29', 'Time': '02:03:48', 'Level': 'Info', 'Component': 'CBS', 'Content': 'Warning: Unrecognized packageExtended attribute.', 'EventId': 'E50', 'EventTemplate': 'Warning: Unrecognized packageExtended attribute.'}
- Suspicion score: 6
- Why it is suspicious: The warning about an unrecognized attribute may indicate unexpected or unauthorized changes in package metadata.
- Explanation: The system detected an unknown attribute in a package, which could be a sign of tampering or misconfiguration.

5.
- Full log entry: {'Date': '2016-09-29', 'Time': '02:03:48', 'Level': 'Info', 'Component': 'CBS', 'Content': 'Session: 30546354_2845524935 initialized by client WindowsUpdateAgent.', 'EventId': 'E36', 'EventTemplate': 'Session: <*>_<*> initialized by client WindowsUpdateAgent.'}
- Suspicion score: 3
- Why it is suspicious: Multiple sessions initialized in a short time could indicate abnormal update activity or automated scripts.
- Explanation: The Windows Update Agent started a session; frequent sessions might suggest unusual update behavior."
chunk73.csv,"Top 5 most suspicious logs from the provided entries:

1.
- Full log entry: {'Date': '2016-09-29', 'Time': '02:03:51', 'Level': 'Info', 'Component': 'CBS', 'Content': 'Read out cached package applicability for package: Package_for_KB2656356~31bf3856ad364e35~amd64~~6.1.1.1, ApplicableState: 80, CurrentState:112', 'EventId': 'E29', 'EventTemplate': 'Read out cached package applicability for package: <*>, ApplicableState: <*>, CurrentState:<*>'}
- Suspicion score: 5
- Why suspicious: The ApplicableState (80) differs from the CurrentState (112), which may indicate a package state inconsistency or potential tampering.
- Explanation: The package's expected applicability state does not match its current state, which could suggest an issue with the update or a possible manipulation.

2.
- Full log entry: {'Date': '2016-09-29', 'Time': '02:03:51', 'Level': 'Info', 'Component': 'CBS', 'Content': 'Read out cached package applicability for package: Package_for_KB3121255~31bf3856ad364e35~amd64~~6.1.1.0, ApplicableState: 112, CurrentState:112', 'EventId': 'E29', 'EventTemplate': 'Read out cached package applicability for package: <*>, ApplicableState: <*>, CurrentState:<*>'}
- Suspicion score: 2
- Why suspicious: Although states match, the log shows package applicability checks which could be targeted by attackers to manipulate updates.
- Explanation: This is a normal update check but worth noting as attackers sometimes exploit update mechanisms.

3.
- Full log entry: {'Date': '2016-09-29', 'Time': '02:03:52', 'Level': 'Info', 'Component': 'CBS', 'Content': 'Read out cached package applicability for package: Package_for_KB3108664~31bf3856ad364e35~amd64~~6.1.1.0, ApplicableState: 112, CurrentState:112', 'EventId': 'E29', 'EventTemplate': 'Read out cached package applicability for package: <*>, ApplicableState: <*>, CurrentState:<*>'}
- Suspicion score: 2
- Why suspicious: Similar to above, normal but related to update package checks.
- Explanation: Routine package applicability readout, low suspicion.

4.
- Full log entry: {'Date': '2016-09-29', 'Time': '02:03:49', 'Level': 'Info', 'Component': 'CBS', 'Content': 'Session: 30546354_2850705232 initialized by client WindowsUpdateAgent.', 'EventId': 'E36', 'EventTemplate': 'Session: <*>_<*> initialized by client WindowsUpdateAgent.'}
- Suspicion score: 1
- Why suspicious: Normal session initialization by WindowsUpdateAgent.
- Explanation: Routine session start for update agent, low suspicion.

5.
- Full log entry: {'Date': '2016-09-29', 'Time': '02:03:49', 'Level': 'Info', 'Component': 'CBS', 'Content': 'Session: 30546354_2850715232 initialized by client WindowsUpdateAgent.', 'EventId': 'E36', 'EventTemplate': 'Session: <*>_<*> initialized by client WindowsUpdateAgent.'}
- Suspicion score: 1
- Why suspicious: Same as above, normal behavior.
- Explanation: Routine session initialization, no immediate concern.

Summary: The logs mostly show normal Windows Update Agent activity. The only notable suspicious item is the mismatch in ApplicableState and CurrentState in one package, which could warrant further investigation."
chunk74.csv,"Top 5 most suspicious logs:

1.
- Full log entry: {'Date': '2016-09-29', 'Time': '02:03:52', 'Level': 'Info', 'Component': 'CBS', 'Content': 'Read out cached package applicability for package: Package_for_KB3115858~31bf3856ad364e35~amd64~~6.1.1.0, ApplicableState: 80, CurrentState:112', 'EventId': 'E29', 'EventTemplate': 'Read out cached package applicability for package: <*>, ApplicableState: <*>, CurrentState:<*>'}
- Suspicion score: 5/10
- Why suspicious: The ApplicableState (80) differs from the CurrentState (112), which may indicate a package state inconsistency or potential tampering.
- Explanation: The package applicability states do not match, which could suggest an issue with the update or a possible manipulation.

2.
- Full log entry: {'Date': '2016-09-29', 'Time': '02:03:53', 'Level': 'Info', 'Component': 'CBS', 'Content': 'Read out cached package applicability for package: Package_for_KB3127220~31bf3856ad364e35~amd64~~6.1.1.0, ApplicableState: 112, CurrentState:112', 'EventId': 'E29', 'EventTemplate': 'Read out cached package applicability for package: <*>, ApplicableState: <*>, CurrentState:<*>'}
- Suspicion score: 2/10
- Why suspicious: States match, normal behavior for package applicability.
- Explanation: This log shows normal package state consistency, low suspicion.

3.
- Full log entry: {'Date': '2016-09-29', 'Time': '02:03:54', 'Level': 'Info', 'Component': 'CBS', 'Content': 'Read out cached package applicability for package: Package_for_KB3060716~31bf3856ad364e35~amd64~~6.1.1.0, ApplicableState: 112, CurrentState:112', 'EventId': 'E29', 'EventTemplate': 'Read out cached package applicability for package: <*>, ApplicableState: <*>, CurrentState:<*>'}
- Suspicion score: 2/10
- Why suspicious: States match, normal behavior.
- Explanation: Package states are consistent, indicating no immediate issue.

4.
- Full log entry: {'Date': '2016-09-29', 'Time': '02:03:54', 'Level': 'Info', 'Component': 'CBS', 'Content': 'Read out cached package applicability for package: Package_for_KB3006137~31bf3856ad364e35~amd64~~6.1.1.0, ApplicableState: 112, CurrentState:112', 'EventId': 'E29', 'EventTemplate': 'Read out cached package applicability for package: <*>, ApplicableState: <*>, CurrentState:<*>'}
- Suspicion score: 2/10
- Why suspicious: States match, normal.
- Explanation: No discrepancy in package states.

5.
- Full log entry: {'Date': '2016-09-29', 'Time': '02:03:54', 'Level': 'Info', 'Component': 'CBS', 'Content': 'Read out cached package applicability for package: Package_for_KB3067903~31bf3856ad364e35~amd64~~6.1.1.0, ApplicableState: 112, CurrentState:112', 'EventId': 'E29', 'EventTemplate': 'Read out cached package applicability for package: <*>, ApplicableState: <*>, CurrentState:<*>'}
- Suspicion score: 2/10
- Why suspicious: States match, normal.
- Explanation: Package applicability states are consistent.

Summary: All logs are related to Windows Update package applicability checks. Only the first log shows a state mismatch which could be a sign of an issue or tampering, thus rated higher in suspicion. The rest show normal state consistency and are low risk."
chunk75.csv,"Top 5 most suspicious logs from the provided entries:

1.
- Full log entry: {'Date': '2016-09-29', 'Time': '02:03:55', 'Level': 'Info', 'Component': 'CBS', 'Content': 'Read out cached package applicability for package: Package_for_KB3185319~31bf3856ad364e35~amd64~~11.2.1.0, ApplicableState: 112, CurrentState:112', 'EventId': 'E29', 'EventTemplate': 'Read out cached package applicability for package: <*>, ApplicableState: <*>, CurrentState:<*>'}
- Suspicion score: 4/10
- Why suspicious: The package version ""11.2.1.0"" stands out as it is significantly different from the other package versions which are mostly ""6.1.x.x"" or ""11.2.1.0"" is unusual for this context.
- Explanation: This log shows a cached package applicability check for a package with an unusual version number compared to others, which could indicate a non-standard or potentially tampered package.

2.
- Full log entry: {'Date': '2016-09-29', 'Time': '02:03:55', 'Level': 'Info', 'Component': 'CBS', 'Content': 'Session: 30546354_2917229036 initialized by client WindowsUpdateAgent.', 'EventId': 'E36', 'EventTemplate': 'Session: <*>_<*> initialized by client WindowsUpdateAgent.'}
- Suspicion score: 3/10
- Why suspicious: Multiple sessions initialized in a very short time frame could indicate automated or scripted activity.
- Explanation: Rapid session initializations by WindowsUpdateAgent might be normal for updates but could also be a sign of automated or suspicious activity.

3.
- Full log entry: {'Date': '2016-09-29', 'Time': '02:03:55', 'Level': 'Info', 'Component': 'CBS', 'Content': 'Session: 30546354_2916919019 initialized by client WindowsUpdateAgent.', 'EventId': 'E36', 'EventTemplate': 'Session: <*>_<*> initialized by client WindowsUpdateAgent.'}
- Suspicion score: 3/10
- Why suspicious: Same as above, multiple session initializations in quick succession.
- Explanation: Could indicate scripted or automated update activity.

4.
- Full log entry: {'Date': '2016-09-29', 'Time': '02:03:55', 'Level': 'Info', 'Component': 'CBS', 'Content': 'Session: 30546354_2915778954 initialized by client WindowsUpdateAgent.', 'EventId': 'E36', 'EventTemplate': 'Session: <*>_<*> initialized by client WindowsUpdateAgent.'}
- Suspicion score: 3/10
- Why suspicious: Same reasoning as above.
- Explanation: Multiple rapid session initializations may be suspicious.

5.
- Full log entry: {'Date': '2016-09-29', 'Time': '02:03:55', 'Level': 'Info', 'Component': 'CBS', 'Content': 'Session: 30546354_2914788897 initialized by client WindowsUpdateAgent.', 'EventId': 'E36', 'EventTemplate': 'Session: <*>_<*> initialized by client WindowsUpdateAgent.'}
- Suspicion score: 3/10
- Why suspicious: Same as above.
- Explanation: Rapid session initializations could be normal but also could indicate automated activity.

Summary: All logs are informational and related to Windows Update Agent activities. No clear malicious activity is evident, but the unusual package version and rapid session initializations are the most notable points."
chunk76.csv,"Top 5 most suspicious logs:

1.
- Full log entry: {'Date': '2016-09-29', 'Time': '02:03:56', 'Level': 'Info', 'Component': 'CBS', 'Content': 'Session: 30546354_2919539169 initialized by client WindowsUpdateAgent.', 'EventId': 'E36', 'EventTemplate': 'Session: <*>_<*> initialized by client WindowsUpdateAgent.'}
- Suspicion score: 3
- Why it is suspicious: Multiple sessions initialized in a very short time frame could indicate automated or scripted activity.
- Explanation: The log shows a session initialized by WindowsUpdateAgent, which is normal, but the rapid succession of similar sessions may warrant attention.

2.
- Full log entry: {'Date': '2016-09-29', 'Time': '02:03:56', 'Level': 'Info', 'Component': 'CBS', 'Content': 'Session: 30546354_2926539569 initialized by client WindowsUpdateAgent.', 'EventId': 'E36', 'EventTemplate': 'Session: <*>_<*> initialized by client WindowsUpdateAgent.'}
- Suspicion score: 3
- Why it is suspicious: Same as above, multiple session initializations in quick succession.
- Explanation: Another session initialized by WindowsUpdateAgent within the same second, which could be normal but may also indicate scripted behavior.

3.
- Full log entry: {'Date': '2016-09-29', 'Time': '02:03:57', 'Level': 'Info', 'Component': 'CBS', 'Content': 'Session: 30546354_2932399904 initialized by client WindowsUpdateAgent.', 'EventId': 'E36', 'EventTemplate': 'Session: <*>_<*> initialized by client WindowsUpdateAgent.'}
- Suspicion score: 3
- Why it is suspicious: Continuation of rapid session initializations.
- Explanation: Another session started immediately after previous ones, which could be normal update behavior or scripted.

4.
- Full log entry: {'Date': '2016-09-29', 'Time': '02:03:57', 'Level': 'Info', 'Component': 'CBS', 'Content': 'Session: 30546354_2934110002 initialized by client WindowsUpdateAgent.', 'EventId': 'E36', 'EventTemplate': 'Session: <*>_<*> initialized by client WindowsUpdateAgent.'}
- Suspicion score: 3
- Why it is suspicious: Same pattern of rapid session initialization.
- Explanation: Another session initialized in the same second, which is unusual but may be legitimate.

5.
- Full log entry: {'Date': '2016-09-29', 'Time': '02:03:57', 'Level': 'Info', 'Component': 'CBS', 'Content': 'Session: 30546354_2934760039 initialized by client WindowsUpdateAgent.', 'EventId': 'E36', 'EventTemplate': 'Session: <*>_<*> initialized by client WindowsUpdateAgent.'}
- Suspicion score: 3
- Why it is suspicious: Same as above, multiple sessions in rapid succession.
- Explanation: Another session started immediately after others, which could be normal or scripted.

Summary: All logs are related to WindowsUpdateAgent sessions and package applicability checks, which are generally normal. The only suspicious aspect is the rapid succession of session initializations, which could indicate automated or scripted activity but is not strongly suspicious on its own. No critical or error-level logs or known attack indicators are present."
chunk77.csv,"Top 5 most suspicious logs:

1.
- Full log entry: {'Date': '2016-09-29', 'Time': '02:03:57', 'Level': 'Info', 'Component': 'CBS', 'Content': 'Read out cached package applicability for package: Package_for_KB3019978~31bf3856ad364e35~amd64~~6.1.1.2, ApplicableState: 80, CurrentState:0', 'EventId': 'E29', 'EventTemplate': 'Read out cached package applicability for package: <*>, ApplicableState: <*>, CurrentState:<*>'}
- Suspicion score: 6
- Why it is suspicious: The CurrentState is 0 while ApplicableState is 80, indicating a potential rollback or failure to apply an update.
- Explanation: This log shows a package that should be applicable but is currently not applied, which could indicate an issue or tampering with updates.

2.
- Full log entry: {'Date': '2016-09-29', 'Time': '02:03:59', 'Level': 'Info', 'Component': 'CBS', 'Content': 'Read out cached package applicability for package: Package_for_KB2789645~31bf3856ad364e35~amd64~~6.1.1.0, ApplicableState: 80, CurrentState:112', 'EventId': 'E29', 'EventTemplate': 'Read out cached package applicability for package: <*>, ApplicableState: <*>, CurrentState:<*>'}
- Suspicion score: 5
- Why it is suspicious: The CurrentState (112) is higher than ApplicableState (80), which is unusual and may indicate an inconsistent update state.
- Explanation: This log shows a package with a CurrentState that does not align with the expected ApplicableState, possibly indicating update corruption or manipulation.

3.
- Full log entry: {'Date': '2016-09-29', 'Time': '02:03:57', 'Level': 'Info', 'Component': 'CBS', 'Content': 'Session: 30546354_2950240925 initialized by client WindowsUpdateAgent.', 'EventId': 'E36', 'EventTemplate': 'Session: <*>_<*> initialized by client WindowsUpdateAgent.'}
- Suspicion score: 3
- Why it is suspicious: Multiple sessions initialized in a short time frame could indicate automated or scripted activity.
- Explanation: Frequent session initializations by WindowsUpdateAgent might be normal but could also suggest abnormal update behavior or scanning.

4.
- Full log entry: {'Date': '2016-09-29', 'Time': '02:03:57', 'Level': 'Info', 'Component': 'CBS', 'Content': 'Session: 30546354_2937600202 initialized by client WindowsUpdateAgent.', 'EventId': 'E36', 'EventTemplate': 'Session: <*>_<*> initialized by client WindowsUpdateAgent.'}
- Suspicion score: 3
- Why it is suspicious: Similar to above, multiple sessions in quick succession.
- Explanation: This could be normal update activity but warrants attention if excessive.

5.
- Full log entry: {'Date': '2016-09-29', 'Time': '02:03:57', 'Level': 'Info', 'Component': 'CBS', 'Content': 'Read out cached package applicability for package: Package_for_KB3147071~31bf3856ad364e35~amd64~~6.1.1.1, ApplicableState: 112, CurrentState:112', 'EventId': 'E29', 'EventTemplate': 'Read out cached package applicability for package: <*>, ApplicableState: <*>, CurrentState:<*>'}
- Suspicion score: 2
- Why it is suspicious: States match, but included for completeness.
- Explanation: This log appears normal but is included as less suspicious compared to others."
chunk78.csv,"Top 5 most suspicious logs:

1.
- Full log entry: {'Date': '2016-09-29', 'Time': '02:03:59', 'Level': 'Info', 'Component': 'CBS', 'Content': 'Read out cached package applicability for package: Package_for_KB2607047~31bf3856ad364e35~amd64~~6.1.1.1, ApplicableState: 0, CurrentState:0', 'EventId': 'E29', 'EventTemplate': 'Read out cached package applicability for package: <*>, ApplicableState: <*>, CurrentState:<*>'}
- Suspicion score: 4
- Why suspicious: The ApplicableState and CurrentState are both 0, which may indicate the package is not applicable or not installed, unusual if this package is expected to be applied.
- Explanation: This log shows a package with no applicability or installation state, which could indicate a failed or incomplete update.

2.
- Full log entry: {'Date': '2016-09-29', 'Time': '02:03:59', 'Level': 'Info', 'Component': 'CBS', 'Content': 'Session: 30546354_2953481110 initialized by client WindowsUpdateAgent.', 'EventId': 'E36', 'EventTemplate': 'Session: <*>_<*> initialized by client WindowsUpdateAgent.'}
- Suspicion score: 2
- Why suspicious: Multiple sessions initialized in a short time frame could indicate abnormal update activity or automated scripts.
- Explanation: Frequent session initializations by WindowsUpdateAgent might be normal but could also indicate repetitive or automated update attempts.

3.
- Full log entry: {'Date': '2016-09-29', 'Time': '02:03:59', 'Level': 'Info', 'Component': 'CBS', 'Content': 'Session: 30546354_2955011197 initialized by client WindowsUpdateAgent.', 'EventId': 'E36', 'EventTemplate': 'Session: <*>_<*> initialized by client WindowsUpdateAgent.'}
- Suspicion score: 2
- Why suspicious: Same as above, multiple sessions in a short time.
- Explanation: Similar to the previous log, multiple session initializations could be benign or suspicious depending on context.

4.
- Full log entry: {'Date': '2016-09-29', 'Time': '02:03:59', 'Level': 'Info', 'Component': 'CBS', 'Content': 'Session: 30546354_2955431222 initialized by client WindowsUpdateAgent.', 'EventId': 'E36', 'EventTemplate': 'Session: <*>_<*> initialized by client WindowsUpdateAgent.'}
- Suspicion score: 2
- Why suspicious: Same reasoning as above.
- Explanation: Multiple sessions initialized rapidly may indicate unusual update behavior.

5.
- Full log entry: {'Date': '2016-09-29', 'Time': '02:03:59', 'Level': 'Info', 'Component': 'CBS', 'Content': 'Session: 30546354_2956421278 initialized by client WindowsUpdateAgent.', 'EventId': 'E36', 'EventTemplate': 'Session: <*>_<*> initialized by client WindowsUpdateAgent.'}
- Suspicion score: 2
- Why suspicious: Same as above.
- Explanation: Rapid session initializations could be normal but warrant monitoring for abnormal patterns.

Summary: The logs mostly show normal Windows Update Agent activity. The only slightly suspicious log is the one with package applicability states at zero, which might indicate an issue with that update package. The rest are routine session initializations but are noted due to their frequency."
chunk79.csv,"Top 5 most suspicious logs:

1.
- Full log entry: {'Date': '2016-09-29', 'Time': '02:04:00', 'Level': 'Info', 'Component': 'CBS', 'Content': 'Read out cached package applicability for package: Package_for_KB3184471~31bf3856ad364e35~amd64~~6.1.1.1, ApplicableState: 0, CurrentState:0', 'EventId': 'E29', 'EventTemplate': 'Read out cached package applicability for package: <*>, ApplicableState: <*>, CurrentState:<*>'}
- Suspicion score: 6/10
- Why it is suspicious: The ApplicableState and CurrentState are both 0, which differs from other logs where these states are 112. This could indicate a package that is not applicable or failed to apply, potentially signaling an issue or tampering.
- Explanation: This log shows a package with no applicability or current state, which is unusual compared to other package logs and may warrant further investigation.

2.
- Full log entry: {'Date': '2016-09-29', 'Time': '02:04:00', 'Level': 'Info', 'Component': 'CBS', 'Content': 'Session: 30546354_2965511798 initialized by client WindowsUpdateAgent.', 'EventId': 'E36', 'EventTemplate': 'Session: <*>_<*> initialized by client WindowsUpdateAgent.'}
- Suspicion score: 3/10
- Why it is suspicious: Multiple sessions initialized in a short time frame could indicate automated or scripted activity, which might be benign but could also be suspicious if unexpected.
- Explanation: Frequent session initializations by WindowsUpdateAgent may be normal but could also indicate abnormal update activity.

3.
- Full log entry: {'Date': '2016-09-29', 'Time': '02:04:00', 'Level': 'Info', 'Component': 'CBS', 'Content': 'Session: 30546354_2961511569 initialized by client WindowsUpdateAgent.', 'EventId': 'E36', 'EventTemplate': 'Session: <*>_<*> initialized by client WindowsUpdateAgent.'}
- Suspicion score: 3/10
- Why it is suspicious: Same reasoning as above; multiple sessions in a short time.
- Explanation: Repeated session initializations could be normal but should be monitored.

4.
- Full log entry: {'Date': '2016-09-29', 'Time': '02:04:00', 'Level': 'Info', 'Component': 'CBS', 'Content': 'Session: 30546354_2960071487 initialized by client WindowsUpdateAgent.', 'EventId': 'E36', 'EventTemplate': 'Session: <*>_<*> initialized by client WindowsUpdateAgent.'}
- Suspicion score: 3/10
- Why it is suspicious: Same as above.
- Explanation: Multiple sessions in a short time may be normal but could indicate scripted activity.

5.
- Full log entry: {'Date': '2016-09-29', 'Time': '02:04:00', 'Level': 'Info', 'Component': 'CBS', 'Content': 'Session: 30546354_2959511455 initialized by client WindowsUpdateAgent.', 'EventId': 'E36', 'EventTemplate': 'Session: <*>_<*> initialized by client WindowsUpdateAgent.'}
- Suspicion score: 3/10
- Why it is suspicious: Same as above.
- Explanation: Frequent session initializations could be benign or suspicious depending on context.

Summary: The only notably suspicious log is the one with ApplicableState and CurrentState set to 0, which deviates from the norm. The rest are routine Windows Update Agent session initializations, which are low suspicion but worth monitoring if frequency is abnormal."
chunk80.csv,"Top 5 most suspicious logs ranked by suspiciousness:

1.
- Full log entry: {'Date': '2016-09-29', 'Time': '02:04:00', 'Level': 'Info', 'Component': 'CBS', 'Content': 'Read out cached package applicability for package: Package_for_KB2716513~31bf3856ad364e35~amd64~~6.1.1.0, ApplicableState: 80, CurrentState:0', 'EventId': 'E29', 'EventTemplate': 'Read out cached package applicability for package: <*>, ApplicableState: <*>, CurrentState:<*>'}
- Suspicion score: 6/10
- Why suspicious: The ApplicableState is 80 but CurrentState is 0, indicating a package that is applicable but not installed or recognized as installed.
- Explanation: This could indicate a failed or incomplete update installation, which might be exploited or indicative of system instability.

2.
- Full log entry: {'Date': '2016-09-29', 'Time': '02:04:00', 'Level': 'Info', 'Component': 'CBS', 'Content': 'Read out cached package applicability for package: Package_for_KB2489256~31bf3856ad364e35~amd64~~6.1.1.1, ApplicableState: 80, CurrentState:0', 'EventId': 'E29', 'EventTemplate': 'Read out cached package applicability for package: <*>, ApplicableState: <*>, CurrentState:<*>'}
- Suspicion score: 6/10
- Why suspicious: Same pattern as above, applicable but not installed (ApplicableState 80, CurrentState 0).
- Explanation: This may indicate a missing or failed update, which could leave the system vulnerable.

3.
- Full log entry: {'Date': '2016-09-29', 'Time': '02:04:00', 'Level': 'Info', 'Component': 'CBS', 'Content': 'Read out cached package applicability for package: Package_for_KB3138962~31bf3856ad364e35~amd64~~6.1.1.0, ApplicableState: 80, CurrentState:112', 'EventId': 'E29', 'EventTemplate': 'Read out cached package applicability for package: <*>, ApplicableState: <*>, CurrentState:<*>'}
- Suspicion score: 5/10
- Why suspicious: ApplicableState is 80 but CurrentState is 112, which is inconsistent and may indicate a state mismatch.
- Explanation: This inconsistency could be a sign of update corruption or tampering.

4.
- Full log entry: {'Date': '2016-09-29', 'Time': '02:04:00', 'Level': 'Info', 'Component': 'CBS', 'Content': 'Session: 30546354_2965591803 initialized by client WindowsUpdateAgent.', 'EventId': 'E36', 'EventTemplate': 'Session: <*>_<*> initialized by client WindowsUpdateAgent.'}
- Suspicion score: 3/10
- Why suspicious: Multiple sessions initialized in a short time frame could indicate automated or scripted update activity.
- Explanation: While normal for updates, rapid session initialization could be abused by malware mimicking update processes.

5.
- Full log entry: {'Date': '2016-09-29', 'Time': '02:04:00', 'Level': 'Info', 'Component': 'CBS', 'Content': 'Session: 30546354_2966751869 initialized by client WindowsUpdateAgent.', 'EventId': 'E36', 'EventTemplate': 'Session: <*>_<*> initialized by client WindowsUpdateAgent.'}
- Suspicion score: 3/10
- Why suspicious: Same as above, multiple sessions in quick succession.
- Explanation: Could be benign but worth monitoring for unusual update agent behavior.

Summary: The most suspicious logs relate to packages with ApplicableState 80 but CurrentState 0 or inconsistent states, which may indicate failed or incomplete updates, potentially exploitable or signs of system issues. The session initialization logs are less suspicious but noted due to frequency."
chunk81.csv,"Top 5 most suspicious logs:

1.
- Full log entry: {'Date': '2016-09-29', 'Time': '02:04:01', 'Level': 'Info', 'Component': 'CBS', 'Content': 'Session: 30546354_2971152121 initialized by client WindowsUpdateAgent.', 'EventId': 'E36', 'EventTemplate': 'Session: <*>_<*> initialized by client WindowsUpdateAgent.'}
- Suspicion score: 3
- Why suspicious: Multiple sessions initialized in a very short time frame could indicate automated or scripted activity.
- Explanation: The log shows a session initialization by WindowsUpdateAgent, but the rapid succession of many such sessions may be unusual.

2.
- Full log entry: {'Date': '2016-09-29', 'Time': '02:04:01', 'Level': 'Info', 'Component': 'CBS', 'Content': 'Session: 30546354_2970472082 initialized by client WindowsUpdateAgent.', 'EventId': 'E36', 'EventTemplate': 'Session: <*>_<*> initialized by client WindowsUpdateAgent.'}
- Suspicion score: 3
- Why suspicious: Same as above, rapid session initializations.
- Explanation: Another session initialized by WindowsUpdateAgent within the same second, which may be normal but could also indicate scripted behavior.

3.
- Full log entry: {'Date': '2016-09-29', 'Time': '02:04:01', 'Level': 'Info', 'Component': 'CBS', 'Content': 'Session: 30546354_2968971996 initialized by client WindowsUpdateAgent.', 'EventId': 'E36', 'EventTemplate': 'Session: <*>_<*> initialized by client WindowsUpdateAgent.'}
- Suspicion score: 3
- Why suspicious: Same pattern of multiple session initializations.
- Explanation: Multiple sessions started in a short time, which might be normal for updates but could also be suspicious.

4.
- Full log entry: {'Date': '2016-09-29', 'Time': '02:04:01', 'Level': 'Info', 'Component': 'CBS', 'Content': 'Session: 30546354_2968771985 initialized by client WindowsUpdateAgent.', 'EventId': 'E36', 'EventTemplate': 'Session: <*>_<*> initialized by client WindowsUpdateAgent.'}
- Suspicion score: 3
- Why suspicious: Same as above.
- Explanation: Rapid session initializations could be a sign of automated activity.

5.
- Full log entry: {'Date': '2016-09-29', 'Time': '02:04:01', 'Level': 'Info', 'Component': 'CBS', 'Content': 'Session: 30546354_2968461967 initialized by client WindowsUpdateAgent.', 'EventId': 'E36', 'EventTemplate': 'Session: <*>_<*> initialized by client WindowsUpdateAgent.'}
- Suspicion score: 3
- Why suspicious: Same pattern.
- Explanation: Multiple sessions initialized in a short time frame.

Summary: All logs are informational and related to Windows Update Agent sessions and package applicability checks. No explicit errors or warnings are present. The only potentially suspicious aspect is the rapid initialization of multiple sessions within the same second, which could be normal update behavior or scripted activity. No high suspicion logs found."
chunk82.csv,"Top 5 most suspicious logs:

1.
- Full log entry: {'Date': '2016-09-29', 'Time': '02:04:01', 'Level': 'Info', 'Component': 'CBS', 'Content': 'Read out cached package applicability for package: Package_for_KB3020369~31bf3856ad364e35~amd64~~6.1.1.1, ApplicableState: 80, CurrentState:112', 'EventId': 'E29', 'EventTemplate': 'Read out cached package applicability for package: <*>, ApplicableState: <*>, CurrentState:<*>'}
- Suspicion score: 4
- Why suspicious: The ApplicableState (80) differs from the CurrentState (112), which may indicate a package state inconsistency.
- Explanation: The package's applicability state does not match its current state, which could suggest an issue with the update or patch application.

2.
- Full log entry: {'Date': '2016-09-29', 'Time': '02:04:01', 'Level': 'Info', 'Component': 'CBS', 'Content': 'Read out cached package applicability for package: Package_for_KB3168965~31bf3856ad364e35~amd64~~6.1.1.2, ApplicableState: 80, CurrentState:112', 'EventId': 'E29', 'EventTemplate': 'Read out cached package applicability for package: <*>, ApplicableState: <*>, CurrentState:<*>'}
- Suspicion score: 4
- Why suspicious: Same as above, ApplicableState (80) differs from CurrentState (112).
- Explanation: Another package with mismatched applicability and current states, which might indicate update issues.

3.
- Full log entry: {'Date': '2016-09-29', 'Time': '02:04:01', 'Level': 'Info', 'Component': 'CBS', 'Content': 'Session: 30546354_2972312187 initialized by client WindowsUpdateAgent.', 'EventId': 'E36', 'EventTemplate': 'Session: <*>_<*> initialized by client WindowsUpdateAgent.'}
- Suspicion score: 2
- Why suspicious: Multiple sessions initialized in a short time frame could indicate abnormal update activity.
- Explanation: Frequent session initializations by WindowsUpdateAgent might be normal but could also suggest automated or repeated update attempts.

4.
- Full log entry: {'Date': '2016-09-29', 'Time': '02:04:01', 'Level': 'Info', 'Component': 'CBS', 'Content': 'Session: 30546354_2973852275 initialized by client WindowsUpdateAgent.', 'EventId': 'E36', 'EventTemplate': 'Session: <*>_<*> initialized by client WindowsUpdateAgent.'}
- Suspicion score: 2
- Why suspicious: Same as above, multiple sessions in a short time.
- Explanation: Similar to the previous log, frequent session starts could be benign or suspicious depending on context.

5.
- Full log entry: {'Date': '2016-09-29', 'Time': '02:04:01', 'Level': 'Info', 'Component': 'CBS', 'Content': 'Read out cached package applicability for package: Package_for_KB2943357~31bf3856ad364e35~amd64~~6.1.1.3, ApplicableState: 112, CurrentState:112', 'EventId': 'E29', 'EventTemplate': 'Read out cached package applicability for package: <*>, ApplicableState: <*>, CurrentState:<*>'}
- Suspicion score: 1
- Why suspicious: Both states match, indicating normal behavior.
- Explanation: This log is mostly informational and shows no immediate signs of suspicious activity but included for completeness.

Summary: No highly suspicious logs found; the main points of interest are mismatched package states and multiple session initializations by WindowsUpdateAgent."
chunk83.csv,"Top 5 most suspicious logs:

1.
- Full log entry: {'Date': '2016-09-29', 'Time': '02:04:02', 'Level': 'Info', 'Component': 'CBS', 'Content': 'Read out cached package applicability for package: Package_for_KB3075220~31bf3856ad364e35~amd64~~6.1.1.0, ApplicableState: 80, CurrentState:0', 'EventId': 'E29', 'EventTemplate': 'Read out cached package applicability for package: <*>, ApplicableState: <*>, CurrentState:<*>'}
- Suspicion score: 7
- Why it is suspicious: The ApplicableState is 80 but the CurrentState is 0, indicating a package that is applicable but not installed or recognized as installed.
- Explanation: This log shows a package that should be applied but currently is not, which could indicate a failed or incomplete update, potentially exploitable.

2.
- Full log entry: {'Date': '2016-09-29', 'Time': '02:04:02', 'Level': 'Info', 'Component': 'CBS', 'Content': 'Read out cached package applicability for package: Package_for_KB3080446~31bf3856ad364e35~amd64~~6.1.1.2, ApplicableState: 80, CurrentState:112', 'EventId': 'E29', 'EventTemplate': 'Read out cached package applicability for package: <*>, ApplicableState: <*>, CurrentState:<*>'}
- Suspicion score: 6
- Why it is suspicious: The ApplicableState is 80 but CurrentState is 112, which is an unusual mismatch suggesting a state inconsistency.
- Explanation: The package states do not align as expected, which might indicate tampering or corruption in update status.

3.
- Full log entry: {'Date': '2016-09-29', 'Time': '02:04:02', 'Level': 'Info', 'Component': 'CBS', 'Content': 'Read out cached package applicability for package: Package_for_KB2515325~31bf3856ad364e35~amd64~~6.1.1.0, ApplicableState: 80, CurrentState:112', 'EventId': 'E29', 'EventTemplate': 'Read out cached package applicability for package: <*>, ApplicableState: <*>, CurrentState:<*>'}
- Suspicion score: 6
- Why it is suspicious: Similar to above, ApplicableState 80 with CurrentState 112 indicates a mismatch.
- Explanation: This inconsistency could point to update issues or manipulation.

4.
- Full log entry: {'Date': '2016-09-29', 'Time': '02:04:01', 'Level': 'Info', 'Component': 'CBS', 'Content': 'Read out cached package applicability for package: Package_for_KB2763523~31bf3856ad364e35~amd64~~6.1.1.1, ApplicableState: 112, CurrentState:112', 'EventId': 'E29', 'EventTemplate': 'Read out cached package applicability for package: <*>, ApplicableState: <*>, CurrentState:<*>'}
- Suspicion score: 3
- Why it is suspicious: Both states match at 112, which is normal, but included for comparison.
- Explanation: This is a normal log entry showing a package fully applied.

5.
- Full log entry: {'Date': '2016-09-29', 'Time': '02:04:02', 'Level': 'Info', 'Component': 'CBS', 'Content': 'Read out cached package applicability for package: Package_for_KB2813347~31bf3856ad364e35~amd64~~6.1.1.0, ApplicableState: 112, CurrentState:112', 'EventId': 'E29', 'EventTemplate': 'Read out cached package applicability for package: <*>, ApplicableState: <*>, CurrentState:<*>'}
- Suspicion score: 3
- Why it is suspicious: Both states match at 112, indicating no issue.
- Explanation: This is a normal update status log.

Summary: The most suspicious logs are those with mismatched ApplicableState and CurrentState values, which could indicate failed updates or tampering. The rest appear normal."
chunk84.csv,"Top 5 most suspicious logs ranked by suspiciousness:

1.
- Full log entry: {'Date': '2016-09-29', 'Time': '02:04:03', 'Level': 'Info', 'Component': 'CBS', 'Content': 'Read out cached package applicability for package: Microsoft-Hyper-V-Integration-Services-Package~31bf3856ad364e35~amd64~~6.3.9600.17681, ApplicableState: 112, CurrentState:0', 'EventId': 'E29', 'EventTemplate': 'Read out cached package applicability for package: <*>, ApplicableState: <*>, CurrentState:<*>'}
- Suspicion score: 8/10
- Why it is suspicious: The ApplicableState is 112 but the CurrentState is 0, indicating a mismatch or failure in package state which could suggest tampering or incomplete installation.
- Explanation: This log shows a package with a high applicable state but zero current state, which is unusual and may indicate an issue or manipulation.

2.
- Full log entry: {'Date': '2016-09-29', 'Time': '02:04:02', 'Level': 'Info', 'Component': 'CBS', 'Content': 'Read out cached package applicability for package: Package_for_KB2957189~31bf3856ad364e35~amd64~~6.1.1.1, ApplicableState: 80, CurrentState:112', 'EventId': 'E29', 'EventTemplate': 'Read out cached package applicability for package: <*>, ApplicableState: <*>, CurrentState:<*>'}
- Suspicion score: 5/10
- Why it is suspicious: The ApplicableState (80) is lower than the CurrentState (112), which is an unusual state progression.
- Explanation: The package states do not align as expected, which could indicate an inconsistency or error in package management.

3.
- Full log entry: {'Date': '2016-09-29', 'Time': '02:04:02', 'Level': 'Info', 'Component': 'CBS', 'Content': 'Read out cached package applicability for package: Package_for_KB2718704~31bf3856ad364e35~amd64~~6.1.1.0, ApplicableState: 80, CurrentState:112', 'EventId': 'E29', 'EventTemplate': 'Read out cached package applicability for package: <*>, ApplicableState: <*>, CurrentState:<*>'}
- Suspicion score: 5/10
- Why it is suspicious: Same as above, ApplicableState lower than CurrentState.
- Explanation: Similar inconsistency in package state values that may warrant further investigation.

4.
- Full log entry: {'Date': '2016-09-29', 'Time': '02:04:02', 'Level': 'Info', 'Component': 'CBS', 'Content': 'Read out cached package applicability for package: Package_for_KB2479943~31bf3856ad364e35~amd64~~6.1.1.0, ApplicableState: 112, CurrentState:112', 'EventId': 'E29', 'EventTemplate': 'Read out cached package applicability for package: <*>, ApplicableState: <*>, CurrentState:<*>'}
- Suspicion score: 3/10
- Why it is suspicious: Both states are equal and high, which is normal but worth noting for completeness.
- Explanation: This log shows a package fully applied and current, typical but included for context.

5.
- Full log entry: {'Date': '2016-09-29', 'Time': '02:04:02', 'Level': 'Info', 'Component': 'CBS', 'Content': 'Read out cached package applicability for package: Package_for_KB3138612~31bf3856ad364e35~amd64~~6.1.1.1, ApplicableState: 112, CurrentState:112', 'EventId': 'E29', 'EventTemplate': 'Read out cached package applicability for package: <*>, ApplicableState: <*>, CurrentState:<*>'}
- Suspicion score: 3/10
- Why it is suspicious: Same as above, normal state but included for completeness.
- Explanation: Package states are consistent and fully applied, typical log entry.

Summary: The most suspicious log is the one with a mismatch between ApplicableState and CurrentState (112 vs 0) for the Hyper-V Integration Services package, which could indicate a problem or tampering. Other logs show minor inconsistencies or normal states."
chunk85.csv,"After analyzing the provided logs, all entries are informational messages related to the Component-Based Servicing (CBS) and Windows Update Agent activities. They show cached package applicability checks and session initializations by the WindowsUpdateAgent. There are no error, warning, or failure messages, no unusual components, no suspicious IPs or user accounts, and no signs of known attack patterns.

However, to fulfill the task, I will rank the logs by suspiciousness based on any subtle anomalies or potential concerns such as:

- Repeated session initializations in a very short time frame (could indicate automated or scripted activity).
- Package applicability states (though all are 112, which is normal).
- Any unusual package names or versions (none appear unusual).

Given all logs are very similar and normal, the suspicion scores will be low but I will still provide the top 5 most ""suspicious"" (least normal) logs based on session initialization frequency and timing.

---

### Top 5 Most Suspicious Logs

1. **Log Entry:**
   ```
   {'Date': '2016-09-29', 'Time': '02:04:05', 'Level': 'Info', 'Component': 'CBS', 'Content': 'Session: 30546354_3008284245 initialized by client WindowsUpdateAgent.', 'EventId': 'E36', 'EventTemplate': 'Session: <*>_<*> initialized by client WindowsUpdateAgent.'}
   ```
   - **Suspicion Score:** 3/10
   - **Why Suspicious:** Session initialization at 02:04:05 immediately after multiple other sessions within the same second.
   - **Explanation:** Multiple sessions initialized in rapid succession could indicate automated update checks or scripted activity, which is unusual but not necessarily malicious.

2. **Log Entry:**
   ```
   {'Date': '2016-09-29', 'Time': '02:04:04', 'Level': 'Info', 'Component': 'CBS', 'Content': 'Session: 30546354_3007214183 initialized by client WindowsUpdateAgent.', 'EventId': 'E36', 'EventTemplate': 'Session: <*>_<*> initialized by client WindowsUpdateAgent.'}
   ```
   - **Suspicion Score:** 3/10
   - **Why Suspicious:** Another session initialization within the same second as others.
   - **Explanation:** High frequency of session starts could be a sign of abnormal update agent behavior or a misconfiguration.

3. **Log Entry:**
   ```
   {'Date': '2016-09-29', 'Time': '02:04:04', 'Level': 'Info', 'Component': 'CBS', 'Content': 'Session: 30546354_3007094176 initialized by client WindowsUpdateAgent.', 'EventId': 'E36', 'EventTemplate': 'Session: <*>_<*> initialized by client WindowsUpdateAgent.'}
   ```
   - **Suspicion Score:** 3/10
   - **Why Suspicious:** Same as above, rapid session initialization.
   - **Explanation:** Multiple sessions in a short time frame may warrant monitoring for unusual update activity.

4. **Log Entry:**
   ```
   {'Date': '2016-09-29', 'Time': '02:04:04', 'Level': 'Info', 'Component': 'CBS', 'Content': 'Session: 30546354_3005294074 initialized by client WindowsUpdateAgent.', 'EventId': 'E36', 'EventTemplate': 'Session: <*>_<*> initialized by client WindowsUpdateAgent.'}
   ```
   - **Suspicion Score:** 2/10
   - **Why Suspicious:** Part of the rapid session initialization pattern.
   - **Explanation:** While likely normal, the frequency is slightly unusual.

5. **Log Entry:**
   ```
   {'Date': '2016-09-29', 'Time': '02:04:04', 'Level': 'Info', 'Component': 'CBS', 'Content': 'Session: 30546354_2999883764 initialized by client WindowsUpdateAgent.', 'EventId': 'E36', 'EventTemplate': 'Session: <*>_<*> initialized by client WindowsUpdateAgent.'}
   ```
   - **Suspicion Score:** 2/10
   - **Why Suspicious:** First session initialization in the rapid sequence.
   - **Explanation:** Could be normal Windows Update behavior but worth noting due to frequency.

---

### Summary

All logs appear normal and related to Windows Update operations. The only minor point of interest is the rapid succession of session initializations by WindowsUpdateAgent, which could be benign or indicate a misconfiguration or scripted update activity. No clear signs of compromise or malicious activity are present."
chunk86.csv,"Top 5 most suspicious logs:

1.
- Full log entry: {'Date': '2016-09-29', 'Time': '02:04:08', 'Level': 'Info', 'Component': 'CBS', 'Content': 'Read out cached package applicability for package: Package_for_KB2798162~31bf3856ad364e35~amd64~~6.1.1.5, ApplicableState: 80, CurrentState:112', 'EventId': 'E29', 'EventTemplate': 'Read out cached package applicability for package: <*>, ApplicableState: <*>, CurrentState:<*>'}
- Suspicion score: 6/10
- Why it is suspicious: The ApplicableState (80) differs from the CurrentState (112), unlike other logs where both states are equal.
- Explanation: A mismatch between ApplicableState and CurrentState may indicate an inconsistency or potential issue in package applicability, which could be a sign of tampering or failed update.

2.
- Full log entry: {'Date': '2016-09-29', 'Time': '02:04:07', 'Level': 'Info', 'Component': 'CBS', 'Content': 'Read out cached package applicability for package: Package_for_KB2547666~31bf3856ad364e35~amd64~~6.1.1.0, ApplicableState: 112, CurrentState:112', 'EventId': 'E29', 'EventTemplate': 'Read out cached package applicability for package: <*>, ApplicableState: <*>, CurrentState:<*>'}
- Suspicion score: 3/10
- Why it is suspicious: None specifically suspicious, but included due to being a package applicability read.
- Explanation: This log shows normal package applicability states, typical for Windows Update operations.

3.
- Full log entry: {'Date': '2016-09-29', 'Time': '02:04:08', 'Level': 'Info', 'Component': 'CBS', 'Content': 'Session: 30546354_3041116122 initialized by client WindowsUpdateAgent.', 'EventId': 'E36', 'EventTemplate': 'Session: <*>_<*> initialized by client WindowsUpdateAgent.'}
- Suspicion score: 2/10
- Why it is suspicious: None suspicious, standard session initialization.
- Explanation: This is a normal log entry indicating a Windows Update session started.

4.
- Full log entry: {'Date': '2016-09-29', 'Time': '02:04:08', 'Level': 'Info', 'Component': 'CBS', 'Content': 'Session: 30546354_3044096293 initialized by client WindowsUpdateAgent.', 'EventId': 'E36', 'EventTemplate': 'Session: <*>_<*> initialized by client WindowsUpdateAgent.'}
- Suspicion score: 2/10
- Why it is suspicious: None suspicious, standard session initialization.
- Explanation: Another normal Windows Update session start log.

5.
- Full log entry: {'Date': '2016-09-29', 'Time': '02:04:07', 'Level': 'Info', 'Component': 'CBS', 'Content': 'Session: 30546354_3037265902 initialized by client WindowsUpdateAgent.', 'EventId': 'E36', 'EventTemplate': 'Session: <*>_<*> initialized by client WindowsUpdateAgent.'}
- Suspicion score: 2/10
- Why it is suspicious: None suspicious, standard session initialization.
- Explanation: Normal log entry for Windows Update session initialization.

Summary: Only one log shows a notable inconsistency (ApplicableState vs CurrentState mismatch), which is mildly suspicious. The rest are routine Windows Update logs with no clear signs of malicious activity."
chunk87.csv,"Top 5 most suspicious logs:

1.
- Full log entry: {'Date': '2016-09-29', 'Time': '02:04:08', 'Level': 'Info', 'Component': 'CBS', 'Content': 'Read out cached package applicability for package: Package_for_KB2585542~31bf3856ad364e35~amd64~~6.1.1.3, ApplicableState: 80, CurrentState:112', 'EventId': 'E29', 'EventTemplate': 'Read out cached package applicability for package: <*>, ApplicableState: <*>, CurrentState:<*>'}
- Suspicion score: 6/10
- Why it is suspicious: The ApplicableState (80) differs from the CurrentState (112), indicating a potential inconsistency or issue with the package state.
- Explanation: This log shows a mismatch between the expected and current state of a package, which could indicate a failed or incomplete update or tampering.

2.
- Full log entry: {'Date': '2016-09-29', 'Time': '02:04:08', 'Level': 'Info', 'Component': 'CBS', 'Content': 'Session: 30546354_3048226529 initialized by client WindowsUpdateAgent.', 'EventId': 'E36', 'EventTemplate': 'Session: <*>_<*> initialized by client WindowsUpdateAgent.'}
- Suspicion score: 3/10
- Why it is suspicious: Multiple sessions initialized in a short time frame could indicate automated or scripted activity.
- Explanation: Frequent session initializations by WindowsUpdateAgent might be normal but could also suggest abnormal update behavior or automated scripts.

3.
- Full log entry: {'Date': '2016-09-29', 'Time': '02:04:08', 'Level': 'Info', 'Component': 'CBS', 'Content': 'Session: 30546354_3047216471 initialized by client WindowsUpdateAgent.', 'EventId': 'E36', 'EventTemplate': 'Session: <*>_<*> initialized by client WindowsUpdateAgent.'}
- Suspicion score: 3/10
- Why it is suspicious: Same as above, multiple session initializations in a short time.
- Explanation: Could be normal update activity or scripted behavior.

4.
- Full log entry: {'Date': '2016-09-29', 'Time': '02:04:08', 'Level': 'Info', 'Component': 'CBS', 'Content': 'Session: 30546354_3047006459 initialized by client WindowsUpdateAgent.', 'EventId': 'E36', 'EventTemplate': 'Session: <*>_<*> initialized by client WindowsUpdateAgent.'}
- Suspicion score: 3/10
- Why it is suspicious: Same reasoning as above.
- Explanation: Multiple session initializations could be benign or suspicious depending on context.

5.
- Full log entry: {'Date': '2016-09-29', 'Time': '02:04:08', 'Level': 'Info', 'Component': 'CBS', 'Content': 'Session: 30546354_3045146353 initialized by client WindowsUpdateAgent.', 'EventId': 'E36', 'EventTemplate': 'Session: <*>_<*> initialized by client WindowsUpdateAgent.'}
- Suspicion score: 3/10
- Why it is suspicious: Same as above.
- Explanation: Frequent session initializations may warrant further investigation.

Summary: The only notably suspicious log is the one with mismatched ApplicableState and CurrentState. The rest are routine WindowsUpdateAgent session initializations, which are low-level suspicious but could be normal."
chunk88.csv,"Top 5 most suspicious logs:

1.
- Full log entry: {'Date': '2016-09-29', 'Time': '02:04:10', 'Level': 'Info', 'Component': 'CBS', 'Content': 'Read out cached package applicability for package: Package_for_KB2836942~31bf3856ad364e35~amd64~~6.1.1.0, ApplicableState: 80, CurrentState:112', 'EventId': 'E29', 'EventTemplate': 'Read out cached package applicability for package: <*>, ApplicableState: <*>, CurrentState:<*>'}
- Suspicion score: 7/10
- Why it is suspicious: The ApplicableState (80) differs from the CurrentState (112), unlike other logs where both states are equal.
- Explanation: A mismatch between ApplicableState and CurrentState may indicate an issue or manipulation in package applicability, which could be a sign of tampering or incomplete updates.

2.
- Full log entry: {'Date': '2016-09-29', 'Time': '02:04:09', 'Level': 'Info', 'Component': 'CBS', 'Content': 'Session: 30546354_3049686613 initialized by client WindowsUpdateAgent.', 'EventId': 'E36', 'EventTemplate': 'Session: <*>_<*> initialized by client WindowsUpdateAgent.'}
- Suspicion score: 3/10
- Why it is suspicious: Multiple sessions initialized in a short time frame could indicate automated or scripted activity.
- Explanation: While WindowsUpdateAgent sessions are normal, a high frequency of session initializations might suggest abnormal update behavior or scanning.

3.
- Full log entry: {'Date': '2016-09-29', 'Time': '02:04:09', 'Level': 'Info', 'Component': 'CBS', 'Content': 'Session: 30546354_3050066634 initialized by client WindowsUpdateAgent.', 'EventId': 'E36', 'EventTemplate': 'Session: <*>_<*> initialized by client WindowsUpdateAgent.'}
- Suspicion score: 3/10
- Why it is suspicious: Same as above, multiple sessions in quick succession.
- Explanation: Could be normal but worth noting due to frequency.

4.
- Full log entry: {'Date': '2016-09-29', 'Time': '02:04:10', 'Level': 'Info', 'Component': 'CBS', 'Content': 'Session: 30546354_3058807134 initialized by client WindowsUpdateAgent.', 'EventId': 'E36', 'EventTemplate': 'Session: <*>_<*> initialized by client WindowsUpdateAgent.'}
- Suspicion score: 3/10
- Why it is suspicious: Same pattern of multiple session initializations.
- Explanation: Frequent session starts may indicate scripted or automated update checks.

5.
- Full log entry: {'Date': '2016-09-29', 'Time': '02:04:10', 'Level': 'Info', 'Component': 'CBS', 'Content': 'Session: 30546354_3061267275 initialized by client WindowsUpdateAgent.', 'EventId': 'E36', 'EventTemplate': 'Session: <*>_<*> initialized by client WindowsUpdateAgent.'}
- Suspicion score: 3/10
- Why it is suspicious: Same as above.
- Explanation: Multiple rapid session initializations could be benign but should be monitored for abnormal patterns.

Summary: The only notably suspicious log is the one with mismatched ApplicableState and CurrentState. The rest are routine Windows Update Agent sessions but are ranked lower due to frequency."
chunk89.csv,"Top 5 most suspicious logs:

1.
- Full log entry: {'Date': '2016-09-29', 'Time': '02:04:10', 'Level': 'Info', 'Component': 'CBS', 'Content': 'Read out cached package applicability for package: Package_for_KB3076895~31bf3856ad364e35~amd64~~6.1.1.1, ApplicableState: 80, CurrentState:112', 'EventId': 'E29', 'EventTemplate': 'Read out cached package applicability for package: <*>, ApplicableState: <*>, CurrentState:<*>'}
- Suspicion score: 6/10
- Why it is suspicious: The ApplicableState (80) differs from the CurrentState (112), unlike other logs where both states are equal.
- Explanation: A mismatch between ApplicableState and CurrentState may indicate an inconsistency or potential tampering in package applicability status.

2.
- Full log entry: {'Date': '2016-09-29', 'Time': '02:04:10', 'Level': 'Info', 'Component': 'CBS', 'Content': 'Session: 30546354_3063077379 initialized by client WindowsUpdateAgent.', 'EventId': 'E36', 'EventTemplate': 'Session: <*>_<*> initialized by client WindowsUpdateAgent.'}
- Suspicion score: 3/10
- Why it is suspicious: Multiple sessions are initialized in a very short time frame, which could indicate automated or scripted activity.
- Explanation: Rapid session initialization by WindowsUpdateAgent might be normal for updates but could also be a sign of abnormal or scripted behavior.

3.
- Full log entry: {'Date': '2016-09-29', 'Time': '02:04:10', 'Level': 'Info', 'Component': 'CBS', 'Content': 'Session: 30546354_3066077550 initialized by client WindowsUpdateAgent.', 'EventId': 'E36', 'EventTemplate': 'Session: <*>_<*> initialized by client WindowsUpdateAgent.'}
- Suspicion score: 3/10
- Why it is suspicious: Same as above, multiple sessions in quick succession.
- Explanation: Could be normal update behavior or scripted activity.

4.
- Full log entry: {'Date': '2016-09-29', 'Time': '02:04:10', 'Level': 'Info', 'Component': 'CBS', 'Content': 'Session: 30546354_3067097608 initialized by client WindowsUpdateAgent.', 'EventId': 'E36', 'EventTemplate': 'Session: <*>_<*> initialized by client WindowsUpdateAgent.'}
- Suspicion score: 3/10
- Why it is suspicious: Same reasoning as above.
- Explanation: Multiple rapid sessions may be benign or suspicious.

5.
- Full log entry: {'Date': '2016-09-29', 'Time': '02:04:10', 'Level': 'Info', 'Component': 'CBS', 'Content': 'Session: 30546354_3067367624 initialized by client WindowsUpdateAgent.', 'EventId': 'E36', 'EventTemplate': 'Session: <*>_<*> initialized by client WindowsUpdateAgent.'}
- Suspicion score: 3/10
- Why it is suspicious: Same as above.
- Explanation: Rapid session initialization could be normal or scripted.

Summary: The only notably suspicious log is the one with mismatched ApplicableState and CurrentState. The rest are routine Windows Update Agent session initializations, which are low-level suspicious but worth monitoring if frequency increases or other anomalies appear."
chunk90.csv,"Top 5 Most Suspicious Logs:

1.
- Full log entry: {'Date': '2016-09-29', 'Time': '02:04:11', 'Level': 'Info', 'Component': 'CBS', 'Content': 'Failed to internally open package. [HRESULT = 0x800f0805 - CBS_E_INVALID_PACKAGE]', 'EventId': 'E21', 'EventTemplate': 'Failed to internally open package. [HRESULT = <*> - CBS_E_INVALID_PACKAGE]'}
- Suspicion score: 8/10
- Why it is suspicious: The log indicates a failure to open a package due to an invalid package error, which could suggest corruption or tampering.
- Explanation: This error may indicate a problem with a Windows update package, potentially caused by corruption or malicious modification, which could affect system stability or security.

2.
- Full log entry: {'Date': '2016-09-29', 'Time': '02:04:11', 'Level': 'Info', 'Component': 'CBS', 'Content': 'Read out cached package applicability for package: Package_for_KB2809215~31bf3856ad364e35~amd64~~6.1.1.1, ApplicableState: 112, CurrentState:0', 'EventId': 'E29', 'EventTemplate': 'Read out cached package applicability for package: <*>, ApplicableState: <*>, CurrentState:<*>'}
- Suspicion score: 6/10
- Why it is suspicious: The ApplicableState is 112 but CurrentState is 0, indicating a mismatch that could suggest an update was flagged as applicable but not installed.
- Explanation: This discrepancy might indicate an update that failed to apply, which could leave the system vulnerable or indicate interference.

3.
- Full log entry: {'Date': '2016-09-29', 'Time': '02:04:11', 'Level': 'Info', 'Component': 'CBS', 'Content': 'Read out cached package applicability for package: Package_for_KB3150220~31bf3856ad364e35~amd64~~6.1.1.1, ApplicableState: 112, CurrentState:112', 'EventId': 'E29', 'EventTemplate': 'Read out cached package applicability for package: <*>, ApplicableState: <*>, CurrentState:<*>'}
- Suspicion score: 5/10
- Why it is suspicious: Both ApplicableState and CurrentState are 112, which is unusual compared to other logs showing 0 states; may indicate a special or problematic package.
- Explanation: This could be a legitimate update fully applied, but the unusual state values warrant attention to confirm no issues.

4.
- Full log entry: {'Date': '2016-09-29', 'Time': '02:04:11', 'Level': 'Info', 'Component': 'CBS', 'Content': 'Read out cached package applicability for package: Package_for_KB2809900~31bf3856ad364e35~amd64~~6.1.1.0, ApplicableState: 0, CurrentState:0', 'EventId': 'E29', 'EventTemplate': 'Read out cached package applicability for package: <*>, ApplicableState: <*>, CurrentState:<*>'}
- Suspicion score: 3/10
- Why it is suspicious: Both states are 0, which is normal, but the package is being read multiple times in a short period, which could indicate repeated attempts or scanning.
- Explanation: This is likely benign but repeated reads could be a sign of automated scanning or troubleshooting.

5.
- Full log entry: {'Date': '2016-09-29', 'Time': '02:04:11', 'Level': 'Info', 'Component': 'CBS', 'Content': 'Session: 30546354_3070457801 initialized by client WindowsUpdateAgent.', 'EventId': 'E36', 'EventTemplate': 'Session: <*>_<*> initialized by client WindowsUpdateAgent.'}
- Suspicion score: 2/10
- Why it is suspicious: Multiple sessions initialized by WindowsUpdateAgent in a short time could indicate abnormal update activity.
- Explanation: This is likely normal update behavior but frequent session initializations could be a sign of update issues or automated scripts.

Summary: The most suspicious log is the package open failure indicating a possible corrupted or tampered update package. Other logs show update state mismatches or repeated update sessions that may warrant further investigation."
chunk91.csv,"Top 5 most suspicious logs:

1.
- Full log entry: {'Date': '2016-09-29', 'Time': '02:04:21', 'Level': 'Info', 'Component': 'CBS', 'Content': 'Read out cached package applicability for package: Package_for_KB2868626~31bf3856ad364e35~amd64~~6.1.1.2, ApplicableState: 80, CurrentState:112', 'EventId': 'E29', 'EventTemplate': 'Read out cached package applicability for package: <*>, ApplicableState: <*>, CurrentState:<*>'}
- Suspicion score: 6/10
- Why it is suspicious: The ApplicableState (80) differs from the CurrentState (112), unlike other logs where both states are equal.
- Explanation: This discrepancy may indicate a package state inconsistency or potential tampering with update packages.

2.
- Full log entry: {'Date': '2016-09-29', 'Time': '02:04:20', 'Level': 'Info', 'Component': 'CBS', 'Content': 'Session: 30546354_3167883373 initialized by client WindowsUpdateAgent.', 'EventId': 'E36', 'EventTemplate': 'Session: <*>_<*> initialized by client WindowsUpdateAgent.'}
- Suspicion score: 3/10
- Why it is suspicious: The session ID has a high numeric value, which is unusual compared to other session IDs.
- Explanation: While not necessarily malicious, unusual session IDs could indicate abnormal update activity or automated scripts.

3.
- Full log entry: {'Date': '2016-09-29', 'Time': '02:04:21', 'Level': 'Info', 'Component': 'CBS', 'Content': 'Session: 30546354_3172813655 initialized by client WindowsUpdateAgent.', 'EventId': 'E36', 'EventTemplate': 'Session: <*>_<*> initialized by client WindowsUpdateAgent.'}
- Suspicion score: 3/10
- Why it is suspicious: Similar to above, the session ID is unusually high.
- Explanation: Could indicate automated or scripted update sessions, worth monitoring.

4.
- Full log entry: {'Date': '2016-09-29', 'Time': '02:04:11', 'Level': 'Info', 'Component': 'CBS', 'Content': 'Session: 30546354_3077138183 initialized by client WindowsUpdateAgent.', 'EventId': 'E36', 'EventTemplate': 'Session: <*>_<*> initialized by client WindowsUpdateAgent.'}
- Suspicion score: 2/10
- Why it is suspicious: Session ID is higher than earlier ones but less than the above two.
- Explanation: Slightly unusual session ID, low suspicion but noted.

5.
- Full log entry: {'Date': '2016-09-29', 'Time': '02:04:11', 'Level': 'Info', 'Component': 'CBS', 'Content': 'Session: 30546354_3074888054 initialized by client WindowsUpdateAgent.', 'EventId': 'E36', 'EventTemplate': 'Session: <*>_<*> initialized by client WindowsUpdateAgent.'}
- Suspicion score: 2/10
- Why it is suspicious: Session ID is somewhat higher than initial ones.
- Explanation: Minor anomaly in session ID, low suspicion.

Summary: Most logs are routine Windows Update Agent activities. The only notable anomaly is the mismatch in ApplicableState and CurrentState in one package log, which could warrant further investigation. The session ID anomalies are minor and likely benign but worth monitoring."
chunk92.csv,"Top 5 most suspicious logs ranked by suspiciousness:

1.
- Full log entry: {'Date': '2016-09-29', 'Time': '02:04:21', 'Level': 'Info', 'Component': 'CBS', 'Content': 'Read out cached package applicability for package: Package_for_KB947821~31bf3856ad364e35~amd64~~6.1.34.0, ApplicableState: 112, CurrentState:0', 'EventId': 'E29', 'EventTemplate': 'Read out cached package applicability for package: <*>, ApplicableState: <*>, CurrentState:<*>'}
- Suspicion score: 7/10
- Why it is suspicious: The CurrentState is 0 while ApplicableState is 112, indicating a mismatch or failure in package applicability or installation state.
- Explanation: This log shows a package that is applicable but currently not installed or recognized as installed, which could indicate an issue or tampering.

2.
- Full log entry: {'Date': '2016-09-29', 'Time': '02:04:21', 'Level': 'Info', 'Component': 'CBS', 'Content': 'Session: 30546354_3176413861 initialized by client WindowsUpdateAgent.', 'EventId': 'E36', 'EventTemplate': 'Session: <*>_<*> initialized by client WindowsUpdateAgent.'}
- Suspicion score: 3/10
- Why it is suspicious: Multiple sessions initialized in a short time frame could indicate automated or scripted activity.
- Explanation: Frequent session initializations by WindowsUpdateAgent might be normal but could also be a sign of abnormal update activity or scanning.

3.
- Full log entry: {'Date': '2016-09-29', 'Time': '02:04:21', 'Level': 'Info', 'Component': 'CBS', 'Content': 'Session: 30546354_3176343857 initialized by client WindowsUpdateAgent.', 'EventId': 'E36', 'EventTemplate': 'Session: <*>_<*> initialized by client WindowsUpdateAgent.'}
- Suspicion score: 3/10
- Why it is suspicious: Same as above, multiple session initializations in a short time.
- Explanation: Could be normal update behavior but worth noting for frequency.

4.
- Full log entry: {'Date': '2016-09-29', 'Time': '02:04:21', 'Level': 'Info', 'Component': 'CBS', 'Content': 'Session: 30546354_3175093786 initialized by client WindowsUpdateAgent.', 'EventId': 'E36', 'EventTemplate': 'Session: <*>_<*> initialized by client WindowsUpdateAgent.'}
- Suspicion score: 3/10
- Why it is suspicious: Same reasoning as above.
- Explanation: Multiple sessions could indicate scripted or automated update activity.

5.
- Full log entry: {'Date': '2016-09-29', 'Time': '02:04:21', 'Level': 'Info', 'Component': 'CBS', 'Content': 'Session: 30546354_3173453692 initialized by client WindowsUpdateAgent.', 'EventId': 'E36', 'EventTemplate': 'Session: <*>_<*> initialized by client WindowsUpdateAgent.'}
- Suspicion score: 3/10
- Why it is suspicious: Same as above.
- Explanation: Frequent session initializations may be normal but could also indicate abnormal activity.

Summary: The only notably suspicious log is the one with a CurrentState of 0 while ApplicableState is 112, which may indicate a problem or tampering with package installation. The rest are routine Windows Update Agent session initializations, which are low-level suspicious but worth monitoring for frequency or anomalies."
chunk93.csv,"Top 5 most suspicious logs:

1.
- Full log entry: {'Date': '2016-09-29', 'Time': '02:04:22', 'Level': 'Info', 'Component': 'CBS', 'Content': 'Read out cached package applicability for package: Package_for_KB3020387~31bf3856ad364e35~amd64~~6.1.1.2, ApplicableState: 80, CurrentState:0', 'EventId': 'E29', 'EventTemplate': 'Read out cached package applicability for package: <*>, ApplicableState: <*>, CurrentState:<*>'}
- Suspicion score: 6/10
- Why it is suspicious: The CurrentState is 0 while ApplicableState is 80, indicating a package that is applicable but not installed or active.
- Explanation: This log shows a package that should be applied but currently is not, which could indicate a failed or incomplete update, potentially exploitable.

2.
- Full log entry: {'Date': '2016-09-29', 'Time': '02:04:22', 'Level': 'Info', 'Component': 'CBS', 'Content': 'Session: 30546354_3181864173 initialized by client WindowsUpdateAgent.', 'EventId': 'E36', 'EventTemplate': 'Session: <*>_<*> initialized by client WindowsUpdateAgent.'}
- Suspicion score: 3/10
- Why it is suspicious: Multiple sessions initialized in a short time frame could indicate abnormal update activity or automated scripts.
- Explanation: Frequent session initializations by WindowsUpdateAgent might be normal but could also be a sign of automated or suspicious update behavior.

3.
- Full log entry: {'Date': '2016-09-29', 'Time': '02:04:22', 'Level': 'Info', 'Component': 'CBS', 'Content': 'Session: 30546354_3182094186 initialized by client WindowsUpdateAgent.', 'EventId': 'E36', 'EventTemplate': 'Session: <*>_<*> initialized by client WindowsUpdateAgent.'}
- Suspicion score: 3/10
- Why it is suspicious: Same as above, multiple sessions in quick succession.
- Explanation: Could be normal but worth monitoring for unusual update activity.

4.
- Full log entry: {'Date': '2016-09-29', 'Time': '02:04:22', 'Level': 'Info', 'Component': 'CBS', 'Content': 'Session: 30546354_3183124245 initialized by client WindowsUpdateAgent.', 'EventId': 'E36', 'EventTemplate': 'Session: <*>_<*> initialized by client WindowsUpdateAgent.'}
- Suspicion score: 3/10
- Why it is suspicious: Same reasoning as above.
- Explanation: Multiple sessions could indicate automated or suspicious behavior.

5.
- Full log entry: {'Date': '2016-09-29', 'Time': '02:04:22', 'Level': 'Info', 'Component': 'CBS', 'Content': 'Session: 30546354_3183554269 initialized by client WindowsUpdateAgent.', 'EventId': 'E36', 'EventTemplate': 'Session: <*>_<*> initialized by client WindowsUpdateAgent.'}
- Suspicion score: 3/10
- Why it is suspicious: Same as above.
- Explanation: Multiple session initializations in a short time frame may be normal but could also indicate suspicious activity.

Summary: The only notably suspicious log is the one with a package applicable but not installed (score 6). The rest are routine Windows Update sessions but are ranked due to frequency."
chunk94.csv,"Top 5 most suspicious logs:

1.
- Full log entry: {'Date': '2016-09-29', 'Time': '02:04:22', 'Level': 'Info', 'Component': 'CBS', 'Content': 'Read out cached package applicability for package: Package_for_KB2818604~31bf3856ad364e35~amd64~~6.1.1.0, ApplicableState: 112, CurrentState:0', 'EventId': 'E29', 'EventTemplate': 'Read out cached package applicability for package: <*>, ApplicableState: <*>, CurrentState:<*>'}
- Suspicion score: 7/10
- Why it is suspicious: The CurrentState is 0 while ApplicableState is 112, indicating a possible failure or rollback in package applicability.
- Explanation: This log shows a mismatch between the expected applicable state and the current state of a package, which could indicate an issue or tampering with the update process.

2.
- Full log entry: {'Date': '2016-09-29', 'Time': '02:04:22', 'Level': 'Info', 'Component': 'CBS', 'Content': 'Read out cached package applicability for package: Package_for_KB3161561~31bf3856ad364e35~amd64~~6.1.1.1, ApplicableState: 80, CurrentState:112', 'EventId': 'E29', 'EventTemplate': 'Read out cached package applicability for package: <*>, ApplicableState: <*>, CurrentState:<*>'}
- Suspicion score: 5/10
- Why it is suspicious: The ApplicableState is 80 but CurrentState is 112, showing a discrepancy that might indicate an abnormal state transition.
- Explanation: The difference between applicable and current states could suggest an update or patch was applied unexpectedly or incorrectly.

3.
- Full log entry: {'Date': '2016-09-29', 'Time': '02:04:22', 'Level': 'Info', 'Component': 'CBS', 'Content': 'Session: 30546354_3183714279 initialized by client WindowsUpdateAgent.', 'EventId': 'E36', 'EventTemplate': 'Session: <*>_<*> initialized by client WindowsUpdateAgent.'}
- Suspicion score: 3/10
- Why it is suspicious: Multiple sessions initialized in a short time frame could indicate automated or scripted activity.
- Explanation: While normal for updates, a high volume of session initializations might be suspicious if unexpected or outside maintenance windows.

4.
- Full log entry: {'Date': '2016-09-29', 'Time': '02:04:22', 'Level': 'Info', 'Component': 'CBS', 'Content': 'Session: 30546354_3184784340 initialized by client WindowsUpdateAgent.', 'EventId': 'E36', 'EventTemplate': 'Session: <*>_<*> initialized by client WindowsUpdateAgent.'}
- Suspicion score: 3/10
- Why it is suspicious: Same as above, multiple session initializations could be suspicious if not expected.
- Explanation: Repeated session starts might indicate abnormal update activity or automated scripts.

5.
- Full log entry: {'Date': '2016-09-29', 'Time': '02:04:22', 'Level': 'Info', 'Component': 'CBS', 'Content': 'Session: 30546354_3185364373 initialized by client WindowsUpdateAgent.', 'EventId': 'E36', 'EventTemplate': 'Session: <*>_<*> initialized by client WindowsUpdateAgent.'}
- Suspicion score: 3/10
- Why it is suspicious: Same reasoning as above.
- Explanation: Multiple update sessions in a short period could be normal but worth monitoring for unusual patterns.

Summary: The most suspicious log is the one with CurrentState 0 while ApplicableState is 112, indicating a potential issue with package applicability. Other logs mostly show normal update activity but multiple session initializations in a short time could be worth monitoring."
chunk95.csv,"Top 5 most suspicious logs ranked by suspiciousness:

1.
- Full log entry: {'Date': '2016-09-29', 'Time': '02:04:22', 'Level': 'Info', 'Component': 'CBS', 'Content': 'Read out cached package applicability for package: Package_for_KB3035132~31bf3856ad364e35~amd64~~6.1.1.0, ApplicableState: 80, CurrentState:112', 'EventId': 'E29', 'EventTemplate': 'Read out cached package applicability for package: <*>, ApplicableState: <*>, CurrentState:<*>'}
- Suspicion score: 6/10
- Why suspicious: The ApplicableState (80) differs from the CurrentState (112), indicating a possible inconsistency or failed update state.
- Explanation: This log shows a package with mismatched applicability and current states, which could indicate an update issue or tampering.

2.
- Full log entry: {'Date': '2016-09-29', 'Time': '02:04:22', 'Level': 'Info', 'Component': 'CBS', 'Content': 'Read out cached package applicability for package: Package_for_KB2966583~31bf3856ad364e35~amd64~~6.1.1.2, ApplicableState: 112, CurrentState:112', 'EventId': 'E29', 'EventTemplate': 'Read out cached package applicability for package: <*>, ApplicableState: <*>, CurrentState:<*>'}
- Suspicion score: 3/10
- Why suspicious: The version number ""6.1.1.2"" is slightly different from the others ""6.1.1.0"" or ""6.1.1.11"", which might indicate an unusual or custom package version.
- Explanation: This log shows a package with an uncommon version number, which could be benign but worth noting.

3.
- Full log entry: {'Date': '2016-09-29', 'Time': '02:04:22', 'Level': 'Info', 'Component': 'CBS', 'Content': 'Read out cached package applicability for package: Package_for_KB2570947~31bf3856ad364e35~amd64~~6.1.1.0, ApplicableState: 112, CurrentState:112', 'EventId': 'E29', 'EventTemplate': 'Read out cached package applicability for package: <*>, ApplicableState: <*>, CurrentState:<*>'}
- Suspicion score: 2/10
- Why suspicious: Normal package applicability states, but included for completeness.
- Explanation: This is a standard log entry showing package applicability with no anomalies.

4.
- Full log entry: {'Date': '2016-09-29', 'Time': '02:04:22', 'Level': 'Info', 'Component': 'CBS', 'Content': 'Read out cached package applicability for package: Package_for_KB2972100~31bf3856ad364e35~amd64~~6.1.1.0, ApplicableState: 112, CurrentState:112', 'EventId': 'E29', 'EventTemplate': 'Read out cached package applicability for package: <*>, ApplicableState: <*>, CurrentState:<*>'}
- Suspicion score: 2/10
- Why suspicious: Normal package applicability states.
- Explanation: This log entry shows normal update package states.

5.
- Full log entry: {'Date': '2016-09-29', 'Time': '02:04:22', 'Level': 'Info', 'Component': 'CBS', 'Content': 'Session: 30546354_3186424434 initialized by client WindowsUpdateAgent.', 'EventId': 'E36', 'EventTemplate': 'Session: <*>_<*> initialized by client WindowsUpdateAgent.'}
- Suspicion score: 1/10
- Why suspicious: Normal session initialization by WindowsUpdateAgent.
- Explanation: This is a routine log indicating a Windows Update session start, low suspicion.

Summary: The only moderately suspicious log is the one with mismatched ApplicableState and CurrentState (score 6). The rest are routine Windows Update logs with low suspicion."
chunk96.csv,"Top 5 most suspicious logs:

1.
- Full log entry: {'Date': '2016-09-29', 'Time': '02:04:23', 'Level': 'Info', 'Component': 'CBS', 'Content': 'Read out cached package applicability for package: Microsoft-Hyper-V-Integration-Services-Package~31bf3856ad364e35~amd64~~6.3.9600.17388, ApplicableState: 112, CurrentState:0', 'EventId': 'E29', 'EventTemplate': 'Read out cached package applicability for package: <*>, ApplicableState: <*>, CurrentState:<*>'}
- Suspicion score: 7/10
- Why it is suspicious: The CurrentState is 0 while ApplicableState is 112, indicating a mismatch or failure to apply a critical package related to Hyper-V integration services.
- Explanation: This log shows a package that should be applied but currently is not, which could indicate a failed update or tampering with virtualization components.

2.
- Full log entry: {'Date': '2016-09-29', 'Time': '02:04:23', 'Level': 'Info', 'Component': 'CBS', 'Content': 'Session: 30546354_3190684677 initialized by client WindowsUpdateAgent.', 'EventId': 'E36', 'EventTemplate': 'Session: <*>_<*> initialized by client WindowsUpdateAgent.'}
- Suspicion score: 3/10
- Why it is suspicious: Multiple sessions initialized in a short time frame could indicate automated or scripted update activity, which might be benign but worth noting.
- Explanation: Frequent session initializations by WindowsUpdateAgent may be normal but could also be a sign of abnormal update behavior.

3.
- Full log entry: {'Date': '2016-09-29', 'Time': '02:04:23', 'Level': 'Info', 'Component': 'CBS', 'Content': 'Session: 30546354_3190364659 initialized by client WindowsUpdateAgent.', 'EventId': 'E36', 'EventTemplate': 'Session: <*>_<*> initialized by client WindowsUpdateAgent.'}
- Suspicion score: 3/10
- Why it is suspicious: Same as above, multiple session initializations in quick succession.
- Explanation: Could be normal update activity or scripted behavior.

4.
- Full log entry: {'Date': '2016-09-29', 'Time': '02:04:23', 'Level': 'Info', 'Component': 'CBS', 'Content': 'Session: 30546354_3190064642 initialized by client WindowsUpdateAgent.', 'EventId': 'E36', 'EventTemplate': 'Session: <*>_<*> initialized by client WindowsUpdateAgent.'}
- Suspicion score: 3/10
- Why it is suspicious: Same reasoning as above.
- Explanation: Frequent session starts may be normal or suspicious.

5.
- Full log entry: {'Date': '2016-09-29', 'Time': '02:04:23', 'Level': 'Info', 'Component': 'CBS', 'Content': 'Session: 30546354_3189934634 initialized by client WindowsUpdateAgent.', 'EventId': 'E36', 'EventTemplate': 'Session: <*>_<*> initialized by client WindowsUpdateAgent.'}
- Suspicion score: 3/10
- Why it is suspicious: Same as above.
- Explanation: Multiple sessions initialized rapidly could be benign or scripted activity.

Summary: The only notably suspicious log is the one with the Hyper-V package showing a CurrentState of 0 despite being applicable, which could indicate a problem or tampering. The rest are routine Windows Update Agent session initializations, which are low-level suspicious but worth monitoring if they occur excessively."
chunk97.csv,"Top 5 most suspicious logs ranked by suspiciousness:

1.
- Full log entry: {'Date': '2016-09-29', 'Time': '02:04:23', 'Level': 'Info', 'Component': 'CBS', 'Content': 'Read out cached package applicability for package: Package_for_KB2965788~31bf3856ad364e35~amd64~~6.1.1.1, ApplicableState: 80, CurrentState:112', 'EventId': 'E29', 'EventTemplate': 'Read out cached package applicability for package: <*>, ApplicableState: <*>, CurrentState:<*>'}
- Suspicion score: 5
- Why suspicious: The ApplicableState (80) differs from the CurrentState (112), indicating a potential inconsistency or partial update state.
- Explanation: This log shows a package with mismatched applicability and current states, which could indicate an incomplete or problematic update.

2.
- Full log entry: {'Date': '2016-09-29', 'Time': '02:04:23', 'Level': 'Info', 'Component': 'CBS', 'Content': 'Read out cached package applicability for package: Package_for_KB2512715~31bf3856ad364e35~amd64~~6.1.1.1, ApplicableState: 0, CurrentState:0', 'EventId': 'E29', 'EventTemplate': 'Read out cached package applicability for package: <*>, ApplicableState: <*>, CurrentState:<*>'}
- Suspicion score: 3
- Why suspicious: Both states are zero, which might indicate the package is not applicable or not installed; this is less suspicious but worth noting.
- Explanation: This log shows a package with no applicability or installation state, possibly indicating a missing or unused update.

3.
- Full log entry: {'Date': '2016-09-29', 'Time': '02:04:23', 'Level': 'Info', 'Component': 'CBS', 'Content': 'Session: 30546354_3191744738 initialized by client WindowsUpdateAgent.', 'EventId': 'E36', 'EventTemplate': 'Session: <*>_<*> initialized by client WindowsUpdateAgent.'}
- Suspicion score: 2
- Why suspicious: Multiple sessions initialized in a short time could indicate automated or scripted activity.
- Explanation: This log shows a session initialization by WindowsUpdateAgent, which is normal but frequent session starts could be suspicious.

4.
- Full log entry: {'Date': '2016-09-29', 'Time': '02:04:23', 'Level': 'Info', 'Component': 'CBS', 'Content': 'Session: 30546354_3191924748 initialized by client WindowsUpdateAgent.', 'EventId': 'E36', 'EventTemplate': 'Session: <*>_<*> initialized by client WindowsUpdateAgent.'}
- Suspicion score: 2
- Why suspicious: Same as above, frequent session initializations.
- Explanation: Another session start by WindowsUpdateAgent, normal but repetitive.

5.
- Full log entry: {'Date': '2016-09-29', 'Time': '02:04:23', 'Level': 'Info', 'Component': 'CBS', 'Content': 'Session: 30546354_3192394775 initialized by client WindowsUpdateAgent.', 'EventId': 'E36', 'EventTemplate': 'Session: <*>_<*> initialized by client WindowsUpdateAgent.'}
- Suspicion score: 2
- Why suspicious: Same reasoning as above.
- Explanation: Yet another session initialization by WindowsUpdateAgent, normal but frequent.

Summary: The logs mostly show normal Windows Update Agent activity. The only notable suspicious item is the package with mismatched ApplicableState and CurrentState, which could indicate an update issue or tampering. The rest are routine informational logs."
chunk98.csv,"Top 5 most suspicious logs:

1.
- Full log entry: {'Date': '2016-09-29', 'Time': '02:04:23', 'Level': 'Info', 'Component': 'CBS', 'Content': 'Read out cached package applicability for package: Package_for_KB2706045~31bf3856ad364e35~amd64~~6.1.1.0, ApplicableState: 80, CurrentState:0', 'EventId': 'E29', 'EventTemplate': 'Read out cached package applicability for package: <*>, ApplicableState: <*>, CurrentState:<*>'}
- Suspicion score: 6
- Why suspicious: The CurrentState is 0 while ApplicableState is 80, indicating a possible rollback or failure to apply a package.
- Explanation: This log shows a package that should be applicable but is currently not applied, which could indicate an issue or tampering.

2.
- Full log entry: {'Date': '2016-09-29', 'Time': '02:04:23', 'Level': 'Info', 'Component': 'CBS', 'Content': 'Read out cached package applicability for package: Package_for_KB2510531~31bf3856ad364e35~amd64~~6.1.1.0, ApplicableState: 80, CurrentState:112', 'EventId': 'E29', 'EventTemplate': 'Read out cached package applicability for package: <*>, ApplicableState: <*>, CurrentState:<*>'}
- Suspicion score: 5
- Why suspicious: The CurrentState (112) is higher than ApplicableState (80), which might indicate an unexpected state change.
- Explanation: The package state seems inconsistent, possibly due to an error or unauthorized modification.

3.
- Full log entry: {'Date': '2016-09-29', 'Time': '02:04:23', 'Level': 'Info', 'Component': 'CBS', 'Content': 'Session: 30546354_3192854801 initialized by client WindowsUpdateAgent.', 'EventId': 'E36', 'EventTemplate': 'Session: <*>_<*> initialized by client WindowsUpdateAgent.'}
- Suspicion score: 3
- Why suspicious: Multiple sessions initialized in a short time could indicate automated or scripted activity.
- Explanation: Frequent session initializations by WindowsUpdateAgent might be normal but could also be a sign of abnormal update behavior.

4.
- Full log entry: {'Date': '2016-09-29', 'Time': '02:04:23', 'Level': 'Info', 'Component': 'CBS', 'Content': 'Session: 30546354_3193054813 initialized by client WindowsUpdateAgent.', 'EventId': 'E36', 'EventTemplate': 'Session: <*>_<*> initialized by client WindowsUpdateAgent.'}
- Suspicion score: 3
- Why suspicious: Same as above, multiple sessions in a short time.
- Explanation: Could be normal update activity or scripted behavior.

5.
- Full log entry: {'Date': '2016-09-29', 'Time': '02:04:23', 'Level': 'Info', 'Component': 'CBS', 'Content': 'Session: 30546354_3193214822 initialized by client WindowsUpdateAgent.', 'EventId': 'E36', 'EventTemplate': 'Session: <*>_<*> initialized by client WindowsUpdateAgent.'}
- Suspicion score: 3
- Why suspicious: Same as above.
- Explanation: Same as above.

Summary: The most suspicious logs are those with inconsistent package states, which could indicate update failures or tampering. Multiple session initializations are less suspicious but worth noting for potential automated activity."
chunk99.csv,"Top 5 most suspicious logs:

1.
- Full log entry: {'Date': '2016-09-29', 'Time': '02:04:23', 'Level': 'Info', 'Component': 'CBS', 'Content': 'Read out cached package applicability for package: Package_for_KB2703157~31bf3856ad364e35~amd64~~6.1.1.0, ApplicableState: 80, CurrentState:0', 'EventId': 'E29', 'EventTemplate': 'Read out cached package applicability for package: <*>, ApplicableState: <*>, CurrentState:<*>'}
- Suspicion score: 5/10
- Why it is suspicious: The CurrentState is 0 while ApplicableState is 80, indicating a possible failed or incomplete update.
- Explanation: This log shows a package with a mismatch between applicable and current state, which could indicate an issue or tampering with the update process.

2.
- Full log entry: {'Date': '2016-09-29', 'Time': '02:04:23', 'Level': 'Info', 'Component': 'CBS', 'Content': 'Session: 30546354_3194774911 initialized by client WindowsUpdateAgent.', 'EventId': 'E36', 'EventTemplate': 'Session: <*>_<*> initialized by client WindowsUpdateAgent.'}
- Suspicion score: 2/10
- Why it is suspicious: Multiple sessions initialized by WindowsUpdateAgent in a short time could indicate automated or scripted activity.
- Explanation: While normal for updates, many sessions starting rapidly may warrant monitoring for unusual update behavior.

3.
- Full log entry: {'Date': '2016-09-29', 'Time': '02:04:23', 'Level': 'Info', 'Component': 'CBS', 'Content': 'Session: 30546354_3195614959 initialized by client WindowsUpdateAgent.', 'EventId': 'E36', 'EventTemplate': 'Session: <*>_<*> initialized by client WindowsUpdateAgent.'}
- Suspicion score: 2/10
- Why it is suspicious: Same as above, multiple sessions in quick succession.
- Explanation: Could be normal but worth noting for potential scripted update activity.

4.
- Full log entry: {'Date': '2016-09-29', 'Time': '02:04:23', 'Level': 'Info', 'Component': 'CBS', 'Content': 'Session: 30546354_3196675020 initialized by client WindowsUpdateAgent.', 'EventId': 'E36', 'EventTemplate': 'Session: <*>_<*> initialized by client WindowsUpdateAgent.'}
- Suspicion score: 2/10
- Why it is suspicious: Same pattern of multiple sessions.
- Explanation: Similar to above, could be normal but multiple sessions in a short time can be suspicious.

5.
- Full log entry: {'Date': '2016-09-29', 'Time': '02:04:23', 'Level': 'Info', 'Component': 'CBS', 'Content': 'Session: 30546354_3197115045 initialized by client WindowsUpdateAgent.', 'EventId': 'E36', 'EventTemplate': 'Session: <*>_<*> initialized by client WindowsUpdateAgent.'}
- Suspicion score: 2/10
- Why it is suspicious: Same as above.
- Explanation: Multiple sessions initialized rapidly may indicate automated activity.

Summary: The only notably suspicious log is the one with a mismatch in package states (score 5). The rest are routine Windows Update sessions but are noted due to their frequency. No high-severity suspicious activity detected."
chunk100.csv,"Top 5 most suspicious logs:

1.
- Full log entry: {'Date': '2016-09-29', 'Time': '02:04:24', 'Level': 'Info', 'Component': 'CBS', 'Content': 'Session: 30546354_3203065385 initialized by client WindowsUpdateAgent.', 'EventId': 'E36', 'EventTemplate': 'Session: <*>_<*> initialized by client WindowsUpdateAgent.'}
- Suspicion score: 3
- Why suspicious: Multiple sessions initialized in a very short time frame could indicate automated or scripted activity.
- Explanation: The log shows a session initialization by WindowsUpdateAgent, which is normal, but the high frequency of such sessions may warrant further review.

2.
- Full log entry: {'Date': '2016-09-29', 'Time': '02:04:24', 'Level': 'Info', 'Component': 'CBS', 'Content': 'Session: 30546354_3202615360 initialized by client WindowsUpdateAgent.', 'EventId': 'E36', 'EventTemplate': 'Session: <*>_<*> initialized by client WindowsUpdateAgent.'}
- Suspicion score: 3
- Why suspicious: Same as above, rapid session initializations.
- Explanation: Frequent session starts by WindowsUpdateAgent could be normal update behavior but might also indicate suspicious automated activity.

3.
- Full log entry: {'Date': '2016-09-29', 'Time': '02:04:24', 'Level': 'Info', 'Component': 'CBS', 'Content': 'Session: 30546354_3200035212 initialized by client WindowsUpdateAgent.', 'EventId': 'E36', 'EventTemplate': 'Session: <*>_<*> initialized by client WindowsUpdateAgent.'}
- Suspicion score: 3
- Why suspicious: Same pattern of multiple session initializations.
- Explanation: Multiple sessions initialized in the same second could be benign but should be monitored for abnormal patterns.

4.
- Full log entry: {'Date': '2016-09-29', 'Time': '02:04:24', 'Level': 'Info', 'Component': 'CBS', 'Content': 'Session: 30546354_3198805142 initialized by client WindowsUpdateAgent.', 'EventId': 'E36', 'EventTemplate': 'Session: <*>_<*> initialized by client WindowsUpdateAgent.'}
- Suspicion score: 3
- Why suspicious: Same as above.
- Explanation: High frequency of session initializations may indicate scripted or automated activity.

5.
- Full log entry: {'Date': '2016-09-29', 'Time': '02:04:24', 'Level': 'Info', 'Component': 'CBS', 'Content': 'Session: 30546354_3198345115 initialized by client WindowsUpdateAgent.', 'EventId': 'E36', 'EventTemplate': 'Session: <*>_<*> initialized by client WindowsUpdateAgent.'}
- Suspicion score: 3
- Why suspicious: Same pattern.
- Explanation: Multiple sessions initialized in a short time frame could be normal but should be checked for abnormal behavior.

Summary: All logs are related to WindowsUpdateAgent sessions and cached package applicability reads. No explicit malicious activity is evident, but the rapid succession of session initializations is slightly suspicious and worth monitoring."
chunk101.csv,"Top 5 most suspicious logs:

1.
- Full log entry: {'Date': '2016-09-29', 'Time': '02:04:24', 'Level': 'Info', 'Component': 'CBS', 'Content': 'Read out cached package applicability for package: Package_for_KB2834140~31bf3856ad364e35~amd64~~6.1.2.0, ApplicableState: 112, CurrentState:0', 'EventId': 'E29', 'EventTemplate': 'Read out cached package applicability for package: <*>, ApplicableState: <*>, CurrentState:<*>'}
- Suspicion score: 6/10
- Why it is suspicious: The CurrentState is 0 while ApplicableState is 112, indicating a mismatch or failure in package applicability.
- Explanation: This log shows a package that is applicable but currently not installed or recognized, which could indicate an update failure or tampering.

2.
- Full log entry: {'Date': '2016-09-29', 'Time': '02:04:24', 'Level': 'Info', 'Component': 'CBS', 'Content': 'Session: 30546354_3205955551 initialized by client WindowsUpdateAgent.', 'EventId': 'E36', 'EventTemplate': 'Session: <*>_<*> initialized by client WindowsUpdateAgent.'}
- Suspicion score: 3/10
- Why it is suspicious: Multiple sessions initialized in a short time frame could indicate automated or scripted activity.
- Explanation: Frequent session initializations by WindowsUpdateAgent might be normal but could also be a sign of abnormal update behavior or scanning.

3.
- Full log entry: {'Date': '2016-09-29', 'Time': '02:04:24', 'Level': 'Info', 'Component': 'CBS', 'Content': 'Session: 30546354_3206305571 initialized by client WindowsUpdateAgent.', 'EventId': 'E36', 'EventTemplate': 'Session: <*>_<*> initialized by client WindowsUpdateAgent.'}
- Suspicion score: 3/10
- Why it is suspicious: Similar to above, multiple session initializations in a short time.
- Explanation: Could be normal update activity but worth noting for frequency.

4.
- Full log entry: {'Date': '2016-09-29', 'Time': '02:04:24', 'Level': 'Info', 'Component': 'CBS', 'Content': 'Session: 30546354_3204965494 initialized by client WindowsUpdateAgent.', 'EventId': 'E36', 'EventTemplate': 'Session: <*>_<*> initialized by client WindowsUpdateAgent.'}
- Suspicion score: 3/10
- Why it is suspicious: Same reasoning as above.
- Explanation: Multiple sessions in a short time could be benign or suspicious.

5.
- Full log entry: {'Date': '2016-09-29', 'Time': '02:04:24', 'Level': 'Info', 'Component': 'CBS', 'Content': 'Session: 30546354_3204535469 initialized by client WindowsUpdateAgent.', 'EventId': 'E36', 'EventTemplate': 'Session: <*>_<*> initialized by client WindowsUpdateAgent.'}
- Suspicion score: 3/10
- Why it is suspicious: Same as above.
- Explanation: Multiple session initializations may indicate scripted or automated activity.

Summary: The only notably suspicious log is the one with a CurrentState mismatch (score 6). The rest are routine Windows Update sessions but are ranked due to their frequency in a short time window."
chunk102.csv,"Top 5 most suspicious logs from the provided entries:

1.
- Full log entry: {'Date': '2016-09-29', 'Time': '02:04:25', 'Level': 'Info', 'Component': 'CBS', 'Content': 'Session: 30546354_3208835715 initialized by client WindowsUpdateAgent.', 'EventId': 'E36', 'EventTemplate': 'Session: <*>_<*> initialized by client WindowsUpdateAgent.'}
- Suspicion score: 3
- Why suspicious: Multiple sessions initialized in a very short time frame by WindowsUpdateAgent could indicate abnormal update activity or automated/scripted behavior.
- Explanation: The log shows a session initialization by WindowsUpdateAgent, but the rapid succession of similar sessions may suggest unusual update processes or potential exploitation attempts.

2.
- Full log entry: {'Date': '2016-09-29', 'Time': '02:04:25', 'Level': 'Info', 'Component': 'CBS', 'Content': 'Session: 30546354_3208475695 initialized by client WindowsUpdateAgent.', 'EventId': 'E36', 'EventTemplate': 'Session: <*>_<*> initialized by client WindowsUpdateAgent.'}
- Suspicion score: 3
- Why suspicious: Same as above, rapid session initializations by WindowsUpdateAgent.
- Explanation: Frequent session starts by the update agent could be normal but may also indicate scripted or automated update attempts.

3.
- Full log entry: {'Date': '2016-09-29', 'Time': '02:04:25', 'Level': 'Info', 'Component': 'CBS', 'Content': 'Session: 30546354_3209665763 initialized by client WindowsUpdateAgent.', 'EventId': 'E36', 'EventTemplate': 'Session: <*>_<*> initialized by client WindowsUpdateAgent.'}
- Suspicion score: 3
- Why suspicious: Same pattern of rapid session initialization.
- Explanation: Multiple sessions started in quick succession by WindowsUpdateAgent may be benign but worth monitoring for abnormal update behavior.

4.
- Full log entry: {'Date': '2016-09-29', 'Time': '02:04:25', 'Level': 'Info', 'Component': 'CBS', 'Content': 'Session: 30546354_3209785770 initialized by client WindowsUpdateAgent.', 'EventId': 'E36', 'EventTemplate': 'Session: <*>_<*> initialized by client WindowsUpdateAgent.'}
- Suspicion score: 3
- Why suspicious: Same as above.
- Explanation: Rapid session initializations could be normal update activity or scripted behavior.

5.
- Full log entry: {'Date': '2016-09-29', 'Time': '02:04:24', 'Level': 'Info', 'Component': 'CBS', 'Content': 'Session: 30546354_3206335572 initialized by client WindowsUpdateAgent.', 'EventId': 'E36', 'EventTemplate': 'Session: <*>_<*> initialized by client WindowsUpdateAgent.'}
- Suspicion score: 2
- Why suspicious: Slightly less suspicious due to being earlier in the sequence but same pattern.
- Explanation: Session initialization by WindowsUpdateAgent is normal, but the volume and timing may warrant attention.

Summary: All logs are related to WindowsUpdateAgent sessions or cached package applicability reads, which are typical for Windows update processes. No explicit errors or warnings are present. The main suspicious aspect is the rapid succession of session initializations, which could indicate automated or scripted activity but is not highly suspicious on its own. No critical alerts or errors detected."
chunk103.csv,"Top 5 most suspicious logs:

1.
- Full log entry: {'Date': '2016-09-29', 'Time': '02:04:25', 'Level': 'Info', 'Component': 'CBS', 'Content': 'Session: 30546354_3209865774 initialized by client WindowsUpdateAgent.', 'EventId': 'E36', 'EventTemplate': 'Session: <*>_<*> initialized by client WindowsUpdateAgent.'}
- Suspicion score: 3
- Why suspicious: Multiple sessions initialized by WindowsUpdateAgent in a very short time frame could indicate automated or scripted activity.
- Explanation: The log shows a session started by WindowsUpdateAgent, which is normal, but the frequency of such sessions might be worth monitoring.

2.
- Full log entry: {'Date': '2016-09-29', 'Time': '02:04:25', 'Level': 'Info', 'Component': 'CBS', 'Content': 'Session: 30546354_3214976067 initialized by client WindowsUpdateAgent.', 'EventId': 'E36', 'EventTemplate': 'Session: <*>_<*> initialized by client WindowsUpdateAgent.'}
- Suspicion score: 3
- Why suspicious: Similar to the first, another session initialized immediately after the previous one.
- Explanation: Repeated session initializations by the same client in a short time could be benign but may also indicate unusual update activity.

3.
- Full log entry: {'Date': '2016-09-29', 'Time': '02:04:25', 'Level': 'Info', 'Component': 'CBS', 'Content': 'Session: 30546354_3215266083 initialized by client WindowsUpdateAgent.', 'EventId': 'E36', 'EventTemplate': 'Session: <*>_<*> initialized by client WindowsUpdateAgent.'}
- Suspicion score: 3
- Why suspicious: Another session initialization in the same timestamp.
- Explanation: Multiple sessions starting simultaneously is uncommon and could be a sign of automated processes or potential misuse.

4.
- Full log entry: {'Date': '2016-09-29', 'Time': '02:04:25', 'Level': 'Info', 'Component': 'CBS', 'Content': 'Session: 30546354_3215406091 initialized by client WindowsUpdateAgent.', 'EventId': 'E36', 'EventTemplate': 'Session: <*>_<*> initialized by client WindowsUpdateAgent.'}
- Suspicion score: 3
- Why suspicious: Yet another session started at the same time.
- Explanation: The pattern of multiple sessions starting at the exact same second is unusual and may warrant further investigation.

5.
- Full log entry: {'Date': '2016-09-29', 'Time': '02:04:25', 'Level': 'Info', 'Component': 'CBS', 'Content': 'Session: 30546354_3215566100 initialized by client WindowsUpdateAgent.', 'EventId': 'E36', 'EventTemplate': 'Session: <*>_<*> initialized by client WindowsUpdateAgent.'}
- Suspicion score: 3
- Why suspicious: Continues the pattern of rapid session initializations.
- Explanation: This could be normal Windows Update behavior but the volume and timing suggest monitoring for abnormal activity.

Summary: All suspicious logs relate to multiple session initializations by WindowsUpdateAgent at the exact same timestamp, which is unusual and could indicate automated or scripted activity. However, no direct malicious indicators are present in these logs alone."
chunk104.csv,"Top 5 Most Suspicious Logs:

1.
- Full log entry: {'Date': '2016-09-29', 'Time': '02:04:25', 'Level': 'Info', 'Component': 'CBS', 'Content': 'Read out cached package applicability for package: Microsoft-Hyper-V-Integration-Services-Package~31bf3856ad364e35~amd64~~6.3.9600.18080, ApplicableState: 112, CurrentState:0', 'EventId': 'E29', 'EventTemplate': 'Read out cached package applicability for package: <*>, ApplicableState: <*>, CurrentState:<*>'}
- Suspicion score: 7/10
- Why it is suspicious: The CurrentState is 0 while ApplicableState is 112, indicating a package that should be applicable but is currently not installed or active.
- Explanation: This could indicate a failed or incomplete update or potential tampering with Hyper-V integration services, which are critical for virtualization security.

2.
- Full log entry: {'Date': '2016-09-29', 'Time': '02:04:25', 'Level': 'Info', 'Component': 'CBS', 'Content': 'Read out cached package applicability for package: Package_for_KB2719033~31bf3856ad364e35~amd64~~6.1.1.0, ApplicableState: 80, CurrentState:0', 'EventId': 'E29', 'EventTemplate': 'Read out cached package applicability for package: <*>, ApplicableState: <*>, CurrentState:<*>'}
- Suspicion score: 6/10
- Why it is suspicious: ApplicableState is 80 but CurrentState is 0, indicating a package that should be partially applicable but is not installed.
- Explanation: This mismatch could suggest an update was not applied properly or was removed, which might expose the system to vulnerabilities.

3.
- Full log entry: {'Date': '2016-09-29', 'Time': '02:04:25', 'Level': 'Info', 'Component': 'CBS', 'Content': 'Read out cached package applicability for package: Package_for_KB3139940~31bf3856ad364e35~amd64~~6.1.1.0, ApplicableState: 80, CurrentState:112', 'EventId': 'E29', 'EventTemplate': 'Read out cached package applicability for package: <*>, ApplicableState: <*>, CurrentState:<*>'}
- Suspicion score: 5/10
- Why it is suspicious: CurrentState (112) is higher than ApplicableState (80), which is unusual and may indicate a state inconsistency.
- Explanation: This could be a benign logging anomaly or a sign of package state corruption or manipulation.

4.
- Full log entry: {'Date': '2016-09-29', 'Time': '02:04:25', 'Level': 'Info', 'Component': 'CBS', 'Content': 'Session: 30546354_3215916120 initialized by client WindowsUpdateAgent.', 'EventId': 'E36', 'EventTemplate': 'Session: <*>_<*> initialized by client WindowsUpdateAgent.'}
- Suspicion score: 3/10
- Why it is suspicious: Multiple sessions initialized in a short time frame could indicate automated or scripted update activity.
- Explanation: While WindowsUpdateAgent sessions are normal, a high frequency might warrant monitoring for unusual update behavior.

5.
- Full log entry: {'Date': '2016-09-29', 'Time': '02:04:25', 'Level': 'Info', 'Component': 'CBS', 'Content': 'Session: 30546354_3216576158 initialized by client WindowsUpdateAgent.', 'EventId': 'E36', 'EventTemplate': 'Session: <*>_<*> initialized by client WindowsUpdateAgent.'}
- Suspicion score: 3/10
- Why it is suspicious: Same as above, another session initialization close in time.
- Explanation: Could be normal but should be correlated with other logs to rule out suspicious update activity.

Summary: The most suspicious logs are those showing discrepancies between ApplicableState and CurrentState for packages, especially critical ones like Hyper-V integration services, as they may indicate failed updates or tampering. Session initializations by WindowsUpdateAgent are less suspicious but worth monitoring if frequent."
chunk105.csv,"Top 5 most suspicious logs ranked by suspiciousness:

1. Log Entry:
{'Date': '2016-09-29', 'Time': '02:04:26', 'Level': 'Info', 'Component': 'CBS', 'Content': 'Read out cached package applicability for package: Package_for_KB3040272~31bf3856ad364e35~amd64~~6.1.1.1, ApplicableState: 80, CurrentState:112', 'EventId': 'E29', 'EventTemplate': 'Read out cached package applicability for package: <*>, ApplicableState: <*>, CurrentState:<*>'}
- Suspicion Score: 6/10
- Why Suspicious: The ApplicableState (80) differs from the CurrentState (112), indicating a potential inconsistency or issue with the package state.
- Explanation: This log shows a mismatch between the expected and current state of a Windows update package, which could indicate a problem with the update process or tampering.

2. Log Entry:
{'Date': '2016-09-29', 'Time': '02:04:26', 'Level': 'Info', 'Component': 'CBS', 'Content': 'Read out cached package applicability for package: Package_for_KB3042058~31bf3856ad364e35~amd64~~6.1.1.1, ApplicableState: 80, CurrentState:112', 'EventId': 'E29', 'EventTemplate': 'Read out cached package applicability for package: <*>, ApplicableState: <*>, CurrentState:<*>'}
- Suspicion Score: 6/10
- Why Suspicious: Same as above, ApplicableState (80) differs from CurrentState (112).
- Explanation: Another instance of a package with mismatched states, which could indicate update issues or potential manipulation.

3. Log Entry:
{'Date': '2016-09-29', 'Time': '02:04:25', 'Level': 'Info', 'Component': 'CBS', 'Content': 'Session: 30546354_3217926235 initialized by client WindowsUpdateAgent.', 'EventId': 'E36', 'EventTemplate': 'Session: <*>_<*> initialized by client WindowsUpdateAgent.'}
- Suspicion Score: 3/10
- Why Suspicious: Multiple sessions initialized in a very short time frame could indicate automated or scripted activity.
- Explanation: Frequent session initializations by WindowsUpdateAgent might be normal but could also be a sign of abnormal update activity or scanning.

4. Log Entry:
{'Date': '2016-09-29', 'Time': '02:04:26', 'Level': 'Info', 'Component': 'CBS', 'Content': 'Session: 30546354_3218366261 initialized by client WindowsUpdateAgent.', 'EventId': 'E36', 'EventTemplate': 'Session: <*>_<*> initialized by client WindowsUpdateAgent.'}
- Suspicion Score: 3/10
- Why Suspicious: Same as above, rapid session initializations.
- Explanation: Similar to the previous log, this could be normal but warrants attention due to frequency.

5. Log Entry:
{'Date': '2016-09-29', 'Time': '02:04:26', 'Level': 'Info', 'Component': 'CBS', 'Content': 'Session: 30546354_3219376318 initialized by client WindowsUpdateAgent.', 'EventId': 'E36', 'EventTemplate': 'Session: <*>_<*> initialized by client WindowsUpdateAgent.'}
- Suspicion Score: 3/10
- Why Suspicious: Same pattern of rapid session initialization.
- Explanation: Repeated session starts in a short time could be benign or indicate abnormal update agent behavior.

Summary: The most suspicious logs are those showing mismatched package states, which could indicate update failures or tampering. The frequent session initializations are less suspicious but worth monitoring for abnormal patterns."
chunk106.csv,"Top 5 most suspicious logs from the provided entries:

1.
- Full log entry: {'Date': '2016-09-29', 'Time': '02:04:26', 'Level': 'Info', 'Component': 'CBS', 'Content': 'Session: 30546354_3225106646 initialized by client WindowsUpdateAgent.', 'EventId': 'E36', 'EventTemplate': 'Session: <*>_<*> initialized by client WindowsUpdateAgent.'}
- Suspicion score: 3
- Why it is suspicious: Multiple sessions initialized by WindowsUpdateAgent in a very short time frame could indicate abnormal update activity or automated script behavior.
- Explanation: The log shows a session initialization by WindowsUpdateAgent, which is normal, but the frequency of such sessions might be unusual.

2.
- Full log entry: {'Date': '2016-09-29', 'Time': '02:04:26', 'Level': 'Info', 'Component': 'CBS', 'Content': 'Session: 30546354_3225556672 initialized by client WindowsUpdateAgent.', 'EventId': 'E36', 'EventTemplate': 'Session: <*>_<*> initialized by client WindowsUpdateAgent.'}
- Suspicion score: 3
- Why it is suspicious: Same as above, repeated session initializations in a short time.
- Explanation: Another session initialization by WindowsUpdateAgent, potentially part of a rapid sequence.

3.
- Full log entry: {'Date': '2016-09-29', 'Time': '02:04:26', 'Level': 'Info', 'Component': 'CBS', 'Content': 'Session: 30546354_3225636676 initialized by client WindowsUpdateAgent.', 'EventId': 'E36', 'EventTemplate': 'Session: <*>_<*> initialized by client WindowsUpdateAgent.'}
- Suspicion score: 3
- Why it is suspicious: Same pattern of multiple session initializations.
- Explanation: Continues the pattern of rapid session starts by WindowsUpdateAgent.

4.
- Full log entry: {'Date': '2016-09-29', 'Time': '02:04:26', 'Level': 'Info', 'Component': 'CBS', 'Content': 'Session: 30546354_3225896691 initialized by client WindowsUpdateAgent.', 'EventId': 'E36', 'EventTemplate': 'Session: <*>_<*> initialized by client WindowsUpdateAgent.'}
- Suspicion score: 3
- Why it is suspicious: Same as above.
- Explanation: Another session initialization in the rapid sequence.

5.
- Full log entry: {'Date': '2016-09-29', 'Time': '02:04:26', 'Level': 'Info', 'Component': 'CBS', 'Content': 'Session: 30546354_3226336716 initialized by client WindowsUpdateAgent.', 'EventId': 'E36', 'EventTemplate': 'Session: <*>_<*> initialized by client WindowsUpdateAgent.'}
- Suspicion score: 3
- Why it is suspicious: Same as above.
- Explanation: Final session initialization in this rapid sequence.

Summary: All logs are informational and related to WindowsUpdateAgent sessions and package applicability checks. No explicit errors or warnings are present. The only suspicious aspect is the rapid succession of session initializations, which could be benign or indicate abnormal update behavior or automation. No critical alerts detected."
chunk107.csv,"Top 5 most suspicious logs ranked by suspiciousness:

1. Log Entry:
{'Date': '2016-09-29', 'Time': '02:04:27', 'Level': 'Info', 'Component': 'CBS', 'Content': 'Read out cached package applicability for package: Package_for_KB3020393~31bf3856ad364e35~amd64~~6.1.1.2, ApplicableState: 64, CurrentState:0', 'EventId': 'E29', 'EventTemplate': 'Read out cached package applicability for package: <*>, ApplicableState: <*>, CurrentState:<*>'}
- Suspicion Score: 6/10
- Why suspicious: The ApplicableState is 64 while CurrentState is 0, indicating a mismatch or a package that is applicable but not installed or recognized as current.
- Explanation: This log shows a package that is marked as applicable but not currently installed or active, which could indicate an update failure or tampering.

2. Log Entry:
{'Date': '2016-09-29', 'Time': '02:04:27', 'Level': 'Info', 'Component': 'CBS', 'Content': 'Read out cached package applicability for package: Package_for_KB2772930~31bf3856ad364e35~amd64~~6.1.1.1, ApplicableState: 0, CurrentState:0', 'EventId': 'E29', 'EventTemplate': 'Read out cached package applicability for package: <*>, ApplicableState: <*>, CurrentState:<*>'}
- Suspicion Score: 4/10
- Why suspicious: Both ApplicableState and CurrentState are 0, which might indicate a package that is neither applicable nor installed, possibly a stale or corrupted entry.
- Explanation: This log entry shows a package that is not applicable and not installed, which is less suspicious but could indicate outdated or corrupted package data.

3. Log Entry:
{'Date': '2016-09-29', 'Time': '02:04:26', 'Level': 'Info', 'Component': 'CBS', 'Content': 'Read out cached package applicability for package: Package_for_KB3138910~31bf3856ad364e35~amd64~~6.1.1.0, ApplicableState: 112, CurrentState:112', 'EventId': 'E29', 'EventTemplate': 'Read out cached package applicability for package: <*>, ApplicableState: <*>, CurrentState:<*>'}
- Suspicion Score: 2/10
- Why suspicious: Both states match and are non-zero, indicating normal package applicability and installation.
- Explanation: This is a normal log entry showing a package that is applicable and installed correctly.

4. Log Entry:
{'Date': '2016-09-29', 'Time': '02:04:26', 'Level': 'Info', 'Component': 'CBS', 'Content': 'Read out cached package applicability for package: Package_for_KB2862335~31bf3856ad364e35~amd64~~6.1.1.2, ApplicableState: 112, CurrentState:112', 'EventId': 'E29', 'EventTemplate': 'Read out cached package applicability for package: <*>, ApplicableState: <*>, CurrentState:<*>'}
- Suspicion Score: 2/10
- Why suspicious: Same as above, states match indicating normal operation.
- Explanation: This log entry also shows a package properly recognized as applicable and installed.

5. Log Entry:
{'Date': '2016-09-29', 'Time': '02:04:27', 'Level': 'Info', 'Component': 'CBS', 'Content': 'Session: 30546354_3228776856 initialized by client WindowsUpdateAgent.', 'EventId': 'E36', 'EventTemplate': 'Session: <*>_<*> initialized by client WindowsUpdateAgent.'}
- Suspicion Score: 1/10
- Why suspicious: This is a routine session initialization by WindowsUpdateAgent, typical in update processes.
- Explanation: This log is normal and indicates a session started by the Windows Update Agent, not suspicious.

Summary: The most suspicious log is the one with mismatched ApplicableState and CurrentState (64 vs 0), which could indicate an issue with package installation or tampering. Other logs are mostly routine update logs."
chunk108.csv,"Top 5 most suspicious logs ranked by suspiciousness:

1.
- Full log entry: {'Date': '2016-09-29', 'Time': '02:04:27', 'Level': 'Info', 'Component': 'CBS', 'Content': 'Read out cached package applicability for package: Package_for_KB2758857~31bf3856ad364e35~amd64~~6.1.1.0, ApplicableState: 80, CurrentState:112', 'EventId': 'E29', 'EventTemplate': 'Read out cached package applicability for package: <*>, ApplicableState: <*>, CurrentState:<*>'}
- Suspicion score: 7
- Why it is suspicious: The ApplicableState and CurrentState values differ (80 vs 112), which may indicate a package state inconsistency or corruption.
- Explanation: The log shows a mismatch between the expected and current state of a Windows update package, which could be a sign of tampering or failed update.

2.
- Full log entry: {'Date': '2016-09-29', 'Time': '02:04:27', 'Level': 'Info', 'Component': 'CBS', 'Content': 'Read out cached package applicability for package: Package_for_KB2923545~31bf3856ad364e35~amd64~~6.1.1.1, ApplicableState: 112, CurrentState:112', 'EventId': 'E29', 'EventTemplate': 'Read out cached package applicability for package: <*>, ApplicableState: <*>, CurrentState:<*>'}
- Suspicion score: 3
- Why it is suspicious: The package has a non-zero state (112), which may indicate it is installed or in a special state, but no mismatch is present.
- Explanation: This log shows a package in a particular state, but since ApplicableState and CurrentState match, it is less suspicious.

3.
- Full log entry: {'Date': '2016-09-29', 'Time': '02:04:27', 'Level': 'Info', 'Component': 'CBS', 'Content': 'Read out cached package applicability for package: Package_for_KB2509553~31bf3856ad364e35~amd64~~6.1.1.2, ApplicableState: 112, CurrentState:112', 'EventId': 'E29', 'EventTemplate': 'Read out cached package applicability for package: <*>, ApplicableState: <*>, CurrentState:<*>'}
- Suspicion score: 3
- Why it is suspicious: Same as above, non-zero states but no mismatch.
- Explanation: Similar to the previous log, showing package state without inconsistency.

4.
- Full log entry: {'Date': '2016-09-29', 'Time': '02:04:27', 'Level': 'Info', 'Component': 'CBS', 'Content': 'Read out cached package applicability for package: Package_for_KB2621146~31bf3856ad364e35~amd64~~6.1.1.0, ApplicableState: 0, CurrentState:0', 'EventId': 'E29', 'EventTemplate': 'Read out cached package applicability for package: <*>, ApplicableState: <*>, CurrentState:<*>'}
- Suspicion score: 1
- Why it is suspicious: Both states are zero, indicating no issues or installation.
- Explanation: This is a normal log entry showing no package applicability.

5.
- Full log entry: {'Date': '2016-09-29', 'Time': '02:04:27', 'Level': 'Info', 'Component': 'CBS', 'Content': 'Read out cached package applicability for package: Package_for_KB2601626~31bf3856ad364e35~amd64~~6.1.1.0, ApplicableState: 0, CurrentState:0', 'EventId': 'E29', 'EventTemplate': 'Read out cached package applicability for package: <*>, ApplicableState: <*>, CurrentState:<*>'}
- Suspicion score: 1
- Why it is suspicious: Same as above, no mismatch or unusual state.
- Explanation: Normal log entry with no suspicious activity.

Summary: The only notably suspicious log is the one with mismatched ApplicableState and CurrentState (score 7). The rest are routine Windows update logs with no clear signs of malicious activity."
chunk109.csv,"Top 5 most suspicious logs:

1.
- Full log entry: {'Date': '2016-09-29', 'Time': '02:04:27', 'Level': 'Info', 'Component': 'CBS', 'Content': 'Read out cached package applicability for package: Package_for_KB2846960~31bf3856ad364e35~amd64~~6.1.1.3, ApplicableState: 80, CurrentState:112', 'EventId': 'E29', 'EventTemplate': 'Read out cached package applicability for package: <*>, ApplicableState: <*>, CurrentState:<*>'}
- Suspicion score: 5
- Why it is suspicious: The ApplicableState (80) differs from the CurrentState (112), which may indicate a package state inconsistency or a failed update.
- Explanation: The log shows a mismatch between the expected and current state of a Windows update package, which could suggest an issue with patching or potential tampering.

2.
- Full log entry: {'Date': '2016-09-29', 'Time': '02:04:31', 'Level': 'Info', 'Component': 'CBS', 'Content': 'Read out cached package applicability for package: Package_for_KB3072630~31bf3856ad364e35~amd64~~6.1.1.0, ApplicableState: 80, CurrentState:112', 'EventId': 'E29', 'EventTemplate': 'Read out cached package applicability for package: <*>, ApplicableState: <*>, CurrentState:<*>'}
- Suspicion score: 5
- Why it is suspicious: Similar to the first, the ApplicableState (80) does not match the CurrentState (112), indicating a possible update or patch inconsistency.
- Explanation: This log entry shows a discrepancy in package states that might point to update failures or unauthorized changes.

3.
- Full log entry: {'Date': '2016-09-29', 'Time': '02:04:27', 'Level': 'Info', 'Component': 'CBS', 'Content': 'Read out cached package applicability for package: Package_for_KB2770660~31bf3856ad364e35~amd64~~6.1.1.0, ApplicableState: 112, CurrentState:112', 'EventId': 'E29', 'EventTemplate': 'Read out cached package applicability for package: <*>, ApplicableState: <*>, CurrentState:<*>'}
- Suspicion score: 3
- Why it is suspicious: Both states match, indicating normal behavior, but the presence of multiple package checks in a short time could be a sign of automated or scripted activity.
- Explanation: This log is mostly normal but is included due to the volume and timing of package checks which could be suspicious if correlated with other events.

4.
- Full log entry: {'Date': '2016-09-29', 'Time': '02:04:31', 'Level': 'Info', 'Component': 'CBS', 'Content': 'Read out cached package applicability for package: Package_for_KB3123479~31bf3856ad364e35~amd64~~6.1.1.0, ApplicableState: 112, CurrentState:112', 'EventId': 'E29', 'EventTemplate': 'Read out cached package applicability for package: <*>, ApplicableState: <*>, CurrentState:<*>'}
- Suspicion score: 3
- Why it is suspicious: Same as above, normal state but part of rapid package applicability reads.
- Explanation: Normal package state but could be part of scripted or automated update checks.

5.
- Full log entry: {'Date': '2016-09-29', 'Time': '02:04:31', 'Level': 'Info', 'Component': 'CBS', 'Content': 'Read out cached package applicability for package: Package_for_KB3179573~31bf3856ad364e35~amd64~~6.1.1.0, ApplicableState: 112, CurrentState:112', 'EventId': 'E29', 'EventTemplate': 'Read out cached package applicability for package: <*>, ApplicableState: <*>, CurrentState:<*>'}
- Suspicion score: 3
- Why it is suspicious: Same reasoning as above.
- Explanation: Normal package state but included due to the pattern of multiple package checks in a short timeframe.

Summary: The most suspicious logs are those where the ApplicableState and CurrentState differ (score 5), indicating potential update issues or tampering. The others are less suspicious but noted due to the rapid sequence of package applicability checks. No explicit error or warning level logs were present."
chunk110.csv,"Top 5 most suspicious logs ranked by suspiciousness:

1. Log Entry:
{'Date': '2016-09-29', 'Time': '02:04:31', 'Level': 'Info', 'Component': 'CBS', 'Content': 'Read out cached package applicability for package: Microsoft-Hyper-V-Integration-Services-Package~31bf3856ad364e35~amd64~~6.3.9600.17903, ApplicableState: 112, CurrentState:0', 'EventId': 'E29', 'EventTemplate': 'Read out cached package applicability for package: <*>, ApplicableState: <*>, CurrentState:<*>'}
- Suspicion Score: 5/10
- Why suspicious: The CurrentState is 0 while ApplicableState is 112, indicating a package that is applicable but not installed or active.
- Explanation: This could indicate a missing or failed update for a critical Hyper-V integration package, which might be exploited or cause system instability.

2. Log Entry:
{'Date': '2016-09-29', 'Time': '02:04:31', 'Level': 'Info', 'Component': 'CBS', 'Content': 'Session: 30546354_3274949497 initialized by client WindowsUpdateAgent.', 'EventId': 'E36', 'EventTemplate': 'Session: <*>_<*> initialized by client WindowsUpdateAgent.'}
- Suspicion Score: 3/10
- Why suspicious: Multiple sessions initialized in a short time frame could indicate automated or scripted update activity.
- Explanation: While normal for Windows Update, rapid session initialization might be abused by malware mimicking update processes.

3. Log Entry:
{'Date': '2016-09-29', 'Time': '02:04:31', 'Level': 'Info', 'Component': 'CBS', 'Content': 'Session: 30546354_3275569532 initialized by client WindowsUpdateAgent.', 'EventId': 'E36', 'EventTemplate': 'Session: <*>_<*> initialized by client WindowsUpdateAgent.'}
- Suspicion Score: 3/10
- Why suspicious: Same as above, multiple sessions in quick succession.
- Explanation: Could be benign but worth monitoring for unusual update activity patterns.

4. Log Entry:
{'Date': '2016-09-29', 'Time': '02:04:31', 'Level': 'Info', 'Component': 'CBS', 'Content': 'Session: 30546354_3275839548 initialized by client WindowsUpdateAgent.', 'EventId': 'E36', 'EventTemplate': 'Session: <*>_<*> initialized by client WindowsUpdateAgent.'}
- Suspicion Score: 3/10
- Why suspicious: Same reasoning as above.
- Explanation: Multiple update sessions could be normal but may also indicate scripted or automated behavior.

5. Log Entry:
{'Date': '2016-09-29', 'Time': '02:04:31', 'Level': 'Info', 'Component': 'CBS', 'Content': 'Session: 30546354_3276819604 initialized by client WindowsUpdateAgent.', 'EventId': 'E36', 'EventTemplate': 'Session: <*>_<*> initialized by client WindowsUpdateAgent.'}
- Suspicion Score: 3/10
- Why suspicious: Same as above.
- Explanation: Repeated session initialization could be normal update behavior or suspicious automation.

Summary:
The logs mostly show normal Windows Update activity. The only notable suspicious item is the package with ApplicableState 112 but CurrentState 0, which may indicate a missing or failed update. The multiple session initializations are typical but could be monitored for abnormal patterns."
chunk111.csv,"Top 5 most suspicious logs from the provided entries:

1.
- Full log entry: {'Date': '2016-09-29', 'Time': '02:04:32', 'Level': 'Info', 'Component': 'CBS', 'Content': 'Read out cached package applicability for package: Package_for_KB2732059~31bf3856ad364e35~amd64~~6.1.5.1, ApplicableState: 112, CurrentState:112', 'EventId': 'E29', 'EventTemplate': 'Read out cached package applicability for package: <*>, ApplicableState: <*>, CurrentState:<*>'}
- Suspicion score: 4
- Why suspicious: The ApplicableState and CurrentState values are both 112, which is unusual compared to other entries showing 0 or 1 states.
- Explanation: The state values indicate the package applicability status; 112 is not a common state and may indicate an abnormal or corrupted package state.

2.
- Full log entry: {'Date': '2016-09-29', 'Time': '02:04:32', 'Level': 'Info', 'Component': 'CBS', 'Content': 'Read out cached package applicability for package: Package_for_KB3164033~31bf3856ad364e35~amd64~~6.1.1.0, ApplicableState: 112, CurrentState:112', 'EventId': 'E29', 'EventTemplate': 'Read out cached package applicability for package: <*>, ApplicableState: <*>, CurrentState:<*>'}
- Suspicion score: 4
- Why suspicious: Same as above, the state values 112 are unusual.
- Explanation: This may indicate a similar abnormality or issue with this package's applicability state.

3.
- Full log entry: {'Date': '2016-09-29', 'Time': '02:04:33', 'Level': 'Info', 'Component': 'CBS', 'Content': 'Read out cached package applicability for package: Package_for_KB3080149~31bf3856ad364e35~amd64~~6.1.1.1, ApplicableState: 112, CurrentState:112', 'EventId': 'E29', 'EventTemplate': 'Read out cached package applicability for package: <*>, ApplicableState: <*>, CurrentState:<*>'}
- Suspicion score: 4
- Why suspicious: Again, the state values 112 are consistent with the previous suspicious entries.
- Explanation: This repeated unusual state may indicate a systemic issue or tampering with package applicability data.

4.
- Full log entry: {'Date': '2016-09-29', 'Time': '02:04:33', 'Level': 'Info', 'Component': 'CBS', 'Content': 'Read out cached package applicability for package: Package_for_KB3046017~31bf3856ad364e35~amd64~~6.1.1.1, ApplicableState: 112, CurrentState:112', 'EventId': 'E29', 'EventTemplate': 'Read out cached package applicability for package: <*>, ApplicableState: <*>, CurrentState:<*>'}
- Suspicion score: 4
- Why suspicious: Same unusual state values 112.
- Explanation: Consistent with other entries showing abnormal package states.

5.
- Full log entry: {'Date': '2016-09-29', 'Time': '02:04:31', 'Level': 'Info', 'Component': 'CBS', 'Content': 'Read out cached package applicability for package: Package_for_KB2853587~31bf3856ad364e35~amd64~~6.1.1.2, ApplicableState: 0, CurrentState:0', 'EventId': 'E29', 'EventTemplate': 'Read out cached package applicability for package: <*>, ApplicableState: <*>, CurrentState:<*>'}
- Suspicion score: 2
- Why suspicious: The ApplicableState and CurrentState are both 0, which is less suspicious but worth noting as it differs from the majority of 112 states.
- Explanation: This may indicate the package is not applicable or not installed, which is normal but less frequent in this log set.

Summary: The logs with ApplicableState and CurrentState set to 112 are the most suspicious due to the unusual state values, which may indicate issues or tampering with Windows Update package applicability data."
chunk112.csv,"Top 5 most suspicious logs ranked by suspicion score:

1.
- Full log entry: {'Date': '2016-09-29', 'Time': '02:04:33', 'Level': 'Info', 'Component': 'CBS', 'Content': 'Read out cached package applicability for package: Package_for_KB3067904~31bf3856ad364e35~amd64~~6.1.1.2, ApplicableState: 80, CurrentState:0', 'EventId': 'E29', 'EventTemplate': 'Read out cached package applicability for package: <*>, ApplicableState: <*>, CurrentState:<*>'}
- Suspicion score: 5
- Why suspicious: The ApplicableState is 80 but CurrentState is 0, indicating a mismatch or a package that is applicable but not installed or active.
- Explanation: This log shows a package that is marked as applicable but currently not installed or active, which could indicate an incomplete update or potential tampering.

2.
- Full log entry: {'Date': '2016-09-29', 'Time': '02:04:33', 'Level': 'Info', 'Component': 'CBS', 'Content': 'Read out cached package applicability for package: Package_for_KB2632503~31bf3856ad364e35~amd64~~6.1.1.0, ApplicableState: 80, CurrentState:0', 'EventId': 'E29', 'EventTemplate': 'Read out cached package applicability for package: <*>, ApplicableState: <*>, CurrentState:<*>'}
- Suspicion score: 5
- Why suspicious: Same as above, ApplicableState 80 but CurrentState 0, indicating a package applicable but not installed.
- Explanation: This could indicate a failed or incomplete update process or potential manipulation of update states.

3.
- Full log entry: {'Date': '2016-09-29', 'Time': '02:04:33', 'Level': 'Info', 'Component': 'CBS', 'Content': 'Session: 30546354_3290750401 initialized by client WindowsUpdateAgent.', 'EventId': 'E36', 'EventTemplate': 'Session: <*>_<*> initialized by client WindowsUpdateAgent.'}
- Suspicion score: 3
- Why suspicious: Multiple sessions initialized in a very short time frame could indicate automated or scripted activity.
- Explanation: Frequent session initializations by WindowsUpdateAgent might be normal but could also indicate abnormal update activity or automated scripts.

4.
- Full log entry: {'Date': '2016-09-29', 'Time': '02:04:33', 'Level': 'Info', 'Component': 'CBS', 'Content': 'Session: 30546354_3290900409 initialized by client WindowsUpdateAgent.', 'EventId': 'E36', 'EventTemplate': 'Session: <*>_<*> initialized by client WindowsUpdateAgent.'}
- Suspicion score: 3
- Why suspicious: Same as above, multiple sessions initialized rapidly.
- Explanation: Could be normal update behavior or scripted activity; worth monitoring.

5.
- Full log entry: {'Date': '2016-09-29', 'Time': '02:04:33', 'Level': 'Info', 'Component': 'CBS', 'Content': 'Read out cached package applicability for package: Package_for_KB2912390~31bf3856ad364e35~amd64~~6.1.1.2, ApplicableState: 112, CurrentState:112', 'EventId': 'E29', 'EventTemplate': 'Read out cached package applicability for package: <*>, ApplicableState: <*>, CurrentState:<*>'}
- Suspicion score: 2
- Why suspicious: ApplicableState and CurrentState match, indicating normal state, but included for completeness.
- Explanation: This log appears normal with matching states, low suspicion.

Summary: The most suspicious logs are those showing mismatched ApplicableState and CurrentState values, which could indicate incomplete or tampered updates. Multiple rapid session initializations are moderately suspicious and should be monitored."
chunk113.csv,"Top 5 most suspicious logs ranked by suspiciousness:

1.
- Full log entry: {'Date': '2016-09-29', 'Time': '02:04:33', 'Level': 'Info', 'Component': 'CBS', 'Content': 'Read out cached package applicability for package: Package_for_KB3121461~31bf3856ad364e35~amd64~~6.1.1.2, ApplicableState: 80, CurrentState:112', 'EventId': 'E29', 'EventTemplate': 'Read out cached package applicability for package: <*>, ApplicableState: <*>, CurrentState:<*>'}
- Suspicion score: 6
- Why suspicious: The ApplicableState (80) differs from the CurrentState (112), indicating a potential inconsistency or failed update.
- Explanation: The package's expected applicability state does not match the current state, which could indicate an issue with the update process or tampering.

2.
- Full log entry: {'Date': '2016-09-29', 'Time': '02:04:34', 'Level': 'Info', 'Component': 'CBS', 'Content': 'Read out cached package applicability for package: Package_for_KB2888049~31bf3856ad364e35~amd64~~6.1.1.1, ApplicableState: 80, CurrentState:112', 'EventId': 'E29', 'EventTemplate': 'Read out cached package applicability for package: <*>, ApplicableState: <*>, CurrentState:<*>'}
- Suspicion score: 6
- Why suspicious: Same as above, ApplicableState (80) differs from CurrentState (112).
- Explanation: This mismatch could indicate a problem with the update or a possible manipulation of the package state.

3.
- Full log entry: {'Date': '2016-09-29', 'Time': '02:04:33', 'Level': 'Info', 'Component': 'CBS', 'Content': 'Session: 30546354_3293810576 initialized by client WindowsUpdateAgent.', 'EventId': 'E36', 'EventTemplate': 'Session: <*>_<*> initialized by client WindowsUpdateAgent.'}
- Suspicion score: 3
- Why suspicious: Multiple sessions initialized in a short time frame could indicate automated or scripted activity.
- Explanation: While WindowsUpdateAgent normally initializes sessions, a high frequency of sessions in a short period may warrant further review.

4.
- Full log entry: {'Date': '2016-09-29', 'Time': '02:04:33', 'Level': 'Info', 'Component': 'CBS', 'Content': 'Session: 30546354_3297200770 initialized by client WindowsUpdateAgent.', 'EventId': 'E36', 'EventTemplate': 'Session: <*>_<*> initialized by client WindowsUpdateAgent.'}
- Suspicion score: 3
- Why suspicious: Same as above, multiple session initializations in quick succession.
- Explanation: Could be normal update behavior but should be monitored for unusual patterns.

5.
- Full log entry: {'Date': '2016-09-29', 'Time': '02:04:33', 'Level': 'Info', 'Component': 'CBS', 'Content': 'Session: 30546354_3297210770 initialized by client WindowsUpdateAgent.', 'EventId': 'E36', 'EventTemplate': 'Session: <*>_<*> initialized by client WindowsUpdateAgent.'}
- Suspicion score: 3
- Why suspicious: Same reasoning as above.
- Explanation: Multiple session initializations may be benign but could also indicate scripted or automated activity worth monitoring.

Summary: The most suspicious logs are those where the ApplicableState and CurrentState differ, as this could indicate update issues or tampering. The multiple session initializations are less suspicious but worth noting for potential automated activity."
chunk114.csv,"Top 5 most suspicious logs ranked by suspiciousness:

1.
- Full log entry: {'Date': '2016-09-29', 'Time': '02:04:34', 'Level': 'Info', 'Component': 'CBS', 'Content': 'Read out cached package applicability for package: Microsoft-Windows-Embedded-EmbeddedLockdown-Package-TopLevel~31bf3856ad364e35~amd64~~7.1.7601.16511, ApplicableState: 112, CurrentState:0', 'EventId': 'E29', 'EventTemplate': 'Read out cached package applicability for package: <*>, ApplicableState: <*>, CurrentState:<*>'}
- Suspicion score: 7/10
- Why it is suspicious: The ApplicableState is 112 (likely meaning the package should be applied), but the CurrentState is 0 (not applied), indicating a potential failure or tampering with a security-related package.
- Explanation: A critical embedded lockdown package is marked as applicable but not currently applied, which could indicate a security risk or system integrity issue.

2.
- Full log entry: {'Date': '2016-09-29', 'Time': '02:04:34', 'Level': 'Info', 'Component': 'CBS', 'Content': 'Read out cached package applicability for package: Package_for_KB3075222~31bf3856ad364e35~amd64~~6.1.1.1, ApplicableState: 80, CurrentState:0', 'EventId': 'E29', 'EventTemplate': 'Read out cached package applicability for package: <*>, ApplicableState: <*>, CurrentState:<*>'}
- Suspicion score: 6/10
- Why it is suspicious: ApplicableState is 80 (likely meaning partially applicable or important), but CurrentState is 0 (not applied), which may indicate a missing or failed update.
- Explanation: A Windows update package is flagged as applicable but not installed, which could leave the system vulnerable.

3.
- Full log entry: {'Date': '2016-09-29', 'Time': '02:04:34', 'Level': 'Info', 'Component': 'CBS', 'Content': 'Read out cached package applicability for package: Package_for_KB2544893~31bf3856ad364e35~amd64~~6.1.1.1, ApplicableState: 80, CurrentState:112', 'EventId': 'E29', 'EventTemplate': 'Read out cached package applicability for package: <*>, ApplicableState: <*>, CurrentState:<*>'}
- Suspicion score: 4/10
- Why it is suspicious: CurrentState (112) is higher than ApplicableState (80), which is unusual and may indicate a state inconsistency.
- Explanation: The package appears to be in a state beyond what is expected, possibly due to corruption or misconfiguration.

4.
- Full log entry: {'Date': '2016-09-29', 'Time': '02:04:34', 'Level': 'Info', 'Component': 'CBS', 'Content': 'Read out cached package applicability for package: Package_for_KB2685939~31bf3856ad364e35~amd64~~6.1.1.2, ApplicableState: 80, CurrentState:112', 'EventId': 'E29', 'EventTemplate': 'Read out cached package applicability for package: <*>, ApplicableState: <*>, CurrentState:<*>'}
- Suspicion score: 4/10
- Why it is suspicious: Similar to above, CurrentState exceeds ApplicableState, indicating possible inconsistency.
- Explanation: The package state does not align with expected applicability, which could be a sign of update issues.

5.
- Full log entry: {'Date': '2016-09-29', 'Time': '02:04:34', 'Level': 'Info', 'Component': 'CBS', 'Content': 'Read out cached package applicability for package: Package_for_KB2579686~31bf3856ad364e35~amd64~~6.1.1.1, ApplicableState: 112, CurrentState:112', 'EventId': 'E29', 'EventTemplate': 'Read out cached package applicability for package: <*>, ApplicableState: <*>, CurrentState:<*>'}
- Suspicion score: 2/10
- Why it is suspicious: Both states match, indicating normal behavior, but included for completeness.
- Explanation: This log shows a package correctly applied; low suspicion but included as no other more suspicious logs are present.

Summary: The most suspicious logs are those where the package applicability and current state do not align, especially when critical security packages are applicable but not applied, which could indicate system vulnerabilities or tampering."
chunk115.csv,"Top 5 most suspicious logs from the provided entries:

1.
- Full log entry: {'Date': '2016-09-29', 'Time': '02:04:34', 'Level': 'Info', 'Component': 'CBS', 'Content': 'Read out cached package applicability for package: Package_for_KB2729452~31bf3856ad364e35~amd64~~6.1.1.0, ApplicableState: 80, CurrentState:112', 'EventId': 'E29', 'EventTemplate': 'Read out cached package applicability for package: <*>, ApplicableState: <*>, CurrentState:<*>'}
- Suspicion score: 5
- Why it is suspicious: The ApplicableState (80) differs from the CurrentState (112), which may indicate a package state inconsistency or potential tampering.
- Explanation: The package's expected applicability state does not match its current state, which could suggest an issue with the update or a possible manipulation.

2.
- Full log entry: {'Date': '2016-09-29', 'Time': '02:04:34', 'Level': 'Info', 'Component': 'CBS', 'Content': 'Read out cached package applicability for package: Package_for_KB3020388~31bf3856ad364e35~amd64~~6.1.1.1, ApplicableState: 112, CurrentState:112', 'EventId': 'E29', 'EventTemplate': 'Read out cached package applicability for package: <*>, ApplicableState: <*>, CurrentState:<*>'}
- Suspicion score: 2
- Why it is suspicious: Although states match, the package is being read repeatedly in a short time frame, which could be normal but may also indicate automated or scripted activity.
- Explanation: Frequent reads of package applicability might be benign but could also be a sign of automated processes or scanning.

3.
- Full log entry: {'Date': '2016-09-29', 'Time': '02:04:35', 'Level': 'Info', 'Component': 'CBS', 'Content': 'Read out cached package applicability for package: Package_for_KB2742599~31bf3856ad364e35~amd64~~6.1.1.0, ApplicableState: 112, CurrentState:112', 'EventId': 'E29', 'EventTemplate': 'Read out cached package applicability for package: <*>, ApplicableState: <*>, CurrentState:<*>'}
- Suspicion score: 2
- Why it is suspicious: Similar to above, repeated reads with matching states.
- Explanation: Likely normal update agent behavior but worth noting due to frequency.

4.
- Full log entry: {'Date': '2016-09-29', 'Time': '02:04:35', 'Level': 'Info', 'Component': 'CBS', 'Content': 'Read out cached package applicability for package: Package_for_KB3181988~31bf3856ad364e35~amd64~~6.1.1.1, ApplicableState: 112, CurrentState:112', 'EventId': 'E29', 'EventTemplate': 'Read out cached package applicability for package: <*>, ApplicableState: <*>, CurrentState:<*>'}
- Suspicion score: 2
- Why it is suspicious: Same as above.
- Explanation: Normal behavior but repeated reads could be automated.

5.
- Full log entry: {'Date': '2016-09-29', 'Time': '02:04:35', 'Level': 'Info', 'Component': 'CBS', 'Content': 'Read out cached package applicability for package: Package_for_KB2685813~31bf3856ad364e35~amd64~~6.1.1.11, ApplicableState: 112, CurrentState:112', 'EventId': 'E29', 'EventTemplate': 'Read out cached package applicability for package: <*>, ApplicableState: <*>, CurrentState:<*>'}
- Suspicion score: 2
- Why it is suspicious: Same pattern as above.
- Explanation: Likely normal but repetitive reads could be a sign of scripted activity.

Summary: All logs are related to Windows Update Agent activities. The only notable suspiciousness is the mismatch in ApplicableState and CurrentState in the first log, which may warrant further investigation. The rest appear normal but show repetitive behavior."
chunk116.csv,"Top 5 most suspicious logs:

1.
- Full log entry: {'Date': '2016-09-29', 'Time': '02:04:35', 'Level': 'Info', 'Component': 'CBS', 'Content': 'Read out cached package applicability for package: Package_for_KB3075249~31bf3856ad364e35~amd64~~6.1.1.0, ApplicableState: 80, CurrentState:112', 'EventId': 'E29', 'EventTemplate': 'Read out cached package applicability for package: <*>, ApplicableState: <*>, CurrentState:<*>'}
- Suspicion score: 6
- Why it is suspicious: The ApplicableState (80) differs from the CurrentState (112), indicating a possible inconsistency or issue with the package state.
- Explanation: This log shows a mismatch between the expected and current state of a Windows update package, which could indicate a failed or tampered update.

2.
- Full log entry: {'Date': '2016-09-29', 'Time': '02:04:35', 'Level': 'Info', 'Component': 'CBS', 'Content': 'Session: 30546354_3310261517 initialized by client WindowsUpdateAgent.', 'EventId': 'E36', 'EventTemplate': 'Session: <*>_<*> initialized by client WindowsUpdateAgent.'}
- Suspicion score: 3
- Why it is suspicious: Multiple sessions initialized in a very short time frame could indicate automated or scripted activity.
- Explanation: Rapid session initializations by WindowsUpdateAgent might be normal during updates but could also suggest scripted or abnormal behavior.

3.
- Full log entry: {'Date': '2016-09-29', 'Time': '02:04:35', 'Level': 'Info', 'Component': 'CBS', 'Content': 'Session: 30546354_3311291576 initialized by client WindowsUpdateAgent.', 'EventId': 'E36', 'EventTemplate': 'Session: <*>_<*> initialized by client WindowsUpdateAgent.'}
- Suspicion score: 3
- Why it is suspicious: Same as above, multiple sessions in quick succession.
- Explanation: Similar to the previous log, this could be normal or scripted activity.

4.
- Full log entry: {'Date': '2016-09-29', 'Time': '02:04:35', 'Level': 'Info', 'Component': 'CBS', 'Content': 'Session: 30546354_3311811605 initialized by client WindowsUpdateAgent.', 'EventId': 'E36', 'EventTemplate': 'Session: <*>_<*> initialized by client WindowsUpdateAgent.'}
- Suspicion score: 3
- Why it is suspicious: Same reasoning as above.
- Explanation: Multiple rapid session initializations may warrant monitoring.

5.
- Full log entry: {'Date': '2016-09-29', 'Time': '02:04:35', 'Level': 'Info', 'Component': 'CBS', 'Content': 'Session: 30546354_3311911611 initialized by client WindowsUpdateAgent.', 'EventId': 'E36', 'EventTemplate': 'Session: <*>_<*> initialized by client WindowsUpdateAgent.'}
- Suspicion score: 3
- Why it is suspicious: Same as above.
- Explanation: Rapid session initializations could be normal but should be observed for patterns.

Summary: The only notably suspicious log is the one with mismatched package states (score 6). The rest are routine Windows Update Agent session initializations but are ranked due to their rapid succession which could be benign or scripted."
chunk117.csv,"Top 5 most suspicious logs from the provided list:

1.
- Full log entry: {'Date': '2016-09-29', 'Time': '02:04:35', 'Level': 'Info', 'Component': 'CBS', 'Content': 'Read out cached package applicability for package: Package_for_KB3005607~31bf3856ad364e35~amd64~~6.1.1.0, ApplicableState: 80, CurrentState:112', 'EventId': 'E29', 'EventTemplate': 'Read out cached package applicability for package: <*>, ApplicableState: <*>, CurrentState:<*>'}
- Suspicion score: 6/10
- Why suspicious: The ApplicableState (80) differs from the CurrentState (112), which is unusual compared to other logs where both states are equal.
- Explanation: This discrepancy might indicate a package state inconsistency or a potential tampering with update states.

2.
- Full log entry: {'Date': '2016-09-29', 'Time': '02:04:35', 'Level': 'Info', 'Component': 'CBS', 'Content': 'Session: 30546354_3312101622 initialized by client WindowsUpdateAgent.', 'EventId': 'E36', 'EventTemplate': 'Session: <*>_<*> initialized by client WindowsUpdateAgent.'}
- Suspicion score: 3/10
- Why suspicious: Multiple sessions initialized in a short time frame could indicate automated or scripted activity.
- Explanation: While WindowsUpdateAgent normally initializes sessions, a high frequency might be worth monitoring for abnormal update behavior.

3.
- Full log entry: {'Date': '2016-09-29', 'Time': '02:04:35', 'Level': 'Info', 'Component': 'CBS', 'Content': 'Session: 30546354_3312401639 initialized by client WindowsUpdateAgent.', 'EventId': 'E36', 'EventTemplate': 'Session: <*>_<*> initialized by client WindowsUpdateAgent.'}
- Suspicion score: 3/10
- Why suspicious: Same as above, multiple session initializations in a short time.
- Explanation: Could be normal update behavior but should be noted for frequency.

4.
- Full log entry: {'Date': '2016-09-29', 'Time': '02:04:35', 'Level': 'Info', 'Component': 'CBS', 'Content': 'Session: 30546354_3312641653 initialized by client WindowsUpdateAgent.', 'EventId': 'E36', 'EventTemplate': 'Session: <*>_<*> initialized by client WindowsUpdateAgent.'}
- Suspicion score: 3/10
- Why suspicious: Same reasoning as above.
- Explanation: Multiple sessions in a short time may indicate scripted or automated activity.

5.
- Full log entry: {'Date': '2016-09-29', 'Time': '02:04:35', 'Level': 'Info', 'Component': 'CBS', 'Content': 'Session: 30546354_3313121680 initialized by client WindowsUpdateAgent.', 'EventId': 'E36', 'EventTemplate': 'Session: <*>_<*> initialized by client WindowsUpdateAgent.'}
- Suspicion score: 3/10
- Why suspicious: Same as above.
- Explanation: Frequent session initializations could be normal but worth monitoring.

Summary: The only notably suspicious log is the one with mismatched ApplicableState and CurrentState. The rest are routine Windows Update sessions but their frequency could be monitored for anomalies."
chunk118.csv,"Top 5 most suspicious logs from the provided entries:

1.
- Full log entry: {'Date': '2016-09-29', 'Time': '02:04:35', 'Level': 'Info', 'Component': 'CBS', 'Content': 'Session: 30546354_3313271689 initialized by client WindowsUpdateAgent.', 'EventId': 'E36', 'EventTemplate': 'Session: <*>_<*> initialized by client WindowsUpdateAgent.'}
- Suspicion score: 3/10
- Why suspicious: Multiple sessions initialized in a very short time frame could indicate automated or scripted activity.
- Explanation: The WindowsUpdateAgent is starting sessions rapidly, which might be normal for updates but could also be a sign of scripted or automated processes.

2.
- Full log entry: {'Date': '2016-09-29', 'Time': '02:04:35', 'Level': 'Info', 'Component': 'CBS', 'Content': 'Session: 30546354_3315431812 initialized by client WindowsUpdateAgent.', 'EventId': 'E36', 'EventTemplate': 'Session: <*>_<*> initialized by client WindowsUpdateAgent.'}
- Suspicion score: 3/10
- Why suspicious: Same as above, rapid session initialization.
- Explanation: Similar rapid session starts by WindowsUpdateAgent, which could be benign or scripted.

3.
- Full log entry: {'Date': '2016-09-29', 'Time': '02:04:36', 'Level': 'Info', 'Component': 'CBS', 'Content': 'Session: 30546354_3319352037 initialized by client WindowsUpdateAgent.', 'EventId': 'E36', 'EventTemplate': 'Session: <*>_<*> initialized by client WindowsUpdateAgent.'}
- Suspicion score: 3/10
- Why suspicious: Continuation of rapid session initialization.
- Explanation: Another session started immediately after previous ones, indicating high frequency of session starts.

4.
- Full log entry: {'Date': '2016-09-29', 'Time': '02:04:36', 'Level': 'Info', 'Component': 'CBS', 'Content': 'Session: 30546354_3321642168 initialized by client WindowsUpdateAgent.', 'EventId': 'E36', 'EventTemplate': 'Session: <*>_<*> initialized by client WindowsUpdateAgent.'}
- Suspicion score: 3/10
- Why suspicious: Same pattern of rapid session initialization.
- Explanation: High frequency of session starts by WindowsUpdateAgent could be normal but worth monitoring.

5.
- Full log entry: {'Date': '2016-09-29', 'Time': '02:04:36', 'Level': 'Info', 'Component': 'CBS', 'Content': 'Session: 30546354_3321782176 initialized by client WindowsUpdateAgent.', 'EventId': 'E36', 'EventTemplate': 'Session: <*>_<*> initialized by client WindowsUpdateAgent.'}
- Suspicion score: 3/10
- Why suspicious: Same as above.
- Explanation: Another rapid session initialization by WindowsUpdateAgent.

Summary: All logs are informational and related to Windows Update sessions starting rapidly. While this is likely normal update behavior, the rapid succession of session initializations could be a sign of scripted or automated activity and should be monitored for anomalies. No high-severity suspicious activity detected."
chunk119.csv,"Top 5 most suspicious logs ranked by suspiciousness:

1.
- Full log entry: {'Date': '2016-09-29', 'Time': '02:04:37', 'Level': 'Info', 'Component': 'CBS', 'Content': 'Read out cached package applicability for package: Package_for_KB2984976~31bf3856ad364e35~amd64~~6.1.1.3, ApplicableState: 80, CurrentState:112', 'EventId': 'E29', 'EventTemplate': 'Read out cached package applicability for package: <*>, ApplicableState: <*>, CurrentState:<*>'}
- Suspicion score: 6/10
- Why it is suspicious: The ApplicableState (80) differs from the CurrentState (112), unlike other logs where both states are equal.
- Explanation: This discrepancy may indicate a package state inconsistency or a potential issue with patch applicability, which could be a sign of tampering or failed updates.

2.
- Full log entry: {'Date': '2016-09-29', 'Time': '02:04:37', 'Level': 'Info', 'Component': 'CBS', 'Content': 'Session: 30546354_3328072535 initialized by client WindowsUpdateAgent.', 'EventId': 'E36', 'EventTemplate': 'Session: <*>_<*> initialized by client WindowsUpdateAgent.'}
- Suspicion score: 3/10
- Why it is suspicious: Multiple sessions initialized in a short time frame could indicate automated or scripted activity.
- Explanation: While normal for update agents, rapid session initialization might be abused by malware mimicking update processes.

3.
- Full log entry: {'Date': '2016-09-29', 'Time': '02:04:37', 'Level': 'Info', 'Component': 'CBS', 'Content': 'Session: 30546354_3328272547 initialized by client WindowsUpdateAgent.', 'EventId': 'E36', 'EventTemplate': 'Session: <*>_<*> initialized by client WindowsUpdateAgent.'}
- Suspicion score: 3/10
- Why it is suspicious: Same as above, multiple sessions in quick succession.
- Explanation: Could be benign but worth noting for potential scripted or automated behavior.

4.
- Full log entry: {'Date': '2016-09-29', 'Time': '02:04:37', 'Level': 'Info', 'Component': 'CBS', 'Content': 'Session: 30546354_3328722573 initialized by client WindowsUpdateAgent.', 'EventId': 'E36', 'EventTemplate': 'Session: <*>_<*> initialized by client WindowsUpdateAgent.'}
- Suspicion score: 3/10
- Why it is suspicious: Same pattern of multiple session initializations.
- Explanation: Similar reasoning as above.

5.
- Full log entry: {'Date': '2016-09-29', 'Time': '02:04:37', 'Level': 'Info', 'Component': 'CBS', 'Content': 'Session: 30546354_3329762632 initialized by client WindowsUpdateAgent.', 'EventId': 'E36', 'EventTemplate': 'Session: <*>_<*> initialized by client WindowsUpdateAgent.'}
- Suspicion score: 3/10
- Why it is suspicious: Same as above.
- Explanation: Multiple rapid sessions could be normal but may also indicate suspicious automated activity.

Summary: The only notably suspicious log is the one with mismatched ApplicableState and CurrentState. The rest are routine Windows Update Agent sessions but are ranked due to frequency and potential for abuse."
chunk120.csv,"Top 5 most suspicious logs:

1.
- Full log entry: {'Date': '2016-09-29', 'Time': '02:04:37', 'Level': 'Info', 'Component': 'CBS', 'Content': 'Read out cached package applicability for package: Package_for_KB3005788~31bf3856ad364e35~amd64~~6.1.1.0, ApplicableState: 80, CurrentState:0', 'EventId': 'E29', 'EventTemplate': 'Read out cached package applicability for package: <*>, ApplicableState: <*>, CurrentState:<*>'}
- Suspicion score: 6
- Why it is suspicious: The ApplicableState is 80 but CurrentState is 0, indicating a mismatch or failure to apply the package.
- Explanation: This log shows a package that is applicable but not currently installed or applied, which could indicate an issue or tampering.

2.
- Full log entry: {'Date': '2016-09-29', 'Time': '02:04:37', 'Level': 'Info', 'Component': 'CBS', 'Content': 'Session: 30546354_3332522790 initialized by client WindowsUpdateAgent.', 'EventId': 'E36', 'EventTemplate': 'Session: <*>_<*> initialized by client WindowsUpdateAgent.'}
- Suspicion score: 3
- Why it is suspicious: Multiple sessions initialized by WindowsUpdateAgent in a short time could indicate automated or suspicious update activity.
- Explanation: Frequent session initializations might be normal but could also be a sign of automated or scripted activity.

3.
- Full log entry: {'Date': '2016-09-29', 'Time': '02:04:37', 'Level': 'Info', 'Component': 'CBS', 'Content': 'Session: 30546354_3334232888 initialized by client WindowsUpdateAgent.', 'EventId': 'E36', 'EventTemplate': 'Session: <*>_<*> initialized by client WindowsUpdateAgent.'}
- Suspicion score: 3
- Why it is suspicious: Same as above, multiple sessions in a short time.
- Explanation: Could be normal but worth monitoring for unusual update behavior.

4.
- Full log entry: {'Date': '2016-09-29', 'Time': '02:04:37', 'Level': 'Info', 'Component': 'CBS', 'Content': 'Session: 30546354_3336152998 initialized by client WindowsUpdateAgent.', 'EventId': 'E36', 'EventTemplate': 'Session: <*>_<*> initialized by client WindowsUpdateAgent.'}
- Suspicion score: 3
- Why it is suspicious: Same reasoning as above.
- Explanation: Multiple session initializations could indicate scripted or automated activity.

5.
- Full log entry: {'Date': '2016-09-29', 'Time': '02:04:37', 'Level': 'Info', 'Component': 'CBS', 'Content': 'Session: 30546354_3336463015 initialized by client WindowsUpdateAgent.', 'EventId': 'E36', 'EventTemplate': 'Session: <*>_<*> initialized by client WindowsUpdateAgent.'}
- Suspicion score: 3
- Why it is suspicious: Same as above.
- Explanation: Worth monitoring for unusual update activity patterns.

Summary: The only notably suspicious log is the one with mismatched ApplicableState and CurrentState, which could indicate a problem with patch application or tampering. The rest are routine Windows Update Agent session initializations but are ranked due to their frequency in a short time window."
chunk121.csv,"Top 5 most suspicious logs ranked by suspiciousness:

1.
- Full log entry: {'Date': '2016-09-29', 'Time': '02:04:37', 'Level': 'Info', 'Component': 'CBS', 'Content': 'Read out cached package applicability for package: Package_for_KB3035017~31bf3856ad364e35~amd64~~6.1.1.0, ApplicableState: 80, CurrentState:0', 'EventId': 'E29', 'EventTemplate': 'Read out cached package applicability for package: <*>, ApplicableState: <*>, CurrentState:<*>'}
- Suspicion score: 7
- Why it is suspicious: The CurrentState is 0 while ApplicableState is 80, indicating a package that is applicable but not installed or recognized as installed, which could indicate tampering or failed update.
- Explanation: This log shows a package that should be applicable but is currently not installed, which might suggest an issue or manipulation in the update process.

2.
- Full log entry: {'Date': '2016-09-29', 'Time': '02:04:37', 'Level': 'Info', 'Component': 'CBS', 'Content': 'Read out cached package applicability for package: Package_for_KB3006625~31bf3856ad364e35~amd64~~6.1.1.0, ApplicableState: 80, CurrentState:112', 'EventId': 'E29', 'EventTemplate': 'Read out cached package applicability for package: <*>, ApplicableState: <*>, CurrentState:<*>'}
- Suspicion score: 5
- Why it is suspicious: ApplicableState is 80 but CurrentState is 112, which might indicate a state mismatch or update inconsistency.
- Explanation: The package states do not match expected values, which could be a sign of update issues or inconsistencies.

3.
- Full log entry: {'Date': '2016-09-29', 'Time': '02:04:37', 'Level': 'Info', 'Component': 'CBS', 'Content': 'Read out cached package applicability for package: Package_for_KB3159398~31bf3856ad364e35~amd64~~6.1.1.1, ApplicableState: 112, CurrentState:112', 'EventId': 'E29', 'EventTemplate': 'Read out cached package applicability for package: <*>, ApplicableState: <*>, CurrentState:<*>'}
- Suspicion score: 3
- Why it is suspicious: The version number 6.1.1.1 is unusual compared to others (6.1.1.0), which might indicate a non-standard or suspicious package.
- Explanation: This package has a slightly different versioning scheme, which could be benign but worth noting.

4.
- Full log entry: {'Date': '2016-09-29', 'Time': '02:04:37', 'Level': 'Info', 'Component': 'CBS', 'Content': 'Session: 30546354_3337743089 initialized by client WindowsUpdateAgent.', 'EventId': 'E36', 'EventTemplate': 'Session: <*>_<*> initialized by client WindowsUpdateAgent.'}
- Suspicion score: 2
- Why it is suspicious: Multiple sessions initialized in a short time could indicate automated or scripted activity.
- Explanation: Frequent session initializations might be normal but could also indicate suspicious automated update activity.

5.
- Full log entry: {'Date': '2016-09-29', 'Time': '02:04:37', 'Level': 'Info', 'Component': 'CBS', 'Content': 'Session: 30546354_3337653083 initialized by client WindowsUpdateAgent.', 'EventId': 'E36', 'EventTemplate': 'Session: <*>_<*> initialized by client WindowsUpdateAgent.'}
- Suspicion score: 2
- Why it is suspicious: Same as above, frequent session initializations.
- Explanation: Similar to the previous log, frequent sessions could be normal or suspicious depending on context.

Summary: The most suspicious logs are those with mismatched or unusual package states, especially where applicable packages are not installed or have inconsistent states. Session initialization logs are less suspicious but noted due to frequency."
chunk122.csv,"Top 5 most suspicious logs from the provided entries:

1.
- Full log entry: {'Date': '2016-09-29', 'Time': '02:04:37', 'Level': 'Info', 'Component': 'CBS', 'Content': 'Read out cached package applicability for package: Package_for_KB2993651~31bf3856ad364e35~amd64~~6.1.1.3, ApplicableState: 80, CurrentState:112', 'EventId': 'E29', 'EventTemplate': 'Read out cached package applicability for package: <*>, ApplicableState: <*>, CurrentState:<*>'}
- Suspicion score: 5/10
- Why suspicious: The ApplicableState (80) differs from the CurrentState (112), which may indicate a package state inconsistency or potential tampering.
- Explanation: This log shows a mismatch between the expected and current state of a Windows update package, which could suggest an issue with patch management or possible manipulation.

2.
- Full log entry: {'Date': '2016-09-29', 'Time': '02:04:37', 'Level': 'Info', 'Component': 'CBS', 'Content': 'Session: 30546354_3337823093 initialized by client WindowsUpdateAgent.', 'EventId': 'E36', 'EventTemplate': 'Session: <*>_<*> initialized by client WindowsUpdateAgent.'}
- Suspicion score: 3/10
- Why suspicious: Multiple sessions initialized in a short time frame could indicate automated or scripted activity.
- Explanation: The WindowsUpdateAgent is starting sessions rapidly, which might be normal but could also be a sign of automated update checks or suspicious scripted behavior.

3.
- Full log entry: {'Date': '2016-09-29', 'Time': '02:04:37', 'Level': 'Info', 'Component': 'CBS', 'Content': 'Read out cached package applicability for package: Package_for_KB3184122~31bf3856ad364e35~amd64~~6.1.1.0, ApplicableState: 112, CurrentState:112', 'EventId': 'E29', 'EventTemplate': 'Read out cached package applicability for package: <*>, ApplicableState: <*>, CurrentState:<*>'}
- Suspicion score: 2/10
- Why suspicious: Normal state values, but included due to proximity to other logs.
- Explanation: This log shows normal package state values, likely routine, but included for context.

4.
- Full log entry: {'Date': '2016-09-29', 'Time': '02:04:38', 'Level': 'Info', 'Component': 'CBS', 'Content': 'Read out cached package applicability for package: Package_for_KB2786081~31bf3856ad364e35~amd64~~6.1.1.0, ApplicableState: 112, CurrentState:112', 'EventId': 'E29', 'EventTemplate': 'Read out cached package applicability for package: <*>, ApplicableState: <*>, CurrentState:<*>'}
- Suspicion score: 2/10
- Why suspicious: Normal state values, routine update check.
- Explanation: This log entry appears normal and is likely part of routine Windows update operations.

5.
- Full log entry: {'Date': '2016-09-29', 'Time': '02:04:38', 'Level': 'Info', 'Component': 'CBS', 'Content': 'Session: 30546354_3338053106 initialized by client WindowsUpdateAgent.', 'EventId': 'E36', 'EventTemplate': 'Session: <*>_<*> initialized by client WindowsUpdateAgent.'}
- Suspicion score: 2/10
- Why suspicious: Similar to other session initializations, possibly automated.
- Explanation: This is another session start by WindowsUpdateAgent, likely normal but worth noting due to frequency.

Summary: The logs mostly show routine Windows update activity. The only notable anomaly is the first log with mismatched ApplicableState and CurrentState, which could warrant further investigation."
chunk123.csv,"Top 5 most suspicious logs:

1.
- Full log entry: {'Date': '2016-09-29', 'Time': '02:04:38', 'Level': 'Info', 'Component': 'CBS', 'Content': 'Read out cached package applicability for package: Package_for_KB2532531~31bf3856ad364e35~amd64~~6.1.1.0, ApplicableState: 80, CurrentState:112', 'EventId': 'E29', 'EventTemplate': 'Read out cached package applicability for package: <*>, ApplicableState: <*>, CurrentState:<*>'}
- Suspicion score: 6/10
- Why suspicious: The ApplicableState (80) differs from the CurrentState (112), which is unusual compared to other logs where these states match.
- Explanation: This discrepancy could indicate a package state inconsistency or potential tampering with update states.

2.
- Full log entry: {'Date': '2016-09-29', 'Time': '02:04:38', 'Level': 'Info', 'Component': 'CBS', 'Content': 'Read out cached package applicability for package: Package_for_KB2835174~31bf3856ad364e35~amd64~~6.1.1.0, ApplicableState: 0, CurrentState:0', 'EventId': 'E29', 'EventTemplate': 'Read out cached package applicability for package: <*>, ApplicableState: <*>, CurrentState:<*>'}
- Suspicion score: 3/10
- Why suspicious: Both states are zero, which might indicate the package is not applicable or not installed, but this is less suspicious than mismatched states.
- Explanation: This could be normal but worth noting as it differs from the majority of packages with state 112.

3.
- Full log entry: {'Date': '2016-09-29', 'Time': '02:04:38', 'Level': 'Info', 'Component': 'CBS', 'Content': 'Read out cached package applicability for package: Package_for_KB2808679~31bf3856ad364e35~amd64~~6.1.1.2, ApplicableState: 112, CurrentState:112', 'EventId': 'E29', 'EventTemplate': 'Read out cached package applicability for package: <*>, ApplicableState: <*>, CurrentState:<*>'}
- Suspicion score: 2/10
- Why suspicious: Normal matching states, but the version number 6.1.1.2 is slightly different from others (6.1.1.0).
- Explanation: Minor version difference, likely normal but worth noting.

4.
- Full log entry: {'Date': '2016-09-29', 'Time': '02:04:38', 'Level': 'Info', 'Component': 'CBS', 'Content': 'Read out cached package applicability for package: Package_for_KB2552343~31bf3856ad364e35~amd64~~6.1.1.0, ApplicableState: 112, CurrentState:112', 'EventId': 'E29', 'EventTemplate': 'Read out cached package applicability for package: <*>, ApplicableState: <*>, CurrentState:<*>'}
- Suspicion score: 1/10
- Why suspicious: Normal matching states and typical version.
- Explanation: Standard log entry, low suspicion.

5.
- Full log entry: {'Date': '2016-09-29', 'Time': '02:04:38', 'Level': 'Info', 'Component': 'CBS', 'Content': 'Session: 30546354_3339973216 initialized by client WindowsUpdateAgent.', 'EventId': 'E36', 'EventTemplate': 'Session: <*>_<*> initialized by client WindowsUpdateAgent.'}
- Suspicion score: 1/10
- Why suspicious: Normal session initialization by WindowsUpdateAgent.
- Explanation: Routine log, low suspicion.

Summary: The most suspicious log is the one with mismatched ApplicableState and CurrentState (80 vs 112), which could indicate an issue or tampering. The rest appear normal or have minor version differences."
chunk124.csv,"Top 5 most suspicious logs from the provided entries:

1.
- Full log entry: {'Date': '2016-09-29', 'Time': '02:04:38', 'Level': 'Info', 'Component': 'CBS', 'Content': 'Read out cached package applicability for package: Package_for_KB2653956~31bf3856ad364e35~amd64~~6.1.1.5, ApplicableState: 80, CurrentState:112', 'EventId': 'E29', 'EventTemplate': 'Read out cached package applicability for package: <*>, ApplicableState: <*>, CurrentState:<*>'}
- Suspicion score: 6/10
- Why suspicious: The ApplicableState (80) differs from the CurrentState (112), which may indicate a package state inconsistency or a failed update.
- Explanation: This log shows a mismatch in package states, which could suggest an issue with the update process or potential tampering.

2.
- Full log entry: {'Date': '2016-09-29', 'Time': '02:04:38', 'Level': 'Info', 'Component': 'CBS', 'Content': 'Session: 30546354_3343043392 initialized by client WindowsUpdateAgent.', 'EventId': 'E36', 'EventTemplate': 'Session: <*>_<*> initialized by client WindowsUpdateAgent.'}
- Suspicion score: 3/10
- Why suspicious: Multiple sessions initialized in a short time frame could indicate automated or scripted activity.
- Explanation: Frequent session initializations by WindowsUpdateAgent might be normal but could also be a sign of abnormal update behavior.

3.
- Full log entry: {'Date': '2016-09-29', 'Time': '02:04:38', 'Level': 'Info', 'Component': 'CBS', 'Content': 'Session: 30546354_3343473416 initialized by client WindowsUpdateAgent.', 'EventId': 'E36', 'EventTemplate': 'Session: <*>_<*> initialized by client WindowsUpdateAgent.'}
- Suspicion score: 3/10
- Why suspicious: Same as above, multiple sessions in quick succession.
- Explanation: Could be normal update activity or scripted behavior.

4.
- Full log entry: {'Date': '2016-09-29', 'Time': '02:04:38', 'Level': 'Info', 'Component': 'CBS', 'Content': 'Session: 30546354_3343653427 initialized by client WindowsUpdateAgent.', 'EventId': 'E36', 'EventTemplate': 'Session: <*>_<*> initialized by client WindowsUpdateAgent.'}
- Suspicion score: 3/10
- Why suspicious: Same reasoning as above.
- Explanation: Multiple session initializations may warrant monitoring.

5.
- Full log entry: {'Date': '2016-09-29', 'Time': '02:04:38', 'Level': 'Info', 'Component': 'CBS', 'Content': 'Session: 30546354_3344023448 initialized by client WindowsUpdateAgent.', 'EventId': 'E36', 'EventTemplate': 'Session: <*>_<*> initialized by client WindowsUpdateAgent.'}
- Suspicion score: 3/10
- Why suspicious: Same as above.
- Explanation: Repeated session starts could be benign or suspicious depending on context.

Summary: The only notably suspicious log is the one with mismatched ApplicableState and CurrentState. The rest are routine Windows Update Agent session initializations, which are low risk but worth noting if they occur excessively."
chunk125.csv,"Top 5 most suspicious logs from the provided entries:

1. Log Entry:
{'Date': '2016-09-29', 'Time': '02:04:38', 'Level': 'Info', 'Component': 'CBS', 'Content': 'Session: 30546354_3344683485 initialized by client WindowsUpdateAgent.', 'EventId': 'E36', 'EventTemplate': 'Session: <*>_<*> initialized by client WindowsUpdateAgent.'}
- Suspicion Score: 3
- Why Suspicious: Multiple sessions initialized in a very short time frame could indicate automated or scripted activity.
- Explanation: The WindowsUpdateAgent is initializing sessions rapidly, which might be normal for updates but could also be a sign of automated exploitation attempts.

2. Log Entry:
{'Date': '2016-09-29', 'Time': '02:04:38', 'Level': 'Info', 'Component': 'CBS', 'Content': 'Session: 30546354_3345573536 initialized by client WindowsUpdateAgent.', 'EventId': 'E36', 'EventTemplate': 'Session: <*>_<*> initialized by client WindowsUpdateAgent.'}
- Suspicion Score: 3
- Why Suspicious: Same as above, rapid session initialization.
- Explanation: Multiple sessions started in quick succession by WindowsUpdateAgent could be normal but warrants monitoring.

3. Log Entry:
{'Date': '2016-09-29', 'Time': '02:04:38', 'Level': 'Info', 'Component': 'CBS', 'Content': 'Session: 30546354_3345633540 initialized by client WindowsUpdateAgent.', 'EventId': 'E36', 'EventTemplate': 'Session: <*>_<*> initialized by client WindowsUpdateAgent.'}
- Suspicion Score: 3
- Why Suspicious: Rapid session initialization.
- Explanation: Similar to above, multiple sessions in a short time could be benign or suspicious.

4. Log Entry:
{'Date': '2016-09-29', 'Time': '02:04:38', 'Level': 'Info', 'Component': 'CBS', 'Content': 'Session: 30546354_3347003618 initialized by client WindowsUpdateAgent.', 'EventId': 'E36', 'EventTemplate': 'Session: <*>_<*> initialized by client WindowsUpdateAgent.'}
- Suspicion Score: 3
- Why Suspicious: Rapid session initialization.
- Explanation: Same pattern of multiple sessions started quickly.

5. Log Entry:
{'Date': '2016-09-29', 'Time': '02:04:39', 'Level': 'Info', 'Component': 'CBS', 'Content': 'Session: 30546354_3350523820 initialized by client WindowsUpdateAgent.', 'EventId': 'E36', 'EventTemplate': 'Session: <*>_<*> initialized by client WindowsUpdateAgent.'}
- Suspicion Score: 3
- Why Suspicious: Rapid session initialization.
- Explanation: Another session started immediately after previous ones, indicating rapid activity.

Summary:
All suspicious logs are related to rapid session initializations by WindowsUpdateAgent. While this can be normal during updates, the frequency and timing could indicate scripted or automated activity worth monitoring. No other logs showed suspicious content or error/warning levels."
chunk126.csv,"Top 5 most suspicious logs from the provided entries:

1.
- Full log entry: {'Date': '2016-09-29', 'Time': '02:04:39', 'Level': 'Info', 'Component': 'CBS', 'Content': 'Session: 30546354_3350703830 initialized by client WindowsUpdateAgent.', 'EventId': 'E36', 'EventTemplate': 'Session: <*>_<*> initialized by client WindowsUpdateAgent.'}
- Suspicion score: 3
- Why suspicious: Multiple sessions initialized by WindowsUpdateAgent in a very short time frame could indicate abnormal update activity or automated script behavior.
- Explanation: The log shows a session started by WindowsUpdateAgent, which is normal, but the frequency of such sessions might be unusual.

2.
- Full log entry: {'Date': '2016-09-29', 'Time': '02:04:39', 'Level': 'Info', 'Component': 'CBS', 'Content': 'Session: 30546354_3350783834 initialized by client WindowsUpdateAgent.', 'EventId': 'E36', 'EventTemplate': 'Session: <*>_<*> initialized by client WindowsUpdateAgent.'}
- Suspicion score: 3
- Why suspicious: Similar to the first, another session initialized immediately after the previous one.
- Explanation: Repeated session initializations in rapid succession may indicate abnormal behavior.

3.
- Full log entry: {'Date': '2016-09-29', 'Time': '02:04:39', 'Level': 'Info', 'Component': 'CBS', 'Content': 'Session: 30546354_3350953844 initialized by client WindowsUpdateAgent.', 'EventId': 'E36', 'EventTemplate': 'Session: <*>_<*> initialized by client WindowsUpdateAgent.'}
- Suspicion score: 3
- Why suspicious: Another session initialization in the same timestamp.
- Explanation: Multiple sessions starting at the same second could be a sign of automated or scripted activity.

4.
- Full log entry: {'Date': '2016-09-29', 'Time': '02:04:39', 'Level': 'Info', 'Component': 'CBS', 'Content': 'Session: 30546354_3351103853 initialized by client WindowsUpdateAgent.', 'EventId': 'E36', 'EventTemplate': 'Session: <*>_<*> initialized by client WindowsUpdateAgent.'}
- Suspicion score: 3
- Why suspicious: Yet another session initialized at the same time.
- Explanation: The pattern of multiple sessions starting simultaneously is unusual.

5.
- Full log entry: {'Date': '2016-09-29', 'Time': '02:04:39', 'Level': 'Info', 'Component': 'CBS', 'Content': 'Session: 30546354_3351293864 initialized by client WindowsUpdateAgent.', 'EventId': 'E36', 'EventTemplate': 'Session: <*>_<*> initialized by client WindowsUpdateAgent.'}
- Suspicion score: 3
- Why suspicious: Continues the pattern of rapid session initializations.
- Explanation: This could indicate a misbehaving update agent or automated process that should be investigated.

Summary:
All logs are related to WindowsUpdateAgent sessions starting in rapid succession. While this can be normal during updates, the frequency and timing are unusual and warrant further investigation. No explicit errors or warnings are present, so suspicion is moderate."
chunk127.csv,"Top 5 most suspicious logs:

1.
- Full log entry: {'Date': '2016-09-29', 'Time': '02:04:39', 'Level': 'Info', 'Component': 'CBS', 'Content': 'Session: 30546354_3351423871 initialized by client WindowsUpdateAgent.', 'EventId': 'E36', 'EventTemplate': 'Session: <*>_<*> initialized by client WindowsUpdateAgent.'}
- Suspicion score: 3
- Why it is suspicious: Multiple sessions initialized by WindowsUpdateAgent in a very short time frame could indicate automated or scripted activity.
- Explanation: The log shows a session initialization by WindowsUpdateAgent, which is normal, but the frequency of such sessions might be unusual.

2.
- Full log entry: {'Date': '2016-09-29', 'Time': '02:04:39', 'Level': 'Info', 'Component': 'CBS', 'Content': 'Session: 30546354_3351723888 initialized by client WindowsUpdateAgent.', 'EventId': 'E36', 'EventTemplate': 'Session: <*>_<*> initialized by client WindowsUpdateAgent.'}
- Suspicion score: 3
- Why it is suspicious: Same as above, multiple session initializations in a short time.
- Explanation: Another session initialized by WindowsUpdateAgent at the same timestamp, which could be part of automated update checks or suspicious activity.

3.
- Full log entry: {'Date': '2016-09-29', 'Time': '02:04:39', 'Level': 'Info', 'Component': 'CBS', 'Content': 'Session: 30546354_3352763948 initialized by client WindowsUpdateAgent.', 'EventId': 'E36', 'EventTemplate': 'Session: <*>_<*> initialized by client WindowsUpdateAgent.'}
- Suspicion score: 3
- Why it is suspicious: Repeated session initializations by the same client in a short time.
- Explanation: Similar to above, multiple sessions initialized rapidly could be normal or suspicious depending on context.

4.
- Full log entry: {'Date': '2016-09-29', 'Time': '02:04:39', 'Level': 'Info', 'Component': 'CBS', 'Content': 'Session: 30546354_3355304093 initialized by client WindowsUpdateAgent.', 'EventId': 'E36', 'EventTemplate': 'Session: <*>_<*> initialized by client WindowsUpdateAgent.'}
- Suspicion score: 3
- Why it is suspicious: Same pattern of multiple session initializations.
- Explanation: Another session initialization by WindowsUpdateAgent at the same timestamp.

5.
- Full log entry: {'Date': '2016-09-29', 'Time': '02:04:39', 'Level': 'Info', 'Component': 'CBS', 'Content': 'Session: 30546354_3355724117 initialized by client WindowsUpdateAgent.', 'EventId': 'E36', 'EventTemplate': 'Session: <*>_<*> initialized by client WindowsUpdateAgent.'}
- Suspicion score: 3
- Why it is suspicious: Same as above.
- Explanation: Multiple session initializations by WindowsUpdateAgent in a short time frame.

Summary: All logs are related to WindowsUpdateAgent sessions and cached package applicability reads. There is no direct indication of malicious activity, but the rapid succession of session initializations could warrant further monitoring. No high suspicion logs found."
chunk128.csv,"Top 5 most suspicious logs from the provided entries:

1.
- Full log entry: {'Date': '2016-09-29', 'Time': '02:04:39', 'Level': 'Info', 'Component': 'CBS', 'Content': 'Read out cached package applicability for package: Package_for_KB2836943~31bf3856ad364e35~amd64~~6.1.2.0, ApplicableState: 80, CurrentState:112', 'EventId': 'E29', 'EventTemplate': 'Read out cached package applicability for package: <*>, ApplicableState: <*>, CurrentState:<*>'}
- Suspicion score: 5/10
- Why suspicious: The ApplicableState (80) differs from the CurrentState (112), which is unusual compared to other logs where both states match.
- Explanation: This discrepancy might indicate a package state inconsistency or potential tampering with update packages.

2.
- Full log entry: {'Date': '2016-09-29', 'Time': '02:04:39', 'Level': 'Info', 'Component': 'CBS', 'Content': 'Session: 30546354_3355864125 initialized by client WindowsUpdateAgent.', 'EventId': 'E36', 'EventTemplate': 'Session: <*>_<*> initialized by client WindowsUpdateAgent.'}
- Suspicion score: 3/10
- Why suspicious: Multiple sessions initialized in a very short time frame could indicate automated or scripted activity.
- Explanation: While WindowsUpdateAgent normally initializes sessions, a high frequency of sessions might be a sign of abnormal update behavior or scanning.

3.
- Full log entry: {'Date': '2016-09-29', 'Time': '02:04:39', 'Level': 'Info', 'Component': 'CBS', 'Content': 'Session: 30546354_3356114139 initialized by client WindowsUpdateAgent.', 'EventId': 'E36', 'EventTemplate': 'Session: <*>_<*> initialized by client WindowsUpdateAgent.'}
- Suspicion score: 3/10
- Why suspicious: Same reasoning as above; rapid session initializations.
- Explanation: Could be normal but worth monitoring for unusual update agent behavior.

4.
- Full log entry: {'Date': '2016-09-29', 'Time': '02:04:39', 'Level': 'Info', 'Component': 'CBS', 'Content': 'Session: 30546354_3356384155 initialized by client WindowsUpdateAgent.', 'EventId': 'E36', 'EventTemplate': 'Session: <*>_<*> initialized by client WindowsUpdateAgent.'}
- Suspicion score: 3/10
- Why suspicious: Same as above.
- Explanation: Multiple sessions in quick succession may indicate scripted or automated activity.

5.
- Full log entry: {'Date': '2016-09-29', 'Time': '02:04:39', 'Level': 'Info', 'Component': 'CBS', 'Content': 'Session: 30546354_3356844181 initialized by client WindowsUpdateAgent.', 'EventId': 'E36', 'EventTemplate': 'Session: <*>_<*> initialized by client WindowsUpdateAgent.'}
- Suspicion score: 3/10
- Why suspicious: Same as above.
- Explanation: Repeated session initializations could be benign but should be monitored for abnormal patterns.

Summary: The only log with a notable anomaly is the one with mismatched ApplicableState and CurrentState. The rest are routine WindowsUpdateAgent session initializations but are ranked due to their frequency in a short time window."
chunk129.csv,"Top 5 Most Suspicious Logs:

1.
- Full log entry: {'Date': '2016-09-29', 'Time': '02:04:40', 'Level': 'Info', 'Component': 'CBS', 'Content': 'Read out cached package applicability for package: Package_for_KB3031432~31bf3856ad364e35~amd64~~6.1.1.0, ApplicableState: 80, CurrentState:112', 'EventId': 'E29', 'EventTemplate': 'Read out cached package applicability for package: <*>, ApplicableState: <*>, CurrentState:<*>'}
- Suspicion score: 4
- Why it is suspicious: The ApplicableState (80) and CurrentState (112) differ, which may indicate a package state inconsistency.
- Explanation: The package states do not match, which could suggest an issue with package installation or update status.

2.
- Full log entry: {'Date': '2016-09-29', 'Time': '02:04:40', 'Level': 'Info', 'Component': 'CBS', 'Content': 'Read out cached package applicability for package: Package_for_KB3004375~31bf3856ad364e35~amd64~~6.1.3.1, ApplicableState: 112, CurrentState:112', 'EventId': 'E29', 'EventTemplate': 'Read out cached package applicability for package: <*>, ApplicableState: <*>, CurrentState:<*>'}
- Suspicion score: 2
- Why it is suspicious: Both states match, indicating normal behavior.
- Explanation: This log shows normal package state with no inconsistencies.

3.
- Full log entry: {'Date': '2016-09-29', 'Time': '02:04:40', 'Level': 'Info', 'Component': 'CBS', 'Content': 'Read out cached package applicability for package: Package_for_KB2928120~31bf3856ad364e35~amd64~~6.1.1.2, ApplicableState: 0, CurrentState:0', 'EventId': 'E29', 'EventTemplate': 'Read out cached package applicability for package: <*>, ApplicableState: <*>, CurrentState:<*>'}
- Suspicion score: 3
- Why it is suspicious: Both states are zero, which might indicate the package is not applicable or not installed.
- Explanation: The package appears inactive or not applicable, which is usually benign but worth noting.

4.
- Full log entry: {'Date': '2016-09-29', 'Time': '02:04:40', 'Level': 'Info', 'Component': 'CBS', 'Content': 'Session: 30546354_3360174372 initialized by client WindowsUpdateAgent.', 'EventId': 'E36', 'EventTemplate': 'Session: <*>_<*> initialized by client WindowsUpdateAgent.'}
- Suspicion score: 1
- Why it is suspicious: Normal session initialization by WindowsUpdateAgent.
- Explanation: This is a routine log indicating a session start for Windows Update.

5.
- Full log entry: {'Date': '2016-09-29', 'Time': '02:04:40', 'Level': 'Info', 'Component': 'CBS', 'Content': 'Session: 30546354_3363894584 initialized by client WindowsUpdateAgent.', 'EventId': 'E36', 'EventTemplate': 'Session: <*>_<*> initialized by client WindowsUpdateAgent.'}
- Suspicion score: 1
- Why it is suspicious: Normal session initialization by WindowsUpdateAgent.
- Explanation: This is a routine log indicating a session start for Windows Update.

Summary: No highly suspicious activity detected. The most notable logs are those with mismatched package states, which could warrant further investigation."
